heldout_power_dbm,oesc_uniform_gsnr_mean_db,reference_gsnr_db,applied_correction_db,calibrated_oesc_gsnr_db,calibrated_error_db,train_powers_dbm
-2.0,13.076551693959269,12.015075222831161,-1.298686224830983,11.777865469128287,-0.23720975370287434,"0,2,4"
0.0,12.319575846883568,13.652938330547077,1.3519928184543173,13.671568665337885,0.018630334790808334,"-2,2,4"
2.0,10.752986531244668,14.391027054892335,3.905763823112603,14.65875035435727,0.2677232994649348,"-2,0,4"
4.0,7.9572524884950075,14.391027054892335,6.00282584017013,13.960078328665137,-0.43094872622719826,"-2,0,2"
