seed,scenario_group,spans,launch_power_dbm,pcs_nu,shaped,stress_name,display_name,scenario,n_bands,bands,symbol_entropy_bits,conditional_bit_entropy_sum,bmd_gmi_bits_per_symbol,gmi,ngmi,ber,gsnr_db,air_tbps,air_tbps_per_channel,rate_tbps,rate_tbps_per_channel
1,C,6,-2.0,0.0,False,q3_evidence,Uniform raw,uniform_raw,1,C,4.0,0.1017897452765888,3.898210254723411,3.898210254723411,0.9745525636808527,0.0064697265625,14.813333886150442,0.49897091260459664,0.49897091260459664,0.49897091260459664,0.49897091260459664
1,C,6,-2.0,0.12,True,q3_evidence,PCS raw,pcs_raw,1,C,3.996679855921233,0.07380873766419334,3.9228711182570395,3.9228711182570395,0.9815478155839517,0.0045166015625,14.921034868142034,0.502127503136901,0.502127503136901,0.502127503136901,0.502127503136901
1,C,6,-2.0,0.16,True,q3_evidence,PCS raw,pcs_raw,1,C,3.9941028013225788,0.08918998838353326,3.9049128129390454,3.9049128129390454,0.9777025029041166,0.005279541015625,14.754385275377413,0.4998288400561978,0.4998288400561978,0.4998288400561978,0.4998288400561978
1,C,6,-2.0,0.2,True,q3_evidence,PCS raw,pcs_raw,1,C,3.990796214317659,0.07833271108681011,3.9124635032308492,3.9124635032308492,0.9804168222282975,0.0047607421875,14.790316697977131,0.5007953284135487,0.5007953284135487,0.5007953284135487,0.5007953284135487
1,C,6,-2.0,0.24,True,q3_evidence,PCS raw,pcs_raw,1,C,3.9867651399345525,0.07225992809164239,3.91450521184291,3.91450521184291,0.9819350179770894,0.00469970703125,14.779707527360312,0.5010566671158925,0.5010566671158925,0.5010566671158925,0.5010566671158925
1,C,6,-2.0,0.28,True,q3_evidence,PCS raw,pcs_raw,1,C,3.982015709386646,0.07510650266204447,3.9069092067246016,3.9069092067246016,0.9812233743344889,0.00482177734375,14.737245805539702,0.500084378460749,0.500084378460749,0.500084378460749,0.500084378460749
1,C,6,-2.0,0.32,True,q3_evidence,PCS raw,pcs_raw,1,C,3.976555119443372,0.06641538484496162,3.91013973459841,3.91013973459841,0.9833961537887596,0.0040283203125,14.843824277306828,0.5004978860285965,0.5004978860285965,0.5004978860285965,0.5004978860285965
1,C,6,-2.0,0.36,True,q3_evidence,PCS raw,pcs_raw,1,C,3.970391608345835,0.06296820350157774,3.907423404844257,3.907423404844257,0.9842579491246055,0.004150390625,14.802091000914608,0.5001501958200649,0.5001501958200649,0.5001501958200649,0.5001501958200649
1,C,6,0.0,0.0,False,q3_evidence,Uniform raw,uniform_raw,1,C,4.0,0.11265916861948941,3.8873408313805107,3.8873408313805107,0.9718352078451277,0.00732421875,14.64469800922748,0.4975796264167054,0.4975796264167054,0.4975796264167054,0.4975796264167054
1,C,6,0.0,0.12,True,q3_evidence,PCS raw,pcs_raw,1,C,3.996679855921233,0.09470191449978077,3.901977941421452,3.901977941421452,0.9763245213750548,0.005828857421875,14.69632693698772,0.4994531765019459,0.4994531765019459,0.4994531765019459,0.4994531765019459
1,C,6,0.0,0.16,True,q3_evidence,PCS raw,pcs_raw,1,C,3.9941028013225788,0.08590014260344081,3.908202658719138,3.908202658719138,0.9785249643491398,0.005340576171875,14.642912465319785,0.5002499403160496,0.5002499403160496,0.5002499403160496,0.5002499403160496
1,C,6,0.0,0.2,True,q3_evidence,PCS raw,pcs_raw,1,C,3.990796214317659,0.0997339265932527,3.8910622877244063,3.8910622877244063,0.9750665183516868,0.006103515625,14.60932306315888,0.498055972828724,0.498055972828724,0.498055972828724,0.498055972828724
1,C,6,0.0,0.24,True,q3_evidence,PCS raw,pcs_raw,1,C,3.9867651399345525,0.08208326359368859,3.904681876340864,3.904681876340864,0.9794791841015779,0.004913330078125,14.734281656385056,0.4997992801716306,0.4997992801716306,0.4997992801716306,0.4997992801716306
1,C,6,0.0,0.28,True,q3_evidence,PCS raw,pcs_raw,1,C,3.982015709386646,0.07989165432032415,3.902124055066322,3.902124055066322,0.980027086419919,0.0050048828125,14.625756829577387,0.4994718790484892,0.4994718790484892,0.4994718790484892,0.4994718790484892
1,C,6,0.0,0.32,True,q3_evidence,PCS raw,pcs_raw,1,C,3.976555119443372,0.07683581398828399,3.899719305455088,3.899719305455088,0.980791046502929,0.00457763671875,14.6560553662897,0.4991640710982513,0.4991640710982513,0.4991640710982513,0.4991640710982513
1,C,6,0.0,0.36,True,q3_evidence,PCS raw,pcs_raw,1,C,3.970391608345835,0.07960196322689918,3.8907896451189354,3.8907896451189354,0.9800995091932752,0.00494384765625,14.588795578759841,0.49802107457522377,0.49802107457522377,0.49802107457522377,0.49802107457522377
1,C,6,2.0,0.0,False,q3_evidence,Uniform raw,uniform_raw,1,C,4.0,0.15528833220504176,3.844711667794958,3.844711667794958,0.9611779169487396,0.00958251953125,14.271233030663286,0.4921230934777546,0.4921230934777546,0.4921230934777546,0.4921230934777546
1,C,6,2.0,0.12,True,q3_evidence,PCS raw,pcs_raw,1,C,3.996679855921233,0.1281997304926673,3.8684801254285657,3.8684801254285657,0.9679500673768332,0.007415771484375,14.255557636591751,0.4951654560548564,0.4951654560548564,0.4951654560548564,0.4951654560548564
1,C,6,2.0,0.16,True,q3_evidence,PCS raw,pcs_raw,1,C,3.9941028013225788,0.13119337865819608,3.8629094226643828,3.8629094226643828,0.967201655335451,0.00823974609375,14.212054522296846,0.494452406101041,0.494452406101041,0.494452406101041,0.494452406101041
1,C,6,2.0,0.2,True,q3_evidence,PCS raw,pcs_raw,1,C,3.990796214317659,0.1165278079929657,3.8742684063246933,3.8742684063246933,0.9708680480017585,0.00701904296875,14.24719726490036,0.49590635600956073,0.49590635600956073,0.49590635600956073,0.49590635600956073
1,C,6,2.0,0.24,True,q3_evidence,PCS raw,pcs_raw,1,C,3.9867651399345525,0.10276432950718374,3.8840008104273687,3.8840008104273687,0.974308917623204,0.006103515625,14.347497904080011,0.4971521037347032,0.4971521037347032,0.4971521037347032,0.4971521037347032
1,C,6,2.0,0.28,True,q3_evidence,PCS raw,pcs_raw,1,C,3.982015709386646,0.0982582015014981,3.883757507885148,3.883757507885148,0.9754354496246255,0.00592041015625,14.2966260490097,0.4971209610092989,0.4971209610092989,0.4971209610092989,0.4971209610092989
1,C,6,2.0,0.32,True,q3_evidence,PCS raw,pcs_raw,1,C,3.976555119443372,0.11547033444722213,3.86108478499615,3.86108478499615,0.9711324163881945,0.006744384765625,14.234981559920325,0.4942188524795072,0.4942188524795072,0.4942188524795072,0.4942188524795072
1,C,6,2.0,0.36,True,q3_evidence,PCS raw,pcs_raw,1,C,3.970391608345835,0.11289691713116493,3.85749469121467,3.85749469121467,0.9717757707172088,0.00640869140625,14.132363633682527,0.4937593204754777,0.4937593204754777,0.4937593204754777,0.4937593204754777
1,C,6,4.0,0.0,False,q3_evidence,Uniform raw,uniform_raw,1,C,4.0,0.26772811956148906,3.732271880438511,3.732271880438511,0.9330679701096277,0.016632080078125,13.401645482995665,0.4777308006961294,0.4777308006961294,0.4777308006961294,0.4777308006961294
1,C,6,4.0,0.12,True,q3_evidence,PCS raw,pcs_raw,1,C,3.996679855921233,0.24927902746713448,3.7474008284540985,3.7474008284540985,0.9376802431332164,0.0146484375,13.406613616814022,0.47966730604212465,0.47966730604212465,0.47966730604212465,0.47966730604212465
1,C,6,4.0,0.16,True,q3_evidence,PCS raw,pcs_raw,1,C,3.9941028013225788,0.24356636976517085,3.750536431557408,3.750536431557408,0.9391084075587073,0.014892578125,13.29366714326457,0.4800686632393482,0.4800686632393482,0.4800686632393482,0.4800686632393482
1,C,6,4.0,0.2,True,q3_evidence,PCS raw,pcs_raw,1,C,3.990796214317659,0.24209468567005554,3.7487015286476035,3.7487015286476035,0.9394763285824861,0.014801025390625,13.278985644208605,0.47983379566689327,0.47983379566689327,0.47983379566689327,0.47983379566689327
1,C,6,4.0,0.24,True,q3_evidence,PCS raw,pcs_raw,1,C,3.9867651399345525,0.22782007929183992,3.7589450606427124,3.7589450606427124,0.94304498017704,0.013397216796875,13.185006124856438,0.48114496776226723,0.48114496776226723,0.48114496776226723,0.48114496776226723
1,C,6,4.0,0.28,True,q3_evidence,PCS raw,pcs_raw,1,C,3.982015709386646,0.23126170233667936,3.7507540070499665,3.7507540070499665,0.9421845744158301,0.013275146484375,13.262561173745071,0.4800965129023957,0.4800965129023957,0.4800965129023957,0.4800965129023957
1,C,6,4.0,0.32,True,q3_evidence,PCS raw,pcs_raw,1,C,3.976555119443372,0.21807324337906628,3.7584818760643057,3.7584818760643057,0.9454816891552335,0.01300048828125,13.220462218257323,0.48108568013623115,0.48108568013623115,0.48108568013623115,0.48108568013623115
1,C,6,4.0,0.36,True,q3_evidence,PCS raw,pcs_raw,1,C,3.970391608345835,0.2146641295774717,3.755727478768363,3.755727478768363,0.946333967605632,0.013427734375,13.16559296088554,0.48073311728235046,0.48073311728235046,0.48073311728235046,0.48073311728235046
1,C,6,6.0,0.0,False,q3_evidence,Uniform raw,uniform_raw,1,C,4.0,0.6078241791991466,3.3921758208008534,3.3921758208008534,0.8480439552002134,0.0380859375,11.722964835347243,0.43419850506250923,0.43419850506250923,0.43419850506250923,0.43419850506250923
1,C,6,6.0,0.12,True,q3_evidence,PCS raw,pcs_raw,1,C,3.996679855921233,0.593346712604027,3.403333143317206,3.403333143317206,0.8516633218489933,0.034942626953125,11.477882871595416,0.43562664234460236,0.43562664234460236,0.43562664234460236,0.43562664234460236
1,C,6,6.0,0.16,True,q3_evidence,PCS raw,pcs_raw,1,C,3.9941028013225788,0.5664213267928593,3.4276814745297193,3.4276814745297193,0.8583946683017851,0.033477783203125,11.562094882667303,0.4387432287398041,0.4387432287398041,0.4387432287398041,0.4387432287398041
1,C,6,6.0,0.2,True,q3_evidence,PCS raw,pcs_raw,1,C,3.990796214317659,0.562203050757019,3.42859316356064,3.42859316356064,0.8594492373107452,0.034515380859375,11.553016208374498,0.4388599249357619,0.4388599249357619,0.4388599249357619,0.4388599249357619
1,C,6,6.0,0.24,True,q3_evidence,PCS raw,pcs_raw,1,C,3.9867651399345525,0.5666275596053341,3.4201375803292184,3.4201375803292184,0.8583431100986665,0.032012939453125,11.474264213881133,0.43777761028213996,0.43777761028213996,0.43777761028213996,0.43777761028213996
1,C,6,6.0,0.28,True,q3_evidence,PCS raw,pcs_raw,1,C,3.982015709386646,0.5622345587953617,3.4197811505912843,3.4197811505912843,0.8594413603011596,0.03265380859375,11.371189876877768,0.4377319872756844,0.4377319872756844,0.4377319872756844,0.4377319872756844
1,C,6,6.0,0.32,True,q3_evidence,PCS raw,pcs_raw,1,C,3.976555119443372,0.541571031927235,3.434984087516137,3.434984087516137,0.8646072420181913,0.03289794921875,11.433657239966566,0.43967796320206554,0.43967796320206554,0.43967796320206554,0.43967796320206554
1,C,6,6.0,0.36,True,q3_evidence,PCS raw,pcs_raw,1,C,3.970391608345835,0.560549015924311,3.4098425924215237,3.4098425924215237,0.8598627460189222,0.03265380859375,11.287521285163745,0.436459851829955,0.436459851829955,0.436459851829955,0.436459851829955
1,C,8,-2.0,0.0,False,q3_evidence,Uniform raw,uniform_raw,1,C,4.0,0.13556596820269712,3.8644340317973027,3.8644340317973027,0.9661085079493257,0.00787353515625,14.52842069017361,0.49464755607005473,0.49464755607005473,0.49464755607005473,0.49464755607005473
1,C,8,-2.0,0.12,True,q3_evidence,PCS raw,pcs_raw,1,C,3.996679855921233,0.11308980208987007,3.883590053831363,3.883590053831363,0.9717275494775325,0.006866455078125,14.570669801905346,0.4970995268904144,0.4970995268904144,0.4970995268904144,0.4970995268904144
1,C,8,-2.0,0.16,True,q3_evidence,PCS raw,pcs_raw,1,C,3.9941028013225788,0.10158976977224317,3.892513031550336,3.892513031550336,0.9746025575569393,0.006317138671875,14.588944706612356,0.498241668038443,0.498241668038443,0.498241668038443,0.498241668038443
1,C,8,-2.0,0.2,True,q3_evidence,PCS raw,pcs_raw,1,C,3.990796214317659,0.08713034796293348,3.903665866354726,3.903665866354726,0.9782174130092667,0.005767822265625,14.608014621075466,0.4996692308934049,0.4996692308934049,0.4996692308934049,0.4996692308934049
1,C,8,-2.0,0.24,True,q3_evidence,PCS raw,pcs_raw,1,C,3.9867651399345525,0.08031700607260855,3.906448133861944,3.906448133861944,0.9799207484818478,0.005340576171875,14.605229138471248,0.5000253611343288,0.5000253611343288,0.5000253611343288,0.5000253611343288
1,C,8,-2.0,0.28,True,q3_evidence,PCS raw,pcs_raw,1,C,3.982015709386646,0.07835610529385266,3.9036596040927933,3.9036596040927933,0.9804109736765368,0.00469970703125,14.650207270294683,0.49966842932387756,0.49966842932387756,0.49966842932387756,0.49966842932387756
1,C,8,-2.0,0.32,True,q3_evidence,PCS raw,pcs_raw,1,C,3.976555119443372,0.08435914591002361,3.8921959735333482,3.8921959735333482,0.9789102135224941,0.005096435546875,14.526448399539522,0.49820108461226853,0.49820108461226853,0.49820108461226853,0.49820108461226853
1,C,8,-2.0,0.36,True,q3_evidence,PCS raw,pcs_raw,1,C,3.970391608345835,0.06743351891751612,3.902958089428319,3.902958089428319,0.983141620270621,0.004241943359375,14.676479739806268,0.49957863544682485,0.49957863544682485,0.49957863544682485,0.49957863544682485
1,C,8,0.0,0.0,False,q3_evidence,Uniform raw,uniform_raw,1,C,4.0,0.13568344494422874,3.864316555055771,3.864316555055771,0.9660791387639428,0.00872802734375,14.326953812160726,0.49463251904713873,0.49463251904713873,0.49463251904713873,0.49463251904713873
1,C,8,0.0,0.12,True,q3_evidence,PCS raw,pcs_raw,1,C,3.996679855921233,0.12635920272410867,3.8703206531971244,3.8703206531971244,0.9684101993189729,0.008392333984375,14.23798287369474,0.49540104360923193,0.49540104360923193,0.49540104360923193,0.49540104360923193
1,C,8,0.0,0.16,True,q3_evidence,PCS raw,pcs_raw,1,C,3.9941028013225788,0.107362395408933,3.886740405913646,3.886740405913646,0.9731594011477668,0.00634765625,14.378003039203627,0.49750277195694664,0.49750277195694664,0.49750277195694664,0.49750277195694664
1,C,8,0.0,0.2,True,q3_evidence,PCS raw,pcs_raw,1,C,3.990796214317659,0.12490837300279352,3.8658878413148656,3.8658878413148656,0.9687729067493016,0.00726318359375,14.282976332525175,0.4948336436883028,0.4948336436883028,0.4948336436883028,0.4948336436883028
1,C,8,0.0,0.24,True,q3_evidence,PCS raw,pcs_raw,1,C,3.9867651399345525,0.10937233329484669,3.8773928066397056,3.8773928066397056,0.9726569166762883,0.00689697265625,14.325545822527857,0.4963062792498823,0.4963062792498823,0.4963062792498823,0.4963062792498823
1,C,8,0.0,0.28,True,q3_evidence,PCS raw,pcs_raw,1,C,3.982015709386646,0.11185184903991227,3.8701638603467337,3.8701638603467337,0.9720370377400219,0.007080078125,14.302595127377252,0.4953809741243819,0.4953809741243819,0.4953809741243819,0.4953809741243819
1,C,8,0.0,0.32,True,q3_evidence,PCS raw,pcs_raw,1,C,3.976555119443372,0.10867898423241587,3.867876135210956,3.867876135210956,0.972830253941896,0.00689697265625,14.260574758252442,0.4950881453070024,0.4950881453070024,0.4950881453070024,0.4950881453070024
1,C,8,0.0,0.36,True,q3_evidence,PCS raw,pcs_raw,1,C,3.970391608345835,0.10912071308035864,3.861270895265476,3.861270895265476,0.9727198217299103,0.00701904296875,14.18820898128018,0.49424267459398097,0.49424267459398097,0.49424267459398097,0.49424267459398097
1,C,8,2.0,0.0,False,q3_evidence,Uniform raw,uniform_raw,1,C,4.0,0.22070052838464121,3.7792994716153587,3.7792994716153587,0.9448248679038397,0.01336669921875,13.676084912373188,0.48375033236676596,0.48375033236676596,0.48375033236676596,0.48375033236676596
1,C,8,2.0,0.12,True,q3_evidence,PCS raw,pcs_raw,1,C,3.996679855921233,0.20895623399440208,3.7877236219268307,3.7877236219268307,0.9477609415013994,0.012359619140625,13.602256816129596,0.4848286236066343,0.4848286236066343,0.4848286236066343,0.4848286236066343
1,C,8,2.0,0.16,True,q3_evidence,PCS raw,pcs_raw,1,C,3.9941028013225788,0.20681613782498634,3.7872866634975924,3.7872866634975924,0.9482959655437534,0.012939453125,13.522538049654615,0.4847726929276918,0.4847726929276918,0.4847726929276918,0.4847726929276918
1,C,8,2.0,0.2,True,q3_evidence,PCS raw,pcs_raw,1,C,3.990796214317659,0.20028408444290344,3.790512129874756,3.790512129874756,0.9499289788892742,0.0120849609375,13.555859788332153,0.48518555262396873,0.48518555262396873,0.48518555262396873,0.48518555262396873
1,C,8,2.0,0.24,True,q3_evidence,PCS raw,pcs_raw,1,C,3.9867651399345525,0.18790115494879403,3.7988639849857586,3.7988639849857586,0.9530247112628015,0.010955810546875,13.573970440864162,0.4862545900781771,0.4862545900781771,0.4862545900781771,0.4862545900781771
1,C,8,2.0,0.28,True,q3_evidence,PCS raw,pcs_raw,1,C,3.982015709386646,0.21695859180993526,3.7650571175767107,3.7650571175767107,0.9457603520475162,0.0137939453125,13.338013312806723,0.48192731104981895,0.48192731104981895,0.48192731104981895,0.48192731104981895
1,C,8,2.0,0.32,True,q3_evidence,PCS raw,pcs_raw,1,C,3.976555119443372,0.17995460366792532,3.7966005157754465,3.7966005157754465,0.9550113490830187,0.0106201171875,13.497058431909645,0.48596486601925715,0.48596486601925715,0.48596486601925715,0.48596486601925715
1,C,8,2.0,0.36,True,q3_evidence,PCS raw,pcs_raw,1,C,3.970391608345835,0.1839795466780501,3.7864120616677845,3.7864120616677845,0.9540051133304874,0.01104736328125,13.522308001864271,0.48466074389347646,0.48466074389347646,0.48466074389347646,0.48466074389347646
1,C,8,4.0,0.0,False,q3_evidence,Uniform raw,uniform_raw,1,C,4.0,0.4849715159555362,3.5150284840444637,3.5150284840444637,0.8787571210111159,0.029388427734375,12.231696661350748,0.44992364595769135,0.44992364595769135,0.44992364595769135,0.44992364595769135
1,C,8,4.0,0.12,True,q3_evidence,PCS raw,pcs_raw,1,C,3.996679855921233,0.45342736648706283,3.54325248943417,3.54325248943417,0.8866431583782343,0.02587890625,12.12582270072609,0.4535363186475737,0.4535363186475737,0.4535363186475737,0.4535363186475737
1,C,8,4.0,0.16,True,q3_evidence,PCS raw,pcs_raw,1,C,3.9941028013225788,0.4665864821380368,3.5275163191845422,3.5275163191845422,0.8833533794654909,0.02679443359375,12.076727493887653,0.4515220888556214,0.4515220888556214,0.4515220888556214,0.4515220888556214
1,C,8,4.0,0.2,True,q3_evidence,PCS raw,pcs_raw,1,C,3.990796214317659,0.48653421818115394,3.5042619961365054,3.5042619961365054,0.8783664454547115,0.02886962890625,11.918583050226289,0.44854553550547266,0.44854553550547266,0.44854553550547266,0.44854553550547266
1,C,8,4.0,0.24,True,q3_evidence,PCS raw,pcs_raw,1,C,3.9867651399345525,0.45798586439120126,3.5287792755433514,3.5287792755433514,0.8855035339021997,0.027008056640625,11.996519065357711,0.45168374726954896,0.45168374726954896,0.45168374726954896,0.45168374726954896
1,C,8,4.0,0.28,True,q3_evidence,PCS raw,pcs_raw,1,C,3.982015709386646,0.4610519232407482,3.520963786145898,3.520963786145898,0.884737019189813,0.026580810546875,11.981675338462752,0.4506833646266749,0.4506833646266749,0.4506833646266749,0.4506833646266749
1,C,8,4.0,0.32,True,q3_evidence,PCS raw,pcs_raw,1,C,3.976555119443372,0.43698901279143554,3.5395661066519364,3.5395661066519364,0.8907527468021411,0.02593994140625,11.93923150145672,0.45306446165144787,0.45306446165144787,0.45306446165144787,0.45306446165144787
1,C,8,4.0,0.36,True,q3_evidence,PCS raw,pcs_raw,1,C,3.970391608345835,0.4339373536645842,3.5364542546812507,3.5364542546812507,0.891515661583854,0.0255126953125,11.89891139521784,0.45266614459920007,0.45266614459920007,0.45266614459920007,0.45266614459920007
1,C,8,6.0,0.0,False,q3_evidence,Uniform raw,uniform_raw,1,C,4.0,1.1325614728429723,2.8674385271570277,2.8674385271570277,0.7168596317892569,0.07220458984375,9.566588070279714,0.36703213147609953,0.36703213147609953,0.36703213147609953,0.36703213147609953
1,C,8,6.0,0.12,True,q3_evidence,PCS raw,pcs_raw,1,C,3.996679855921233,1.0920679011151553,2.904611954806078,2.904611954806078,0.7269830247212112,0.068939208984375,9.491061869153278,0.371790330215178,0.371790330215178,0.371790330215178,0.371790330215178
1,C,8,6.0,0.16,True,q3_evidence,PCS raw,pcs_raw,1,C,3.9941028013225788,1.087535375324239,2.9065674259983396,2.9065674259983396,0.7281161561689402,0.066619873046875,9.479451274609627,0.37204063052778746,0.37204063052778746,0.37204063052778746,0.37204063052778746
1,C,8,6.0,0.2,True,q3_evidence,PCS raw,pcs_raw,1,C,3.990796214317659,1.1184541881050967,2.8723420262125625,2.8723420262125625,0.7203864529737258,0.068511962890625,9.326176694831048,0.367659779355208,0.367659779355208,0.367659779355208,0.367659779355208
1,C,8,6.0,0.24,True,q3_evidence,PCS raw,pcs_raw,1,C,3.9867651399345525,1.1087604356444134,2.878004704290139,2.878004704290139,0.7228098910888966,0.068023681640625,9.275378346302753,0.36838460214913776,0.36838460214913776,0.36838460214913776,0.36838460214913776
1,C,8,6.0,0.28,True,q3_evidence,PCS raw,pcs_raw,1,C,3.982015709386646,1.0955263186800919,2.8864893907065543,2.8864893907065543,0.7261184203299771,0.067230224609375,9.28618953245018,0.36947064201043894,0.36947064201043894,0.36947064201043894,0.36947064201043894
1,C,8,6.0,0.32,True,q3_evidence,PCS raw,pcs_raw,1,C,3.976555119443372,1.1007126451107097,2.8758424743326625,2.8758424743326625,0.7248218387223226,0.068023681640625,9.207626926770345,0.3681078367145808,0.3681078367145808,0.3681078367145808,0.3681078367145808
1,C,8,6.0,0.36,True,q3_evidence,PCS raw,pcs_raw,1,C,3.970391608345835,1.1357407254506768,2.8346508828951578,2.8346508828951578,0.7160648186373307,0.068084716796875,9.071965498034988,0.3628353130105802,0.3628353130105802,0.3628353130105802,0.3628353130105802
1,C,10,-2.0,0.0,False,q3_evidence,Uniform raw,uniform_raw,1,C,4.0,0.15068780432559098,3.849312195674409,3.849312195674409,0.9623280489186022,0.0091552734375,14.35180299169634,0.49271196104632436,0.49271196104632436,0.49271196104632436,0.49271196104632436
1,C,10,-2.0,0.12,True,q3_evidence,PCS raw,pcs_raw,1,C,3.996679855921233,0.11810078044973994,3.878579075471493,3.878579075471493,0.970474804887565,0.007080078125,14.357601848924869,0.4964581216603511,0.4964581216603511,0.4964581216603511,0.4964581216603511
1,C,10,-2.0,0.16,True,q3_evidence,PCS raw,pcs_raw,1,C,3.9941028013225788,0.11824594578681422,3.8758568555357646,3.8758568555357646,0.9704385135532965,0.007568359375,14.321831303931688,0.4961096775085779,0.4961096775085779,0.4961096775085779,0.4961096775085779
1,C,10,-2.0,0.2,True,q3_evidence,PCS raw,pcs_raw,1,C,3.990796214317659,0.1167672855456689,3.8740289287719905,3.8740289287719905,0.9708081786135828,0.00714111328125,14.325148058539693,0.49587570288281474,0.49587570288281474,0.49587570288281474,0.49587570288281474
1,C,10,-2.0,0.24,True,q3_evidence,PCS raw,pcs_raw,1,C,3.9867651399345525,0.11000551786304548,3.876759622071507,3.876759622071507,0.9724986205342386,0.006988525390625,14.337276357437691,0.4962252316251529,0.4962252316251529,0.4962252316251529,0.4962252316251529
1,C,10,-2.0,0.28,True,q3_evidence,PCS raw,pcs_raw,1,C,3.982015709386646,0.10354124534284613,3.8784744640438,3.8784744640438,0.9741146886642885,0.006744384765625,14.359759435090078,0.49644473139760636,0.49644473139760636,0.49644473139760636,0.49644473139760636
1,C,10,-2.0,0.32,True,q3_evidence,PCS raw,pcs_raw,1,C,3.976555119443372,0.09002746229775119,3.8865276571456207,3.8865276571456207,0.9774931344255622,0.005401611328125,14.402315872236926,0.49747554011463946,0.49747554011463946,0.49747554011463946,0.49747554011463946
1,C,10,-2.0,0.36,True,q3_evidence,PCS raw,pcs_raw,1,C,3.970391608345835,0.09201062435737334,3.8783809839884613,3.8783809839884613,0.9769973439106566,0.005859375,14.39909787679624,0.49643276595052305,0.49643276595052305,0.49643276595052305,0.49643276595052305
1,C,10,0.0,0.0,False,q3_evidence,Uniform raw,uniform_raw,1,C,4.0,0.19299954459865523,3.8070004554013446,3.8070004554013446,0.9517501138503361,0.01220703125,13.92243011167135,0.4872960582913721,0.4872960582913721,0.4872960582913721,0.4872960582913721
1,C,10,0.0,0.12,True,q3_evidence,PCS raw,pcs_raw,1,C,3.996679855921233,0.15448721529137022,3.8421926406298628,3.8421926406298628,0.9613781961771575,0.00958251953125,13.971590909692623,0.49180065800062245,0.49180065800062245,0.49180065800062245,0.49180065800062245
1,C,10,0.0,0.16,True,q3_evidence,PCS raw,pcs_raw,1,C,3.9941028013225788,0.15613893403463766,3.8379638672879413,3.8379638672879413,0.9609652664913406,0.00927734375,13.977546239711867,0.4912593750128565,0.4912593750128565,0.4912593750128565,0.4912593750128565
1,C,10,0.0,0.2,True,q3_evidence,PCS raw,pcs_raw,1,C,3.990796214317659,0.1592600867715733,3.831536127546086,3.831536127546086,0.9601849783071067,0.009552001953125,13.903923647707154,0.49043662432589896,0.49043662432589896,0.49043662432589896,0.49043662432589896
1,C,10,0.0,0.24,True,q3_evidence,PCS raw,pcs_raw,1,C,3.9867651399345525,0.16328912150758507,3.8234760184269674,3.8234760184269674,0.9591777196231037,0.009979248046875,13.810428317323222,0.4894049303586518,0.4894049303586518,0.4894049303586518,0.4894049303586518
1,C,10,0.0,0.28,True,q3_evidence,PCS raw,pcs_raw,1,C,3.982015709386646,0.15881378636179955,3.8232019230248464,3.8232019230248464,0.9602965534095501,0.009246826171875,13.796745051059903,0.4893698461471804,0.4893698461471804,0.4893698461471804,0.4893698461471804
1,C,10,0.0,0.32,True,q3_evidence,PCS raw,pcs_raw,1,C,3.976555119443372,0.1518528865854353,3.8247022328579368,3.8247022328579368,0.9620367783536412,0.00933837890625,13.78925545181296,0.48956188580581594,0.48956188580581594,0.48956188580581594,0.48956188580581594
1,C,10,0.0,0.36,True,q3_evidence,PCS raw,pcs_raw,1,C,3.970391608345835,0.14615211457763536,3.8242394937681996,3.8242394937681996,0.9634619713555912,0.00897216796875,13.825862645804037,0.48950265520232955,0.48950265520232955,0.48950265520232955,0.48950265520232955
1,C,10,2.0,0.0,False,q3_evidence,Uniform raw,uniform_raw,1,C,4.0,0.35577635745312675,3.6442236425468733,3.6442236425468733,0.9110559106367183,0.020965576171875,12.928788126785673,0.46646062624599977,0.46646062624599977,0.46646062624599977,0.46646062624599977
1,C,10,2.0,0.12,True,q3_evidence,PCS raw,pcs_raw,1,C,3.996679855921233,0.35006734162196307,3.64661251429927,3.64661251429927,0.9124831645945093,0.019989013671875,12.709210740618584,0.4667664018303066,0.4667664018303066,0.4667664018303066,0.4667664018303066
1,C,10,2.0,0.16,True,q3_evidence,PCS raw,pcs_raw,1,C,3.9941028013225788,0.3391325347819525,3.6549702665406265,3.6549702665406265,0.9152168663045119,0.019439697265625,12.783755617759521,0.4678361941172002,0.4678361941172002,0.4678361941172002,0.4678361941172002
1,C,10,2.0,0.2,True,q3_evidence,PCS raw,pcs_raw,1,C,3.990796214317659,0.3281579212867235,3.662638293030936,3.662638293030936,0.9179605196783192,0.018798828125,12.789614018529257,0.46881770150795976,0.46881770150795976,0.46881770150795976,0.46881770150795976
1,C,10,2.0,0.24,True,q3_evidence,PCS raw,pcs_raw,1,C,3.9867651399345525,0.3082123778171024,3.67855276211745,3.67855276211745,0.9229469055457243,0.0181884765625,12.70983829422065,0.47085475355103357,0.47085475355103357,0.47085475355103357,0.47085475355103357
1,C,10,2.0,0.28,True,q3_evidence,PCS raw,pcs_raw,1,C,3.982015709386646,0.3347643652065938,3.6472513441800523,3.6472513441800523,0.9163089086983516,0.019989013671875,12.69869391477469,0.4668481720550467,0.4668481720550467,0.4668481720550467,0.4668481720550467
1,C,10,2.0,0.32,True,q3_evidence,PCS raw,pcs_raw,1,C,3.976555119443372,0.332221007200315,3.644334112243057,3.644334112243057,0.9169447481999212,0.0189208984375,12.60406131725137,0.46647476636711127,0.46647476636711127,0.46647476636711127,0.46647476636711127
1,C,10,2.0,0.36,True,q3_evidence,PCS raw,pcs_raw,1,C,3.970391608345835,0.31120299728146783,3.659188611064367,3.659188611064367,0.922199250679633,0.01800537109375,12.618553914184876,0.46837614221623897,0.46837614221623897,0.46837614221623897,0.46837614221623897
1,C,10,4.0,0.0,False,q3_evidence,Uniform raw,uniform_raw,1,C,4.0,0.8171946340518966,3.1828053659481035,3.1828053659481035,0.7957013414870259,0.049346923828125,10.788494702317674,0.4073990868413572,0.4073990868413572,0.4073990868413572,0.4073990868413572
1,C,10,4.0,0.12,True,q3_evidence,PCS raw,pcs_raw,1,C,3.996679855921233,0.8319329080987591,3.164746947822474,3.164746947822474,0.7920167729753103,0.049652099609375,10.614982716878686,0.4050876093212767,0.4050876093212767,0.4050876093212767,0.4050876093212767
1,C,10,4.0,0.16,True,q3_evidence,PCS raw,pcs_raw,1,C,3.9941028013225788,0.8244932906335076,3.169609510689071,3.169609510689071,0.793876677341623,0.048065185546875,10.49422215720428,0.40571001736820106,0.40571001736820106,0.40571001736820106,0.40571001736820106
1,C,10,4.0,0.2,True,q3_evidence,PCS raw,pcs_raw,1,C,3.990796214317659,0.7950916353345234,3.1957045789831358,3.1957045789831358,0.8012270911663691,0.048095703125,10.47942748291582,0.4090501861098414,0.4090501861098414,0.4090501861098414,0.4090501861098414
1,C,10,4.0,0.24,True,q3_evidence,PCS raw,pcs_raw,1,C,3.9867651399345525,0.7837761721803035,3.202988967754249,3.202988967754249,0.8040559569549242,0.046875,10.54558425076082,0.4099825878725439,0.4099825878725439,0.4099825878725439,0.4099825878725439
1,C,10,4.0,0.28,True,q3_evidence,PCS raw,pcs_raw,1,C,3.982015709386646,0.769136430971809,3.212879278414837,3.212879278414837,0.8077158922570478,0.045166015625,10.452220969550146,0.4112485476370991,0.4112485476370991,0.4112485476370991,0.4112485476370991
1,C,10,4.0,0.32,True,q3_evidence,PCS raw,pcs_raw,1,C,3.976555119443372,0.7738865155710415,3.2026686038723304,3.2026686038723304,0.8065283711072396,0.046356201171875,10.451518925580404,0.40994158129565833,0.40994158129565833,0.40994158129565833,0.40994158129565833
1,C,10,4.0,0.36,True,q3_evidence,PCS raw,pcs_raw,1,C,3.970391608345835,0.8015536849028158,3.168837923443019,3.168837923443019,0.799611578774296,0.046630859375,10.319143856589893,0.40561125420070643,0.40561125420070643,0.40561125420070643,0.40561125420070643
1,C,10,6.0,0.0,False,q3_evidence,Uniform raw,uniform_raw,1,C,4.0,1.712464437421498,2.287535562578502,2.287535562578502,0.5718838906446255,0.122772216796875,7.4091472060301236,0.2928045520100483,0.2928045520100483,0.2928045520100483,0.2928045520100483
1,C,10,6.0,0.12,True,q3_evidence,PCS raw,pcs_raw,1,C,3.996679855921233,1.6997327772104605,2.2969470787107724,2.2969470787107724,0.5750668056973849,0.117706298828125,7.268130856096327,0.29400922607497887,0.29400922607497887,0.29400922607497887,0.29400922607497887
1,C,10,6.0,0.16,True,q3_evidence,PCS raw,pcs_raw,1,C,3.9941028013225788,1.7227969319858965,2.2713058693366825,2.2713058693366825,0.5693007670035259,0.11724853515625,7.202855165826799,0.29072715127509535,0.29072715127509535,0.29072715127509535,0.29072715127509535
1,C,10,6.0,0.2,True,q3_evidence,PCS raw,pcs_raw,1,C,3.990796214317659,1.7227156684401832,2.268080545877476,2.268080545877476,0.5693210828899542,0.115936279296875,7.190559108218024,0.29031430987231693,0.29031430987231693,0.29031430987231693,0.29031430987231693
1,C,10,6.0,0.24,True,q3_evidence,PCS raw,pcs_raw,1,C,3.9867651399345525,1.7363031746187123,2.25046196531584,2.25046196531584,0.5659242063453219,0.11712646484375,6.996651816949462,0.28805913156042756,0.28805913156042756,0.28805913156042756,0.28805913156042756
1,C,10,6.0,0.28,True,q3_evidence,PCS raw,pcs_raw,1,C,3.982015709386646,1.7128422207367044,2.2691734886499413,2.2691734886499413,0.5717894448158238,0.114654541015625,7.10034865775126,0.2904542065471925,0.2904542065471925,0.2904542065471925,0.2904542065471925
1,C,10,6.0,0.32,True,q3_evidence,PCS raw,pcs_raw,1,C,3.976555119443372,1.7515242767206405,2.2250308427227314,2.2250308427227314,0.5621189308198399,0.1180419921875,6.88666745374046,0.28480394786850965,0.28480394786850965,0.28480394786850965,0.28480394786850965
1,C,10,6.0,0.36,True,q3_evidence,PCS raw,pcs_raw,1,C,3.970391608345835,1.72310132528177,2.247290283064065,2.247290283064065,0.5692246686795576,0.116485595703125,6.914200853003052,0.28765315623220034,0.28765315623220034,0.28765315623220034,0.28765315623220034
1,C,12,-2.0,0.0,False,q3_evidence,Uniform raw,uniform_raw,1,C,4.0,0.17584821377544388,3.824151786224556,3.824151786224556,0.956037946556139,0.01116943359375,14.12286307279694,0.48949142863674316,0.48949142863674316,0.48949142863674316,0.48949142863674316
1,C,12,-2.0,0.12,True,q3_evidence,PCS raw,pcs_raw,1,C,3.996679855921233,0.15314450197168292,3.84353535394955,3.84353535394955,0.9617138745070792,0.009979248046875,14.10514809623521,0.49197252530554236,0.49197252530554236,0.49197252530554236,0.49197252530554236
1,C,12,-2.0,0.16,True,q3_evidence,PCS raw,pcs_raw,1,C,3.9941028013225788,0.13653141570743818,3.857571385615141,3.857571385615141,0.9658671460731405,0.008941650390625,14.11360457202532,0.49376913735873806,0.49376913735873806,0.49376913735873806,0.49376913735873806
1,C,12,-2.0,0.2,True,q3_evidence,PCS raw,pcs_raw,1,C,3.990796214317659,0.11970446416244329,3.871091750155216,3.871091750155216,0.9700738839593892,0.007293701171875,14.185683568537401,0.4954997440198677,0.4954997440198677,0.4954997440198677,0.4954997440198677
1,C,12,-2.0,0.24,True,q3_evidence,PCS raw,pcs_raw,1,C,3.9867651399345525,0.13307335645807516,3.8536917834764775,3.8536917834764775,0.9667316608854812,0.0079345703125,14.129377635139935,0.4932725482849891,0.4932725482849891,0.4932725482849891,0.4932725482849891
1,C,12,-2.0,0.28,True,q3_evidence,PCS raw,pcs_raw,1,C,3.982015709386646,0.12565640940186715,3.8563592999847787,3.8563592999847787,0.9685858976495332,0.007965087890625,14.082223766800672,0.4936139903980517,0.4936139903980517,0.4936139903980517,0.4936139903980517
1,C,12,-2.0,0.32,True,q3_evidence,PCS raw,pcs_raw,1,C,3.976555119443372,0.11910998546791728,3.8574451339754545,3.8574451339754545,0.9702225036330206,0.007476806640625,14.040805464623666,0.49375297714885813,0.49375297714885813,0.49375297714885813,0.49375297714885813
1,C,12,-2.0,0.36,True,q3_evidence,PCS raw,pcs_raw,1,C,3.970391608345835,0.1332066756780401,3.8371849326677947,3.8371849326677947,0.96669833108049,0.008636474609375,14.004171706345925,0.4911596713814777,0.4911596713814777,0.4911596713814777,0.4911596713814777
1,C,12,0.0,0.0,False,q3_evidence,Uniform raw,uniform_raw,1,C,4.0,0.22709198267179967,3.7729080173282004,3.7729080173282004,0.9432270043320501,0.013397216796875,13.597213556237095,0.48293222621800963,0.48293222621800963,0.48293222621800963,0.48293222621800963
1,C,12,0.0,0.12,True,q3_evidence,PCS raw,pcs_raw,1,C,3.996679855921233,0.23303013308991535,3.7636497228313175,3.7636497228313175,0.9417424667275212,0.013763427734375,13.379831557176832,0.4817471645224086,0.4817471645224086,0.4817471645224086,0.4817471645224086
1,C,12,0.0,0.16,True,q3_evidence,PCS raw,pcs_raw,1,C,3.9941028013225788,0.24243871028784544,3.7516640910347334,3.7516640910347334,0.9393903224280387,0.014801025390625,13.339089102764763,0.48021300365244585,0.48021300365244585,0.48021300365244585,0.48021300365244585
1,C,12,0.0,0.2,True,q3_evidence,PCS raw,pcs_raw,1,C,3.990796214317659,0.23387423956318643,3.756921974754473,3.756921974754473,0.9415314401092034,0.014801025390625,13.354857866515847,0.4808860127685725,0.4808860127685725,0.4808860127685725,0.4808860127685725
1,C,12,0.0,0.24,True,q3_evidence,PCS raw,pcs_raw,1,C,3.9867651399345525,0.22751545046971827,3.759249689464834,3.759249689464834,0.9431211373825704,0.013458251953125,13.388380878181657,0.4811839602514988,0.4811839602514988,0.4811839602514988,0.4811839602514988
1,C,12,0.0,0.28,True,q3_evidence,PCS raw,pcs_raw,1,C,3.982015709386646,0.22118246726453863,3.760833242122107,3.760833242122107,0.9447043831838653,0.013885498046875,13.37867520513559,0.4813866549916297,0.4813866549916297,0.4813866549916297,0.4813866549916297
1,C,12,0.0,0.32,True,q3_evidence,PCS raw,pcs_raw,1,C,3.976555119443372,0.2276646055275835,3.7488905139157884,3.7488905139157884,0.9430838486181041,0.0135498046875,13.229528073996764,0.47985798578122096,0.47985798578122096,0.47985798578122096,0.47985798578122096
1,C,12,0.0,0.36,True,q3_evidence,PCS raw,pcs_raw,1,C,3.970391608345835,0.21339193406254378,3.756999674283291,3.756999674283291,0.946652016484364,0.012939453125,13.275654623265451,0.4808959583082612,0.4808959583082612,0.4808959583082612,0.4808959583082612
1,C,12,2.0,0.0,False,q3_evidence,Uniform raw,uniform_raw,1,C,4.0,0.5491546549536116,3.4508453450463885,3.4508453450463885,0.8627113362615971,0.0318603515625,11.92661838711093,0.44170820416593776,0.44170820416593776,0.44170820416593776,0.44170820416593776
1,C,12,2.0,0.12,True,q3_evidence,PCS raw,pcs_raw,1,C,3.996679855921233,0.5401658440179242,3.456514011903309,3.456514011903309,0.864958538995519,0.032073974609375,11.76512668899759,0.44243379352362355,0.44243379352362355,0.44243379352362355,0.44243379352362355
1,C,12,2.0,0.16,True,q3_evidence,PCS raw,pcs_raw,1,C,3.9941028013225788,0.5179779228426272,3.4761248784799514,3.4761248784799514,0.8705055192893432,0.0311279296875,11.907615686188908,0.44494398444543376,0.44494398444543376,0.44494398444543376,0.44494398444543376
1,C,12,2.0,0.2,True,q3_evidence,PCS raw,pcs_raw,1,C,3.990796214317659,0.507669620874788,3.4831265934428712,3.4831265934428712,0.873082594781303,0.028900146484375,11.802892282403338,0.4458402039606875,0.4458402039606875,0.4458402039606875,0.4458402039606875
1,C,12,2.0,0.24,True,q3_evidence,PCS raw,pcs_raw,1,C,3.9867651399345525,0.5224846073896159,3.4642805325449366,3.4642805325449366,0.869378848152596,0.0291748046875,11.665746068045538,0.4434279081657519,0.4434279081657519,0.4434279081657519,0.4434279081657519
1,C,12,2.0,0.28,True,q3_evidence,PCS raw,pcs_raw,1,C,3.982015709386646,0.4929758740454773,3.4890398353411687,3.4890398353411687,0.8767560314886307,0.027618408203125,11.733217781379576,0.4465970989236696,0.4465970989236696,0.4465970989236696,0.4465970989236696
1,C,12,2.0,0.32,True,q3_evidence,PCS raw,pcs_raw,1,C,3.976555119443372,0.5174507697331802,3.459104349710192,3.459104349710192,0.870637307566705,0.029510498046875,11.604884952972757,0.4427653567629045,0.4427653567629045,0.4427653567629045,0.4427653567629045
1,C,12,2.0,0.36,True,q3_evidence,PCS raw,pcs_raw,1,C,3.970391608345835,0.5059069244028603,3.4644846839429744,3.4644846839429744,0.8735232688992849,0.028045654296875,11.611835755191663,0.44345403954470075,0.44345403954470075,0.44345403954470075,0.44345403954470075
1,C,12,4.0,0.0,False,q3_evidence,Uniform raw,uniform_raw,1,C,4.0,1.1508172557868752,2.849182744213125,2.849182744213125,0.7122956860532812,0.0736083984375,9.401798741302912,0.36469539125927997,0.36469539125927997,0.36469539125927997,0.36469539125927997
1,C,12,4.0,0.12,True,q3_evidence,PCS raw,pcs_raw,1,C,3.996679855921233,1.1684921687429348,2.828187687178298,2.828187687178298,0.7078769578142663,0.0723876953125,9.15873712257449,0.36200802395882214,0.36200802395882214,0.36200802395882214,0.36200802395882214
1,C,12,4.0,0.16,True,q3_evidence,PCS raw,pcs_raw,1,C,3.9941028013225788,1.1804043941071518,2.813698407215427,2.813698407215427,0.7048989014732121,0.074981689453125,9.136226255525422,0.3601533961235747,0.3601533961235747,0.3601533961235747,0.3601533961235747
1,C,12,4.0,0.2,True,q3_evidence,PCS raw,pcs_raw,1,C,3.990796214317659,1.1490860095985385,2.8417102047191207,2.8417102047191207,0.7127284976003654,0.071685791015625,9.10669591277563,0.3637389062040474,0.3637389062040474,0.3637389062040474,0.3637389062040474
1,C,12,4.0,0.24,True,q3_evidence,PCS raw,pcs_raw,1,C,3.9867651399345525,1.1696858789378621,2.8170792609966906,2.8170792609966906,0.7075785302655345,0.071502685546875,9.05964207152977,0.36058614540757644,0.36058614540757644,0.36058614540757644,0.36058614540757644
1,C,12,4.0,0.28,True,q3_evidence,PCS raw,pcs_raw,1,C,3.982015709386646,1.1454711500730337,2.8365445593136123,2.8365445593136123,0.7136322124817416,0.07061767578125,9.011303988814129,0.3630777035921424,0.3630777035921424,0.3630777035921424,0.3630777035921424
1,C,12,4.0,0.32,True,q3_evidence,PCS raw,pcs_raw,1,C,3.976555119443372,1.1246033851783652,2.8519517342650067,2.8519517342650067,0.7188491537054087,0.068450927734375,9.056063502402251,0.36504982198592084,0.36504982198592084,0.36504982198592084,0.36504982198592084
1,C,12,4.0,0.36,True,q3_evidence,PCS raw,pcs_raw,1,C,3.970391608345835,1.1851206848206697,2.7852709235251654,2.7852709235251654,0.7037198287948326,0.07318115234375,8.836935380524807,0.3565146782112212,0.3565146782112212,0.3565146782112212,0.3565146782112212
1,C,12,6.0,0.0,False,q3_evidence,Uniform raw,uniform_raw,1,C,4.0,2.2022047237509694,1.7977952762490306,1.7977952762490306,0.44944881906225764,0.169708251953125,5.757589850253833,0.23011779535987592,0.23011779535987592,0.23011779535987592,0.23011779535987592
1,C,12,6.0,0.12,True,q3_evidence,PCS raw,pcs_raw,1,C,3.996679855921233,2.225525061630907,1.771154794290326,1.771154794290326,0.4436187345922733,0.165863037109375,5.6565704384898154,0.22670781366916173,0.22670781366916173,0.22670781366916173,0.22670781366916173
1,C,12,6.0,0.16,True,q3_evidence,PCS raw,pcs_raw,1,C,3.9941028013225788,2.297486714813774,1.6966160865088047,1.6966160865088047,0.4256283212965565,0.171875,5.41243159166347,0.21716685907312702,0.21716685907312702,0.21716685907312702,0.21716685907312702
1,C,12,6.0,0.2,True,q3_evidence,PCS raw,pcs_raw,1,C,3.990796214317659,2.2743108234171086,1.7164853909005506,1.7164853909005506,0.43142229414572286,0.16876220703125,5.392689101682425,0.21971013003527048,0.21971013003527048,0.21971013003527048,0.21971013003527048
1,C,12,6.0,0.24,True,q3_evidence,PCS raw,pcs_raw,1,C,3.9867651399345525,2.291852679919417,1.6949124600151353,1.6949124600151353,0.4270368300201457,0.168487548828125,5.313232921699265,0.21694879488193733,0.21694879488193733,0.21694879488193733,0.21694879488193733
1,C,12,6.0,0.28,True,q3_evidence,PCS raw,pcs_raw,1,C,3.982015709386646,2.2768939235079437,1.7051217858787022,1.7051217858787022,0.43077651912301407,0.164642333984375,5.360618660099615,0.21825558859247388,0.21825558859247388,0.21825558859247388,0.21825558859247388
1,C,12,6.0,0.32,True,q3_evidence,PCS raw,pcs_raw,1,C,3.976555119443372,2.3354640540139293,1.6410910654294426,1.6410910654294426,0.41613398649651767,0.171875,5.1757001808717735,0.21005965637496865,0.21005965637496865,0.21005965637496865,0.21005965637496865
1,C,12,6.0,0.36,True,q3_evidence,PCS raw,pcs_raw,1,C,3.970391608345835,2.293741902879419,1.6766497054664158,1.6766497054664158,0.42656452428014524,0.169342041015625,5.247344771773949,0.21461116229970123,0.21461116229970123,0.21461116229970123,0.21461116229970123
1,C+S,6,-2.0,0.0,False,q3_evidence_cs_penalty,Uniform raw,uniform_raw,2,C+S,4.0,0.19069284236819944,3.8093071576318005,3.8093071576318005,0.9523267894079501,0.01177978515625,13.7755021518424,0.9751826323537409,0.48759131617687046,0.9751826323537409,0.48759131617687046
1,C+S,6,-2.0,0.12,True,q3_evidence_cs_penalty,PCS raw,pcs_raw,2,C+S,3.996679855921233,0.15523031387837774,3.841449542042855,3.841449542042855,0.9611924215304055,0.0099334716796875,13.753898120200619,0.983411082762971,0.4917055413814855,0.983411082762971,0.4917055413814855
1,C+S,6,-2.0,0.16,True,q3_evidence_cs_penalty,PCS raw,pcs_raw,2,C+S,3.9941028013225788,0.16362956828141154,3.8304732330411673,3.8304732330411673,0.9590926079296471,0.010345458984375,13.680577567099428,0.9806011476585388,0.4903005738292694,0.9806011476585388,0.4903005738292694
1,C+S,6,-2.0,0.2,True,q3_evidence_cs_penalty,PCS raw,pcs_raw,2,C+S,3.990796214317659,0.154270888847111,3.8365253254705483,3.8365253254705483,0.9614322777882223,0.0101470947265625,13.69517387362286,0.9821504833204604,0.4910752416602302,0.9821504833204604,0.4910752416602302
1,C+S,6,-2.0,0.24,True,q3_evidence_cs_penalty,PCS raw,pcs_raw,2,C+S,3.9867651399345525,0.15039050454703506,3.8363746353875174,3.8363746353875174,0.9624023738632412,0.0093536376953125,13.727551975227904,0.9821119066592046,0.4910559533296023,0.9821119066592046,0.4910559533296023
1,C+S,6,-2.0,0.28,True,q3_evidence_cs_penalty,PCS raw,pcs_raw,2,C+S,3.982015709386646,0.13680676537102465,3.8452089440156216,3.8452089440156216,0.9657983086572439,0.0084991455078125,13.699857165808366,0.9843734896679991,0.49218674483399955,0.9843734896679991,0.49218674483399955
1,C+S,6,-2.0,0.32,True,q3_evidence_cs_penalty,PCS raw,pcs_raw,2,C+S,3.976555119443372,0.13105828769496503,3.845496831748407,3.845496831748407,0.9672354280762587,0.0084686279296875,13.737374492572105,0.9844471889275922,0.4922235944637961,0.9844471889275922,0.4922235944637961
1,C+S,6,-2.0,0.36,True,q3_evidence_cs_penalty,PCS raw,pcs_raw,2,C+S,3.970391608345835,0.1299403019180448,3.84045130642779,3.84045130642779,0.9675149245204888,0.0081634521484375,13.704827192217333,0.9831555344455143,0.49157776722275714,0.9831555344455143,0.49157776722275714
1,C+S,6,0.0,0.0,False,q3_evidence_cs_penalty,Uniform raw,uniform_raw,2,C+S,4.0,0.20837674243788906,3.7916232575621107,3.7916232575621107,0.9479058143905277,0.013671875,13.53805268145744,0.9706555539359003,0.48532777696795015,0.9706555539359003,0.48532777696795015
1,C+S,6,0.0,0.12,True,q3_evidence_cs_penalty,PCS raw,pcs_raw,2,C+S,3.996679855921233,0.18049057506392643,3.816189280857307,3.816189280857307,0.9548773562340185,0.011871337890625,13.557963498115708,0.9769444558994704,0.4884722279497352,0.9769444558994704,0.4884722279497352
1,C+S,6,0.0,0.16,True,q3_evidence_cs_penalty,PCS raw,pcs_raw,2,C+S,3.9941028013225788,0.16950318725998154,3.8245996140625973,3.8245996140625973,0.9576242031850046,0.0106964111328125,13.541401536796496,0.9790975012000249,0.48954875060001246,0.9790975012000249,0.48954875060001246
1,C+S,6,0.0,0.2,True,q3_evidence_cs_penalty,PCS raw,pcs_raw,2,C+S,3.990796214317659,0.17054066607229246,3.820255548245367,3.820255548245367,0.9573648334819269,0.0108642578125,13.524717758554733,0.9779854203508138,0.4889927101754069,0.9779854203508138,0.4889927101754069
1,C+S,6,0.0,0.24,True,q3_evidence_cs_penalty,PCS raw,pcs_raw,2,C+S,3.9867651399345525,0.15781135942902752,3.828953780505525,3.828953780505525,0.9605471601427431,0.0101470947265625,13.594863223251695,0.9802121678094144,0.4901060839047072,0.9802121678094144,0.4901060839047072
1,C+S,6,0.0,0.28,True,q3_evidence_cs_penalty,PCS raw,pcs_raw,2,C+S,3.982015709386646,0.16666883946090388,3.815346869925742,3.815346869925742,0.958332790134774,0.0106658935546875,13.488555010501521,0.97672879870099,0.488364399350495,0.97672879870099,0.488364399350495
1,C+S,6,0.0,0.32,True,q3_evidence_cs_penalty,PCS raw,pcs_raw,2,C+S,3.976555119443372,0.16287659024017737,3.8136785292031945,3.8136785292031945,0.9592808524399556,0.01043701171875,13.460483340259811,0.9763017034760177,0.4881508517380089,0.9763017034760177,0.4881508517380089
1,C+S,6,0.0,0.36,True,q3_evidence_cs_penalty,PCS raw,pcs_raw,2,C+S,3.970391608345835,0.15527240487990315,3.8151192034659314,3.8151192034659314,0.9611818987800242,0.0095672607421875,13.523372196010257,0.9766705160872785,0.48833525804363925,0.9766705160872785,0.48833525804363925
1,C+S,6,2.0,0.0,False,q3_evidence_cs_penalty,Uniform raw,uniform_raw,2,C+S,4.0,0.264215052062977,3.735784947937023,3.735784947937023,0.9339462369842557,0.0171356201171875,13.147029905197991,0.9563609466718779,0.47818047333593894,0.9563609466718779,0.47818047333593894
1,C+S,6,2.0,0.12,True,q3_evidence_cs_penalty,PCS raw,pcs_raw,2,C+S,3.996679855921233,0.24785631917160555,3.7488235367496276,3.7488235367496276,0.9380359202070987,0.0157928466796875,13.037459880005471,0.9596988254079046,0.4798494127039523,0.9596988254079046,0.4798494127039523
1,C+S,6,2.0,0.16,True,q3_evidence_cs_penalty,PCS raw,pcs_raw,2,C+S,3.9941028013225788,0.2300229440586778,3.764079857263901,3.764079857263901,0.9424942639853305,0.0140228271484375,13.114308001008506,0.9636044434595588,0.4818022217297794,0.9636044434595588,0.4818022217297794
1,C+S,6,2.0,0.2,True,q3_evidence_cs_penalty,PCS raw,pcs_raw,2,C+S,3.990796214317659,0.22865705084399854,3.7621391634736607,3.7621391634736607,0.9428357372890004,0.0145416259765625,13.081533831784178,0.9631076258492572,0.4815538129246286,0.9631076258492572,0.4815538129246286
1,C+S,6,2.0,0.24,True,q3_evidence_cs_penalty,PCS raw,pcs_raw,2,C+S,3.9867651399345525,0.23139084284434963,3.755374297090203,3.755374297090203,0.9421522892889126,0.0142059326171875,12.99132146811909,0.9613758200550919,0.48068791002754596,0.9613758200550919,0.48068791002754596
1,C+S,6,2.0,0.28,True,q3_evidence_cs_penalty,PCS raw,pcs_raw,2,C+S,3.982015709386646,0.21876155860778748,3.7632541507788586,3.7632541507788586,0.9453096103480532,0.014129638671875,13.030197955789207,0.9633930625993878,0.4816965312996939,0.9633930625993878,0.4816965312996939
1,C+S,6,2.0,0.32,True,q3_evidence_cs_penalty,PCS raw,pcs_raw,2,C+S,3.976555119443372,0.21378633204928327,3.762768787394089,3.762768787394089,0.9465534169876793,0.0135040283203125,12.996013159729799,0.9632688095728867,0.48163440478644337,0.9632688095728867,0.48163440478644337
1,C+S,6,2.0,0.36,True,q3_evidence_cs_penalty,PCS raw,pcs_raw,2,C+S,3.970391608345835,0.20699898005021206,3.7633926282956227,3.7633926282956227,0.948250254987447,0.0133514404296875,13.004120835394659,0.9634285128436794,0.4817142564218397,0.9634285128436794,0.4817142564218397
1,C+S,6,4.0,0.0,False,q3_evidence_cs_penalty,Uniform raw,uniform_raw,2,C+S,4.0,0.4209465692458535,3.579053430754146,3.579053430754146,0.8947633576885365,0.027496337890625,12.257370812189782,0.9162376782730615,0.45811883913653073,0.9162376782730615,0.45811883913653073
1,C+S,6,4.0,0.12,True,q3_evidence_cs_penalty,PCS raw,pcs_raw,2,C+S,3.996679855921233,0.40601065176754036,3.5906692041536923,3.5906692041536923,0.8984973370581149,0.026580810546875,12.13450255957068,0.9192113162633453,0.45960565813167265,0.9192113162633453,0.45960565813167265
1,C+S,6,4.0,0.16,True,q3_evidence_cs_penalty,PCS raw,pcs_raw,2,C+S,3.9941028013225788,0.4084695999473259,3.585633201375253,3.585633201375253,0.8978826000131686,0.025604248046875,12.069469278244242,0.9179220995520647,0.45896104977603236,0.9179220995520647,0.45896104977603236
1,C+S,6,4.0,0.2,True,q3_evidence_cs_penalty,PCS raw,pcs_raw,2,C+S,3.990796214317659,0.38692369253446013,3.603872521783199,3.603872521783199,0.9032690768663849,0.0237274169921875,12.138919155850477,0.9225913655764989,0.46129568278824945,0.9225913655764989,0.46129568278824945
1,C+S,6,4.0,0.24,True,q3_evidence_cs_penalty,PCS raw,pcs_raw,2,C+S,3.9867651399345525,0.38859572465737025,3.5981694152771824,3.5981694152771824,0.9028510688356575,0.0238189697265625,12.077462465494403,0.9211313703109587,0.46056568515547935,0.9211313703109587,0.46056568515547935
1,C+S,6,4.0,0.28,True,q3_evidence_cs_penalty,PCS raw,pcs_raw,2,C+S,3.982015709386646,0.38402743462245714,3.5979882747641887,3.5979882747641887,0.9039931413443857,0.023590087890625,11.992471573446338,0.9210849983396323,0.46054249916981616,0.9210849983396323,0.46054249916981616
1,C+S,6,4.0,0.32,True,q3_evidence_cs_penalty,PCS raw,pcs_raw,2,C+S,3.976555119443372,0.3873290352392267,3.589226084204145,3.589226084204145,0.9031677411901933,0.0242767333984375,11.922874211695593,0.9188418775562612,0.4594209387781306,0.9188418775562612,0.4594209387781306
1,C+S,6,4.0,0.36,True,q3_evidence_cs_penalty,PCS raw,pcs_raw,2,C+S,3.970391608345835,0.384418973425912,3.585972634919923,3.585972634919923,0.903895256643522,0.0240478515625,11.899991996509518,0.9180089945395002,0.4590044972697501,0.9180089945395002,0.4590044972697501
1,C+S,6,6.0,0.0,False,q3_evidence_cs_penalty,Uniform raw,uniform_raw,2,C+S,4.0,0.8162358669398503,3.1837641330601496,3.1837641330601496,0.7959410332650374,0.051910400390625,10.572732467447572,0.8150436180633983,0.40752180903169916,0.8150436180633983,0.40752180903169916
1,C+S,6,6.0,0.12,True,q3_evidence_cs_penalty,PCS raw,pcs_raw,2,C+S,3.996679855921233,0.8463462559283117,3.1503335999929214,3.1503335999929214,0.7884134360179221,0.0535888671875,10.225706702916966,0.8064854015981879,0.40324270079909397,0.8064854015981879,0.40324270079909397
1,C+S,6,6.0,0.16,True,q3_evidence_cs_penalty,PCS raw,pcs_raw,2,C+S,3.9941028013225788,0.8460492376847331,3.1480535636378457,3.1480535636378457,0.7884876905788167,0.053619384765625,10.187463044205394,0.8059017122912886,0.4029508561456443,0.8059017122912886,0.4029508561456443
1,C+S,6,6.0,0.2,True,q3_evidence_cs_penalty,PCS raw,pcs_raw,2,C+S,3.990796214317659,0.8689149786939245,3.121881235623735,3.121881235623735,0.7827712553265189,0.0545806884765625,10.063300475965134,0.799201596319676,0.399600798159838,0.799201596319676,0.399600798159838
1,C+S,6,6.0,0.24,True,q3_evidence_cs_penalty,PCS raw,pcs_raw,2,C+S,3.9867651399345525,0.8412000475174115,3.145565092417141,3.145565092417141,0.7896999881206471,0.0531768798828125,10.020271825300142,0.8052646636587881,0.40263233182939406,0.8052646636587881,0.40263233182939406
1,C+S,6,6.0,0.28,True,q3_evidence_cs_penalty,PCS raw,pcs_raw,2,C+S,3.982015709386646,0.8295951633759602,3.1524205460106858,3.1524205460106858,0.79260120915601,0.0514068603515625,10.041387093627296,0.8070196597787356,0.4035098298893678,0.8070196597787356,0.4035098298893678
1,C+S,6,6.0,0.32,True,q3_evidence_cs_penalty,PCS raw,pcs_raw,2,C+S,3.976555119443372,0.8286108884642878,3.147944230979084,3.147944230979084,0.7928472778839281,0.05181884765625,10.017068141258974,0.8058737231306454,0.4029368615653227,0.8058737231306454,0.4029368615653227
1,C+S,6,6.0,0.36,True,q3_evidence_cs_penalty,PCS raw,pcs_raw,2,C+S,3.970391608345835,0.8420208466225325,3.1283707617233025,3.1283707617233025,0.7894947883443668,0.052490234375,9.901452367008693,0.8008629150011655,0.40043145750058273,0.8008629150011655,0.40043145750058273
1,C+S,8,-2.0,0.0,False,q3_evidence_cs_penalty,Uniform raw,uniform_raw,2,C+S,4.0,0.2097550262454089,3.790244973754591,3.790244973754591,0.9475612434386478,0.013336181640625,13.536847913623095,0.9703027132811752,0.4851513566405876,0.9703027132811752,0.4851513566405876
1,C+S,8,-2.0,0.12,True,q3_evidence_cs_penalty,PCS raw,pcs_raw,2,C+S,3.996679855921233,0.17938368169486907,3.817296174226364,3.817296174226364,0.9551540795762827,0.0113372802734375,13.559797237627006,0.9772278206019491,0.48861391030097456,0.9772278206019491,0.48861391030097456
1,C+S,8,-2.0,0.16,True,q3_evidence_cs_penalty,PCS raw,pcs_raw,2,C+S,3.9941028013225788,0.17206587237761983,3.822036928944959,3.822036928944959,0.956983531905595,0.0112152099609375,13.547381877610595,0.9784414538099095,0.4892207269049548,0.9784414538099095,0.4892207269049548
1,C+S,8,-2.0,0.2,True,q3_evidence_cs_penalty,PCS raw,pcs_raw,2,C+S,3.990796214317659,0.16139342694858141,3.8294027873690775,3.8294027873690775,0.9596516432628546,0.010345458984375,13.584093489488854,0.9803271135664839,0.49016355678324197,0.9803271135664839,0.49016355678324197
1,C+S,8,-2.0,0.24,True,q3_evidence_cs_penalty,PCS raw,pcs_raw,2,C+S,3.9867651399345525,0.16515138366557242,3.82161375626898,3.82161375626898,0.9587121540836069,0.0107269287109375,13.516142617689725,0.978333121604859,0.4891665608024295,0.978333121604859,0.4891665608024295
1,C+S,8,-2.0,0.28,True,q3_evidence_cs_penalty,PCS raw,pcs_raw,2,C+S,3.982015709386646,0.158094506693974,3.823921202692672,3.823921202692672,0.9604763733265065,0.0099334716796875,13.555062041546273,0.978923827889324,0.489461913944662,0.978923827889324,0.489461913944662
1,C+S,8,-2.0,0.32,True,q3_evidence_cs_penalty,PCS raw,pcs_raw,2,C+S,3.976555119443372,0.1646274723641406,3.8119276470792314,3.8119276470792314,0.9588431319089649,0.0102691650390625,13.499079236735362,0.9758534776522831,0.48792673882614157,0.9758534776522831,0.48792673882614157
1,C+S,8,-2.0,0.36,True,q3_evidence_cs_penalty,PCS raw,pcs_raw,2,C+S,3.970391608345835,0.14926706144513052,3.8211245469007045,3.8211245469007045,0.9626832346387173,0.009490966796875,13.512603567218038,0.9782078840065802,0.4891039420032901,0.9782078840065802,0.4891039420032901
1,C+S,8,0.0,0.0,False,q3_evidence_cs_penalty,Uniform raw,uniform_raw,2,C+S,4.0,0.23808469363529422,3.7619153063647057,3.7619153063647057,0.9404788265911764,0.015380859375,13.248802904022291,0.9630503184293647,0.48152515921468236,0.9630503184293647,0.48152515921468236
1,C+S,8,0.0,0.12,True,q3_evidence_cs_penalty,PCS raw,pcs_raw,2,C+S,3.996679855921233,0.2303887967337086,3.7662910591875245,3.7662910591875245,0.9424028008165729,0.0146636962890625,13.186624439603092,0.9641705111520062,0.4820852555760031,0.9641705111520062,0.4820852555760031
1,C+S,8,0.0,0.16,True,q3_evidence_cs_penalty,PCS raw,pcs_raw,2,C+S,3.9941028013225788,0.21576780067996632,3.7783350006426124,3.7783350006426124,0.9460580498300084,0.013916015625,13.183693051613066,0.9672537601645088,0.4836268800822544,0.9672537601645088,0.4836268800822544
1,C+S,8,0.0,0.2,True,q3_evidence_cs_penalty,PCS raw,pcs_raw,2,C+S,3.990796214317659,0.21263525516454523,3.778160959153114,3.778160959153114,0.9468411862088637,0.0133819580078125,13.135439828053876,0.9672092055431971,0.48360460277159856,0.9672092055431971,0.48360460277159856
1,C+S,8,0.0,0.24,True,q3_evidence_cs_penalty,PCS raw,pcs_raw,2,C+S,3.9867651399345525,0.2090630482108965,3.777702091723656,3.777702091723656,0.9477342379472758,0.013092041015625,13.186245562313907,0.9670917354812558,0.4835458677406279,0.9670917354812558,0.4835458677406279
1,C+S,8,0.0,0.28,True,q3_evidence_cs_penalty,PCS raw,pcs_raw,2,C+S,3.982015709386646,0.20592435038337184,3.7760913590032743,3.7760913590032743,0.9485189124041571,0.013397216796875,13.151772580834288,0.9666793879048382,0.4833396939524191,0.9666793879048382,0.4833396939524191
1,C+S,8,0.0,0.32,True,q3_evidence_cs_penalty,PCS raw,pcs_raw,2,C+S,3.976555119443372,0.1940380844237085,3.7825170350196635,3.7825170350196635,0.9514904788940729,0.0124969482421875,13.184540824756988,0.9683243609650338,0.4841621804825169,0.9683243609650338,0.4841621804825169
1,C+S,8,0.0,0.36,True,q3_evidence_cs_penalty,PCS raw,pcs_raw,2,C+S,3.970391608345835,0.18290314347161316,3.7874884648742215,3.7874884648742215,0.9542742141320967,0.0114593505859375,13.178591762954825,0.9695970470078008,0.4847985235039004,0.9695970470078008,0.4847985235039004
1,C+S,8,2.0,0.0,False,q3_evidence_cs_penalty,Uniform raw,uniform_raw,2,C+S,4.0,0.3890595746658241,3.610940425334176,3.610940425334176,0.902735106333544,0.02459716796875,12.403972759989394,0.924400748885549,0.4622003744427745,0.924400748885549,0.4622003744427745
1,C+S,8,2.0,0.12,True,q3_evidence_cs_penalty,PCS raw,pcs_raw,2,C+S,3.996679855921233,0.34008044975722074,3.656599406164012,3.656599406164012,0.9149798875606948,0.0218048095703125,12.493354006123536,0.9360894479779871,0.46804472398899355,0.9360894479779871,0.46804472398899355
1,C+S,8,2.0,0.16,True,q3_evidence_cs_penalty,PCS raw,pcs_raw,2,C+S,3.9941028013225788,0.32496269596237026,3.669140105360208,3.669140105360208,0.9187593260094074,0.020416259765625,12.45197890947027,0.9392998669722133,0.4696499334861067,0.9392998669722133,0.4696499334861067
1,C+S,8,2.0,0.2,True,q3_evidence_cs_penalty,PCS raw,pcs_raw,2,C+S,3.990796214317659,0.32988506974298515,3.660911144574674,3.660911144574674,0.9175287325642537,0.020660400390625,12.399873676564745,0.9371932530111166,0.4685966265055583,0.9371932530111166,0.4685966265055583
1,C+S,8,2.0,0.24,True,q3_evidence_cs_penalty,PCS raw,pcs_raw,2,C+S,3.9867651399345525,0.32530760189548247,3.6614575380390697,3.6614575380390697,0.9186730995261294,0.019866943359375,12.40932658397185,0.9373331297380019,0.46866656486900093,0.9373331297380019,0.46866656486900093
1,C+S,8,2.0,0.28,True,q3_evidence_cs_penalty,PCS raw,pcs_raw,2,C+S,3.982015709386646,0.3020045188942154,3.68001119049243,3.68001119049243,0.9244988702764461,0.01898193359375,12.397164967822128,0.9420828647660622,0.4710414323830311,0.9420828647660622,0.4710414323830311
1,C+S,8,2.0,0.32,True,q3_evidence_cs_penalty,PCS raw,pcs_raw,2,C+S,3.976555119443372,0.31045499751745564,3.6661001219259166,3.6661001219259166,0.9223862506206362,0.0207366943359375,12.374932213087138,0.9385216312130347,0.46926081560651733,0.9385216312130347,0.46926081560651733
1,C+S,8,2.0,0.36,True,q3_evidence_cs_penalty,PCS raw,pcs_raw,2,C+S,3.970391608345835,0.30740228521315627,3.6629893231326784,3.6629893231326784,0.923149428696711,0.02001953125,12.331642910001932,0.9377252667219658,0.4688626333609829,0.9377252667219658,0.4688626333609829
1,C+S,8,4.0,0.0,False,q3_evidence_cs_penalty,Uniform raw,uniform_raw,2,C+S,4.0,0.7158357189826852,3.284164281017315,3.284164281017315,0.8210410702543287,0.0451812744140625,10.944066030436137,0.8407460559404325,0.42037302797021625,0.8407460559404325,0.42037302797021625
1,C+S,8,4.0,0.12,True,q3_evidence_cs_penalty,PCS raw,pcs_raw,2,C+S,3.996679855921233,0.7085812977354724,3.2880985581857605,3.2880985581857605,0.8228546755661319,0.0443572998046875,10.822973020673844,0.8417532308955546,0.4208766154477773,0.8417532308955546,0.4208766154477773
1,C+S,8,4.0,0.16,True,q3_evidence_cs_penalty,PCS raw,pcs_raw,2,C+S,3.9941028013225788,0.6875755478978102,3.3065272534247683,3.3065272534247683,0.8281061130255474,0.0432586669921875,10.810768447290691,0.8464709768767407,0.42323548843837033,0.8464709768767407,0.42323548843837033
1,C+S,8,4.0,0.2,True,q3_evidence_cs_penalty,PCS raw,pcs_raw,2,C+S,3.990796214317659,0.6743112755729059,3.316484938744753,3.316484938744753,0.8314221811067735,0.04052734375,10.786480875712162,0.8490201443186569,0.42451007215932846,0.8490201443186569,0.42451007215932846
1,C+S,8,4.0,0.24,True,q3_evidence_cs_penalty,PCS raw,pcs_raw,2,C+S,3.9867651399345525,0.6794481272015025,3.30731701273305,3.30731701273305,0.8301379681996244,0.042083740234375,10.661645705623254,0.8466731552596608,0.4233365776298304,0.8466731552596608,0.4233365776298304
1,C+S,8,4.0,0.28,True,q3_evidence_cs_penalty,PCS raw,pcs_raw,2,C+S,3.982015709386646,0.679787245269099,3.3022284641175474,3.3022284641175474,0.8300531886827254,0.0408477783203125,10.638871475344706,0.8453704868140921,0.42268524340704605,0.8453704868140921,0.42268524340704605
1,C+S,8,4.0,0.32,True,q3_evidence_cs_penalty,PCS raw,pcs_raw,2,C+S,3.976555119443372,0.6657120169117183,3.3108431025316536,3.3108431025316536,0.8335719957720704,0.040802001953125,10.662797967241268,0.8475758342481032,0.4237879171240516,0.8475758342481032,0.4237879171240516
1,C+S,8,4.0,0.36,True,q3_evidence_cs_penalty,PCS raw,pcs_raw,2,C+S,3.970391608345835,0.6547385754626315,3.3156530328832035,3.3156530328832035,0.8363153561343422,0.0399322509765625,10.655215723175811,0.8488071764181001,0.42440358820905005,0.8488071764181001,0.42440358820905005
1,C+S,8,6.0,0.0,False,q3_evidence_cs_penalty,Uniform raw,uniform_raw,2,C+S,4.0,1.43543387049648,2.56456612950352,2.56456612950352,0.64114153237588,0.09844970703125,8.224006547469317,0.6565289291529011,0.32826446457645053,0.6565289291529011,0.32826446457645053
1,C+S,8,6.0,0.12,True,q3_evidence_cs_penalty,PCS raw,pcs_raw,2,C+S,3.996679855921233,1.4087274060338024,2.5879524498874305,2.5879524498874305,0.6478181484915494,0.095855712890625,8.200183993215967,0.6625158271711822,0.3312579135855911,0.6625158271711822,0.3312579135855911
1,C+S,8,6.0,0.16,True,q3_evidence_cs_penalty,PCS raw,pcs_raw,2,C+S,3.9941028013225788,1.4130780317740879,2.581024769548491,2.581024769548491,0.646730492056478,0.0941925048828125,8.137908418543033,0.6607423410044138,0.3303711705022069,0.6607423410044138,0.3303711705022069
1,C+S,8,6.0,0.2,True,q3_evidence_cs_penalty,PCS raw,pcs_raw,2,C+S,3.990796214317659,1.433442132454664,2.557354081862995,2.557354081862995,0.641639466886334,0.095489501953125,8.030217847935061,0.6546826449569267,0.32734132247846337,0.6546826449569267,0.32734132247846337
1,C+S,8,6.0,0.24,True,q3_evidence_cs_penalty,PCS raw,pcs_raw,2,C+S,3.9867651399345525,1.4320742206643613,2.5546909192701914,2.5546909192701914,0.6419814448339096,0.0948486328125,7.941707018773638,0.654000875333169,0.3270004376665845,0.654000875333169,0.3270004376665845
1,C+S,8,6.0,0.28,True,q3_evidence_cs_penalty,PCS raw,pcs_raw,2,C+S,3.982015709386646,1.4658471445161152,2.5161685648705308,2.5161685648705308,0.6335382138709712,0.0977630615234375,7.752246951172011,0.6441391526068558,0.3220695763034279,0.6441391526068558,0.3220695763034279
1,C+S,8,6.0,0.32,True,q3_evidence_cs_penalty,PCS raw,pcs_raw,2,C+S,3.976555119443372,1.4383582202575866,2.5381968991857855,2.5381968991857855,0.6404104449356034,0.094970703125,7.884580007879233,0.649778406191561,0.3248892030957805,0.649778406191561,0.3248892030957805
1,C+S,8,6.0,0.36,True,q3_evidence_cs_penalty,PCS raw,pcs_raw,2,C+S,3.970391608345835,1.4330400837351915,2.537351524610643,2.537351524610643,0.6417399790662021,0.0944061279296875,7.801462910285914,0.6495619903003247,0.32478099515016234,0.6495619903003247,0.32478099515016234
1,C+S,10,-2.0,0.0,False,q3_evidence_cs_penalty,Uniform raw,uniform_raw,2,C+S,4.0,0.23105865258784042,3.7689413474121594,3.7689413474121594,0.9422353368530398,0.015045166015625,13.378788959694305,0.9648489849375129,0.48242449246875646,0.9648489849375129,0.48242449246875646
1,C+S,10,-2.0,0.12,True,q3_evidence_cs_penalty,PCS raw,pcs_raw,2,C+S,3.996679855921233,0.22188457952609408,3.774795276395139,3.774795276395139,0.9445288551184765,0.0138702392578125,13.291579239621054,0.9663475907571555,0.48317379537857774,0.9663475907571555,0.48317379537857774
1,C+S,10,-2.0,0.16,True,q3_evidence_cs_penalty,PCS raw,pcs_raw,2,C+S,3.9941028013225788,0.20741355308460913,3.7866892482379697,3.7866892482379697,0.9481466117288477,0.0128936767578125,13.305209778284127,0.9693924475489202,0.4846962237744601,0.9693924475489202,0.4846962237744601
1,C+S,10,-2.0,0.2,True,q3_evidence_cs_penalty,PCS raw,pcs_raw,2,C+S,3.990796214317659,0.2010717472136548,3.7897244671040045,3.7897244671040045,0.9497320631965863,0.012603759765625,13.30203589907479,0.9701694635786251,0.48508473178931255,0.9701694635786251,0.48508473178931255
1,C+S,10,-2.0,0.24,True,q3_evidence_cs_penalty,PCS raw,pcs_raw,2,C+S,3.9867651399345525,0.18658501454354723,3.8001801253910052,3.8001801253910052,0.9533537463641132,0.0114288330078125,13.29560476386984,0.9728461121000973,0.48642305605004865,0.9728461121000973,0.48642305605004865
1,C+S,10,-2.0,0.28,True,q3_evidence_cs_penalty,PCS raw,pcs_raw,2,C+S,3.982015709386646,0.18441228689494166,3.7976034224917044,3.7976034224917044,0.9538969282762646,0.0117340087890625,13.304005515403109,0.9721864761578762,0.4860932380789381,0.9721864761578762,0.4860932380789381
1,C+S,10,-2.0,0.32,True,q3_evidence_cs_penalty,PCS raw,pcs_raw,2,C+S,3.976555119443372,0.1803348494168574,3.7962202700265144,3.7962202700265144,0.9549162876457856,0.011474609375,13.279541973520747,0.9718323891267877,0.48591619456339386,0.9718323891267877,0.48591619456339386
1,C+S,10,-2.0,0.36,True,q3_evidence_cs_penalty,PCS raw,pcs_raw,2,C+S,3.970391608345835,0.18439073082582041,3.7860008775200145,3.7860008775200145,0.9539023172935449,0.01153564453125,13.223508821858886,0.9692162246451237,0.48460811232256185,0.9692162246451237,0.48460811232256185
1,C+S,10,0.0,0.0,False,q3_evidence_cs_penalty,Uniform raw,uniform_raw,2,C+S,4.0,0.3236619698639909,3.676338030136009,3.676338030136009,0.9190845075340023,0.020965576171875,12.801476550902816,0.9411425357148183,0.47057126785740916,0.9411425357148183,0.47057126785740916
1,C+S,10,0.0,0.12,True,q3_evidence_cs_penalty,PCS raw,pcs_raw,2,C+S,3.996679855921233,0.2842312560790269,3.7124485998422063,3.7124485998422063,0.9289421859802434,0.0177459716796875,12.806980450943954,0.9503868415596047,0.47519342077980237,0.9503868415596047,0.47519342077980237
1,C+S,10,0.0,0.16,True,q3_evidence_cs_penalty,PCS raw,pcs_raw,2,C+S,3.9941028013225788,0.2976307190681542,3.6964720822544246,3.6964720822544246,0.9255923202329615,0.0183258056640625,12.69630300981553,0.9462968530571327,0.47314842652856637,0.9462968530571327,0.47314842652856637
1,C+S,10,0.0,0.2,True,q3_evidence_cs_penalty,PCS raw,pcs_raw,2,C+S,3.990796214317659,0.2644473949961824,3.726348819321477,3.726348819321477,0.9338881512509545,0.0167388916015625,12.837610501645123,0.9539452977462981,0.47697264887314905,0.9539452977462981,0.47697264887314905
1,C+S,10,0.0,0.24,True,q3_evidence_cs_penalty,PCS raw,pcs_raw,2,C+S,3.9867651399345525,0.2741433313050399,3.7126218086295126,3.7126218086295126,0.93146416717374,0.0172271728515625,12.725345877195146,0.9504311830091552,0.4752155915045776,0.9504311830091552,0.4752155915045776
1,C+S,10,0.0,0.28,True,q3_evidence_cs_penalty,PCS raw,pcs_raw,2,C+S,3.982015709386646,0.2763701997197275,3.7056455096669185,3.7056455096669185,0.9309074500700681,0.017303466796875,12.668845810414066,0.9486452504747311,0.47432262523736557,0.9486452504747311,0.47432262523736557
1,C+S,10,0.0,0.32,True,q3_evidence_cs_penalty,PCS raw,pcs_raw,2,C+S,3.976555119443372,0.2634046968913193,3.7131504225520526,3.7131504225520526,0.9341488257771702,0.0163421630859375,12.6746454791463,0.9505665081733254,0.4752832540866627,0.9505665081733254,0.4752832540866627
1,C+S,10,0.0,0.36,True,q3_evidence_cs_penalty,PCS raw,pcs_raw,2,C+S,3.970391608345835,0.2485058339254669,3.721885774420368,3.721885774420368,0.9378735415186332,0.0157012939453125,12.728462860965301,0.9528027582516142,0.4764013791258071,0.9528027582516142,0.4764013791258071
1,C+S,10,2.0,0.0,False,q3_evidence_cs_penalty,Uniform raw,uniform_raw,2,C+S,4.0,0.5350589985401915,3.4649410014598088,3.4649410014598088,0.8662352503649522,0.0342559814453125,11.75242880285256,0.887024896373711,0.4435124481868555,0.887024896373711,0.4435124481868555
1,C+S,10,2.0,0.12,True,q3_evidence_cs_penalty,PCS raw,pcs_raw,2,C+S,3.996679855921233,0.5199138848072001,3.4767659711140326,3.4767659711140326,0.8700215287981999,0.0319976806640625,11.602742404690872,0.8900520886051924,0.4450260443025962,0.8900520886051924,0.4450260443025962
1,C+S,10,2.0,0.16,True,q3_evidence_cs_penalty,PCS raw,pcs_raw,2,C+S,3.9941028013225788,0.4970480247825617,3.497054776540017,3.497054776540017,0.8757379938043596,0.0303497314453125,11.651818554875813,0.8952460227942444,0.4476230113971222,0.8952460227942444,0.4476230113971222
1,C+S,10,2.0,0.2,True,q3_evidence_cs_penalty,PCS raw,pcs_raw,2,C+S,3.990796214317659,0.5230528425863222,3.467743371731337,3.467743371731337,0.8692367893534194,0.031463623046875,11.45568473136406,0.8877423031632223,0.44387115158161117,0.8877423031632223,0.44387115158161117
1,C+S,10,2.0,0.24,True,q3_evidence_cs_penalty,PCS raw,pcs_raw,2,C+S,3.9867651399345525,0.5082804179649617,3.4784847219695907,3.4784847219695907,0.8729298955087595,0.0312652587890625,11.524635828711205,0.8904920888242152,0.4452460444121076,0.8904920888242152,0.4452460444121076
1,C+S,10,2.0,0.28,True,q3_evidence_cs_penalty,PCS raw,pcs_raw,2,C+S,3.982015709386646,0.5015067994282159,3.4805089099584303,3.4805089099584303,0.8746233001429461,0.0308837890625,11.466593794407814,0.8910102809493582,0.4455051404746791,0.8910102809493582,0.4455051404746791
1,C+S,10,2.0,0.32,True,q3_evidence_cs_penalty,PCS raw,pcs_raw,2,C+S,3.976555119443372,0.5051603666877944,3.4713947527555775,3.4713947527555775,0.8737099083280514,0.0307159423828125,11.4194281905532,0.8886770567054278,0.4443385283527139,0.8886770567054278,0.4443385283527139
1,C+S,10,2.0,0.36,True,q3_evidence_cs_penalty,PCS raw,pcs_raw,2,C+S,3.970391608345835,0.48289422660862635,3.4874973817372084,3.4874973817372084,0.8792764433478434,0.028839111328125,11.472967085445857,0.8927993297247253,0.44639966486236266,0.8927993297247253,0.44639966486236266
1,C+S,10,4.0,0.0,False,q3_evidence_cs_penalty,Uniform raw,uniform_raw,2,C+S,4.0,1.1164648903057937,2.8835351096942063,2.8835351096942063,0.7208837774235516,0.0726165771484375,9.30821917162598,0.7381849880817168,0.3690924940408584,0.7381849880817168,0.3690924940408584
1,C+S,10,4.0,0.12,True,q3_evidence_cs_penalty,PCS raw,pcs_raw,2,C+S,3.996679855921233,1.092236740252326,2.9044431156689066,2.9044431156689066,0.7269408149369184,0.0687255859375,9.298222098043823,0.74353743761124,0.37176871880562,0.74353743761124,0.37176871880562
1,C+S,10,4.0,0.16,True,q3_evidence_cs_penalty,PCS raw,pcs_raw,2,C+S,3.9941028013225788,1.0586157302119688,2.93548707111061,2.93548707111061,0.7353460674470078,0.067413330078125,9.420106423704727,0.7514846902043162,0.3757423451021581,0.7514846902043162,0.3757423451021581
1,C+S,10,4.0,0.2,True,q3_evidence_cs_penalty,PCS raw,pcs_raw,2,C+S,3.990796214317659,1.0609814742320827,2.9298147400855763,2.9298147400855763,0.7347546314419793,0.0671844482421875,9.31972225812391,0.7500325734619075,0.3750162867309538,0.7500325734619075,0.3750162867309538
1,C+S,10,4.0,0.24,True,q3_evidence_cs_penalty,PCS raw,pcs_raw,2,C+S,3.9867651399345525,1.0909500304816766,2.895815109452876,2.895815109452876,0.727262492379581,0.0682220458984375,9.11673945381857,0.7413286680199362,0.3706643340099681,0.7413286680199362,0.3706643340099681
1,C+S,10,4.0,0.28,True,q3_evidence_cs_penalty,PCS raw,pcs_raw,2,C+S,3.982015709386646,1.0932940237819917,2.8887216856046543,2.8887216856046543,0.7266764940545021,0.0681304931640625,9.04391147650917,0.7395127515147915,0.3697563757573957,0.7395127515147915,0.3697563757573957
1,C+S,10,4.0,0.32,True,q3_evidence_cs_penalty,PCS raw,pcs_raw,2,C+S,3.976555119443372,1.099457070877957,2.877098048565415,2.877098048565415,0.7251357322805108,0.0681915283203125,8.975158635702384,0.7365371004327462,0.3682685502163731,0.7365371004327462,0.3682685502163731
1,C+S,10,4.0,0.36,True,q3_evidence_cs_penalty,PCS raw,pcs_raw,2,C+S,3.970391608345835,1.114033853984432,2.8563577543614027,2.8563577543614027,0.7214915365038919,0.068359375,8.879346281681153,0.7312275851165191,0.36561379255825954,0.7312275851165191,0.36561379255825954
1,C+S,10,6.0,0.0,False,q3_evidence_cs_penalty,Uniform raw,uniform_raw,2,C+S,4.0,2.01339002062901,1.98660997937099,1.98660997937099,0.4966524948427475,0.1523590087890625,6.2500983139317245,0.5085721547189734,0.2542860773594867,0.5085721547189734,0.2542860773594867
1,C+S,10,6.0,0.12,True,q3_evidence_cs_penalty,PCS raw,pcs_raw,2,C+S,3.996679855921233,2.091427159448494,1.905252696472739,1.905252696472739,0.47714321013787653,0.1566162109375,5.877075712100201,0.48774469029702117,0.24387234514851058,0.48774469029702117,0.24387234514851058
1,C+S,10,6.0,0.16,True,q3_evidence_cs_penalty,PCS raw,pcs_raw,2,C+S,3.9941028013225788,2.123066998301659,1.8710358030209198,1.8710358030209198,0.46923325042458525,0.1583404541015625,5.732683314758547,0.47898516557335546,0.23949258278667773,0.47898516557335546,0.23949258278667773
1,C+S,10,6.0,0.2,True,q3_evidence_cs_penalty,PCS raw,pcs_raw,2,C+S,3.990796214317659,2.097104362446494,1.8936918518711654,1.8936918518711654,0.47572390938837655,0.154052734375,5.722038325437245,0.48478511407901836,0.24239255703950918,0.48478511407901836,0.24239255703950918
1,C+S,10,6.0,0.24,True,q3_evidence_cs_penalty,PCS raw,pcs_raw,2,C+S,3.9867651399345525,2.1191236240301974,1.8676415159043551,1.8676415159043551,0.47021909399245065,0.1552734375,5.662112605588631,0.4781162280715149,0.23905811403575744,0.4781162280715149,0.23905811403575744
1,C+S,10,6.0,0.28,True,q3_evidence_cs_penalty,PCS raw,pcs_raw,2,C+S,3.982015709386646,2.0964270461597465,1.8855886632268994,1.8855886632268994,0.4758932384600634,0.1516571044921875,5.701478822507632,0.4827106977860862,0.2413553488930431,0.4827106977860862,0.2413553488930431
1,C+S,10,6.0,0.32,True,q3_evidence_cs_penalty,PCS raw,pcs_raw,2,C+S,3.976555119443372,2.141785294995586,1.8347698244477864,1.8347698244477864,0.4645536762511036,0.15484619140625,5.516512148692698,0.46970107505863334,0.23485053752931667,0.46970107505863334,0.23485053752931667
1,C+S,10,6.0,0.36,True,q3_evidence_cs_penalty,PCS raw,pcs_raw,2,C+S,3.970391608345835,2.13577396081667,1.8346176475291645,1.8346176475291645,0.4660565097958324,0.1516876220703125,5.521401698107272,0.46966211776746614,0.23483105888373307,0.46966211776746614,0.23483105888373307
1,C+S,12,-2.0,0.0,False,q3_evidence_cs_penalty,Uniform raw,uniform_raw,2,C+S,4.0,0.2789107968957511,3.721089203104249,3.721089203104249,0.9302723007760623,0.01824951171875,13.069793092151045,0.9525988359946876,0.4762994179973438,0.9525988359946876,0.4762994179973438
1,C+S,12,-2.0,0.12,True,q3_evidence_cs_penalty,PCS raw,pcs_raw,2,C+S,3.996679855921233,0.24197553345204387,3.7547043224691894,3.7547043224691894,0.9395061166369891,0.015411376953125,13.089068751487531,0.9612043065521124,0.4806021532760562,0.9612043065521124,0.4806021532760562
1,C+S,12,-2.0,0.16,True,q3_evidence_cs_penalty,PCS raw,pcs_raw,2,C+S,3.9941028013225788,0.2281837134861071,3.7659190878364717,3.7659190878364717,0.9429540716284732,0.014923095703125,13.083378992991825,0.9640752864861368,0.4820376432430684,0.9640752864861368,0.4820376432430684
1,C+S,12,-2.0,0.2,True,q3_evidence_cs_penalty,PCS raw,pcs_raw,2,C+S,3.990796214317659,0.23301273393288024,3.757783480384779,3.757783480384779,0.9417468165167799,0.015045166015625,13.038670802666676,0.9619925709785033,0.48099628548925166,0.9619925709785033,0.48099628548925166
1,C+S,12,-2.0,0.24,True,q3_evidence_cs_penalty,PCS raw,pcs_raw,2,C+S,3.9867651399345525,0.23138049787852055,3.7553846420560317,3.7553846420560317,0.9421548755303698,0.0146484375,13.021432514509854,0.9613784683663441,0.48068923418317205,0.9613784683663441,0.48068923418317205
1,C+S,12,-2.0,0.28,True,q3_evidence_cs_penalty,PCS raw,pcs_raw,2,C+S,3.982015709386646,0.22399800261209735,3.758017706774549,3.758017706774549,0.9440004993469757,0.0142059326171875,13.002509487247657,0.9620525329342844,0.4810262664671422,0.9620525329342844,0.4810262664671422
1,C+S,12,-2.0,0.32,True,q3_evidence_cs_penalty,PCS raw,pcs_raw,2,C+S,3.976555119443372,0.2160322884159973,3.760522831027375,3.760522831027375,0.9459919278960007,0.01409912109375,13.01098731472311,0.9626938447430079,0.48134692237150395,0.9626938447430079,0.48134692237150395
1,C+S,12,-2.0,0.36,True,q3_evidence_cs_penalty,PCS raw,pcs_raw,2,C+S,3.970391608345835,0.21292332276743092,3.757468285578404,3.757468285578404,0.9467691693081423,0.013671875,12.969716243431069,0.9619118811080714,0.4809559405540357,0.9619118811080714,0.4809559405540357
1,C+S,12,0.0,0.0,False,q3_evidence_cs_penalty,Uniform raw,uniform_raw,2,C+S,4.0,0.40703982858275023,3.59296017141725,3.59296017141725,0.8982400428543125,0.0260467529296875,12.33791878059275,0.919797803882816,0.459898901941408,0.919797803882816,0.459898901941408
1,C+S,12,0.0,0.12,True,q3_evidence_cs_penalty,PCS raw,pcs_raw,2,C+S,3.996679855921233,0.38938542729602227,3.6072944286252104,3.6072944286252104,0.9026536431759944,0.0242767333984375,12.231134477685828,0.923467373728054,0.461733686864027,0.923467373728054,0.461733686864027
1,C+S,12,0.0,0.16,True,q3_evidence_cs_penalty,PCS raw,pcs_raw,2,C+S,3.9941028013225788,0.379986816929624,3.6141159843929547,3.6141159843929547,0.905003295767594,0.0230255126953125,12.206950522827304,0.9252136920045964,0.4626068460022982,0.9252136920045964,0.4626068460022982
1,C+S,12,0.0,0.2,True,q3_evidence_cs_penalty,PCS raw,pcs_raw,2,C+S,3.990796214317659,0.36483235901566813,3.625963855301991,3.625963855301991,0.908791910246083,0.0226287841796875,12.28150422599913,0.9282467469573097,0.46412337347865484,0.9282467469573097,0.46412337347865484
1,C+S,12,0.0,0.24,True,q3_evidence_cs_penalty,PCS raw,pcs_raw,2,C+S,3.9867651399345525,0.3603264369306065,3.626438703003946,3.626438703003946,0.9099183907673484,0.022125244140625,12.21336975015592,0.9283683079690102,0.4641841539845051,0.9283683079690102,0.4641841539845051
1,C+S,12,0.0,0.28,True,q3_evidence_cs_penalty,PCS raw,pcs_raw,2,C+S,3.982015709386646,0.34612229984032417,3.6358934095463216,3.6358934095463216,0.9134694250399189,0.021484375,12.267063471304056,0.9307887128438583,0.46539435642192917,0.9307887128438583,0.46539435642192917
1,C+S,12,0.0,0.32,True,q3_evidence_cs_penalty,PCS raw,pcs_raw,2,C+S,3.976555119443372,0.33351583400929125,3.6430392854340807,3.6430392854340807,0.9166210414976772,0.0206756591796875,12.224321679238958,0.9326180570711247,0.46630902853556233,0.9326180570711247,0.46630902853556233
1,C+S,12,0.0,0.36,True,q3_evidence_cs_penalty,PCS raw,pcs_raw,2,C+S,3.970391608345835,0.34616909715064553,3.624222511195189,3.624222511195189,0.9134577257123386,0.021270751953125,12.159689802757677,0.9278009628659685,0.46390048143298424,0.9278009628659685,0.46390048143298424
1,C+S,12,2.0,0.0,False,q3_evidence_cs_penalty,Uniform raw,uniform_raw,2,C+S,4.0,0.7568467523242353,3.2431532476757647,3.2431532476757647,0.8107883119189412,0.0478668212890625,10.784054403082722,0.8302472314049958,0.4151236157024979,0.8302472314049958,0.4151236157024979
1,C+S,12,2.0,0.12,True,q3_evidence_cs_penalty,PCS raw,pcs_raw,2,C+S,3.996679855921233,0.7274910320426702,3.269188823878563,3.269188823878563,0.8181272419893325,0.0448455810546875,10.667606869833282,0.8369123389129121,0.41845616945645603,0.8369123389129121,0.41845616945645603
1,C+S,12,2.0,0.16,True,q3_evidence_cs_penalty,PCS raw,pcs_raw,2,C+S,3.9941028013225788,0.7417665420677758,3.252336259254803,3.252336259254803,0.8145583644830561,0.0451507568359375,10.58586696414301,0.8325980823692295,0.41629904118461475,0.8325980823692295,0.41629904118461475
1,C+S,12,2.0,0.2,True,q3_evidence_cs_penalty,PCS raw,pcs_raw,2,C+S,3.990796214317659,0.7474166219060148,3.243379592411644,3.243379592411644,0.8131458445234963,0.045623779296875,10.542403105200588,0.8303051756573809,0.41515258782869047,0.8303051756573809,0.41515258782869047
1,C+S,12,2.0,0.24,True,q3_evidence_cs_penalty,PCS raw,pcs_raw,2,C+S,3.9867651399345525,0.7151001612236315,3.271664978710921,3.271664978710921,0.8212249596940921,0.0439453125,10.570148570821173,0.8375462345499958,0.4187731172749979,0.8375462345499958,0.4187731172749979
1,C+S,12,2.0,0.28,True,q3_evidence_cs_penalty,PCS raw,pcs_raw,2,C+S,3.982015709386646,0.7333539011945964,3.2486618081920495,3.2486618081920495,0.8166615247013509,0.0433349609375,10.512837815297452,0.8316574228971647,0.41582871144858236,0.8316574228971647,0.41582871144858236
1,C+S,12,2.0,0.32,True,q3_evidence_cs_penalty,PCS raw,pcs_raw,2,C+S,3.976555119443372,0.7163730576913176,3.2601820617520545,3.2601820617520545,0.8209067355771706,0.043365478515625,10.474730381383104,0.8346066078085259,0.41730330390426296,0.8346066078085259,0.41730330390426296
1,C+S,12,2.0,0.36,True,q3_evidence_cs_penalty,PCS raw,pcs_raw,2,C+S,3.970391608345835,0.719501723596625,3.25088988474921,3.25088988474921,0.8201245691008437,0.0436248779296875,10.426763229042905,0.8322278104957977,0.4161139052478989,0.8322278104957977,0.4161139052478989
1,C+S,12,4.0,0.0,False,q3_evidence_cs_penalty,Uniform raw,uniform_raw,2,C+S,4.0,1.4999390216837556,2.5000609783162444,2.5000609783162444,0.6250152445790611,0.102813720703125,7.976281012342108,0.6400156104489587,0.32000780522447936,0.6400156104489587,0.32000780522447936
1,C+S,12,4.0,0.12,True,q3_evidence_cs_penalty,PCS raw,pcs_raw,2,C+S,3.996679855921233,1.482655229250018,2.514024626671215,2.514024626671215,0.6293361926874955,0.099029541015625,7.885636384737793,0.643590304427831,0.3217951522139155,0.643590304427831,0.3217951522139155
1,C+S,12,4.0,0.16,True,q3_evidence_cs_penalty,PCS raw,pcs_raw,2,C+S,3.9941028013225788,1.507431909655403,2.486670891667176,2.486670891667176,0.6231420225861493,0.1017303466796875,7.718332423958232,0.636587748266797,0.3182938741333985,0.636587748266797,0.3182938741333985
1,C+S,12,4.0,0.2,True,q3_evidence_cs_penalty,PCS raw,pcs_raw,2,C+S,3.990796214317659,1.494805014339923,2.4959911999777358,2.4959911999777358,0.6262987464150191,0.099395751953125,7.7264191119673855,0.6389737471943004,0.3194868735971502,0.6389737471943004,0.3194868735971502
1,C+S,12,4.0,0.24,True,q3_evidence_cs_penalty,PCS raw,pcs_raw,2,C+S,3.9867651399345525,1.519342572930694,2.4674225670038585,2.4674225670038585,0.6201643567673265,0.0987701416015625,7.585137207126872,0.6316601771529877,0.31583008857649386,0.6316601771529877,0.31583008857649386
1,C+S,12,4.0,0.28,True,q3_evidence_cs_penalty,PCS raw,pcs_raw,2,C+S,3.982015709386646,1.4953286568545834,2.4866870525320626,2.4866870525320626,0.6261678357863542,0.0977020263671875,7.6220153085873985,0.636591885448208,0.318295942724104,0.636591885448208,0.318295942724104
1,C+S,12,4.0,0.32,True,q3_evidence_cs_penalty,PCS raw,pcs_raw,2,C+S,3.976555119443372,1.4926728113560341,2.4838823080873382,2.4838823080873382,0.6268317971609916,0.0985107421875,7.628747122942775,0.6358738708703586,0.3179369354351793,0.6358738708703586,0.3179369354351793
1,C+S,12,4.0,0.36,True,q3_evidence_cs_penalty,PCS raw,pcs_raw,2,C+S,3.970391608345835,1.5091777151674828,2.461213893178352,2.461213893178352,0.6227055712081293,0.097259521484375,7.532487577784856,0.6300707566536581,0.31503537832682904,0.6300707566536581,0.31503537832682904
1,C+S,12,6.0,0.0,False,q3_evidence_cs_penalty,Uniform raw,uniform_raw,2,C+S,4.0,2.6401941752010094,1.3598058247989904,1.3598058247989904,0.3399514561997476,0.217132568359375,4.262701300879375,0.34811029114854153,0.17405514557427076,0.34811029114854153,0.17405514557427076
1,C+S,12,6.0,0.12,True,q3_evidence_cs_penalty,PCS raw,pcs_raw,2,C+S,3.996679855921233,2.6724048482071545,1.3242750077140786,1.3242750077140786,0.3318987879482114,0.21533203125,4.141984229669671,0.33901440197480415,0.16950720098740207,0.33901440197480415,0.16950720098740207
1,C+S,12,6.0,0.16,True,q3_evidence_cs_penalty,PCS raw,pcs_raw,2,C+S,3.9941028013225788,2.682235625512191,1.311867175810388,1.311867175810388,0.3294410936219523,0.2141265869140625,4.066125170555096,0.3358379970074593,0.16791899850372966,0.3358379970074593,0.16791899850372966
1,C+S,12,6.0,0.2,True,q3_evidence_cs_penalty,PCS raw,pcs_raw,2,C+S,3.990796214317659,2.686118082425293,1.3046781318923666,1.3046781318923666,0.32847047939367685,0.213104248046875,3.9978380660567483,0.3339976017644458,0.1669988008822229,0.3339976017644458,0.1669988008822229
1,C+S,12,6.0,0.24,True,q3_evidence_cs_penalty,PCS raw,pcs_raw,2,C+S,3.9867651399345525,2.7506205745663275,1.2361445653682253,1.2361445653682253,0.3123448563584182,0.2174072265625,3.816617292518904,0.3164530087342657,0.15822650436713284,0.3164530087342657,0.15822650436713284
1,C+S,12,6.0,0.28,True,q3_evidence_cs_penalty,PCS raw,pcs_raw,2,C+S,3.982015709386646,2.7145634881629386,1.2674522212237076,1.2674522212237076,0.3213591279592654,0.2119903564453125,3.913411150263837,0.32446776863326915,0.16223388431663457,0.32446776863326915,0.16223388431663457
1,C+S,12,6.0,0.32,True,q3_evidence_cs_penalty,PCS raw,pcs_raw,2,C+S,3.976555119443372,2.722470050589442,1.25408506885393,1.25408506885393,0.3193824873526395,0.212371826171875,3.8295530951432575,0.3210457776266061,0.16052288881330304,0.3210457776266061,0.16052288881330304
1,C+S,12,6.0,0.36,True,q3_evidence_cs_penalty,PCS raw,pcs_raw,2,C+S,3.970391608345835,2.730168642392969,1.2402229659528659,1.2402229659528659,0.31745783940175776,0.2099151611328125,3.740677815039045,0.31749707928393367,0.15874853964196683,0.31749707928393367,0.15874853964196683
1,S,6,-2.0,0.0,False,q3_evidence,Uniform raw,uniform_raw,1,S,4.0,0.17800497613934868,3.8219950238606515,3.8219950238606515,0.9554987559651629,0.011077880859375,13.932732472212468,0.4892153630541634,0.4892153630541634,0.4892153630541634,0.4892153630541634
1,S,6,-2.0,0.12,True,q3_evidence,PCS raw,pcs_raw,1,S,3.996679855921233,0.13999070863569874,3.8566891472855342,3.8566891472855342,0.9650023228410753,0.0091552734375,14.032306621404466,0.4936562108525484,0.4936562108525484,0.4936562108525484,0.4936562108525484
1,S,6,-2.0,0.16,True,q3_evidence,PCS raw,pcs_raw,1,S,3.9941028013225788,0.15410525030508182,3.839997551017497,3.839997551017497,0.9614736874237295,0.010101318359375,13.888376609513923,0.49151968653023964,0.49151968653023964,0.49151968653023964,0.49151968653023964
1,S,6,-2.0,0.2,True,q3_evidence,PCS raw,pcs_raw,1,S,3.990796214317659,0.13423517995731313,3.8565610343603463,3.8565610343603463,0.9664412050106718,0.00885009765625,14.054957791102208,0.4936398123981243,0.4936398123981243,0.4936398123981243,0.4936398123981243
1,S,6,-2.0,0.24,True,q3_evidence,PCS raw,pcs_raw,1,S,3.9867651399345525,0.13361493315462558,3.853150206779927,3.853150206779927,0.9665962667113436,0.0087890625,13.986046977416052,0.4932032264678306,0.4932032264678306,0.4932032264678306,0.4932032264678306
1,S,6,-2.0,0.28,True,q3_evidence,PCS raw,pcs_raw,1,S,3.982015709386646,0.14354921636054457,3.838466493026101,3.838466493026101,0.9641126959098638,0.00872802734375,13.95140770668698,0.49132371110734097,0.49132371110734097,0.49132371110734097,0.49132371110734097
1,S,6,-2.0,0.32,True,q3_evidence,PCS raw,pcs_raw,1,S,3.976555119443372,0.15105256868334418,3.8255025507600275,3.8255025507600275,0.9622368578291639,0.0101318359375,13.91006984149155,0.48966432649728353,0.48966432649728353,0.48966432649728353,0.48966432649728353
1,S,6,-2.0,0.36,True,q3_evidence,PCS raw,pcs_raw,1,S,3.970391608345835,0.12044498379132623,3.8499466245545086,3.8499466245545086,0.9698887540521685,0.00750732421875,13.888480326477291,0.4927931679429771,0.4927931679429771,0.4927931679429771,0.4927931679429771
1,S,6,0.0,0.0,False,q3_evidence,Uniform raw,uniform_raw,1,S,4.0,0.1837391825415721,3.816260817458428,3.816260817458428,0.954065204364607,0.01190185546875,13.949466046457133,0.4884813846346788,0.4884813846346788,0.4884813846346788,0.4884813846346788
1,S,6,0.0,0.12,True,q3_evidence,PCS raw,pcs_raw,1,S,3.996679855921233,0.19899814495840462,3.797681710962828,3.797681710962828,0.9502504637603988,0.01318359375,13.765475275049555,0.486103259003242,0.486103259003242,0.486103259003242,0.486103259003242
1,S,6,0.0,0.16,True,q3_evidence,PCS raw,pcs_raw,1,S,3.9941028013225788,0.15910777007872653,3.834995031243852,3.834995031243852,0.9602230574803183,0.00982666015625,13.764296995880748,0.49087936399921306,0.49087936399921306,0.49087936399921306,0.49087936399921306
1,S,6,0.0,0.2,True,q3_evidence,PCS raw,pcs_raw,1,S,3.990796214317659,0.16319516189462177,3.8276010524230375,3.8276010524230375,0.9592012095263446,0.009979248046875,13.789869744778835,0.4899329347101488,0.4899329347101488,0.4899329347101488,0.4899329347101488
1,S,6,0.0,0.24,True,q3_evidence,PCS raw,pcs_raw,1,S,3.9867651399345525,0.15435953904634914,3.8324056008882033,3.8324056008882033,0.9614101152384127,0.010223388671875,13.79378332536385,0.49054791691369,0.49054791691369,0.49054791691369,0.49054791691369
1,S,6,0.0,0.28,True,q3_evidence,PCS raw,pcs_raw,1,S,3.982015709386646,0.15139036287409302,3.830625346512553,3.830625346512553,0.9621524092814767,0.009521484375,13.824722692618451,0.49032004435360677,0.49032004435360677,0.49032004435360677,0.49032004435360677
1,S,6,0.0,0.32,True,q3_evidence,PCS raw,pcs_raw,1,S,3.976555119443372,0.14601087947153457,3.8305442399718372,3.8305442399718372,0.9634972801321163,0.00933837890625,13.755328088565763,0.49030966271639514,0.49030966271639514,0.49030966271639514,0.49030966271639514
1,S,6,0.0,0.36,True,q3_evidence,PCS raw,pcs_raw,1,S,3.970391608345835,0.14387419271550966,3.826517415630325,3.826517415630325,0.9640314518211226,0.0093994140625,13.793995132533247,0.48979422920068166,0.48979422920068166,0.48979422920068166,0.48979422920068166
1,S,6,2.0,0.0,False,q3_evidence,Uniform raw,uniform_raw,1,S,4.0,0.2295486664457376,3.7704513335542624,3.7704513335542624,0.9426128333885656,0.01397705078125,13.494348817211876,0.4826177706949456,0.4826177706949456,0.4826177706949456,0.4826177706949456
1,S,6,2.0,0.12,True,q3_evidence,PCS raw,pcs_raw,1,S,3.996679855921233,0.20493497654872628,3.791744879372507,3.791744879372507,0.9487662558628185,0.012603759765625,13.468106873756067,0.48534334455968087,0.48534334455968087,0.48534334455968087,0.48534334455968087
1,S,6,2.0,0.16,True,q3_evidence,PCS raw,pcs_raw,1,S,3.9941028013225788,0.20345849484210016,3.7906443064804787,3.7906443064804787,0.949135376289475,0.0128173828125,13.479288298876442,0.4852024712295013,0.4852024712295013,0.4852024712295013,0.4852024712295013
1,S,6,2.0,0.2,True,q3_evidence,PCS raw,pcs_raw,1,S,3.990796214317659,0.2057419580505549,3.785054256267104,3.785054256267104,0.9485645104873612,0.012603759765625,13.419275634861245,0.48448694480218935,0.48448694480218935,0.48448694480218935,0.48448694480218935
1,S,6,2.0,0.24,True,q3_evidence,PCS raw,pcs_raw,1,S,3.9867651399345525,0.17891676601518983,3.8078483739193625,3.8078483739193625,0.9552708084962025,0.011383056640625,13.562188736933997,0.4874045918616784,0.4874045918616784,0.4874045918616784,0.4874045918616784
1,S,6,2.0,0.28,True,q3_evidence,PCS raw,pcs_raw,1,S,3.982015709386646,0.17790267633141388,3.804113033055232,3.804113033055232,0.9555243309171465,0.011260986328125,13.49489485135881,0.4869264682310697,0.4869264682310697,0.4869264682310697,0.4869264682310697
1,S,6,2.0,0.32,True,q3_evidence,PCS raw,pcs_raw,1,S,3.976555119443372,0.17274134850889755,3.8038137709344744,3.8038137709344744,0.9568146628727756,0.011688232421875,13.49089474829962,0.4868881626796127,0.4868881626796127,0.4868881626796127,0.4868881626796127
1,S,6,2.0,0.36,True,q3_evidence,PCS raw,pcs_raw,1,S,3.970391608345835,0.17945486378522826,3.7909367445606064,3.7909367445606064,0.9551362840536929,0.01226806640625,13.469835670287553,0.4852399033037576,0.4852399033037576,0.4852399033037576,0.4852399033037576
1,S,6,4.0,0.0,False,q3_evidence,Uniform raw,uniform_raw,1,S,4.0,0.35981421168720196,3.640185788312798,3.640185788312798,0.9100464470781995,0.02288818359375,12.773165859774576,0.46594378090403815,0.46594378090403815,0.46594378090403815,0.46594378090403815
1,S,6,4.0,0.12,True,q3_evidence,PCS raw,pcs_raw,1,S,3.996679855921233,0.309108378340771,3.687571477580462,3.687571477580462,0.9227229054148073,0.02081298828125,12.795058504275369,0.4720091491302991,0.4720091491302991,0.4720091491302991,0.4720091491302991
1,S,6,4.0,0.16,True,q3_evidence,PCS raw,pcs_raw,1,S,3.9941028013225788,0.32079415214797113,3.673308649174608,3.673308649174608,0.9198014619630073,0.02093505859375,12.770673450717663,0.4701835070943498,0.4701835070943498,0.4701835070943498,0.4701835070943498
1,S,6,4.0,0.2,True,q3_evidence,PCS raw,pcs_raw,1,S,3.990796214317659,0.31165772859482155,3.6791384857228375,3.6791384857228375,0.9220855678512946,0.0196533203125,12.75270771623102,0.4709297261725232,0.4709297261725232,0.4709297261725232,0.4709297261725232
1,S,6,4.0,0.24,True,q3_evidence,PCS raw,pcs_raw,1,S,3.9867651399345525,0.28746097476421045,3.699304165170342,3.699304165170342,0.9281347563089474,0.0177001953125,12.773748469145374,0.47351093314180376,0.47351093314180376,0.47351093314180376,0.47351093314180376
1,S,6,4.0,0.28,True,q3_evidence,PCS raw,pcs_raw,1,S,3.982015709386646,0.28373244285396315,3.698283266532683,3.698283266532683,0.9290668892865093,0.01776123046875,12.683321254024051,0.4733802581161834,0.4733802581161834,0.4733802581161834,0.4733802581161834
1,S,6,4.0,0.32,True,q3_evidence,PCS raw,pcs_raw,1,S,3.976555119443372,0.2801488128036157,3.6964063066397563,3.6964063066397563,0.9299627967990961,0.0174560546875,12.674399186898802,0.4731400072498888,0.4731400072498888,0.4731400072498888,0.4731400072498888
1,S,6,4.0,0.36,True,q3_evidence,PCS raw,pcs_raw,1,S,3.970391608345835,0.2742945452602785,3.6960970630855563,3.6960970630855563,0.9314263636849304,0.01788330078125,12.7367296341981,0.47310042407495123,0.47310042407495123,0.47310042407495123,0.47310042407495123
1,S,6,6.0,0.0,False,q3_evidence,Uniform raw,uniform_raw,1,S,4.0,0.6379700214066579,3.362029978593342,3.362029978593342,0.8405074946483355,0.040191650390625,11.483031592547867,0.4303398372599478,0.4303398372599478,0.4303398372599478,0.4303398372599478
1,S,6,6.0,0.12,True,q3_evidence,PCS raw,pcs_raw,1,S,3.996679855921233,0.6081261298324842,3.3885537260887486,3.3885537260887486,0.8479684675418789,0.037628173828125,11.328129793702452,0.4337348769393598,0.4337348769393598,0.4337348769393598,0.4337348769393598
1,S,6,6.0,0.16,True,q3_evidence,PCS raw,pcs_raw,1,S,3.9941028013225788,0.5904804804550621,3.403622320867517,3.403622320867517,0.8523798798862345,0.036376953125,11.40831464534589,0.43566365707104215,0.43566365707104215,0.43566365707104215,0.43566365707104215
1,S,6,6.0,0.2,True,q3_evidence,PCS raw,pcs_raw,1,S,3.990796214317659,0.6262997062342418,3.3644965080834175,3.3644965080834175,0.8434250734414396,0.03900146484375,11.238456123082887,0.43065555303467745,0.43065555303467745,0.43065555303467745,0.43065555303467745
1,S,6,6.0,0.24,True,q3_evidence,PCS raw,pcs_raw,1,S,3.9867651399345525,0.5729648192274157,3.4138003207071366,3.4138003207071366,0.856758795193146,0.035797119140625,11.31901598399125,0.43696644105051347,0.43696644105051347,0.43696644105051347,0.43696644105051347
1,S,6,6.0,0.28,True,q3_evidence,PCS raw,pcs_raw,1,S,3.982015709386646,0.584112990752232,3.397902718634414,3.397902718634414,0.853971752311942,0.037384033203125,11.262533875961452,0.43493154798520495,0.43493154798520495,0.43493154798520495,0.43493154798520495
1,S,6,6.0,0.32,True,q3_evidence,PCS raw,pcs_raw,1,S,3.976555119443372,0.5856902531045802,3.3908648663387915,3.3908648663387915,0.8535774367238549,0.03533935546875,11.171375753893308,0.4340307028913653,0.4340307028913653,0.4340307028913653,0.4340307028913653
1,S,6,6.0,0.36,True,q3_evidence,PCS raw,pcs_raw,1,S,3.970391608345835,0.5913682182855544,3.37902339006028,3.37902339006028,0.8521579454286113,0.03668212890625,11.176684252049744,0.43251499392771586,0.43251499392771586,0.43251499392771586,0.43251499392771586
1,S,8,-2.0,0.0,False,q3_evidence,Uniform raw,uniform_raw,1,S,4.0,0.1802272829717482,3.819772717028252,3.819772717028252,0.954943179257063,0.01171875,13.972869837025964,0.48893090777961623,0.48893090777961623,0.48893090777961623,0.48893090777961623
1,S,8,-2.0,0.12,True,q3_evidence,PCS raw,pcs_raw,1,S,3.996679855921233,0.15719796838674122,3.839481887534492,3.839481887534492,0.9607005079033147,0.010528564453125,13.892911881051857,0.491453681604415,0.491453681604415,0.491453681604415,0.491453681604415
1,S,8,-2.0,0.16,True,q3_evidence,PCS raw,pcs_raw,1,S,3.9941028013225788,0.15571875727476087,3.838384044047818,3.838384044047818,0.9610703106813098,0.00970458984375,13.836312154469244,0.49131315763812067,0.49131315763812067,0.49131315763812067,0.49131315763812067
1,S,8,-2.0,0.2,True,q3_evidence,PCS raw,pcs_raw,1,S,3.990796214317659,0.15325771547124578,3.8375384988464134,3.8375384988464134,0.9616855711321886,0.0096435546875,13.80460075741565,0.49120492785234093,0.49120492785234093,0.49120492785234093,0.49120492785234093
1,S,8,-2.0,0.24,True,q3_evidence,PCS raw,pcs_raw,1,S,3.9867651399345525,0.16075115433557152,3.8260139855989808,3.8260139855989808,0.9598122114161071,0.009552001953125,13.740017797175781,0.48972979015666956,0.48972979015666956,0.48972979015666956,0.48972979015666956
1,S,8,-2.0,0.28,True,q3_evidence,PCS raw,pcs_raw,1,S,3.982015709386646,0.1497381753707956,3.8322775340158506,3.8322775340158506,0.9625654561573012,0.0091552734375,13.778279971337007,0.49053152435402886,0.49053152435402886,0.49053152435402886,0.49053152435402886
1,S,8,-2.0,0.32,True,q3_evidence,PCS raw,pcs_raw,1,S,3.976555119443372,0.1404146100758927,3.836140509367479,3.836140509367479,0.9648963474810268,0.009124755859375,13.765738967609504,0.49102598519903734,0.49102598519903734,0.49102598519903734,0.49102598519903734
1,S,8,-2.0,0.36,True,q3_evidence,PCS raw,pcs_raw,1,S,3.970391608345835,0.15078644419087625,3.8196051641549587,3.8196051641549587,0.962303388952281,0.0106201171875,13.769145860018465,0.4889094610118347,0.4889094610118347,0.4889094610118347,0.4889094610118347
1,S,8,0.0,0.0,False,q3_evidence,Uniform raw,uniform_raw,1,S,4.0,0.22367199148121683,3.7763280085187834,3.7763280085187834,0.9440820021296958,0.014373779296875,13.581325239380426,0.4833699850904043,0.4833699850904043,0.4833699850904043,0.4833699850904043
1,S,8,0.0,0.12,True,q3_evidence,PCS raw,pcs_raw,1,S,3.996679855921233,0.19424736438344425,3.8024324915377887,3.8024324915377887,0.951438158904139,0.012451171875,13.533843709236352,0.486711358916837,0.486711358916837,0.486711358916837,0.486711358916837
1,S,8,0.0,0.16,True,q3_evidence,PCS raw,pcs_raw,1,S,3.9941028013225788,0.1995829306182612,3.7945198707043177,3.7945198707043177,0.9501042673454347,0.01361083984375,13.558905540856545,0.4856985434501527,0.4856985434501527,0.4856985434501527,0.4856985434501527
1,S,8,0.0,0.2,True,q3_evidence,PCS raw,pcs_raw,1,S,3.990796214317659,0.18951957364164096,3.801276640676018,3.801276640676018,0.9526201065895897,0.011871337890625,13.543593580804579,0.48656341000653036,0.48656341000653036,0.48656341000653036,0.48656341000653036
1,S,8,0.0,0.24,True,q3_evidence,PCS raw,pcs_raw,1,S,3.9867651399345525,0.1877083484438994,3.7990567914906532,3.7990567914906532,0.9530729128890252,0.012237548828125,13.48093801274701,0.48627926931080356,0.48627926931080356,0.48627926931080356,0.48627926931080356
1,S,8,0.0,0.28,True,q3_evidence,PCS raw,pcs_raw,1,S,3.982015709386646,0.17329423528995636,3.8087214740966897,3.8087214740966897,0.9566764411775109,0.0111083984375,13.603822392256165,0.48751634868437627,0.48751634868437627,0.48751634868437627,0.48751634868437627
1,S,8,0.0,0.32,True,q3_evidence,PCS raw,pcs_raw,1,S,3.976555119443372,0.17351115749355123,3.803043961949821,3.803043961949821,0.9566222106266122,0.01080322265625,13.558351304660807,0.4867896271295771,0.4867896271295771,0.4867896271295771,0.4867896271295771
1,S,8,0.0,0.36,True,q3_evidence,PCS raw,pcs_raw,1,S,3.970391608345835,0.17562185738270492,3.79476975096313,3.79476975096313,0.9560945356543238,0.011688232421875,13.470467005142549,0.48573052812328066,0.48573052812328066,0.48573052812328066,0.48573052812328066
1,S,8,2.0,0.0,False,q3_evidence,Uniform raw,uniform_raw,1,S,4.0,0.3024249993929419,3.697575000607058,3.697575000607058,0.9243937501517645,0.01904296875,13.030411137127016,0.47328960007770343,0.47328960007770343,0.47328960007770343,0.47328960007770343
1,S,8,2.0,0.12,True,q3_evidence,PCS raw,pcs_raw,1,S,3.996679855921233,0.28614447000006893,3.710535385921164,3.710535385921164,0.9284638824999828,0.01788330078125,13.0282798439227,0.474948529397909,0.474948529397909,0.474948529397909,0.474948529397909
1,S,8,2.0,0.16,True,q3_evidence,PCS raw,pcs_raw,1,S,3.9941028013225788,0.28206387516595854,3.7120389261566205,3.7120389261566205,0.9294840312085104,0.017791748046875,12.929848662099337,0.47514098254804743,0.47514098254804743,0.47514098254804743,0.47514098254804743
1,S,8,2.0,0.2,True,q3_evidence,PCS raw,pcs_raw,1,S,3.990796214317659,0.26207701919740556,3.7287191951202536,3.7287191951202536,0.9344807452006486,0.016998291015625,12.98332032162362,0.47727605697539244,0.47727605697539244,0.47727605697539244,0.47727605697539244
1,S,8,2.0,0.24,True,q3_evidence,PCS raw,pcs_raw,1,S,3.9867651399345525,0.26376009060383243,3.72300504933072,3.72300504933072,0.9340599773490419,0.016448974609375,12.989210720129265,0.47654464631433213,0.47654464631433213,0.47654464631433213,0.47654464631433213
1,S,8,2.0,0.28,True,q3_evidence,PCS raw,pcs_raw,1,S,3.982015709386646,0.26234553190205456,3.7196701774845913,3.7196701774845913,0.9344136170244863,0.0166015625,12.923714955337191,0.4761177827180277,0.4761177827180277,0.4761177827180277,0.4761177827180277
1,S,8,2.0,0.32,True,q3_evidence,PCS raw,pcs_raw,1,S,3.976555119443372,0.24514882876714328,3.7314062906762286,3.7314062906762286,0.9387127928082142,0.0162353515625,12.890375817737814,0.47762000520655723,0.47762000520655723,0.47762000520655723,0.47762000520655723
1,S,8,2.0,0.36,True,q3_evidence,PCS raw,pcs_raw,1,S,3.970391608345835,0.22975088061047305,3.7406407277353617,3.7406407277353617,0.9425622798473817,0.0150146484375,12.970950571589935,0.47880201315012627,0.47880201315012627,0.47880201315012627,0.47880201315012627
1,S,8,4.0,0.0,False,q3_evidence,Uniform raw,uniform_raw,1,S,4.0,0.5372201025907457,3.4627798974092543,3.4627798974092543,0.8656949743523136,0.033294677734375,11.891346032202497,0.44323582686838453,0.44323582686838453,0.44323582686838453,0.44323582686838453
1,S,8,4.0,0.12,True,q3_evidence,PCS raw,pcs_raw,1,S,3.996679855921233,0.5024490040718997,3.4942308518493332,3.4942308518493332,0.8743877489820251,0.031280517578125,11.81362809601725,0.44726154903671467,0.44726154903671467,0.44726154903671467,0.44726154903671467
1,S,8,4.0,0.16,True,q3_evidence,PCS raw,pcs_raw,1,S,3.9941028013225788,0.47712242820052964,3.516980373122049,3.516980373122049,0.8807193929498676,0.029571533203125,11.890190296347495,0.45017348775962224,0.45017348775962224,0.45017348775962224,0.45017348775962224
1,S,8,4.0,0.2,True,q3_evidence,PCS raw,pcs_raw,1,S,3.990796214317659,0.4954717255916469,3.495324488726012,3.495324488726012,0.8761320686020883,0.030670166015625,11.765848962758568,0.44740153455692955,0.44740153455692955,0.44740153455692955,0.44740153455692955
1,S,8,4.0,0.24,True,q3_evidence,PCS raw,pcs_raw,1,S,3.9867651399345525,0.493730075735868,3.4930350641986845,3.4930350641986845,0.876567481066033,0.0301513671875,11.732400477528335,0.44710848821743165,0.44710848821743165,0.44710848821743165,0.44710848821743165
1,S,8,4.0,0.28,True,q3_evidence,PCS raw,pcs_raw,1,S,3.982015709386646,0.49601773403500804,3.485997975351638,3.485997975351638,0.875995566491248,0.030364990234375,11.660075025240682,0.44620774084500964,0.44620774084500964,0.44620774084500964,0.44620774084500964
1,S,8,4.0,0.32,True,q3_evidence,PCS raw,pcs_raw,1,S,3.976555119443372,0.47623054749468224,3.5003245719486897,3.5003245719486897,0.8809423631263295,0.0289306640625,11.74318018801629,0.4480415452094323,0.4480415452094323,0.4480415452094323,0.4480415452094323
1,S,8,4.0,0.36,True,q3_evidence,PCS raw,pcs_raw,1,S,3.970391608345835,0.5028612106348507,3.467530397710984,3.467530397710984,0.8742846973412873,0.0311279296875,11.576965199265413,0.443843890907006,0.443843890907006,0.443843890907006,0.443843890907006
1,S,8,6.0,0.0,False,q3_evidence,Uniform raw,uniform_raw,1,S,4.0,1.0428818245994151,2.957118175400585,2.957118175400585,0.7392795438501463,0.068450927734375,9.835705117878199,0.3785111264512749,0.3785111264512749,0.3785111264512749,0.3785111264512749
1,S,8,6.0,0.12,True,q3_evidence,PCS raw,pcs_raw,1,S,3.996679855921233,1.0125098717654288,2.984169984155804,2.984169984155804,0.7468725320586428,0.0648193359375,9.85093696921939,0.38197375797194294,0.38197375797194294,0.38197375797194294,0.38197375797194294
1,S,8,6.0,0.16,True,q3_evidence,PCS raw,pcs_raw,1,S,3.9941028013225788,1.063205246481298,2.930897554841281,2.930897554841281,0.7341986883796755,0.0687255859375,9.625966191575648,0.37515488701968397,0.37515488701968397,0.37515488701968397,0.37515488701968397
1,S,8,6.0,0.2,True,q3_evidence,PCS raw,pcs_raw,1,S,3.990796214317659,1.061980906628435,2.9288153076892245,2.9288153076892245,0.7345047733428913,0.06878662109375,9.542288872251412,0.37488835938422077,0.37488835938422077,0.37488835938422077,0.37488835938422077
1,S,8,6.0,0.24,True,q3_evidence,PCS raw,pcs_raw,1,S,3.9867651399345525,1.058175468000218,2.9285896719343345,2.9285896719343345,0.7354561329999455,0.0693359375,9.470147593534081,0.3748594780075948,0.3748594780075948,0.3748594780075948,0.3748594780075948
1,S,8,6.0,0.28,True,q3_evidence,PCS raw,pcs_raw,1,S,3.982015709386646,1.0256466138444253,2.956369095542221,2.956369095542221,0.7435883465388937,0.066375732421875,9.537505536244169,0.37841524422940426,0.37841524422940426,0.37841524422940426,0.37841524422940426
1,S,8,6.0,0.32,True,q3_evidence,PCS raw,pcs_raw,1,S,3.976555119443372,1.0074458973508478,2.9691092220925244,2.9691092220925244,0.7481385256622881,0.064788818359375,9.578036954964249,0.38004598042784316,0.38004598042784316,0.38004598042784316,0.38004598042784316
1,S,8,6.0,0.36,True,q3_evidence,PCS raw,pcs_raw,1,S,3.970391608345835,1.0387267823082484,2.9316648260375864,2.9316648260375864,0.7403183044229379,0.066070556640625,9.413801831896873,0.375253097732811,0.375253097732811,0.375253097732811,0.375253097732811
1,S,10,-2.0,0.0,False,q3_evidence,Uniform raw,uniform_raw,1,S,4.0,0.22144146123748565,3.7785585387625145,3.7785585387625145,0.9446396346906286,0.01409912109375,13.663321381884481,0.4836554929616019,0.4836554929616019,0.4836554929616019,0.4836554929616019
1,S,10,-2.0,0.12,True,q3_evidence,PCS raw,pcs_raw,1,S,3.996679855921233,0.19065539331813375,3.8060244626030992,3.8060244626030992,0.9523361516704666,0.011810302734375,13.562176245789656,0.4871711312131967,0.4871711312131967,0.4871711312131967,0.4871711312131967
1,S,10,-2.0,0.16,True,q3_evidence,PCS raw,pcs_raw,1,S,3.9941028013225788,0.17571995854772204,3.8183828427748567,3.8183828427748567,0.9560700103630695,0.011444091796875,13.69598116159491,0.4887530038751816,0.4887530038751816,0.4887530038751816,0.4887530038751816
1,S,10,-2.0,0.2,True,q3_evidence,PCS raw,pcs_raw,1,S,3.990796214317659,0.18774728765707782,3.8030489266605816,3.8030489266605816,0.9530631780857306,0.0118408203125,13.583100139320711,0.4867902626125544,0.4867902626125544,0.4867902626125544,0.4867902626125544
1,S,10,-2.0,0.24,True,q3_evidence,PCS raw,pcs_raw,1,S,3.9867651399345525,0.18157581860115463,3.805189321333398,3.805189321333398,0.9546060453497114,0.011993408203125,13.638340056955345,0.48706423313067493,0.48706423313067493,0.48706423313067493,0.48706423313067493
1,S,10,-2.0,0.28,True,q3_evidence,PCS raw,pcs_raw,1,S,3.982015709386646,0.18947718752960235,3.7925385218570438,3.7925385218570438,0.9526307031175995,0.01220703125,13.53724712432587,0.4854449307977016,0.4854449307977016,0.4854449307977016,0.4854449307977016
1,S,10,-2.0,0.32,True,q3_evidence,PCS raw,pcs_raw,1,S,3.976555119443372,0.16221227100548413,3.814342848437888,3.814342848437888,0.959446932248629,0.010345458984375,13.568162072913951,0.48823588460004963,0.48823588460004963,0.48823588460004963,0.48823588460004963
1,S,10,-2.0,0.36,True,q3_evidence,PCS raw,pcs_raw,1,S,3.970391608345835,0.15823869821431275,3.812152910131522,3.812152910131522,0.9604403254464218,0.0103759765625,13.63468295500928,0.4879555724968348,0.4879555724968348,0.4879555724968348,0.4879555724968348
1,S,10,0.0,0.0,False,q3_evidence,Uniform raw,uniform_raw,1,S,4.0,0.26963844452577646,3.7303615554742233,3.7303615554742233,0.9325903888685558,0.017425537109375,13.270810954510289,0.4774862791007006,0.4774862791007006,0.4774862791007006,0.4774862791007006
1,S,10,0.0,0.12,True,q3_evidence,PCS raw,pcs_raw,1,S,3.996679855921233,0.2461397755148244,3.7505400804064086,3.7505400804064086,0.9384650561212939,0.015777587890625,13.231775337107665,0.4800691302920203,0.4800691302920203,0.4800691302920203,0.4800691302920203
1,S,10,0.0,0.16,True,q3_evidence,PCS raw,pcs_raw,1,S,3.9941028013225788,0.22927009665544226,3.7648327046671364,3.7648327046671364,0.9426824758361394,0.0147705078125,13.286072141555698,0.48189858619739345,0.48189858619739345,0.48189858619739345,0.48189858619739345
1,S,10,0.0,0.2,True,q3_evidence,PCS raw,pcs_raw,1,S,3.990796214317659,0.22344559519476206,3.767350619122897,3.767350619122897,0.9441386012013094,0.014862060546875,13.264381120016843,0.4822208792477308,0.4822208792477308,0.4822208792477308,0.4822208792477308
1,S,10,0.0,0.24,True,q3_evidence,PCS raw,pcs_raw,1,S,3.9867651399345525,0.21610281457958913,3.770662325354963,3.770662325354963,0.9459742963551027,0.0133056640625,13.28767204324327,0.4826447776454353,0.4826447776454353,0.4826447776454353,0.4826447776454353
1,S,10,0.0,0.28,True,q3_evidence,PCS raw,pcs_raw,1,S,3.982015709386646,0.21817175334555214,3.763843956041094,3.763843956041094,0.945457061663612,0.013641357421875,13.240013006617913,0.48177202637326,0.48177202637326,0.48177202637326,0.48177202637326
1,S,10,0.0,0.32,True,q3_evidence,PCS raw,pcs_raw,1,S,3.976555119443372,0.2043395253761379,3.772215594067234,3.772215594067234,0.9489151186559656,0.01251220703125,13.288366890493668,0.48284359604060595,0.48284359604060595,0.48284359604060595,0.48284359604060595
1,S,10,0.0,0.36,True,q3_evidence,PCS raw,pcs_raw,1,S,3.970391608345835,0.2232712277962157,3.747120380549619,3.747120380549619,0.9441821930509461,0.014251708984375,13.1258314339249,0.47963140871035126,0.47963140871035126,0.47963140871035126,0.47963140871035126
1,S,10,2.0,0.0,False,q3_evidence,Uniform raw,uniform_raw,1,S,4.0,0.40203546710324695,3.597964532896753,3.597964532896753,0.8994911332241883,0.02508544921875,12.53644547426292,0.4605394602107844,0.4605394602107844,0.4605394602107844,0.4605394602107844
1,S,10,2.0,0.12,True,q3_evidence,PCS raw,pcs_raw,1,S,3.996679855921233,0.3803290030285882,3.6163508528926447,3.6163508528926447,0.904917749242853,0.02301025390625,12.463441374088315,0.46289290917025855,0.46289290917025855,0.46289290917025855,0.46289290917025855
1,S,10,2.0,0.16,True,q3_evidence,PCS raw,pcs_raw,1,S,3.9941028013225788,0.40876787334572673,3.5853349279768523,3.5853349279768523,0.8978080316635684,0.0257568359375,12.30974396781816,0.4589228707810371,0.4589228707810371,0.4589228707810371,0.4589228707810371
1,S,10,2.0,0.2,True,q3_evidence,PCS raw,pcs_raw,1,S,3.990796214317659,0.3726185027252986,3.6181777115923603,3.6181777115923603,0.9068453743186753,0.0230712890625,12.379141534796211,0.4631267470838221,0.4631267470838221,0.4631267470838221,0.4631267470838221
1,S,10,2.0,0.24,True,q3_evidence,PCS raw,pcs_raw,1,S,3.9867651399345525,0.36258475916219834,3.624180380772354,3.624180380772354,0.9093538102094504,0.022552490234375,12.34825238807495,0.4638950887388613,0.4638950887388613,0.4638950887388613,0.4638950887388613
1,S,10,2.0,0.28,True,q3_evidence,PCS raw,pcs_raw,1,S,3.982015709386646,0.3487005297358524,3.6333151796507934,3.6333151796507934,0.9128248675660369,0.02142333984375,12.396404411950678,0.4650643429953016,0.4650643429953016,0.4650643429953016,0.4650643429953016
1,S,10,2.0,0.32,True,q3_evidence,PCS raw,pcs_raw,1,S,3.976555119443372,0.34965542207380773,3.626899697369564,3.626899697369564,0.9125861444815481,0.02215576171875,12.401546382355626,0.46424316126330417,0.46424316126330417,0.46424316126330417,0.46424316126330417
1,S,10,2.0,0.36,True,q3_evidence,PCS raw,pcs_raw,1,S,3.970391608345835,0.3678923119795711,3.602499296366264,3.602499296366264,0.9080269220051073,0.022918701171875,12.216317082994887,0.4611199099348818,0.4611199099348818,0.4611199099348818,0.4611199099348818
1,S,10,4.0,0.0,False,q3_evidence,Uniform raw,uniform_raw,1,S,4.0,0.7638997547178605,3.2361002452821395,3.2361002452821395,0.8090250613205349,0.048370361328125,10.862162011401411,0.4142208313961138,0.4142208313961138,0.4142208313961138,0.4142208313961138
1,S,10,4.0,0.12,True,q3_evidence,PCS raw,pcs_raw,1,S,3.996679855921233,0.7691282279910383,3.2275516279301946,3.2275516279301946,0.8077179430022404,0.04827880859375,10.8049407875299,0.4131266083750649,0.4131266083750649,0.4131266083750649,0.4131266083750649
1,S,10,4.0,0.16,True,q3_evidence,PCS raw,pcs_raw,1,S,3.9941028013225788,0.793132406026099,3.20097039529648,3.20097039529648,0.8017168984934753,0.050323486328125,10.661211121858047,0.4097242105979494,0.4097242105979494,0.4097242105979494,0.4097242105979494
1,S,10,4.0,0.2,True,q3_evidence,PCS raw,pcs_raw,1,S,3.990796214317659,0.7618771350232174,3.2289190792944416,3.2289190792944416,0.8095307162441956,0.048248291015625,10.709175860447303,0.41330164214968856,0.41330164214968856,0.41330164214968856,0.41330164214968856
1,S,10,4.0,0.24,True,q3_evidence,PCS raw,pcs_raw,1,S,3.9867651399345525,0.7649277629432755,3.221837376991277,3.221837376991277,0.8087680592641812,0.04644775390625,10.612773379681249,0.4123951842548835,0.4123951842548835,0.4123951842548835,0.4123951842548835
1,S,10,4.0,0.28,True,q3_evidence,PCS raw,pcs_raw,1,S,3.982015709386646,0.7690939966586762,3.2129217127279697,3.2129217127279697,0.8077265008353309,0.048828125,10.505630498974778,0.4112539792291801,0.4112539792291801,0.4112539792291801,0.4112539792291801
1,S,10,4.0,0.32,True,q3_evidence,PCS raw,pcs_raw,1,S,3.976555119443372,0.771806150774108,3.204748968669264,3.204748968669264,0.807048462306473,0.04730224609375,10.51721150060899,0.4102078679896658,0.4102078679896658,0.4102078679896658,0.4102078679896658
1,S,10,4.0,0.36,True,q3_evidence,PCS raw,pcs_raw,1,S,3.970391608345835,0.7738567519324466,3.196534856413388,3.196534856413388,0.8065358120168883,0.048187255859375,10.421287428401184,0.4091564616209136,0.4091564616209136,0.4091564616209136,0.4091564616209136
1,S,10,6.0,0.0,False,q3_evidence,Uniform raw,uniform_raw,1,S,4.0,1.5466030188659554,2.453396981134045,2.453396981134045,0.6133492452835112,0.1072998046875,8.126028781780231,0.3140348135851577,0.3140348135851577,0.3140348135851577,0.3140348135851577
1,S,10,6.0,0.12,True,q3_evidence,PCS raw,pcs_raw,1,S,3.996679855921233,1.5554474751601175,2.4412323807611154,2.4412323807611154,0.6111381312099706,0.1063232421875,7.971947509769882,0.3124777447374228,0.3124777447374228,0.3124777447374228,0.3124777447374228
1,S,10,6.0,0.16,True,q3_evidence,PCS raw,pcs_raw,1,S,3.9941028013225788,1.6064410591941383,2.3876617421284405,2.3876617421284405,0.5983897352014654,0.11114501953125,7.7284689715541255,0.3056207029924404,0.3056207029924404,0.3056207029924404,0.3056207029924404
1,S,10,6.0,0.2,True,q3_evidence,PCS raw,pcs_raw,1,S,3.990796214317659,1.565831037220661,2.424965177096998,2.424965177096998,0.6085422406948348,0.106597900390625,7.7844489197419815,0.3103955426684158,0.3103955426684158,0.3103955426684158,0.3103955426684158
1,S,10,6.0,0.24,True,q3_evidence,PCS raw,pcs_raw,1,S,3.9867651399345525,1.5809754304220804,2.4057897095124723,2.4057897095124723,0.60475614239448,0.10772705078125,7.729271924600268,0.3079410828175964,0.3079410828175964,0.3079410828175964,0.3079410828175964
1,S,10,6.0,0.28,True,q3_evidence,PCS raw,pcs_raw,1,S,3.982015709386646,1.59581401449232,2.386201694894326,2.386201694894326,0.60104649637692,0.10919189453125,7.571800683575058,0.3054338169464737,0.3054338169464737,0.3054338169464737,0.3054338169464737
1,S,10,6.0,0.32,True,q3_evidence,PCS raw,pcs_raw,1,S,3.976555119443372,1.5776505824962805,2.398904536947091,2.398904536947091,0.6055873543759298,0.10675048828125,7.662430695477337,0.3070597807292277,0.3070597807292277,0.3070597807292277,0.3070597807292277
1,S,10,6.0,0.36,True,q3_evidence,PCS raw,pcs_raw,1,S,3.970391608345835,1.5343535047433259,2.4360381036025087,2.4360381036025087,0.6164116238141685,0.102813720703125,7.6323849461887505,0.3118128772611211,0.3118128772611211,0.3118128772611211,0.3118128772611211
1,S,12,-2.0,0.0,False,q3_evidence,Uniform raw,uniform_raw,1,S,4.0,0.2438497724504,3.7561502275496,3.7561502275496,0.9390375568874,0.0155029296875,13.432012945519636,0.4807872291263488,0.4807872291263488,0.4807872291263488,0.4807872291263488
1,S,12,-2.0,0.12,True,q3_evidence,PCS raw,pcs_raw,1,S,3.996679855921233,0.20944357389032775,3.7872362820309053,3.7872362820309053,0.9476391065274181,0.012969970703125,13.478547471414231,0.4847662440999559,0.4847662440999559,0.4847662440999559,0.4847662440999559
1,S,12,-2.0,0.16,True,q3_evidence,PCS raw,pcs_raw,1,S,3.9941028013225788,0.2083383058604476,3.7857644954621312,3.7857644954621312,0.9479154235348881,0.013427734375,13.451878261211284,0.48457785541915277,0.48457785541915277,0.48457785541915277,0.48457785541915277
1,S,12,-2.0,0.2,True,q3_evidence,PCS raw,pcs_raw,1,S,3.990796214317659,0.22667039137781575,3.7641258229398433,3.7641258229398433,0.943332402155546,0.013397216796875,13.314480418441832,0.4818081053362999,0.4818081053362999,0.4818081053362999,0.4818081053362999
1,S,12,-2.0,0.24,True,q3_evidence,PCS raw,pcs_raw,1,S,3.9867651399345525,0.1906783610382539,3.7960867788962984,3.7960867788962984,0.9523304097404365,0.011962890625,13.448591553220373,0.4858991076987262,0.4858991076987262,0.4858991076987262,0.4858991076987262
1,S,12,-2.0,0.28,True,q3_evidence,PCS raw,pcs_raw,1,S,3.982015709386646,0.19279637893455348,3.7892193304520925,3.7892193304520925,0.9518009052663616,0.01312255859375,13.35881621855573,0.48502007429786786,0.48502007429786786,0.48502007429786786,0.48502007429786786
1,S,12,-2.0,0.32,True,q3_evidence,PCS raw,pcs_raw,1,S,3.976555119443372,0.19418555595785353,3.7823695634855183,3.7823695634855183,0.9514536110105366,0.012420654296875,13.360051571949645,0.48414330412614637,0.48414330412614637,0.48414330412614637,0.48414330412614637
1,S,12,-2.0,0.36,True,q3_evidence,PCS raw,pcs_raw,1,S,3.970391608345835,0.16601881374516722,3.804372794600668,3.804372794600668,0.9584952965637082,0.01104736328125,13.415598760297872,0.4869597177088855,0.4869597177088855,0.4869597177088855,0.4869597177088855
1,S,12,0.0,0.0,False,q3_evidence,Uniform raw,uniform_raw,1,S,4.0,0.3524175011767736,3.647582498823226,3.647582498823226,0.9118956247058065,0.022705078125,12.864137904100696,0.46689055984937294,0.46689055984937294,0.46689055984937294,0.46689055984937294
1,S,12,0.0,0.12,True,q3_evidence,PCS raw,pcs_raw,1,S,3.996679855921233,0.3180674595768739,3.678612396344359,3.678612396344359,0.9204831351057815,0.01953125,12.836625240277204,0.4708623867320779,0.4708623867320779,0.4708623867320779,0.4708623867320779
1,S,12,0.0,0.16,True,q3_evidence,PCS raw,pcs_raw,1,S,3.9941028013225788,0.28618448599153645,3.7079183153310424,3.7079183153310424,0.9284538785021159,0.01800537109375,12.909412702264461,0.4746135443623734,0.4746135443623734,0.4746135443623734,0.4746135443623734
1,S,12,0.0,0.2,True,q3_evidence,PCS raw,pcs_raw,1,S,3.990796214317659,0.31175843696033223,3.679037777357327,3.679037777357327,0.922060390759917,0.0198974609375,12.76829916045767,0.47091683550173785,0.47091683550173785,0.47091683550173785,0.47091683550173785
1,S,12,0.0,0.24,True,q3_evidence,PCS raw,pcs_raw,1,S,3.9867651399345525,0.2732434060391413,3.713521733895411,3.713521733895411,0.9316891484902147,0.01678466796875,12.876286592211105,0.4753307819386126,0.4753307819386126,0.4753307819386126,0.4753307819386126
1,S,12,0.0,0.28,True,q3_evidence,PCS raw,pcs_raw,1,S,3.982015709386646,0.2660392456143839,3.715976463772262,3.715976463772262,0.933490188596404,0.016326904296875,12.895590125897678,0.47564498736284955,0.47564498736284955,0.47564498736284955,0.47564498736284955
1,S,12,0.0,0.32,True,q3_evidence,PCS raw,pcs_raw,1,S,3.976555119443372,0.27869705105307396,3.697858068390298,3.697858068390298,0.9303257372367315,0.01812744140625,12.74360368565452,0.4733258327539581,0.4733258327539581,0.4733258327539581,0.4733258327539581
1,S,12,0.0,0.36,True,q3_evidence,PCS raw,pcs_raw,1,S,3.970391608345835,0.2642037176962962,3.7061878906495385,3.7061878906495385,0.9339490705759259,0.015960693359375,12.787152935180984,0.47439205000314094,0.47439205000314094,0.47439205000314094,0.47439205000314094
1,S,12,2.0,0.0,False,q3_evidence,Uniform raw,uniform_raw,1,S,4.0,0.5951752636884562,3.404824736311544,3.404824736311544,0.851206184077886,0.037841796875,11.67209398693185,0.4358175662478776,0.4358175662478776,0.4358175662478776,0.4358175662478776
1,S,12,2.0,0.12,True,q3_evidence,PCS raw,pcs_raw,1,S,3.996679855921233,0.5580908656719606,3.438588990249272,3.438588990249272,0.8604772835820098,0.0347900390625,11.622628544214251,0.44013939075190683,0.44013939075190683,0.44013939075190683,0.44013939075190683
1,S,12,2.0,0.16,True,q3_evidence,PCS raw,pcs_raw,1,S,3.9941028013225788,0.5489496044412332,3.4451531968813454,3.4451531968813454,0.8627625988896916,0.03375244140625,11.61147336522594,0.4409796092008122,0.4409796092008122,0.4409796092008122,0.4409796092008122
1,S,12,2.0,0.2,True,q3_evidence,PCS raw,pcs_raw,1,S,3.990796214317659,0.5636798440581431,3.427116370259516,3.427116370259516,0.8590800389854643,0.034393310546875,11.523506902606226,0.4386708953932181,0.4386708953932181,0.4386708953932181,0.4386708953932181
1,S,12,2.0,0.24,True,q3_evidence,PCS raw,pcs_raw,1,S,3.9867651399345525,0.543158646552786,3.4436064933817665,3.4436064933817665,0.8642103383618035,0.031768798828125,11.508511972459985,0.4407816311528661,0.4407816311528661,0.4407816311528661,0.4407816311528661
1,S,12,2.0,0.28,True,q3_evidence,PCS raw,pcs_raw,1,S,3.982015709386646,0.5208456683097922,3.461170041076854,3.461170041076854,0.869788582922552,0.031768798828125,11.539437762707422,0.4430297652578373,0.4430297652578373,0.4430297652578373,0.4430297652578373
1,S,12,2.0,0.32,True,q3_evidence,PCS raw,pcs_raw,1,S,3.976555119443372,0.4936485316208276,3.4829065878225443,3.4829065878225443,0.8765878670947931,0.03009033203125,11.632975116659068,0.44581204324128565,0.44581204324128565,0.44581204324128565,0.44581204324128565
1,S,12,2.0,0.36,True,q3_evidence,PCS raw,pcs_raw,1,S,3.970391608345835,0.5149768597140416,3.455414748631793,3.455414748631793,0.8712557850714896,0.031768798828125,11.489827425778657,0.4422930878248695,0.4422930878248695,0.4422930878248695,0.4422930878248695
1,S,12,4.0,0.0,False,q3_evidence,Uniform raw,uniform_raw,1,S,4.0,1.1307065634540119,2.869293436545988,2.869293436545988,0.717323359136497,0.072998046875,9.466726131926391,0.36726955987788645,0.36726955987788645,0.36726955987788645,0.36726955987788645
1,S,12,4.0,0.12,True,q3_evidence,PCS raw,pcs_raw,1,S,3.996679855921233,1.0923950584790534,2.9042847974421795,2.9042847974421795,0.7269012353802367,0.069671630859375,9.52809796732195,0.371748454072599,0.371748454072599,0.371748454072599,0.371748454072599
1,S,12,4.0,0.16,True,q3_evidence,PCS raw,pcs_raw,1,S,3.9941028013225788,1.105558211120549,2.88854459020203,2.88854459020203,0.7236104472198628,0.0709228515625,9.400187481070933,0.3697337075458598,0.3697337075458598,0.3697337075458598,0.3697337075458598
1,S,12,4.0,0.2,True,q3_evidence,PCS raw,pcs_raw,1,S,3.990796214317659,1.118246470587949,2.87254974372971,2.87254974372971,0.7204383823530127,0.07061767578125,9.353499641021315,0.3676863671974029,0.3676863671974029,0.3676863671974029,0.3676863671974029
1,S,12,4.0,0.24,True,q3_evidence,PCS raw,pcs_raw,1,S,3.9867651399345525,1.1142433990347023,2.8725217408998502,2.8725217408998502,0.7214391502413244,0.0697021484375,9.282566305813164,0.36768278283518085,0.36768278283518085,0.36768278283518085,0.36768278283518085
1,S,12,4.0,0.28,True,q3_evidence,PCS raw,pcs_raw,1,S,3.982015709386646,1.111947296743316,2.87006841264333,2.87006841264333,0.722013175814171,0.068695068359375,9.249967880951766,0.36736875681834624,0.36736875681834624,0.36736875681834624,0.36736875681834624
1,S,12,4.0,0.32,True,q3_evidence,PCS raw,pcs_raw,1,S,3.976555119443372,1.1465769016012777,2.8299782178420942,2.8299782178420942,0.7133557745996806,0.071075439453125,9.126407204822653,0.3622372118837881,0.3622372118837881,0.3622372118837881,0.3622372118837881
1,S,12,4.0,0.36,True,q3_evidence,PCS raw,pcs_raw,1,S,3.970391608345835,1.131549221652162,2.8388423866936727,2.8388423866936727,0.7171126945869595,0.069091796875,8.994193418592351,0.3633718254967901,0.3633718254967901,0.3633718254967901,0.3633718254967901
1,S,12,6.0,0.0,False,q3_evidence,Uniform raw,uniform_raw,1,S,4.0,2.0732037478406067,1.9267962521593933,1.9267962521593933,0.48169906303984833,0.1575927734375,6.29648356691604,0.24662992027640235,0.24662992027640235,0.24662992027640235,0.24662992027640235
1,S,12,6.0,0.12,True,q3_evidence,PCS raw,pcs_raw,1,S,3.996679855921233,2.13973522186501,1.856944634056223,1.856944634056223,0.46506619453374753,0.1595458984375,5.977984374226243,0.23768891315919655,0.23768891315919655,0.23768891315919655,0.23768891315919655
1,S,12,6.0,0.16,True,q3_evidence,PCS raw,pcs_raw,1,S,3.9941028013225788,2.164222796340199,1.8298800049823796,1.8298800049823796,0.4589443009149502,0.16180419921875,5.808352759653127,0.2342246406377446,0.2342246406377446,0.2342246406377446,0.2342246406377446
1,S,12,6.0,0.2,True,q3_evidence,PCS raw,pcs_raw,1,S,3.990796214317659,2.1676530873860997,1.8231431269315594,1.8231431269315594,0.45808672815347506,0.1593017578125,5.742981781612377,0.2333623202472396,0.2333623202472396,0.2333623202472396,0.2333623202472396
1,S,12,6.0,0.24,True,q3_evidence,PCS raw,pcs_raw,1,S,3.9867651399345525,2.132654120753314,1.8541110191812384,1.8541110191812384,0.4668364698116715,0.1583251953125,5.855324579043578,0.23732621045519853,0.23732621045519853,0.23732621045519853,0.23732621045519853
1,S,12,6.0,0.28,True,q3_evidence,PCS raw,pcs_raw,1,S,3.982015709386646,2.086566883826005,1.8954488255606408,1.8954488255606408,0.4783582790434987,0.15240478515625,6.004679411435846,0.24261744967176202,0.24261744967176202,0.24261744967176202,0.24261744967176202
1,S,12,6.0,0.32,True,q3_evidence,PCS raw,pcs_raw,1,S,3.976555119443372,2.1858994157281524,1.7906557037152195,1.7906557037152195,0.4535251460679619,0.15789794921875,5.628925021173735,0.2292039300755481,0.2292039300755481,0.2292039300755481,0.2292039300755481
1,S,12,6.0,0.36,True,q3_evidence,PCS raw,pcs_raw,1,S,3.970391608345835,2.1490152783696717,1.8213763299761632,1.8213763299761632,0.4627461804075821,0.156219482421875,5.682996571517193,0.23313617023694888,0.23313617023694888,0.23313617023694888,0.23313617023694888
2,C,6,-2.0,0.0,False,q3_evidence,Uniform raw,uniform_raw,1,C,4.0,0.09784149525574555,3.9021585047442544,3.9021585047442544,0.9755396261860636,0.00628662109375,14.802659046438649,0.49947628860726456,0.49947628860726456,0.49947628860726456,0.49947628860726456
2,C,6,-2.0,0.12,True,q3_evidence,PCS raw,pcs_raw,1,C,3.996679855921233,0.09484044863320198,3.9018394072880307,3.9018394072880307,0.9762898878416995,0.00531005859375,14.808913595998172,0.49943544413286795,0.49943544413286795,0.49943544413286795,0.49943544413286795
2,C,6,-2.0,0.16,True,q3_evidence,PCS raw,pcs_raw,1,C,3.9941028013225788,0.07603337341075524,3.9180694279118233,3.9180694279118233,0.9809916566473111,0.00445556640625,14.803101220149502,0.5015128867727133,0.5015128867727133,0.5015128867727133,0.5015128867727133
2,C,6,-2.0,0.2,True,q3_evidence,PCS raw,pcs_raw,1,C,3.990796214317659,0.0846400334246,3.9061561808930594,3.9061561808930594,0.97883999164385,0.00531005859375,14.826259263966097,0.4999879911543116,0.4999879911543116,0.4999879911543116,0.4999879911543116
2,C,6,-2.0,0.24,True,q3_evidence,PCS raw,pcs_raw,1,C,3.9867651399345525,0.08752985043490671,3.8992352894996456,3.8992352894996456,0.9781175373912733,0.005584716796875,14.689570959978735,0.49910211705595464,0.49910211705595464,0.49910211705595464,0.49910211705595464
2,C,6,-2.0,0.28,True,q3_evidence,PCS raw,pcs_raw,1,C,3.982015709386646,0.07669268146533204,3.905323027921314,3.905323027921314,0.980826829633667,0.005279541015625,14.757365049240523,0.49988134757392816,0.49988134757392816,0.49988134757392816,0.49988134757392816
2,C,6,-2.0,0.32,True,q3_evidence,PCS raw,pcs_raw,1,C,3.976555119443372,0.07708038565978702,3.899474733783585,3.899474733783585,0.9807299035850533,0.005096435546875,14.8043630753219,0.4991327659242989,0.4991327659242989,0.4991327659242989,0.4991327659242989
2,C,6,-2.0,0.36,True,q3_evidence,PCS raw,pcs_raw,1,C,3.970391608345835,0.06923427760360866,3.901157330742226,3.901157330742226,0.9826914305990978,0.00439453125,14.80122987547623,0.49934813833500497,0.49934813833500497,0.49934813833500497,0.49934813833500497
2,C,6,0.0,0.0,False,q3_evidence,Uniform raw,uniform_raw,1,C,4.0,0.11629112361849633,3.8837088763815037,3.8837088763815037,0.9709272190953759,0.0072021484375,14.695282086440386,0.49711473617683244,0.49711473617683244,0.49711473617683244,0.49711473617683244
2,C,6,0.0,0.12,True,q3_evidence,PCS raw,pcs_raw,1,C,3.996679855921233,0.1010663153917847,3.8956135405294483,3.8956135405294483,0.9747334211520539,0.006072998046875,14.640165729383716,0.4986385331877694,0.4986385331877694,0.4986385331877694,0.4986385331877694
2,C,6,0.0,0.16,True,q3_evidence,PCS raw,pcs_raw,1,C,3.9941028013225788,0.09056498831252979,3.903537813010049,3.903537813010049,0.9773587529218676,0.005462646484375,14.667725503503384,0.49965284006528626,0.49965284006528626,0.49965284006528626,0.49965284006528626
2,C,6,0.0,0.2,True,q3_evidence,PCS raw,pcs_raw,1,C,3.990796214317659,0.09170416668422682,3.8990920476334323,3.8990920476334323,0.9770739583289433,0.005859375,14.585991013080745,0.4990837820970793,0.4990837820970793,0.4990837820970793,0.4990837820970793
2,C,6,0.0,0.24,True,q3_evidence,PCS raw,pcs_raw,1,C,3.9867651399345525,0.07633562914780204,3.9104295107867504,3.9104295107867504,0.9809160927130495,0.0047607421875,14.60830277080892,0.5005349773807041,0.5005349773807041,0.5005349773807041,0.5005349773807041
2,C,6,0.0,0.28,True,q3_evidence,PCS raw,pcs_raw,1,C,3.982015709386646,0.07938523752266126,3.9026304718639846,3.9026304718639846,0.9801536906193347,0.00518798828125,14.63489968931539,0.49953670039859005,0.49953670039859005,0.49953670039859005,0.49953670039859005
2,C,6,0.0,0.32,True,q3_evidence,PCS raw,pcs_raw,1,C,3.976555119443372,0.08554515969712252,3.8910099597462495,3.8910099597462495,0.9786137100757194,0.005126953125,14.615456287654379,0.49804927484752,0.49804927484752,0.49804927484752,0.49804927484752
2,C,6,0.0,0.36,True,q3_evidence,PCS raw,pcs_raw,1,C,3.970391608345835,0.08009622320425597,3.8902953851415787,3.8902953851415787,0.979975944198936,0.0052490234375,14.512631363431526,0.49795780929812206,0.49795780929812206,0.49795780929812206,0.49795780929812206
2,C,6,2.0,0.0,False,q3_evidence,Uniform raw,uniform_raw,1,C,4.0,0.1531413814950267,3.846858618504973,3.846858618504973,0.9617146546262433,0.00994873046875,14.251449021344797,0.4923979031686365,0.4923979031686365,0.4923979031686365,0.4923979031686365
2,C,6,2.0,0.12,True,q3_evidence,PCS raw,pcs_raw,1,C,3.996679855921233,0.13334812637925586,3.863331729541977,3.863331729541977,0.9666629684051861,0.008392333984375,14.227981638455917,0.49450646138137305,0.49450646138137305,0.49450646138137305,0.49450646138137305
2,C,6,2.0,0.16,True,q3_evidence,PCS raw,pcs_raw,1,C,3.9941028013225788,0.13223240218773843,3.8618703991348404,3.8618703991348404,0.9669418994530654,0.008270263671875,14.158988984227229,0.4943194110892596,0.4943194110892596,0.4943194110892596,0.4943194110892596
2,C,6,2.0,0.2,True,q3_evidence,PCS raw,pcs_raw,1,C,3.990796214317659,0.1339897641847534,3.856806450132906,3.856806450132906,0.9665025589538117,0.00897216796875,14.152571013399573,0.493671225617012,0.493671225617012,0.493671225617012,0.493671225617012
2,C,6,2.0,0.24,True,q3_evidence,PCS raw,pcs_raw,1,C,3.9867651399345525,0.11726992657864424,3.869495213355908,3.869495213355908,0.9706825183553389,0.007598876953125,14.237209027686164,0.4952953873095563,0.4952953873095563,0.4952953873095563,0.4952953873095563
2,C,6,2.0,0.28,True,q3_evidence,PCS raw,pcs_raw,1,C,3.982015709386646,0.10495012984658265,3.8770655795400635,3.8770655795400635,0.9737624675383544,0.006134033203125,14.170225057928793,0.4962643941811281,0.4962643941811281,0.4962643941811281,0.4962643941811281
2,C,6,2.0,0.32,True,q3_evidence,PCS raw,pcs_raw,1,C,3.976555119443372,0.10470378309797773,3.871851336345394,3.871851336345394,0.9738240542255056,0.007080078125,14.182072856909153,0.49559697105221046,0.49559697105221046,0.49559697105221046,0.49559697105221046
2,C,6,2.0,0.36,True,q3_evidence,PCS raw,pcs_raw,1,C,3.970391608345835,0.10525785046532557,3.865133757880509,3.865133757880509,0.9736855373836686,0.006500244140625,14.204698062805987,0.4947371210087052,0.4947371210087052,0.4947371210087052,0.4947371210087052
2,C,6,4.0,0.0,False,q3_evidence,Uniform raw,uniform_raw,1,C,4.0,0.2756734475526055,3.7243265524473945,3.7243265524473945,0.9310816381118486,0.0166015625,13.349718225716318,0.47671379871326647,0.47671379871326647,0.47671379871326647,0.47671379871326647
2,C,6,4.0,0.12,True,q3_evidence,PCS raw,pcs_raw,1,C,3.996679855921233,0.2318400973405329,3.7648397585807,3.7648397585807,0.9420399756648667,0.01416015625,13.338913485395272,0.4818994890983296,0.4818994890983296,0.4818994890983296,0.4818994890983296
2,C,6,4.0,0.16,True,q3_evidence,PCS raw,pcs_raw,1,C,3.9941028013225788,0.24495622420251578,3.749146577120063,3.749146577120063,0.938760943949371,0.014129638671875,13.297458422847466,0.47989076187136803,0.47989076187136803,0.47989076187136803,0.47989076187136803
2,C,6,4.0,0.2,True,q3_evidence,PCS raw,pcs_raw,1,C,3.990796214317659,0.23295142747967504,3.757844786837984,3.757844786837984,0.9417621431300812,0.013702392578125,13.255433613373462,0.481004132715262,0.481004132715262,0.481004132715262,0.481004132715262
2,C,6,4.0,0.24,True,q3_evidence,PCS raw,pcs_raw,1,C,3.9867651399345525,0.20647233542895904,3.7802928045055935,3.7802928045055935,0.9483819161427602,0.012359619140625,13.351750703357775,0.48387747897671596,0.48387747897671596,0.48387747897671596,0.48387747897671596
2,C,6,4.0,0.28,True,q3_evidence,PCS raw,pcs_raw,1,C,3.982015709386646,0.2378345741362291,3.744181135250417,3.744181135250417,0.9405413564659427,0.014801025390625,13.219695932374837,0.47925518531205336,0.47925518531205336,0.47925518531205336,0.47925518531205336
2,C,6,4.0,0.32,True,q3_evidence,PCS raw,pcs_raw,1,C,3.976555119443372,0.2207211146817746,3.7558340047615975,3.7558340047615975,0.9448197213295564,0.014404296875,13.20686613063665,0.4807467526094845,0.4807467526094845,0.4807467526094845,0.4807467526094845
2,C,6,4.0,0.36,True,q3_evidence,PCS raw,pcs_raw,1,C,3.970391608345835,0.20170798897934203,3.768683619366493,3.768683619366493,0.9495730027551645,0.012176513671875,13.300711779569802,0.4823915032789111,0.4823915032789111,0.4823915032789111,0.4823915032789111
2,C,6,6.0,0.0,False,q3_evidence,Uniform raw,uniform_raw,1,C,4.0,0.5905223491378857,3.4094776508621143,3.4094776508621143,0.8523694127155286,0.0350341796875,11.700965348242956,0.43641313931035064,0.43641313931035064,0.43641313931035064,0.43641313931035064
2,C,6,6.0,0.12,True,q3_evidence,PCS raw,pcs_raw,1,C,3.996679855921233,0.5591683653383843,3.4375114905828488,3.4375114905828488,0.860207908665404,0.03375244140625,11.66844078407598,0.4400014707946046,0.4400014707946046,0.4400014707946046,0.4400014707946046
2,C,6,6.0,0.16,True,q3_evidence,PCS raw,pcs_raw,1,C,3.9941028013225788,0.5482307950385963,3.4458720062839827,3.4458720062839827,0.862942301240351,0.0322265625,11.667727373877435,0.4410716168043498,0.4410716168043498,0.4410716168043498,0.4410716168043498
2,C,6,6.0,0.2,True,q3_evidence,PCS raw,pcs_raw,1,C,3.990796214317659,0.5947864265541427,3.3960097877635165,3.3960097877635165,0.8513033933614643,0.035247802734375,11.375877685035583,0.4346892528337301,0.4346892528337301,0.4346892528337301,0.4346892528337301
2,C,6,6.0,0.24,True,q3_evidence,PCS raw,pcs_raw,1,C,3.9867651399345525,0.5679969786438467,3.4187681612907057,3.4187681612907057,0.8580007553390383,0.033172607421875,11.404310761056617,0.4376023246452103,0.4376023246452103,0.4376023246452103,0.4376023246452103
2,C,6,6.0,0.28,True,q3_evidence,PCS raw,pcs_raw,1,C,3.982015709386646,0.5894117294434456,3.3926039799432006,3.3926039799432006,0.8526470676391387,0.034149169921875,11.30080319836344,0.43425330943272966,0.43425330943272966,0.43425330943272966,0.43425330943272966
2,C,6,6.0,0.32,True,q3_evidence,PCS raw,pcs_raw,1,C,3.976555119443372,0.5640868058660542,3.4124683135773175,3.4124683135773175,0.8589782985334864,0.033477783203125,11.370648182494316,0.4367959441378967,0.4367959441378967,0.4367959441378967,0.4367959441378967
2,C,6,6.0,0.36,True,q3_evidence,PCS raw,pcs_raw,1,C,3.970391608345835,0.5538703853302118,3.416521223015623,3.416521223015623,0.8615324036674471,0.032989501953125,11.300240941843128,0.43731471654599974,0.43731471654599974,0.43731471654599974,0.43731471654599974
2,C,8,-2.0,0.0,False,q3_evidence,Uniform raw,uniform_raw,1,C,4.0,0.10495880880969138,3.8950411911903084,3.8950411911903084,0.9737602977975771,0.006622314453125,14.643143310230755,0.4985652724723595,0.4985652724723595,0.4985652724723595,0.4985652724723595
2,C,8,-2.0,0.12,True,q3_evidence,PCS raw,pcs_raw,1,C,3.996679855921233,0.09425261388977971,3.902427242031453,3.902427242031453,0.976436846527555,0.005767822265625,14.580299723185291,0.499510686980026,0.499510686980026,0.499510686980026,0.499510686980026
2,C,8,-2.0,0.16,True,q3_evidence,PCS raw,pcs_raw,1,C,3.9941028013225788,0.091166216007918,3.9029365853146607,3.9029365853146607,0.9772084459980205,0.0054931640625,14.61108146830142,0.49957588292027655,0.49957588292027655,0.49957588292027655,0.49957588292027655
2,C,8,-2.0,0.2,True,q3_evidence,PCS raw,pcs_raw,1,C,3.990796214317659,0.08490340658664242,3.905892807731017,3.905892807731017,0.9787741483533394,0.005462646484375,14.592775146186431,0.4999542793895702,0.4999542793895702,0.4999542793895702,0.4999542793895702
2,C,8,-2.0,0.24,True,q3_evidence,PCS raw,pcs_raw,1,C,3.9867651399345525,0.08878277168177645,3.897982368252776,3.897982368252776,0.9778043070795559,0.0054931640625,14.533231135676242,0.49894174313635536,0.49894174313635536,0.49894174313635536,0.49894174313635536
2,C,8,-2.0,0.28,True,q3_evidence,PCS raw,pcs_raw,1,C,3.982015709386646,0.08363577718567641,3.8983799322009696,3.8983799322009696,0.9790910557035809,0.005218505859375,14.58799032593477,0.4989926313217241,0.4989926313217241,0.4989926313217241,0.4989926313217241
2,C,8,-2.0,0.32,True,q3_evidence,PCS raw,pcs_raw,1,C,3.976555119443372,0.08043662416961672,3.8961184952737553,3.8961184952737553,0.9798908439575958,0.005035400390625,14.606798905134099,0.49870316739504067,0.49870316739504067,0.49870316739504067,0.49870316739504067
2,C,8,-2.0,0.36,True,q3_evidence,PCS raw,pcs_raw,1,C,3.970391608345835,0.0818818295591594,3.8885097787866756,3.8885097787866756,0.9795295426102102,0.00482177734375,14.590228771288379,0.49772925168469445,0.49772925168469445,0.49772925168469445,0.49772925168469445
2,C,8,0.0,0.0,False,q3_evidence,Uniform raw,uniform_raw,1,C,4.0,0.14159895944813777,3.858401040551862,3.858401040551862,0.9646002601379655,0.009124755859375,14.329935212825916,0.49387533319063837,0.49387533319063837,0.49387533319063837,0.49387533319063837
2,C,8,0.0,0.12,True,q3_evidence,PCS raw,pcs_raw,1,C,3.996679855921233,0.12453521855153567,3.872144637369697,3.872144637369697,0.968866195362116,0.007659912109375,14.297150653511125,0.4956345135833212,0.4956345135833212,0.4956345135833212,0.4956345135833212
2,C,8,0.0,0.16,True,q3_evidence,PCS raw,pcs_raw,1,C,3.9941028013225788,0.12222330744811301,3.8718794938744656,3.8718794938744656,0.9694441731379717,0.007537841796875,14.299439085944247,0.4956005752159316,0.4956005752159316,0.4956005752159316,0.4956005752159316
2,C,8,0.0,0.2,True,q3_evidence,PCS raw,pcs_raw,1,C,3.990796214317659,0.12023766257741991,3.870558551740239,3.870558551740239,0.969940584355645,0.0072021484375,14.244335891088953,0.4954314946227506,0.4954314946227506,0.4954314946227506,0.4954314946227506
2,C,8,0.0,0.24,True,q3_evidence,PCS raw,pcs_raw,1,C,3.9867651399345525,0.11274947325624668,3.874015666678306,3.874015666678306,0.9718126316859383,0.007232666015625,14.222618718420055,0.4958740053348232,0.4958740053348232,0.4958740053348232,0.4958740053348232
2,C,8,0.0,0.28,True,q3_evidence,PCS raw,pcs_raw,1,C,3.982015709386646,0.11230616466956243,3.8697095447170837,3.8697095447170837,0.9719234588326094,0.00762939453125,14.320462389585359,0.4953228217237867,0.4953228217237867,0.4953228217237867,0.4953228217237867
2,C,8,0.0,0.32,True,q3_evidence,PCS raw,pcs_raw,1,C,3.976555119443372,0.10323397255663688,3.873321146886735,3.873321146886735,0.9741915068608408,0.006561279296875,14.274242574345298,0.49578510680150206,0.49578510680150206,0.49578510680150206,0.49578510680150206
2,C,8,0.0,0.36,True,q3_evidence,PCS raw,pcs_raw,1,C,3.970391608345835,0.10029841327454284,3.870093195071292,3.870093195071292,0.9749253966813642,0.006195068359375,14.16543503825281,0.49537192896912535,0.49537192896912535,0.49537192896912535,0.49537192896912535
2,C,8,2.0,0.0,False,q3_evidence,Uniform raw,uniform_raw,1,C,4.0,0.23425805105117609,3.7657419489488237,3.7657419489488237,0.9414354872372059,0.01434326171875,13.595352590779138,0.48201496946544947,0.48201496946544947,0.48201496946544947,0.48201496946544947
2,C,8,2.0,0.12,True,q3_evidence,PCS raw,pcs_raw,1,C,3.996679855921233,0.20454053774836592,3.792139318172867,3.792139318172867,0.9488648655629085,0.0130615234375,13.613398675982344,0.48539383272612696,0.48539383272612696,0.48539383272612696,0.48539383272612696
2,C,8,2.0,0.16,True,q3_evidence,PCS raw,pcs_raw,1,C,3.9941028013225788,0.19754101245361122,3.7965617888689676,3.7965617888689676,0.9506147468865972,0.01220703125,13.53174986042059,0.48595990897522784,0.48595990897522784,0.48595990897522784,0.48595990897522784
2,C,8,2.0,0.2,True,q3_evidence,PCS raw,pcs_raw,1,C,3.990796214317659,0.20024079460022928,3.79055541971743,3.79055541971743,0.9499398013499427,0.0115966796875,13.489993813087686,0.48519109372383107,0.48519109372383107,0.48519109372383107,0.48519109372383107
2,C,8,2.0,0.24,True,q3_evidence,PCS raw,pcs_raw,1,C,3.9867651399345525,0.20118417267772012,3.7855809672568324,3.7855809672568324,0.94970395683057,0.01226806640625,13.509688241258285,0.4845543638088745,0.4845543638088745,0.4845543638088745,0.4845543638088745
2,C,8,2.0,0.28,True,q3_evidence,PCS raw,pcs_raw,1,C,3.982015709386646,0.2054811293315176,3.776534580055128,3.776534580055128,0.9486297176671206,0.011627197265625,13.426859158908744,0.4833964262470564,0.4833964262470564,0.4833964262470564,0.4833964262470564
2,C,8,2.0,0.32,True,q3_evidence,PCS raw,pcs_raw,1,C,3.976555119443372,0.17726697726433283,3.799288142179039,3.799288142179039,0.9556832556839168,0.0108642578125,13.524832202102797,0.486308882198917,0.486308882198917,0.486308882198917,0.486308882198917
2,C,8,2.0,0.36,True,q3_evidence,PCS raw,pcs_raw,1,C,3.970391608345835,0.191215156452815,3.77917645189302,3.77917645189302,0.9521962108867963,0.011077880859375,13.4006258608575,0.48373458584230655,0.48373458584230655,0.48373458584230655,0.48373458584230655
2,C,8,4.0,0.0,False,q3_evidence,Uniform raw,uniform_raw,1,C,4.0,0.5162890231814155,3.4837109768185845,3.4837109768185845,0.8709277442046461,0.03057861328125,12.053952458997594,0.4459150050327788,0.4459150050327788,0.4459150050327788,0.4459150050327788
2,C,8,4.0,0.12,True,q3_evidence,PCS raw,pcs_raw,1,C,3.996679855921233,0.46635245544865256,3.53032740047258,3.53032740047258,0.8834118861378368,0.026885986328125,12.063550133659703,0.4518819072604903,0.4518819072604903,0.4518819072604903,0.4518819072604903
2,C,8,4.0,0.16,True,q3_evidence,PCS raw,pcs_raw,1,C,3.9941028013225788,0.4694129586876256,3.5246898426349533,3.5246898426349533,0.8826467603280936,0.027008056640625,12.01358367775997,0.45116029985727407,0.45116029985727407,0.45116029985727407,0.45116029985727407
2,C,8,4.0,0.2,True,q3_evidence,PCS raw,pcs_raw,1,C,3.990796214317659,0.4433792030496846,3.5474170112679744,3.5474170112679744,0.8891551992375788,0.025634765625,12.100656169968971,0.45406937744230075,0.45406937744230075,0.45406937744230075,0.45406937744230075
2,C,8,4.0,0.24,True,q3_evidence,PCS raw,pcs_raw,1,C,3.9867651399345525,0.45328104286562526,3.533484097068927,3.533484097068927,0.8866797392835937,0.02691650390625,12.005870264490323,0.4522859644248227,0.4522859644248227,0.4522859644248227,0.4522859644248227
2,C,8,4.0,0.28,True,q3_evidence,PCS raw,pcs_raw,1,C,3.982015709386646,0.47913927844388793,3.502876430942758,3.502876430942758,0.880215180389028,0.027862548828125,11.841439063166632,0.44836818316067306,0.44836818316067306,0.44836818316067306,0.44836818316067306
2,C,8,4.0,0.32,True,q3_evidence,PCS raw,pcs_raw,1,C,3.976555119443372,0.4500532264744399,3.5265018929689322,3.5265018929689322,0.8874866933813901,0.026275634765625,11.914953120784359,0.45139224230002334,0.45139224230002334,0.45139224230002334,0.45139224230002334
2,C,8,4.0,0.36,True,q3_evidence,PCS raw,pcs_raw,1,C,3.970391608345835,0.45062695082941095,3.519764657516424,3.519764657516424,0.8873432622926473,0.0264892578125,11.845244072397252,0.4505298761621022,0.4505298761621022,0.4505298761621022,0.4505298761621022
2,C,8,6.0,0.0,False,q3_evidence,Uniform raw,uniform_raw,1,C,4.0,1.082107665573604,2.917892334426396,2.917892334426396,0.729473083606599,0.068359375,9.761133996060993,0.3734902188065787,0.3734902188065787,0.3734902188065787,0.3734902188065787
2,C,8,6.0,0.12,True,q3_evidence,PCS raw,pcs_raw,1,C,3.996679855921233,1.1031149805259695,2.8935648753952634,2.8935648753952634,0.7242212548685076,0.068878173828125,9.454128663107385,0.3703763040505937,0.3703763040505937,0.3703763040505937,0.3703763040505937
2,C,8,6.0,0.16,True,q3_evidence,PCS raw,pcs_raw,1,C,3.9941028013225788,1.1047911009258045,2.8893117003967745,2.8893117003967745,0.7238022247685489,0.0687255859375,9.375673404717201,0.36983189765078717,0.36983189765078717,0.36983189765078717,0.36983189765078717
2,C,8,6.0,0.2,True,q3_evidence,PCS raw,pcs_raw,1,C,3.990796214317659,1.1123028000343058,2.878493414283353,2.878493414283353,0.7219242999914235,0.06915283203125,9.345547020728972,0.36844715702826925,0.36844715702826925,0.36844715702826925,0.36844715702826925
2,C,8,6.0,0.24,True,q3_evidence,PCS raw,pcs_raw,1,C,3.9867651399345525,1.1439922634463413,2.842772876488211,2.842772876488211,0.7140019341384146,0.069671630859375,9.0894583166777,0.36387492819049105,0.36387492819049105,0.36387492819049105,0.36387492819049105
2,C,8,6.0,0.28,True,q3_evidence,PCS raw,pcs_raw,1,C,3.982015709386646,1.1134381232692923,2.868577586117354,2.868577586117354,0.721640469182677,0.0675048828125,9.205997244086962,0.3671779310230213,0.3671779310230213,0.3671779310230213,0.3671779310230213
2,C,8,6.0,0.32,True,q3_evidence,PCS raw,pcs_raw,1,C,3.976555119443372,1.1078855798868972,2.8686695395564747,2.8686695395564747,0.7230286050282757,0.070220947265625,9.11839120726279,0.36718970106322874,0.36718970106322874,0.36718970106322874,0.36718970106322874
2,C,8,6.0,0.36,True,q3_evidence,PCS raw,pcs_raw,1,C,3.970391608345835,1.1258846523844692,2.8445069559613656,2.8445069559613656,0.7185288369038827,0.070098876953125,9.056338501335748,0.3640968903630548,0.3640968903630548,0.3640968903630548,0.3640968903630548
2,C,10,-2.0,0.0,False,q3_evidence,Uniform raw,uniform_raw,1,C,4.0,0.1371455385228256,3.8628544614771743,3.8628544614771743,0.9657136153692936,0.0084228515625,14.391354958706478,0.4944453710690783,0.4944453710690783,0.4944453710690783,0.4944453710690783
2,C,10,-2.0,0.12,True,q3_evidence,PCS raw,pcs_raw,1,C,3.996679855921233,0.12210195911445929,3.8745778968067737,3.8745778968067737,0.9694745102213852,0.00762939453125,14.366883329467683,0.495945970791267,0.495945970791267,0.495945970791267,0.495945970791267
2,C,10,-2.0,0.16,True,q3_evidence,PCS raw,pcs_raw,1,C,3.9941028013225788,0.10880177263218951,3.8853010286903893,3.8853010286903893,0.9727995568419526,0.006866455078125,14.440290808341302,0.49731853167236983,0.49731853167236983,0.49731853167236983,0.49731853167236983
2,C,10,-2.0,0.2,True,q3_evidence,PCS raw,pcs_raw,1,C,3.990796214317659,0.11865209346048244,3.8721441208571767,3.8721441208571767,0.9703369766348794,0.00750732421875,14.363130642292894,0.49563444746971863,0.49563444746971863,0.49563444746971863,0.49563444746971863
2,C,10,-2.0,0.24,True,q3_evidence,PCS raw,pcs_raw,1,C,3.9867651399345525,0.10198150922749866,3.884783630707054,3.884783630707054,0.9745046226931253,0.00640869140625,14.405564353823141,0.49725230473050286,0.49725230473050286,0.49725230473050286,0.49725230473050286
2,C,10,-2.0,0.28,True,q3_evidence,PCS raw,pcs_raw,1,C,3.982015709386646,0.10251429385116904,3.879501415535477,3.879501415535477,0.9743714265372078,0.006683349609375,14.343465920085986,0.4965761811885411,0.4965761811885411,0.4965761811885411,0.4965761811885411
2,C,10,-2.0,0.32,True,q3_evidence,PCS raw,pcs_raw,1,C,3.976555119443372,0.0962598015024832,3.8802953179408886,3.8802953179408886,0.9759350496243792,0.0059814453125,14.439327764146723,0.4966778006964337,0.4966778006964337,0.4966778006964337,0.4966778006964337
2,C,10,-2.0,0.36,True,q3_evidence,PCS raw,pcs_raw,1,C,3.970391608345835,0.08870064378751048,3.881690964558324,3.881690964558324,0.9778248390531223,0.00531005859375,14.37573196895,0.4968564434634655,0.4968564434634655,0.4968564434634655,0.4968564434634655
2,C,10,0.0,0.0,False,q3_evidence,Uniform raw,uniform_raw,1,C,4.0,0.20467088560381827,3.7953291143961816,3.7953291143961816,0.9488322785990454,0.01287841796875,13.865791172813765,0.4858021266427112,0.4858021266427112,0.4858021266427112,0.4858021266427112
2,C,10,0.0,0.12,True,q3_evidence,PCS raw,pcs_raw,1,C,3.996679855921233,0.1678788783225914,3.8288009775986414,3.8288009775986414,0.9580302804193521,0.010040283203125,13.970850015121801,0.49008652513262607,0.49008652513262607,0.49008652513262607,0.49008652513262607
2,C,10,0.0,0.16,True,q3_evidence,PCS raw,pcs_raw,1,C,3.9941028013225788,0.1585548264588721,3.8355479748637067,3.8355479748637067,0.960361293385282,0.00946044921875,13.909186512645217,0.49095014078255445,0.49095014078255445,0.49095014078255445,0.49095014078255445
2,C,10,0.0,0.2,True,q3_evidence,PCS raw,pcs_raw,1,C,3.990796214317659,0.1657656236308827,3.8250305906867763,3.8250305906867763,0.9585585940922793,0.009918212890625,13.87212656543629,0.48960391560790734,0.48960391560790734,0.48960391560790734,0.48960391560790734
2,C,10,0.0,0.24,True,q3_evidence,PCS raw,pcs_raw,1,C,3.9867651399345525,0.15660740163178502,3.8301577383027676,3.8301577383027676,0.9608481495920538,0.00970458984375,13.831729504386592,0.49026019050275427,0.49026019050275427,0.49026019050275427,0.49026019050275427
2,C,10,0.0,0.28,True,q3_evidence,PCS raw,pcs_raw,1,C,3.982015709386646,0.15784594132784552,3.8241697680588005,3.8241697680588005,0.9605385146680386,0.009368896484375,13.89922269260353,0.4894937303115265,0.4894937303115265,0.4894937303115265,0.4894937303115265
2,C,10,0.0,0.32,True,q3_evidence,PCS raw,pcs_raw,1,C,3.976555119443372,0.14932325304524674,3.827231866398125,3.827231866398125,0.9626691867386883,0.009857177734375,13.769986651940751,0.48988567889896,0.48988567889896,0.48988567889896,0.48988567889896
2,C,10,0.0,0.36,True,q3_evidence,PCS raw,pcs_raw,1,C,3.970391608345835,0.1419914937069216,3.8284001146389133,3.8284001146389133,0.9645021265732696,0.009033203125,13.876525997202167,0.49003521467378086,0.49003521467378086,0.49003521467378086,0.49003521467378086
2,C,10,2.0,0.0,False,q3_evidence,Uniform raw,uniform_raw,1,C,4.0,0.357962866447188,3.642037133552812,3.642037133552812,0.910509283388203,0.02191162109375,12.866957440028203,0.4661807530947599,0.4661807530947599,0.4661807530947599,0.4661807530947599
2,C,10,2.0,0.12,True,q3_evidence,PCS raw,pcs_raw,1,C,3.996679855921233,0.3503501073824727,3.64632974853876,3.64632974853876,0.9124124731543818,0.022064208984375,12.759424752974912,0.4667302078129613,0.4667302078129613,0.4667302078129613,0.4667302078129613
2,C,10,2.0,0.16,True,q3_evidence,PCS raw,pcs_raw,1,C,3.9941028013225788,0.3169856854896449,3.677117115832934,3.677117115832934,0.9207535786275888,0.0189208984375,12.85683547495848,0.47067099082661557,0.47067099082661557,0.47067099082661557,0.47067099082661557
2,C,10,2.0,0.2,True,q3_evidence,PCS raw,pcs_raw,1,C,3.990796214317659,0.3037584598012155,3.6870377545164437,3.6870377545164437,0.9240603850496961,0.0186767578125,12.793295534005235,0.4719408325781048,0.4719408325781048,0.4719408325781048,0.4719408325781048
2,C,10,2.0,0.24,True,q3_evidence,PCS raw,pcs_raw,1,C,3.9867651399345525,0.32107603626812065,3.665689103666432,3.665689103666432,0.9197309909329698,0.017913818359375,12.637683231435135,0.4692082052693033,0.4692082052693033,0.4692082052693033,0.4692082052693033
2,C,10,2.0,0.28,True,q3_evidence,PCS raw,pcs_raw,1,C,3.982015709386646,0.33559191810069766,3.6464237912859483,3.6464237912859483,0.9161020204748256,0.02001953125,12.563735637932268,0.4667422452846014,0.4667422452846014,0.4667422452846014,0.4667422452846014
2,C,10,2.0,0.32,True,q3_evidence,PCS raw,pcs_raw,1,C,3.976555119443372,0.3193409406309269,3.657214178812445,3.657214178812445,0.9201647648422683,0.018280029296875,12.628258673185499,0.468123414887993,0.468123414887993,0.468123414887993,0.468123414887993
2,C,10,2.0,0.36,True,q3_evidence,PCS raw,pcs_raw,1,C,3.970391608345835,0.32614585278318514,3.6442457555626495,3.6442457555626495,0.9184635368042037,0.01873779296875,12.550378328816315,0.46646345671201916,0.46646345671201916,0.46646345671201916,0.46646345671201916
2,C,10,4.0,0.0,False,q3_evidence,Uniform raw,uniform_raw,1,C,4.0,0.7932236999158555,3.2067763000841447,3.2067763000841447,0.8016940750210362,0.048126220703125,10.788780615964289,0.41046736641077053,0.41046736641077053,0.41046736641077053,0.41046736641077053
2,C,10,4.0,0.12,True,q3_evidence,PCS raw,pcs_raw,1,C,3.996679855921233,0.8231802627862599,3.1734995931349728,3.1734995931349728,0.794204934303435,0.04736328125,10.524660367546554,0.4062079479212765,0.4062079479212765,0.4062079479212765,0.4062079479212765
2,C,10,4.0,0.16,True,q3_evidence,PCS raw,pcs_raw,1,C,3.9941028013225788,0.7907972852192413,3.2033055161033372,3.2033055161033372,0.8023006786951896,0.046051025390625,10.55416785961268,0.41002310606122716,0.41002310606122716,0.41002310606122716,0.41002310606122716
2,C,10,4.0,0.2,True,q3_evidence,PCS raw,pcs_raw,1,C,3.990796214317659,0.7735371253372048,3.2172590889804544,3.2172590889804544,0.8066157186656988,0.045654296875,10.632162562406247,0.4118091633894982,0.4118091633894982,0.4118091633894982,0.4118091633894982
2,C,10,4.0,0.24,True,q3_evidence,PCS raw,pcs_raw,1,C,3.9867651399345525,0.8417830023747241,3.144982137559828,3.144982137559828,0.7895542494063189,0.048370361328125,10.330522707140833,0.402557713607658,0.402557713607658,0.402557713607658,0.402557713607658
2,C,10,4.0,0.28,True,q3_evidence,PCS raw,pcs_raw,1,C,3.982015709386646,0.7757612099659302,3.206254499420716,3.206254499420716,0.8060596975085175,0.0452880859375,10.515788383661619,0.4104005759258516,0.4104005759258516,0.4104005759258516,0.4104005759258516
2,C,10,4.0,0.32,True,q3_evidence,PCS raw,pcs_raw,1,C,3.976555119443372,0.7665017787615519,3.21005334068182,3.21005334068182,0.808374555309612,0.04388427734375,10.530003308265455,0.41088682760727296,0.41088682760727296,0.41088682760727296,0.41088682760727296
2,C,10,4.0,0.36,True,q3_evidence,PCS raw,pcs_raw,1,C,3.970391608345835,0.7796078293764284,3.1907837789694065,3.1907837789694065,0.8050980426558929,0.04522705078125,10.318417063799853,0.40842032370808407,0.40842032370808407,0.40842032370808407,0.40842032370808407
2,C,10,6.0,0.0,False,q3_evidence,Uniform raw,uniform_raw,1,C,4.0,1.6635515600634991,2.336448439936501,2.336448439936501,0.5841121099841252,0.11767578125,7.527686980667159,0.2990654003118721,0.2990654003118721,0.2990654003118721,0.2990654003118721
2,C,10,6.0,0.12,True,q3_evidence,PCS raw,pcs_raw,1,C,3.996679855921233,1.6885984268955325,2.3080814290257003,2.3080814290257003,0.5778503932761169,0.11505126953125,7.389209728833067,0.29543442291528965,0.29543442291528965,0.29543442291528965,0.29543442291528965
2,C,10,6.0,0.16,True,q3_evidence,PCS raw,pcs_raw,1,C,3.9941028013225788,1.7495701821064897,2.244532619216089,2.244532619216089,0.5626074544733776,0.119964599609375,7.065073086521455,0.28730017525965945,0.28730017525965945,0.28730017525965945,0.28730017525965945
2,C,10,6.0,0.2,True,q3_evidence,PCS raw,pcs_raw,1,C,3.990796214317659,1.7323912103312376,2.2584050039864216,2.2584050039864216,0.5669021974171906,0.1163330078125,7.014282367835074,0.28907584051026197,0.28907584051026197,0.28907584051026197,0.28907584051026197
2,C,10,6.0,0.24,True,q3_evidence,PCS raw,pcs_raw,1,C,3.9867651399345525,1.7759890215013436,2.210776118433209,2.210776118433209,0.5560027446246641,0.120086669921875,6.922866954321423,0.2829793431594507,0.2829793431594507,0.2829793431594507,0.2829793431594507
2,C,10,6.0,0.28,True,q3_evidence,PCS raw,pcs_raw,1,C,3.982015709386646,1.724447557446526,2.25756815194012,2.25756815194012,0.5688881106383685,0.1158447265625,7.033443548621801,0.2889687234483354,0.2889687234483354,0.2889687234483354,0.2889687234483354
2,C,10,6.0,0.32,True,q3_evidence,PCS raw,pcs_raw,1,C,3.976555119443372,1.7286128340612859,2.247942285382086,2.247942285382086,0.5678467914846785,0.115264892578125,6.96173380057516,0.28773661252890703,0.28773661252890703,0.28773661252890703,0.28773661252890703
2,C,10,6.0,0.36,True,q3_evidence,PCS raw,pcs_raw,1,C,3.970391608345835,1.7481715269135858,2.222220081432249,2.222220081432249,0.5629571182716036,0.117218017578125,6.88629161986901,0.28444417042332787,0.28444417042332787,0.28444417042332787,0.28444417042332787
2,C,12,-2.0,0.0,False,q3_evidence,Uniform raw,uniform_raw,1,C,4.0,0.14333095199549523,3.856669048004505,3.856669048004505,0.9641672620011262,0.008697509765625,14.265593047582318,0.49365363814457663,0.49365363814457663,0.49365363814457663,0.49365363814457663
2,C,12,-2.0,0.12,True,q3_evidence,PCS raw,pcs_raw,1,C,3.996679855921233,0.14940932225538198,3.847270533665851,3.847270533665851,0.9626476694361545,0.0093994140625,14.106323514739588,0.4924506283092289,0.4924506283092289,0.4924506283092289,0.4924506283092289
2,C,12,-2.0,0.16,True,q3_evidence,PCS raw,pcs_raw,1,C,3.9941028013225788,0.13869473689981382,3.855408064422765,3.855408064422765,0.9653263157750466,0.009124755859375,14.140185227561485,0.49349223224611394,0.49349223224611394,0.49349223224611394,0.49349223224611394
2,C,12,-2.0,0.2,True,q3_evidence,PCS raw,pcs_raw,1,C,3.990796214317659,0.13256215445436847,3.8582340598632907,3.8582340598632907,0.9668594613864079,0.00811767578125,14.140273435864268,0.49385395966250123,0.49385395966250123,0.49385395966250123,0.49385395966250123
2,C,12,-2.0,0.24,True,q3_evidence,PCS raw,pcs_raw,1,C,3.9867651399345525,0.13040457261950422,3.8563605673150483,3.8563605673150483,0.9673988568451239,0.0079345703125,14.122119924684679,0.4936141526163262,0.4936141526163262,0.4936141526163262,0.4936141526163262
2,C,12,-2.0,0.28,True,q3_evidence,PCS raw,pcs_raw,1,C,3.982015709386646,0.13601598822133754,3.8459997211653083,3.8459997211653083,0.9659960029446656,0.00848388671875,14.046388210420757,0.4922879643091595,0.4922879643091595,0.4922879643091595,0.4922879643091595
2,C,12,-2.0,0.32,True,q3_evidence,PCS raw,pcs_raw,1,C,3.976555119443372,0.12743510384892942,3.8491200155944423,3.8491200155944423,0.9681412240377676,0.0076904296875,14.103712615565872,0.49268736199608865,0.49268736199608865,0.49268736199608865,0.49268736199608865
2,C,12,-2.0,0.36,True,q3_evidence,PCS raw,pcs_raw,1,C,3.970391608345835,0.12466901638820359,3.845722591957631,3.845722591957631,0.9688327459029491,0.007965087890625,14.021019924974311,0.4922524917705768,0.4922524917705768,0.4922524917705768,0.4922524917705768
2,C,12,0.0,0.0,False,q3_evidence,Uniform raw,uniform_raw,1,C,4.0,0.2578290984957619,3.742170901504238,3.742170901504238,0.9355427253760595,0.015716552734375,13.497530877038166,0.47899787539254246,0.47899787539254246,0.47899787539254246,0.47899787539254246
2,C,12,0.0,0.12,True,q3_evidence,PCS raw,pcs_raw,1,C,3.996679855921233,0.2382823200467964,3.7583975358744364,3.7583975358744364,0.9404294199883009,0.013824462890625,13.430959405063895,0.4810748845919279,0.4810748845919279,0.4810748845919279,0.4810748845919279
2,C,12,0.0,0.16,True,q3_evidence,PCS raw,pcs_raw,1,C,3.9941028013225788,0.24732463621447537,3.7467781651081036,3.7467781651081036,0.9381688409463812,0.015045166015625,13.296960647270819,0.4795876051338373,0.4795876051338373,0.4795876051338373,0.4795876051338373
2,C,12,0.0,0.2,True,q3_evidence,PCS raw,pcs_raw,1,C,3.990796214317659,0.22555505006390153,3.7652411642537578,3.7652411642537578,0.9436112374840246,0.013946533203125,13.396179317644643,0.48195086902448103,0.48195086902448103,0.48195086902448103,0.48195086902448103
2,C,12,0.0,0.24,True,q3_evidence,PCS raw,pcs_raw,1,C,3.9867651399345525,0.22719739967492486,3.7595677402596275,3.7595677402596275,0.9432006500812687,0.01318359375,13.34218219845717,0.4812246707532323,0.4812246707532323,0.4812246707532323,0.4812246707532323
2,C,12,0.0,0.28,True,q3_evidence,PCS raw,pcs_raw,1,C,3.982015709386646,0.2032614327113086,3.7787542766753375,3.7787542766753375,0.9491846418221729,0.011962890625,13.414852399637372,0.48368054741444316,0.48368054741444316,0.48368054741444316,0.48368054741444316
2,C,12,0.0,0.32,True,q3_evidence,PCS raw,pcs_raw,1,C,3.976555119443372,0.20654458548421945,3.7700105339591525,3.7700105339591525,0.9483638536289452,0.012237548828125,13.321295489689929,0.48256134834677156,0.48256134834677156,0.48256134834677156,0.48256134834677156
2,C,12,0.0,0.36,True,q3_evidence,PCS raw,pcs_raw,1,C,3.970391608345835,0.21334881331383995,3.7570427950319947,3.7570427950319947,0.94666279667154,0.013031005859375,13.219157341562525,0.48090147776409536,0.48090147776409536,0.48090147776409536,0.48090147776409536
2,C,12,2.0,0.0,False,q3_evidence,Uniform raw,uniform_raw,1,C,4.0,0.5230968035483274,3.476903196451673,3.476903196451673,0.8692257991129182,0.030303955078125,12.035911553069575,0.4450436091458141,0.4450436091458141,0.4450436091458141,0.4450436091458141
2,C,12,2.0,0.12,True,q3_evidence,PCS raw,pcs_raw,1,C,3.996679855921233,0.5085581397558483,3.4881217161653844,3.4881217161653844,0.8728604650610379,0.0303955078125,11.92103351715917,0.4464795796691692,0.4464795796691692,0.4464795796691692,0.4464795796691692
2,C,12,2.0,0.16,True,q3_evidence,PCS raw,pcs_raw,1,C,3.9941028013225788,0.5302055500440918,3.463897251278487,3.463897251278487,0.8674486124889771,0.0303955078125,11.682494618554138,0.44337884816364637,0.44337884816364637,0.44337884816364637,0.44337884816364637
2,C,12,2.0,0.2,True,q3_evidence,PCS raw,pcs_raw,1,C,3.990796214317659,0.5211245127059596,3.4696717016116994,3.4696717016116994,0.86971887182351,0.030487060546875,11.72002024284263,0.4441179778062975,0.4441179778062975,0.4441179778062975,0.4441179778062975
2,C,12,2.0,0.24,True,q3_evidence,PCS raw,pcs_raw,1,C,3.9867651399345525,0.5361168577954984,3.450648282139054,3.450648282139054,0.8659707855511254,0.029754638671875,11.640443166677002,0.44168298011379886,0.44168298011379886,0.44168298011379886,0.44168298011379886
2,C,12,2.0,0.28,True,q3_evidence,PCS raw,pcs_raw,1,C,3.982015709386646,0.49424914315248,3.487766566234166,3.487766566234166,0.87643771421188,0.029296875,11.74357187280156,0.44643412047797326,0.44643412047797326,0.44643412047797326,0.44643412047797326
2,C,12,2.0,0.32,True,q3_evidence,PCS raw,pcs_raw,1,C,3.976555119443372,0.5348046500465461,3.4417504693968257,3.4417504693968257,0.8662988374883634,0.030426025390625,11.537767550385423,0.4405440600827937,0.4405440600827937,0.4405440600827937,0.4405440600827937
2,C,12,2.0,0.36,True,q3_evidence,PCS raw,pcs_raw,1,C,3.970391608345835,0.489128127667013,3.481263480678822,3.481263480678822,0.8777179680832468,0.028076171875,11.690414796676707,0.4456017255268892,0.4456017255268892,0.4456017255268892,0.4456017255268892
2,C,12,4.0,0.0,False,q3_evidence,Uniform raw,uniform_raw,1,C,4.0,1.1823739675811482,2.817626032418852,2.817626032418852,0.704406508104713,0.077484130859375,9.213350837095419,0.36065613214961306,0.36065613214961306,0.36065613214961306,0.36065613214961306
2,C,12,4.0,0.12,True,q3_evidence,PCS raw,pcs_raw,1,C,3.996679855921233,1.201264483544244,2.795415372376989,2.795415372376989,0.699683879113939,0.07574462890625,9.029808438913463,0.3578131676642546,0.3578131676642546,0.3578131676642546,0.3578131676642546
2,C,12,4.0,0.16,True,q3_evidence,PCS raw,pcs_raw,1,C,3.9941028013225788,1.1734143317494952,2.8206884695730836,2.8206884695730836,0.7066464170626262,0.0753173828125,9.111558948735523,0.3610481241053547,0.3610481241053547,0.3610481241053547,0.3610481241053547
2,C,12,4.0,0.2,True,q3_evidence,PCS raw,pcs_raw,1,C,3.990796214317659,1.1327736464559401,2.858022567861719,2.858022567861719,0.716806588386015,0.07025146484375,9.228334327513691,0.36582688868630003,0.36582688868630003,0.36582688868630003,0.36582688868630003
2,C,12,4.0,0.24,True,q3_evidence,PCS raw,pcs_raw,1,C,3.9867651399345525,1.1960136619211101,2.7907514780134424,2.7907514780134424,0.7009965845197225,0.074554443359375,8.96815745554717,0.3572161891857206,0.3572161891857206,0.3572161891857206,0.3572161891857206
2,C,12,4.0,0.28,True,q3_evidence,PCS raw,pcs_raw,1,C,3.982015709386646,1.1490811434764399,2.832934565910206,2.832934565910206,0.71272971413089,0.072113037109375,9.043719031218759,0.3626156244365064,0.3626156244365064,0.3626156244365064,0.3626156244365064
2,C,12,4.0,0.32,True,q3_evidence,PCS raw,pcs_raw,1,C,3.976555119443372,1.1583088179979477,2.8182463014454244,2.8182463014454244,0.7104227955005131,0.071319580078125,8.92901061200776,0.36073552658501434,0.36073552658501434,0.36073552658501434,0.36073552658501434
2,C,12,4.0,0.36,True,q3_evidence,PCS raw,pcs_raw,1,C,3.970391608345835,1.1572326578261038,2.813158950519731,2.813158950519731,0.710691835543474,0.07171630859375,8.910201589204693,0.3600843456665256,0.3600843456665256,0.3600843456665256,0.3600843456665256
2,C,12,6.0,0.0,False,q3_evidence,Uniform raw,uniform_raw,1,C,4.0,2.242048755299212,1.757951244700788,1.757951244700788,0.439487811175197,0.172210693359375,5.64180520480801,0.22501775932170084,0.22501775932170084,0.22501775932170084,0.22501775932170084
2,C,12,6.0,0.12,True,q3_evidence,PCS raw,pcs_raw,1,C,3.996679855921233,2.2930489448555753,1.7036309110656576,1.7036309110656576,0.4267377637861062,0.173736572265625,5.397996850710738,0.21806475661640418,0.21806475661640418,0.21806475661640418,0.21806475661640418
2,C,12,6.0,0.16,True,q3_evidence,PCS raw,pcs_raw,1,C,3.9941028013225788,2.2989490490273075,1.6951537522952713,1.6951537522952713,0.42526273774317314,0.172210693359375,5.340779627759646,0.21697968029379475,0.21697968029379475,0.21697968029379475,0.21697968029379475
2,C,12,6.0,0.2,True,q3_evidence,PCS raw,pcs_raw,1,C,3.990796214317659,2.3554562335153717,1.6353399808022875,1.6353399808022875,0.4111359416211571,0.17633056640625,5.096797526471964,0.20932351754269282,0.20932351754269282,0.20932351754269282,0.20932351754269282
2,C,12,6.0,0.24,True,q3_evidence,PCS raw,pcs_raw,1,C,3.9867651399345525,2.2746665028747577,1.7120986370597948,1.7120986370597948,0.4313333742813106,0.16937255859375,5.336021372289556,0.21914862554365375,0.21914862554365375,0.21914862554365375,0.21914862554365375
2,C,12,6.0,0.28,True,q3_evidence,PCS raw,pcs_raw,1,C,3.982015709386646,2.313472357242126,1.6685433521445199,1.6685433521445199,0.4216319106894685,0.1697998046875,5.143660467759224,0.21357354907449855,0.21357354907449855,0.21357354907449855,0.21357354907449855
2,C,12,6.0,0.32,True,q3_evidence,PCS raw,pcs_raw,1,C,3.976555119443372,2.289457050937445,1.687098068505927,1.687098068505927,0.42763573726563875,0.1680908203125,5.225385560857209,0.21594855276875863,0.21594855276875863,0.21594855276875863,0.21594855276875863
2,C,12,6.0,0.36,True,q3_evidence,PCS raw,pcs_raw,1,C,3.970391608345835,2.314396362718509,1.655995245627326,1.655995245627326,0.4214009093203728,0.166473388671875,5.0979940944972775,0.21196739144029772,0.21196739144029772,0.21196739144029772,0.21196739144029772
2,C+S,6,-2.0,0.0,False,q3_evidence_cs_penalty,Uniform raw,uniform_raw,2,C+S,4.0,0.18740044921839372,3.812599550781606,3.812599550781606,0.9531498876954015,0.0118560791015625,13.776754725963414,0.9760254850000911,0.48801274250004556,0.9760254850000911,0.48801274250004556
2,C+S,6,-2.0,0.12,True,q3_evidence_cs_penalty,PCS raw,pcs_raw,2,C+S,3.996679855921233,0.16612288817726942,3.8305569677439637,3.8305569677439637,0.9584692779556827,0.010498046875,13.721002216124557,0.9806225837424547,0.49031129187122735,0.9806225837424547,0.49031129187122735
2,C+S,6,-2.0,0.16,True,q3_evidence_cs_penalty,PCS raw,pcs_raw,2,C+S,3.9941028013225788,0.15463059576890736,3.8394722055536716,3.8394722055536716,0.9613423510577732,0.0095367431640625,13.731614025866026,0.9829048846217399,0.49145244231086993,0.9829048846217399,0.49145244231086993
2,C+S,6,-2.0,0.2,True,q3_evidence_cs_penalty,PCS raw,pcs_raw,2,C+S,3.990796214317659,0.1499166070368086,3.8408796072808506,3.8408796072808506,0.9625208482407979,0.0094757080078125,13.736248956467804,0.9832651794638978,0.4916325897319489,0.9832651794638978,0.4916325897319489
2,C+S,6,-2.0,0.24,True,q3_evidence_cs_penalty,PCS raw,pcs_raw,2,C+S,3.9867651399345525,0.1451829782081675,3.841582161726385,3.841582161726385,0.9637042554479581,0.0095062255859375,13.73051285655825,0.9834450334019545,0.4917225167009773,0.9834450334019545,0.4917225167009773
2,C+S,6,-2.0,0.28,True,q3_evidence_cs_penalty,PCS raw,pcs_raw,2,C+S,3.982015709386646,0.14294482786650548,3.8390708815201404,3.8390708815201404,0.9642637930333736,0.0089874267578125,13.698214457574153,0.9828021456691559,0.49140107283457796,0.9828021456691559,0.49140107283457796
2,C+S,6,-2.0,0.32,True,q3_evidence_cs_penalty,PCS raw,pcs_raw,2,C+S,3.976555119443372,0.13578679942025335,3.840768320023119,3.840768320023119,0.9660533001449367,0.0090484619140625,13.719797385274514,0.9832366899259184,0.4916183449629592,0.9832366899259184,0.4916183449629592
2,C+S,6,-2.0,0.36,True,q3_evidence_cs_penalty,PCS raw,pcs_raw,2,C+S,3.970391608345835,0.13258165301721114,3.8378099553286233,3.8378099553286233,0.9668545867456972,0.00897216796875,13.709066130769944,0.9824793485641277,0.49123967428206383,0.9824793485641277,0.49123967428206383
2,C+S,6,0.0,0.0,False,q3_evidence_cs_penalty,Uniform raw,uniform_raw,2,C+S,4.0,0.20227657127633825,3.7977234287236614,3.7977234287236614,0.9494308571809154,0.0129547119140625,13.576063291845948,0.9722171977532574,0.4861085988766287,0.9722171977532574,0.4861085988766287
2,C+S,6,0.0,0.12,True,q3_evidence_cs_penalty,PCS raw,pcs_raw,2,C+S,3.996679855921233,0.18336582069638294,3.81331403522485,3.81331403522485,0.9541585448259042,0.0117950439453125,13.539066101235548,0.9762083930175616,0.4881041965087808,0.9762083930175616,0.4881041965087808
2,C+S,6,0.0,0.16,True,q3_evidence_cs_penalty,PCS raw,pcs_raw,2,C+S,3.9941028013225788,0.17756713092170123,3.8165356704008775,3.8165356704008775,0.9556082172695747,0.0112457275390625,13.53302325134506,0.9770331316226246,0.4885165658113123,0.9770331316226246,0.4885165658113123
2,C+S,6,0.0,0.2,True,q3_evidence_cs_penalty,PCS raw,pcs_raw,2,C+S,3.990796214317659,0.17528547996355356,3.8155107343541053,3.8155107343541053,0.9561786300091115,0.010955810546875,13.516259361339218,0.976770747994651,0.4883853739973255,0.976770747994651,0.4883853739973255
2,C+S,6,0.0,0.24,True,q3_evidence_cs_penalty,PCS raw,pcs_raw,2,C+S,3.9867651399345525,0.16777147210499896,3.8189936678295533,3.8189936678295533,0.9580571319737503,0.0107269287109375,13.583413184831906,0.9776623789643657,0.48883118948218285,0.9776623789643657,0.48883118948218285
2,C+S,6,0.0,0.28,True,q3_evidence_cs_penalty,PCS raw,pcs_raw,2,C+S,3.982015709386646,0.15636641814083563,3.8256492912458104,3.8256492912458104,0.9609083954647911,0.00994873046875,13.547400416501475,0.9793662185589275,0.48968310927946374,0.9793662185589275,0.48968310927946374
2,C+S,6,0.0,0.32,True,q3_evidence_cs_penalty,PCS raw,pcs_raw,2,C+S,3.976555119443372,0.15095746552330191,3.8255976539200702,3.8255976539200702,0.9622606336191746,0.0096588134765625,13.573598969351425,0.9793529994035379,0.48967649970176896,0.9793529994035379,0.48967649970176896
2,C+S,6,0.0,0.36,True,q3_evidence_cs_penalty,PCS raw,pcs_raw,2,C+S,3.970391608345835,0.147432461469467,3.822959146876368,3.822959146876368,0.9631418846326333,0.009490966796875,13.53027654155203,0.9786775416003501,0.48933877080017507,0.9786775416003501,0.48933877080017507
2,C+S,6,2.0,0.0,False,q3_evidence_cs_penalty,Uniform raw,uniform_raw,2,C+S,4.0,0.2706660567677639,3.729333943232236,3.729333943232236,0.932333485808059,0.017333984375,13.121742117113701,0.9547094894674524,0.4773547447337262,0.9547094894674524,0.4773547447337262
2,C+S,6,2.0,0.12,True,q3_evidence_cs_penalty,PCS raw,pcs_raw,2,C+S,3.996679855921233,0.2393757610074036,3.757304094913829,3.757304094913829,0.9401560597481491,0.015106201171875,13.116062727590425,0.9618698482979403,0.48093492414897016,0.9618698482979403,0.48093492414897016
2,C+S,6,2.0,0.16,True,q3_evidence_cs_penalty,PCS raw,pcs_raw,2,C+S,3.9941028013225788,0.23634531793889504,3.757757483383684,3.757757483383684,0.9409136705152763,0.014923095703125,13.103430035028897,0.9619859157462232,0.4809929578731116,0.9619859157462232,0.4809929578731116
2,C+S,6,2.0,0.2,True,q3_evidence_cs_penalty,PCS raw,pcs_raw,2,C+S,3.990796214317659,0.23300954476969687,3.7577866695479623,3.7577866695479623,0.9417476138075758,0.0150299072265625,12.968348499639502,0.9619933874042783,0.48099669370213916,0.9619933874042783,0.48099669370213916
2,C+S,6,2.0,0.24,True,q3_evidence_cs_penalty,PCS raw,pcs_raw,2,C+S,3.9867651399345525,0.22764826958840823,3.759116870346144,3.759116870346144,0.9430879326028979,0.0142059326171875,13.00587338990063,0.9623339188086129,0.4811669594043064,0.9623339188086129,0.4811669594043064
2,C+S,6,2.0,0.28,True,q3_evidence_cs_penalty,PCS raw,pcs_raw,2,C+S,3.982015709386646,0.2158445546753858,3.76617115471126,3.76617115471126,0.9460388613311536,0.0139312744140625,13.06784778166606,0.9641398156060826,0.4820699078030413,0.9641398156060826,0.4820699078030413
2,C+S,6,2.0,0.32,True,q3_evidence_cs_penalty,PCS raw,pcs_raw,2,C+S,3.976555119443372,0.20552849370175214,3.7710266257416194,3.7710266257416194,0.9486178765745619,0.01263427734375,13.049074859329483,0.9653828161898546,0.4826914080949273,0.9653828161898546,0.4826914080949273
2,C+S,6,2.0,0.36,True,q3_evidence_cs_penalty,PCS raw,pcs_raw,2,C+S,3.970391608345835,0.20350609711826975,3.766885511227565,3.766885511227565,0.9491234757204325,0.0128326416015625,13.026576507895527,0.9643226908742567,0.48216134543712835,0.9643226908742567,0.48216134543712835
2,C+S,6,4.0,0.0,False,q3_evidence_cs_penalty,Uniform raw,uniform_raw,2,C+S,4.0,0.44786064611167925,3.552139353888321,3.552139353888321,0.8880348384720802,0.0283203125,12.07722822185827,0.9093476745954101,0.45467383729770505,0.9093476745954101,0.45467383729770505
2,C+S,6,4.0,0.12,True,q3_evidence_cs_penalty,PCS raw,pcs_raw,2,C+S,3.996679855921233,0.3990374223662704,3.597642433554962,3.597642433554962,0.9002406444084323,0.0245361328125,12.133413358815606,0.9209964629900704,0.4604982314950352,0.9209964629900704,0.4604982314950352
2,C+S,6,4.0,0.16,True,q3_evidence_cs_penalty,PCS raw,pcs_raw,2,C+S,3.9941028013225788,0.3933605210029653,3.6007422803196136,3.6007422803196136,0.9016598697492587,0.0243988037109375,12.120983886942087,0.9217900237618211,0.46089501188091053,0.9217900237618211,0.46089501188091053
2,C+S,6,4.0,0.2,True,q3_evidence_cs_penalty,PCS raw,pcs_raw,2,C+S,3.990796214317659,0.3819066111868792,3.60888960313078,3.60888960313078,0.9045233472032802,0.0235595703125,12.133492062754202,0.9238757384014796,0.4619378692007398,0.9238757384014796,0.4619378692007398
2,C+S,6,4.0,0.24,True,q3_evidence_cs_penalty,PCS raw,pcs_raw,2,C+S,3.9867651399345525,0.38767787670093357,3.599087263233619,3.599087263233619,0.9030805308247667,0.0239715576171875,12.067494143648329,0.9213663393878064,0.4606831696939032,0.9213663393878064,0.4606831696939032
2,C+S,6,4.0,0.28,True,q3_evidence_cs_penalty,PCS raw,pcs_raw,2,C+S,3.982015709386646,0.3914196355089665,3.5905960738776797,3.5905960738776797,0.9021450911227584,0.024322509765625,11.991300872181359,0.919192594912686,0.459596297456343,0.919192594912686,0.459596297456343
2,C+S,6,4.0,0.32,True,q3_evidence_cs_penalty,PCS raw,pcs_raw,2,C+S,3.976555119443372,0.38851982687887393,3.588035292564498,3.588035292564498,0.9028700432802815,0.0235137939453125,11.939565959408062,0.9185370348965115,0.45926851744825575,0.9185370348965115,0.45926851744825575
2,C+S,6,4.0,0.36,True,q3_evidence_cs_penalty,PCS raw,pcs_raw,2,C+S,3.970391608345835,0.3761032061704038,3.5942884021754313,3.5942884021754313,0.905974198457399,0.0233917236328125,11.969517116142008,0.9201378309569104,0.4600689154784552,0.9201378309569104,0.4600689154784552
2,C+S,6,6.0,0.0,False,q3_evidence_cs_penalty,Uniform raw,uniform_raw,2,C+S,4.0,0.8354176419445705,3.1645823580554295,3.1645823580554295,0.7911455895138574,0.0540313720703125,10.459136841377697,0.81013308366219,0.405066541831095,0.81013308366219,0.405066541831095
2,C+S,6,6.0,0.12,True,q3_evidence_cs_penalty,PCS raw,pcs_raw,2,C+S,3.996679855921233,0.8333760328176054,3.1633038231036275,3.1633038231036275,0.7916559917955986,0.0541534423828125,10.252696050677063,0.8098057787145286,0.4049028893572643,0.8098057787145286,0.4049028893572643
2,C+S,6,6.0,0.16,True,q3_evidence_cs_penalty,PCS raw,pcs_raw,2,C+S,3.9941028013225788,0.8338582378649486,3.1602445634576304,3.1602445634576304,0.7915354405337629,0.0525360107421875,10.240347628278103,0.8090226082451533,0.40451130412257663,0.8090226082451533,0.40451130412257663
2,C+S,6,6.0,0.2,True,q3_evidence_cs_penalty,PCS raw,pcs_raw,2,C+S,3.990796214317659,0.8267496756532007,3.1640465386644587,3.1640465386644587,0.7933125810866999,0.0518798828125,10.201439413370927,0.8099959138981014,0.4049979569490507,0.8099959138981014,0.4049979569490507
2,C+S,6,6.0,0.24,True,q3_evidence_cs_penalty,PCS raw,pcs_raw,2,C+S,3.9867651399345525,0.8334428296035208,3.1533223103310317,3.1533223103310317,0.7916392925991198,0.0529937744140625,10.082862729149063,0.8072505114447441,0.40362525572237207,0.8072505114447441,0.40362525572237207
2,C+S,6,6.0,0.28,True,q3_evidence_cs_penalty,PCS raw,pcs_raw,2,C+S,3.982015709386646,0.8289323171417154,3.1530833922449304,3.1530833922449304,0.7927669207145711,0.0527801513671875,10.024290652853121,0.8071893484147022,0.4035946742073511,0.8071893484147022,0.4035946742073511
2,C+S,6,6.0,0.32,True,q3_evidence_cs_penalty,PCS raw,pcs_raw,2,C+S,3.976555119443372,0.7909759963969625,3.1855791230464092,3.1855791230464092,0.8022560009007593,0.0489959716796875,10.102935292761085,0.8155082554998807,0.40775412774994035,0.8155082554998807,0.40775412774994035
2,C+S,6,6.0,0.36,True,q3_evidence_cs_penalty,PCS raw,pcs_raw,2,C+S,3.970391608345835,0.8260970425590216,3.1442945657868133,3.1442945657868133,0.7934757393602445,0.0510101318359375,9.997307075886038,0.8049394088414242,0.4024697044207121,0.8049394088414242,0.4024697044207121
2,C+S,8,-2.0,0.0,False,q3_evidence_cs_penalty,Uniform raw,uniform_raw,2,C+S,4.0,0.20820702402091257,3.7917929759790874,3.7917929759790874,0.9479482439947718,0.0140838623046875,13.565370509623069,0.9706990018506464,0.4853495009253232,0.9706990018506464,0.4853495009253232
2,C+S,8,-2.0,0.12,True,q3_evidence_cs_penalty,PCS raw,pcs_raw,2,C+S,3.996679855921233,0.18285016578383623,3.8138296901373967,3.8138296901373967,0.954287458554041,0.0113067626953125,13.555701441441606,0.9763404006751736,0.4881702003375868,0.9763404006751736,0.4881702003375868
2,C+S,8,-2.0,0.16,True,q3_evidence_cs_penalty,PCS raw,pcs_raw,2,C+S,3.9941028013225788,0.17589945567203066,3.8182033456505478,3.8182033456505478,0.9560251360819922,0.0112762451171875,13.550651206556832,0.9774600564865403,0.48873002824327016,0.9774600564865403,0.48873002824327016
2,C+S,8,-2.0,0.2,True,q3_evidence_cs_penalty,PCS raw,pcs_raw,2,C+S,3.990796214317659,0.17263931743639266,3.8181568968812662,3.8181568968812662,0.9568401706409018,0.0105743408203125,13.530716333431954,0.9774481656016042,0.4887240828008021,0.9774481656016042,0.4887240828008021
2,C+S,8,-2.0,0.24,True,q3_evidence_cs_penalty,PCS raw,pcs_raw,2,C+S,3.9867651399345525,0.16260092006577942,3.824164219868773,3.824164219868773,0.9593497699835551,0.010650634765625,13.54711264682096,0.9789860402864059,0.48949302014320295,0.9789860402864059,0.48949302014320295
2,C+S,8,-2.0,0.28,True,q3_evidence_cs_penalty,PCS raw,pcs_raw,2,C+S,3.982015709386646,0.16041338032711722,3.8216023290595285,3.8216023290595285,0.9598966549182206,0.01025390625,13.517783243260205,0.9783301962392394,0.4891650981196197,0.9783301962392394,0.4891650981196197
2,C+S,8,-2.0,0.32,True,q3_evidence_cs_penalty,PCS raw,pcs_raw,2,C+S,3.976555119443372,0.15397456028327838,3.8225805591600936,3.8225805591600936,0.9615063599291804,0.0099334716796875,13.578115420405712,0.978580623144984,0.489290311572492,0.978580623144984,0.489290311572492
2,C+S,8,-2.0,0.36,True,q3_evidence_cs_penalty,PCS raw,pcs_raw,2,C+S,3.970391608345835,0.15929477557417016,3.8110968327716646,3.8110968327716646,0.9601763061064574,0.0103302001953125,13.508387138028287,0.9756407891895461,0.48782039459477305,0.9756407891895461,0.48782039459477305
2,C+S,8,0.0,0.0,False,q3_evidence_cs_penalty,Uniform raw,uniform_raw,2,C+S,4.0,0.24869692453822673,3.7513030754617733,3.7513030754617733,0.9378257688654433,0.0158233642578125,13.229236422555314,0.9603335873182139,0.48016679365910697,0.9603335873182139,0.48016679365910697
2,C+S,8,0.0,0.12,True,q3_evidence_cs_penalty,PCS raw,pcs_raw,2,C+S,3.996679855921233,0.23063719110226227,3.7660426648189707,3.7660426648189707,0.9423407022244344,0.01409912109375,13.228296633751402,0.9641069221936565,0.48205346109682823,0.9641069221936565,0.48205346109682823
2,C+S,8,0.0,0.16,True,q3_evidence_cs_penalty,PCS raw,pcs_raw,2,C+S,3.9941028013225788,0.2273491289396723,3.7667536723829063,3.7667536723829063,0.9431627177650819,0.01446533203125,13.197783299198912,0.9642889401300241,0.48214447006501204,0.9642889401300241,0.48214447006501204
2,C+S,8,0.0,0.2,True,q3_evidence_cs_penalty,PCS raw,pcs_raw,2,C+S,3.990796214317659,0.21600028551743095,3.7747959288002284,3.7747959288002284,0.9459999286206423,0.013916015625,13.20731198412305,0.9663477577728585,0.48317387888642926,0.9663477577728585,0.48317387888642926
2,C+S,8,0.0,0.24,True,q3_evidence_cs_penalty,PCS raw,pcs_raw,2,C+S,3.9867651399345525,0.20561687631355258,3.7811482636209996,3.7811482636209996,0.9485957809216119,0.01324462890625,13.215195713505121,0.967973955486976,0.483986977743488,0.967973955486976,0.483986977743488
2,C+S,8,0.0,0.28,True,q3_evidence_cs_penalty,PCS raw,pcs_raw,2,C+S,3.982015709386646,0.2056977766116841,3.776317932774962,3.776317932774962,0.948575555847079,0.0130157470703125,13.139548882294685,0.9667373907903902,0.4833686953951951,0.9667373907903902,0.4833686953951951
2,C+S,8,0.0,0.32,True,q3_evidence_cs_penalty,PCS raw,pcs_raw,2,C+S,3.976555119443372,0.1893283174621345,3.7872268019812374,3.7872268019812374,0.9526679206344664,0.0121307373046875,13.181821315716848,0.9695300613071968,0.4847650306535984,0.9695300613071968,0.4847650306535984
2,C+S,8,0.0,0.36,True,q3_evidence_cs_penalty,PCS raw,pcs_raw,2,C+S,3.970391608345835,0.19650194427117673,3.773889664074658,3.773889664074658,0.9508745139322058,0.0128173828125,13.127021347463208,0.9661157540031124,0.4830578770015562,0.9661157540031124,0.4830578770015562
2,C+S,8,2.0,0.0,False,q3_evidence_cs_penalty,Uniform raw,uniform_raw,2,C+S,4.0,0.3769827853454102,3.62301721465459,3.62301721465459,0.9057543036636475,0.024444580078125,12.549986759993642,0.927492406951575,0.4637462034757875,0.927492406951575,0.4637462034757875
2,C+S,8,2.0,0.12,True,q3_evidence_cs_penalty,PCS raw,pcs_raw,2,C+S,3.996679855921233,0.3476574108761236,3.649022445045109,3.649022445045109,0.9130856472809691,0.021575927734375,12.429502002454772,0.934149745931548,0.467074872965774,0.934149745931548,0.467074872965774
2,C+S,8,2.0,0.16,True,q3_evidence_cs_penalty,PCS raw,pcs_raw,2,C+S,3.9941028013225788,0.35347280392606534,3.6406299973965135,3.6406299973965135,0.9116317990184837,0.021881103515625,12.39963470343072,0.9320012793335075,0.46600063966675376,0.9320012793335075,0.46600063966675376
2,C+S,8,2.0,0.2,True,q3_evidence_cs_penalty,PCS raw,pcs_raw,2,C+S,3.990796214317659,0.34513428097902676,3.6456619333386326,3.6456619333386326,0.9137164297552434,0.0211029052734375,12.336699698758718,0.93328945493469,0.466644727467345,0.93328945493469,0.466644727467345
2,C+S,8,2.0,0.24,True,q3_evidence_cs_penalty,PCS raw,pcs_raw,2,C+S,3.9867651399345525,0.3158544812894866,3.6709106586450657,3.6709106586450657,0.9210363796776284,0.0200042724609375,12.374485990740688,0.9397531286131369,0.46987656430656843,0.9397531286131369,0.46987656430656843
2,C+S,8,2.0,0.28,True,q3_evidence_cs_penalty,PCS raw,pcs_raw,2,C+S,3.982015709386646,0.3232657611915333,3.658749948195113,3.658749948195113,0.9191835597021167,0.02032470703125,12.305015681459029,0.9366399867379489,0.46831999336897445,0.9366399867379489,0.46831999336897445
2,C+S,8,2.0,0.32,True,q3_evidence_cs_penalty,PCS raw,pcs_raw,2,C+S,3.976555119443372,0.30904907037044294,3.667506049072929,3.667506049072929,0.9227377324073893,0.0191650390625,12.382708068674301,0.9388815485626698,0.4694407742813349,0.9388815485626698,0.4694407742813349
2,C+S,8,2.0,0.36,True,q3_evidence_cs_penalty,PCS raw,pcs_raw,2,C+S,3.970391608345835,0.32077559909646214,3.649616009249373,3.649616009249373,0.9198061002258845,0.0199737548828125,12.247965950065609,0.9343016983678394,0.4671508491839197,0.9343016983678394,0.4671508491839197
2,C+S,8,4.0,0.0,False,q3_evidence_cs_penalty,Uniform raw,uniform_raw,2,C+S,4.0,0.7296967184357084,3.2703032815642916,3.2703032815642916,0.8175758203910729,0.0458526611328125,10.846129798121268,0.8371976400804586,0.4185988200402293,0.8371976400804586,0.4185988200402293
2,C+S,8,4.0,0.12,True,q3_evidence_cs_penalty,PCS raw,pcs_raw,2,C+S,3.996679855921233,0.6823982673586482,3.3142815885625847,3.3142815885625847,0.829400433160338,0.0421142578125,10.901370223196201,0.8484560866720217,0.42422804333601083,0.8484560866720217,0.42422804333601083
2,C+S,8,4.0,0.16,True,q3_evidence_cs_penalty,PCS raw,pcs_raw,2,C+S,3.9941028013225788,0.7014256067111462,3.2926771946114326,3.2926771946114326,0.8246435983222135,0.042755126953125,10.714059467893938,0.8429253618205268,0.4214626809102634,0.8429253618205268,0.4214626809102634
2,C+S,8,4.0,0.2,True,q3_evidence_cs_penalty,PCS raw,pcs_raw,2,C+S,3.990796214317659,0.6770548259883382,3.313741388329321,3.313741388329321,0.8307362935029154,0.0411834716796875,10.805740451844175,0.8483177954123061,0.42415889770615306,0.8483177954123061,0.42415889770615306
2,C+S,8,4.0,0.24,True,q3_evidence_cs_penalty,PCS raw,pcs_raw,2,C+S,3.9867651399345525,0.6896582855215604,3.2971068544129922,3.2971068544129922,0.8275854286196098,0.0420074462890625,10.719197689206329,0.8440593547297259,0.42202967736486297,0.8440593547297259,0.42202967736486297
2,C+S,8,4.0,0.28,True,q3_evidence_cs_penalty,PCS raw,pcs_raw,2,C+S,3.982015709386646,0.7079799488443645,3.274035760542281,3.274035760542281,0.8230050127889088,0.04437255859375,10.548277007128451,0.838153154698824,0.419076577349412,0.838153154698824,0.419076577349412
2,C+S,8,4.0,0.32,True,q3_evidence_cs_penalty,PCS raw,pcs_raw,2,C+S,3.976555119443372,0.6639326285039409,3.312622490939431,3.312622490939431,0.8340168428740148,0.040283203125,10.708225725952868,0.8480313576804943,0.42401567884024716,0.8480313576804943,0.42401567884024716
2,C+S,8,4.0,0.36,True,q3_evidence_cs_penalty,PCS raw,pcs_raw,2,C+S,3.970391608345835,0.6798895414412895,3.290502066904545,3.290502066904545,0.8300276146396777,0.04156494140625,10.555152959546536,0.8423685291275635,0.4211842645637818,0.8423685291275635,0.4211842645637818
2,C+S,8,6.0,0.0,False,q3_evidence_cs_penalty,Uniform raw,uniform_raw,2,C+S,4.0,1.4104812553797723,2.5895187446202277,2.5895187446202277,0.6473796861550569,0.09515380859375,8.31502826371116,0.6629167986227782,0.3314583993113891,0.6629167986227782,0.3314583993113891
2,C+S,8,6.0,0.12,True,q3_evidence_cs_penalty,PCS raw,pcs_raw,2,C+S,3.996679855921233,1.424710059374601,2.571969796546632,2.571969796546632,0.6438224851563498,0.0954742431640625,8.185689362483906,0.6584242679159378,0.3292121339579689,0.6584242679159378,0.3292121339579689
2,C+S,8,6.0,0.16,True,q3_evidence_cs_penalty,PCS raw,pcs_raw,2,C+S,3.9941028013225788,1.4571560847765104,2.536946716546068,2.536946716546068,0.6357109788058724,0.0988006591796875,7.964583737638579,0.6494583594357934,0.3247291797178967,0.6494583594357934,0.3247291797178967
2,C+S,8,6.0,0.2,True,q3_evidence_cs_penalty,PCS raw,pcs_raw,2,C+S,3.990796214317659,1.4604507576835895,2.5303454566340697,2.5303454566340697,0.6348873105791026,0.097412109375,7.8631115344281515,0.6477684368983219,0.32388421844916093,0.6477684368983219,0.32388421844916093
2,C+S,8,6.0,0.24,True,q3_evidence_cs_penalty,PCS raw,pcs_raw,2,C+S,3.9867651399345525,1.4292510484827072,2.5575140914518455,2.5575140914518455,0.6426872378793231,0.094757080078125,7.999676331551125,0.6547236074116725,0.32736180370583623,0.6547236074116725,0.32736180370583623
2,C+S,8,6.0,0.28,True,q3_evidence_cs_penalty,PCS raw,pcs_raw,2,C+S,3.982015709386646,1.441641520671821,2.540374188714825,2.540374188714825,0.6395896198320448,0.094573974609375,7.856310324913199,0.6503357923109953,0.3251678961554976,0.6503357923109953,0.3251678961554976
2,C+S,8,6.0,0.32,True,q3_evidence_cs_penalty,PCS raw,pcs_raw,2,C+S,3.976555119443372,1.4541059658697582,2.5224491535736138,2.5224491535736138,0.6364735085325605,0.0965728759765625,7.782265747551978,0.645746983314845,0.3228734916574225,0.645746983314845,0.3228734916574225
2,C+S,8,6.0,0.36,True,q3_evidence_cs_penalty,PCS raw,pcs_raw,2,C+S,3.970391608345835,1.4655253317277461,2.5048662766180887,2.5048662766180887,0.6336186670680635,0.0964202880859375,7.697025912942753,0.6412457668142306,0.3206228834071153,0.6412457668142306,0.3206228834071153
2,C+S,10,-2.0,0.0,False,q3_evidence_cs_penalty,Uniform raw,uniform_raw,2,C+S,4.0,0.2396363044415796,3.7603636955584205,3.7603636955584205,0.9400909238896051,0.01531982421875,13.337598380750272,0.9626531060629555,0.48132655303147776,0.9626531060629555,0.48132655303147776
2,C+S,10,-2.0,0.12,True,q3_evidence_cs_penalty,PCS raw,pcs_raw,2,C+S,3.996679855921233,0.20885701671075804,3.7878228392104747,3.7878228392104747,0.9477857458223105,0.0137481689453125,13.308261817065368,0.9696826468378814,0.4848413234189407,0.9696826468378814,0.4848413234189407
2,C+S,10,-2.0,0.16,True,q3_evidence_cs_penalty,PCS raw,pcs_raw,2,C+S,3.9941028013225788,0.2036677771502381,3.7904350241723406,3.7904350241723406,0.9490830557124404,0.0128173828125,13.339456613032363,0.9703513661881191,0.48517568309405956,0.9703513661881191,0.48517568309405956
2,C+S,10,-2.0,0.2,True,q3_evidence_cs_penalty,PCS raw,pcs_raw,2,C+S,3.990796214317659,0.19407651339764606,3.796719700920013,3.796719700920013,0.9514808716505885,0.0126953125,13.3280241740252,0.9719602434355235,0.4859801217177617,0.9719602434355235,0.4859801217177617
2,C+S,10,-2.0,0.24,True,q3_evidence_cs_penalty,PCS raw,pcs_raw,2,C+S,3.9867651399345525,0.19298613543185145,3.793779004502701,3.793779004502701,0.9517534661420372,0.0122222900390625,13.286720173553306,0.9712074251526914,0.4856037125763457,0.9712074251526914,0.4856037125763457
2,C+S,10,-2.0,0.28,True,q3_evidence_cs_penalty,PCS raw,pcs_raw,2,C+S,3.982015709386646,0.1872320127316519,3.794783696654994,3.794783696654994,0.953191996817087,0.01220703125,13.309653235224538,0.9714646263436784,0.4857323131718392,0.9714646263436784,0.4857323131718392
2,C+S,10,-2.0,0.32,True,q3_evidence_cs_penalty,PCS raw,pcs_raw,2,C+S,3.976555119443372,0.18287805063228363,3.793677068811088,3.793677068811088,0.954280487341929,0.0114898681640625,13.292456208304742,0.9711813296156386,0.4855906648078193,0.9711813296156386,0.4855906648078193
2,C+S,10,-2.0,0.36,True,q3_evidence_cs_penalty,PCS raw,pcs_raw,2,C+S,3.970391608345835,0.18153563363400987,3.788855974711825,3.788855974711825,0.9546160915914976,0.01165771484375,13.231272165575644,0.9699471295262272,0.4849735647631136,0.9699471295262272,0.4849735647631136
2,C+S,10,0.0,0.0,False,q3_evidence_cs_penalty,Uniform raw,uniform_raw,2,C+S,4.0,0.31187557320418335,3.6881244267958166,3.6881244267958166,0.9220311066989542,0.0202178955078125,12.852942480776308,0.9441598532597291,0.47207992662986453,0.9441598532597291,0.47207992662986453
2,C+S,10,0.0,0.12,True,q3_evidence_cs_penalty,PCS raw,pcs_raw,2,C+S,3.996679855921233,0.3023127883481649,3.6943670675730678,3.6943670675730678,0.9244218029129587,0.018585205078125,12.771811547093154,0.9457579692987055,0.47287898464935274,0.9457579692987055,0.47287898464935274
2,C+S,10,0.0,0.16,True,q3_evidence_cs_penalty,PCS raw,pcs_raw,2,C+S,3.9941028013225788,0.2958928087756909,3.6982099925468876,3.6982099925468876,0.9260267978060772,0.01910400390625,12.70129607300783,0.9467417580920032,0.4733708790460016,0.9467417580920032,0.4733708790460016
2,C+S,10,0.0,0.2,True,q3_evidence_cs_penalty,PCS raw,pcs_raw,2,C+S,3.990796214317659,0.2824450515699198,3.7083511627477392,3.7083511627477392,0.92938873710752,0.017822265625,12.78510395458879,0.9493378976634212,0.4746689488317106,0.9493378976634212,0.4746689488317106
2,C+S,10,0.0,0.24,True,q3_evidence_cs_penalty,PCS raw,pcs_raw,2,C+S,3.9867651399345525,0.27316352607522265,3.7136016138593297,3.7136016138593297,0.9317091184811943,0.0178680419921875,12.724353454531748,0.9506820131479885,0.47534100657399425,0.9506820131479885,0.47534100657399425
2,C+S,10,0.0,0.28,True,q3_evidence_cs_penalty,PCS raw,pcs_raw,2,C+S,3.982015709386646,0.2567043391197041,3.725311370266942,3.725311370266942,0.935823915220074,0.0163116455078125,12.734168437722783,0.9536797107883372,0.4768398553941686,0.9536797107883372,0.4768398553941686
2,C+S,10,0.0,0.32,True,q3_evidence_cs_penalty,PCS raw,pcs_raw,2,C+S,3.976555119443372,0.24691029975778345,3.7296448196855883,3.7296448196855883,0.9382724250605541,0.015716552734375,12.759107833286148,0.9547890738395107,0.47739453691975536,0.9547890738395107,0.47739453691975536
2,C+S,10,0.0,0.36,True,q3_evidence_cs_penalty,PCS raw,pcs_raw,2,C+S,3.970391608345835,0.2629835537398989,3.707408054605936,3.707408054605936,0.9342541115650252,0.0166778564453125,12.617998428758682,0.9490964619791196,0.4745482309895598,0.9490964619791196,0.4745482309895598
2,C+S,10,2.0,0.0,False,q3_evidence_cs_penalty,Uniform raw,uniform_raw,2,C+S,4.0,0.5411329200924245,3.4588670799075754,3.4588670799075754,0.8647167699768938,0.0333709716796875,11.744038281856277,0.8854699724563393,0.44273498622816965,0.8854699724563393,0.44273498622816965
2,C+S,10,2.0,0.12,True,q3_evidence_cs_penalty,PCS raw,pcs_raw,2,C+S,3.996679855921233,0.5153388268981467,3.481341029023086,3.481341029023086,0.8711652932754633,0.0320281982421875,11.663113385910828,0.8912233034299102,0.4456116517149551,0.8912233034299102,0.4456116517149551
2,C+S,10,2.0,0.16,True,q3_evidence_cs_penalty,PCS raw,pcs_raw,2,C+S,3.9941028013225788,0.5384668838520223,3.4556359174705564,3.4556359174705564,0.8653832790369944,0.03228759765625,11.4138670061006,0.8846427948724624,0.4423213974362312,0.8846427948724624,0.4423213974362312
2,C+S,10,2.0,0.2,True,q3_evidence_cs_penalty,PCS raw,pcs_raw,2,C+S,3.990796214317659,0.5107893732966007,3.4800068410210585,3.4800068410210585,0.8723026566758498,0.0307159423828125,11.509460285065472,0.8908817513013909,0.44544087565069546,0.8908817513013909,0.44544087565069546
2,C+S,10,2.0,0.24,True,q3_evidence_cs_penalty,PCS raw,pcs_raw,2,C+S,3.9867651399345525,0.5043384429924382,3.482426696942114,3.482426696942114,0.8739153892518904,0.03076171875,11.509487639322625,0.8915012344171812,0.4457506172085906,0.8915012344171812,0.4457506172085906
2,C+S,10,2.0,0.28,True,q3_evidence_cs_penalty,PCS raw,pcs_raw,2,C+S,3.982015709386646,0.5100283009112636,3.4719874084753823,3.4719874084753823,0.8724929247721841,0.0311279296875,11.418799311468657,0.8888287765696978,0.4444143882848489,0.8888287765696978,0.4444143882848489
2,C+S,10,2.0,0.32,True,q3_evidence_cs_penalty,PCS raw,pcs_raw,2,C+S,3.976555119443372,0.5008905767319038,3.475664542711468,3.475664542711468,0.874777355817024,0.029571533203125,11.41126589629783,0.8897701229341358,0.4448850614670679,0.8897701229341358,0.4448850614670679
2,C+S,10,2.0,0.36,True,q3_evidence_cs_penalty,PCS raw,pcs_raw,2,C+S,3.970391608345835,0.4786072574618717,3.4917843508839628,3.4917843508839628,0.8803481856345321,0.0289459228515625,11.453819278248725,0.8938967938262945,0.44694839691314725,0.8938967938262945,0.44694839691314725
2,C+S,10,4.0,0.0,False,q3_evidence_cs_penalty,Uniform raw,uniform_raw,2,C+S,4.0,1.0935753987418106,2.9064246012581894,2.9064246012581894,0.7266061503145473,0.069854736328125,9.452927048989933,0.7440446979220965,0.37202234896104824,0.7440446979220965,0.37202234896104824
2,C+S,10,4.0,0.12,True,q3_evidence_cs_penalty,PCS raw,pcs_raw,2,C+S,3.996679855921233,1.0930373212975175,2.903642534623715,2.903642534623715,0.7267406696756206,0.0680694580078125,9.272072731530375,0.7433324888636711,0.37166624443183555,0.7433324888636711,0.37166624443183555
2,C+S,10,4.0,0.16,True,q3_evidence_cs_penalty,PCS raw,pcs_raw,2,C+S,3.9941028013225788,1.0722014626048635,2.9219013387177153,2.9219013387177153,0.7319496343487841,0.0677947998046875,9.322478732250108,0.7480067427117352,0.3740033713558676,0.7480067427117352,0.3740033713558676
2,C+S,10,4.0,0.2,True,q3_evidence_cs_penalty,PCS raw,pcs_raw,2,C+S,3.990796214317659,1.0849446963179252,2.905851517999734,2.905851517999734,0.7287638259205187,0.0680389404296875,9.181427596311817,0.7438979886079319,0.37194899430396594,0.7438979886079319,0.37194899430396594
2,C+S,10,4.0,0.24,True,q3_evidence_cs_penalty,PCS raw,pcs_raw,2,C+S,3.9867651399345525,1.0799235190265,2.906841620908052,2.906841620908052,0.730019120243375,0.06817626953125,9.182944031162064,0.7441514549524613,0.37207572747623063,0.7441514549524613,0.37207572747623063
2,C+S,10,4.0,0.28,True,q3_evidence_cs_penalty,PCS raw,pcs_raw,2,C+S,3.982015709386646,1.076869942224203,2.905145767162443,2.905145767162443,0.7307825144439493,0.067291259765625,9.07765115156058,0.7437173163935853,0.37185865819679265,0.7437173163935853,0.37185865819679265
2,C+S,10,4.0,0.32,True,q3_evidence_cs_penalty,PCS raw,pcs_raw,2,C+S,3.976555119443372,1.0851324114025913,2.8914227080407806,2.8914227080407806,0.7287168971493522,0.066864013671875,9.071219020191023,0.7402042132584399,0.37010210662921994,0.7402042132584399,0.37010210662921994
2,C+S,10,4.0,0.36,True,q3_evidence_cs_penalty,PCS raw,pcs_raw,2,C+S,3.970391608345835,1.0639349014044333,2.906456706941402,2.906456706941402,0.7340162746488917,0.0673675537109375,9.078254904092525,0.7440529169769989,0.37202645848849947,0.7440529169769989,0.37202645848849947
2,C+S,10,6.0,0.0,False,q3_evidence_cs_penalty,Uniform raw,uniform_raw,2,C+S,4.0,2.0574051354415883,1.9425948645584115,1.9425948645584115,0.48564871613960287,0.15521240234375,6.104209672341158,0.49730428532695337,0.24865214266347668,0.49730428532695337,0.24865214266347668
2,C+S,10,6.0,0.12,True,q3_evidence_cs_penalty,PCS raw,pcs_raw,2,C+S,3.996679855921233,2.0911121214120296,1.9055677345092035,1.9055677345092035,0.47722196964699265,0.1549224853515625,5.866098576991015,0.48782534003435607,0.24391267001717803,0.48782534003435607,0.24391267001717803
2,C+S,10,6.0,0.16,True,q3_evidence_cs_penalty,PCS raw,pcs_raw,2,C+S,3.9941028013225788,2.056812670343634,1.9372901309789448,1.9372901309789448,0.4857968324140915,0.1502685546875,5.924661076351882,0.4959462735306099,0.24797313676530494,0.4959462735306099,0.24797313676530494
2,C+S,10,6.0,0.2,True,q3_evidence_cs_penalty,PCS raw,pcs_raw,2,C+S,3.990796214317659,2.0908108100874374,1.8999854042302218,1.8999854042302218,0.47729729747814065,0.1526031494140625,5.786122052798481,0.48639626348293674,0.24319813174146837,0.48639626348293674,0.24319813174146837
2,C+S,10,6.0,0.24,True,q3_evidence_cs_penalty,PCS raw,pcs_raw,2,C+S,3.9867651399345525,2.0907657926218395,1.8959993473127128,1.8959993473127128,0.4773085518445401,0.1522064208984375,5.71879233872051,0.4853758329120545,0.24268791645602725,0.4853758329120545,0.24268791645602725
2,C+S,10,6.0,0.28,True,q3_evidence_cs_penalty,PCS raw,pcs_raw,2,C+S,3.982015709386646,2.0430362124588237,1.9389794969278225,1.9389794969278225,0.4892409468852941,0.1469268798828125,5.810231958066652,0.4963787512135226,0.2481893756067613,0.4963787512135226,0.2481893756067613
2,C+S,10,6.0,0.32,True,q3_evidence_cs_penalty,PCS raw,pcs_raw,2,C+S,3.976555119443372,2.0913898650195124,1.8851652544238595,1.8851652544238595,0.4771525337451219,0.14959716796875,5.709146150448557,0.482602305132508,0.241301152566254,0.482602305132508,0.241301152566254
2,C+S,10,6.0,0.36,True,q3_evidence_cs_penalty,PCS raw,pcs_raw,2,C+S,3.970391608345835,2.1045771327860052,1.8658144755598298,1.8658144755598298,0.47385571680349875,0.15118408203125,5.594099116842266,0.47764850574331646,0.23882425287165823,0.47764850574331646,0.23882425287165823
2,C+S,12,-2.0,0.0,False,q3_evidence_cs_penalty,Uniform raw,uniform_raw,2,C+S,4.0,0.27316391988233224,3.7268360801176676,3.7268360801176676,0.9317090200294169,0.0183563232421875,13.03564368430525,0.9540700365101229,0.47703501825506145,0.9540700365101229,0.47703501825506145
2,C+S,12,-2.0,0.12,True,q3_evidence_cs_penalty,PCS raw,pcs_raw,2,C+S,3.996679855921233,0.24557205355318962,3.7511078023680433,3.7511078023680433,0.9386069866117026,0.0157928466796875,13.082637069904695,0.9602835974062192,0.4801417987031096,0.9602835974062192,0.4801417987031096
2,C+S,12,-2.0,0.16,True,q3_evidence_cs_penalty,PCS raw,pcs_raw,2,C+S,3.9941028013225788,0.24773201911062795,3.746370782211951,3.746370782211951,0.938066995222343,0.0158843994140625,13.00787191254625,0.9590709202462595,0.47953546012312975,0.9590709202462595,0.47953546012312975
2,C+S,12,-2.0,0.2,True,q3_evidence_cs_penalty,PCS raw,pcs_raw,2,C+S,3.990796214317659,0.23324972140192263,3.7575464929157367,3.7575464929157367,0.9416875696495194,0.014892578125,13.024098812166882,0.9619319021864285,0.4809659510932143,0.9619319021864285,0.4809659510932143
2,C+S,12,-2.0,0.24,True,q3_evidence_cs_penalty,PCS raw,pcs_raw,2,C+S,3.9867651399345525,0.22407457035488043,3.762690569579672,3.762690569579672,0.9439813574112799,0.0142364501953125,13.066042667864057,0.963248785812396,0.481624392906198,0.963248785812396,0.481624392906198
2,C+S,12,-2.0,0.28,True,q3_evidence_cs_penalty,PCS raw,pcs_raw,2,C+S,3.982015709386646,0.2245089751636978,3.757506734222948,3.757506734222948,0.9438727562090755,0.014312744140625,13.047976054763126,0.9619217239610747,0.48096086198053734,0.9619217239610747,0.48096086198053734
2,C+S,12,-2.0,0.32,True,q3_evidence_cs_penalty,PCS raw,pcs_raw,2,C+S,3.976555119443372,0.2174746456403613,3.7590804738030106,3.7590804738030106,0.9456313385899097,0.013763427734375,13.017989756795922,0.9623246012935707,0.48116230064678533,0.9623246012935707,0.48116230064678533
2,C+S,12,-2.0,0.36,True,q3_evidence_cs_penalty,PCS raw,pcs_raw,2,C+S,3.970391608345835,0.20740102355000345,3.7629905847958316,3.7629905847958316,0.9481497441124991,0.01336669921875,13.046229677798317,0.9633255897077329,0.4816627948538664,0.9633255897077329,0.4816627948538664
2,C+S,12,0.0,0.0,False,q3_evidence_cs_penalty,Uniform raw,uniform_raw,2,C+S,4.0,0.40176960002898543,3.5982303999710146,3.5982303999710146,0.8995575999927536,0.0258331298828125,12.339889780179721,0.9211469823925797,0.4605734911962899,0.9211469823925797,0.4605734911962899
2,C+S,12,0.0,0.12,True,q3_evidence_cs_penalty,PCS raw,pcs_raw,2,C+S,3.996679855921233,0.38875994880822556,3.6079199071130073,3.6079199071130073,0.9028100127979436,0.0241851806640625,12.275719084942283,0.9236274962209299,0.46181374811046494,0.9236274962209299,0.46181374811046494
2,C+S,12,0.0,0.16,True,q3_evidence_cs_penalty,PCS raw,pcs_raw,2,C+S,3.9941028013225788,0.36830612285799913,3.62579667846458,3.62579667846458,0.9079234692855003,0.0227813720703125,12.324510429346594,0.9282039496869323,0.46410197484346616,0.9282039496869323,0.46410197484346616
2,C+S,12,0.0,0.2,True,q3_evidence_cs_penalty,PCS raw,pcs_raw,2,C+S,3.990796214317659,0.3574845233219602,3.633311690995699,3.633311690995699,0.9106288691695099,0.0231475830078125,12.313961638734717,0.930127792894899,0.4650638964474495,0.930127792894899,0.4650638964474495
2,C+S,12,0.0,0.24,True,q3_evidence_cs_penalty,PCS raw,pcs_raw,2,C+S,3.9867651399345525,0.3727492728586469,3.6140158670759055,3.6140158670759055,0.9068126817853382,0.0229339599609375,12.179345127288155,0.9251880619714318,0.4625940309857159,0.9251880619714318,0.4625940309857159
2,C+S,12,0.0,0.28,True,q3_evidence_cs_penalty,PCS raw,pcs_raw,2,C+S,3.982015709386646,0.36124864568555115,3.620767063701095,3.620767063701095,0.9096878385786122,0.0226593017578125,12.159134159012748,0.9269163683074804,0.4634581841537402,0.9269163683074804,0.4634581841537402
2,C+S,12,0.0,0.32,True,q3_evidence_cs_penalty,PCS raw,pcs_raw,2,C+S,3.976555119443372,0.3578708402985159,3.6186842791448557,3.6186842791448557,0.9105322899253709,0.0218048095703125,12.120032111013543,0.9263831754610832,0.4631915877305416,0.9263831754610832,0.4631915877305416
2,C+S,12,0.0,0.36,True,q3_evidence_cs_penalty,PCS raw,pcs_raw,2,C+S,3.970391608345835,0.34412255670190184,3.626269051643933,3.626269051643933,0.9139693608245245,0.021636962890625,12.120065350391851,0.9283248772208468,0.4641624386104234,0.9283248772208468,0.4641624386104234
2,C+S,12,2.0,0.0,False,q3_evidence_cs_penalty,Uniform raw,uniform_raw,2,C+S,4.0,0.7576978360348958,3.242302163965104,3.242302163965104,0.810575540991276,0.0470733642578125,10.80359834197392,0.8300293539750667,0.41501467698753336,0.8300293539750667,0.41501467698753336
2,C+S,12,2.0,0.12,True,q3_evidence_cs_penalty,PCS raw,pcs_raw,2,C+S,3.996679855921233,0.7580860299841019,3.238593825937131,3.238593825937131,0.8104784925039745,0.046722412109375,10.586073634921368,0.8290800194399055,0.41454000971995275,0.8290800194399055,0.41454000971995275
2,C+S,12,2.0,0.16,True,q3_evidence_cs_penalty,PCS raw,pcs_raw,2,C+S,3.9941028013225788,0.7457964615546232,3.2483063397679555,3.2483063397679555,0.8135508846113442,0.0457000732421875,10.55570401152068,0.8315664229805966,0.4157832114902983,0.8315664229805966,0.4157832114902983
2,C+S,12,2.0,0.2,True,q3_evidence_cs_penalty,PCS raw,pcs_raw,2,C+S,3.990796214317659,0.7239752603353131,3.266820953982346,3.266820953982346,0.8190061849161717,0.0440673828125,10.599317496329403,0.8363061642194806,0.4181530821097403,0.8363061642194806,0.4181530821097403
2,C+S,12,2.0,0.24,True,q3_evidence_cs_penalty,PCS raw,pcs_raw,2,C+S,3.9867651399345525,0.720492627922766,3.2662725120117866,3.2662725120117866,0.8198768430193084,0.0442962646484375,10.512246429269315,0.8361657630750172,0.4180828815375086,0.8361657630750172,0.4180828815375086
2,C+S,12,2.0,0.28,True,q3_evidence_cs_penalty,PCS raw,pcs_raw,2,C+S,3.982015709386646,0.715908767239285,3.2661069421473607,3.2661069421473607,0.8210228081901787,0.043731689453125,10.544011600868714,0.8361233771897245,0.41806168859486226,0.8361233771897245,0.41806168859486226
2,C+S,12,2.0,0.32,True,q3_evidence_cs_penalty,PCS raw,pcs_raw,2,C+S,3.976555119443372,0.7307187189744377,3.245836400468934,3.245836400468934,0.8173203202563906,0.045074462890625,10.381948787137606,0.8309341185200472,0.4154670592600236,0.8309341185200472,0.4154670592600236
2,C+S,12,2.0,0.36,True,q3_evidence_cs_penalty,PCS raw,pcs_raw,2,C+S,3.970391608345835,0.7168646928246503,3.2535269155211846,3.2535269155211846,0.8207838267938374,0.042327880859375,10.409492571377022,0.8329028903734232,0.4164514451867116,0.8329028903734232,0.4164514451867116
2,C+S,12,4.0,0.0,False,q3_evidence_cs_penalty,Uniform raw,uniform_raw,2,C+S,4.0,1.48279719866248,2.51720280133752,2.51720280133752,0.62930070033438,0.102203369140625,8.026367251666963,0.6444039171424051,0.32220195857120254,0.6444039171424051,0.32220195857120254
2,C+S,12,4.0,0.12,True,q3_evidence_cs_penalty,PCS raw,pcs_raw,2,C+S,3.996679855921233,1.5076399231461663,2.489039932775066,2.489039932775066,0.6230900192134583,0.1009368896484375,7.7500392222102,0.637194222790417,0.3185971113952085,0.637194222790417,0.3185971113952085
2,C+S,12,4.0,0.16,True,q3_evidence_cs_penalty,PCS raw,pcs_raw,2,C+S,3.9941028013225788,1.4956999335685826,2.4984028677539962,2.4984028677539962,0.6260750166078544,0.0990447998046875,7.780332227327721,0.6395911341450231,0.31979556707251156,0.6395911341450231,0.31979556707251156
2,C+S,12,4.0,0.2,True,q3_evidence_cs_penalty,PCS raw,pcs_raw,2,C+S,3.990796214317659,1.5274351082299849,2.4633611060876746,2.4633611060876746,0.6181412229425038,0.102264404296875,7.657535484595508,0.6306204431584447,0.31531022157922234,0.6306204431584447,0.31531022157922234
2,C+S,12,4.0,0.24,True,q3_evidence_cs_penalty,PCS raw,pcs_raw,2,C+S,3.9867651399345525,1.5384617093981767,2.4483034305363756,2.4483034305363756,0.6153845726504559,0.1016387939453125,7.530150915434454,0.6267656782173122,0.3133828391086561,0.6267656782173122,0.3133828391086561
2,C+S,12,4.0,0.28,True,q3_evidence_cs_penalty,PCS raw,pcs_raw,2,C+S,3.982015709386646,1.491180322804217,2.490835386582429,2.490835386582429,0.6272049192989457,0.097991943359375,7.691701860424447,0.637653858965102,0.318826929482551,0.637653858965102,0.318826929482551
2,C+S,12,4.0,0.32,True,q3_evidence_cs_penalty,PCS raw,pcs_raw,2,C+S,3.976555119443372,1.5136254629404724,2.4629296565029,2.4629296565029,0.621593634264882,0.1006927490234375,7.514931855872712,0.6305099920647423,0.31525499603237117,0.6305099920647423,0.31525499603237117
2,C+S,12,4.0,0.36,True,q3_evidence_cs_penalty,PCS raw,pcs_raw,2,C+S,3.970391608345835,1.5337176834596384,2.436673924886196,2.436673924886196,0.6165705791350904,0.101593017578125,7.3220863214997625,0.6237885247708662,0.3118942623854331,0.6237885247708662,0.3118942623854331
2,C+S,12,6.0,0.0,False,q3_evidence_cs_penalty,Uniform raw,uniform_raw,2,C+S,4.0,2.652855026558761,1.347144973441239,1.347144973441239,0.33678624336030977,0.2170867919921875,4.282593407371056,0.3448691132009572,0.1724345566004786,0.3448691132009572,0.1724345566004786
2,C+S,12,6.0,0.12,True,q3_evidence_cs_penalty,PCS raw,pcs_raw,2,C+S,3.996679855921233,2.6940867671737294,1.3025930887475035,1.3025930887475035,0.32647830820656765,0.2165069580078125,4.061165464346384,0.3334638307193609,0.16673191535968046,0.3334638307193609,0.16673191535968046
2,C+S,12,6.0,0.16,True,q3_evidence_cs_penalty,PCS raw,pcs_raw,2,C+S,3.9941028013225788,2.701851228325175,1.2922515729974033,1.2922515729974033,0.32453719291870614,0.2159576416015625,3.963322504287089,0.33081640268733525,0.16540820134366763,0.33081640268733525,0.16540820134366763
2,C+S,12,6.0,0.2,True,q3_evidence_cs_penalty,PCS raw,pcs_raw,2,C+S,3.990796214317659,2.687080702218293,1.3037155120993662,1.3037155120993662,0.32822982444542675,0.2133026123046875,4.045342779628321,0.33375117109743774,0.16687558554871887,0.33375117109743774,0.16687558554871887
2,C+S,12,6.0,0.24,True,q3_evidence_cs_penalty,PCS raw,pcs_raw,2,C+S,3.9867651399345525,2.7066644966417606,1.2801006432927922,1.2801006432927922,0.3233338758395599,0.2117156982421875,3.942190207189884,0.32770576468295476,0.16385288234147738,0.32770576468295476,0.16385288234147738
2,C+S,12,6.0,0.28,True,q3_evidence_cs_penalty,PCS raw,pcs_raw,2,C+S,3.982015709386646,2.7232576847944574,1.2587580245921886,1.2587580245921886,0.31918557880138565,0.2139434814453125,3.86266245570853,0.32224205429560027,0.16112102714780013,0.32224205429560027,0.16112102714780013
2,C+S,12,6.0,0.32,True,q3_evidence_cs_penalty,PCS raw,pcs_raw,2,C+S,3.976555119443372,2.7421221779421874,1.2344329415011848,1.2344329415011848,0.3144694555144532,0.2141571044921875,3.7749693020961175,0.3160148330243033,0.15800741651215164,0.3160148330243033,0.15800741651215164
2,C+S,12,6.0,0.36,True,q3_evidence_cs_penalty,PCS raw,pcs_raw,2,C+S,3.970391608345835,2.7340518764748643,1.2363397318709706,1.2363397318709706,0.31648703088128394,0.211151123046875,3.731010815210216,0.3165029713589685,0.15825148567948424,0.3165029713589685,0.15825148567948424
2,S,6,-2.0,0.0,False,q3_evidence,Uniform raw,uniform_raw,1,S,4.0,0.16440568382649146,3.8355943161735087,3.8355943161735087,0.9588985790433772,0.010589599609375,13.949293038532453,0.4909560724702091,0.4909560724702091,0.4909560724702091,0.4909560724702091
2,S,6,-2.0,0.12,True,q3_evidence,PCS raw,pcs_raw,1,S,3.996679855921233,0.14309590200435912,3.853583953916874,3.853583953916874,0.9642260244989103,0.0091552734375,13.967303623247343,0.4932587461013599,0.4932587461013599,0.4932587461013599,0.4932587461013599
2,S,6,-2.0,0.16,True,q3_evidence,PCS raw,pcs_raw,1,S,3.9941028013225788,0.1551535668213233,3.8389492345012552,3.8389492345012552,0.9612116082946691,0.01025390625,13.915671551384412,0.49138550201616066,0.49138550201616066,0.49138550201616066,0.49138550201616066
2,S,6,-2.0,0.2,True,q3_evidence,PCS raw,pcs_raw,1,S,3.990796214317659,0.13258975314741467,3.8582064611702447,3.8582064611702447,0.9668525617131464,0.008758544921875,14.008572565203568,0.4938504270297913,0.4938504270297913,0.4938504270297913,0.4938504270297913
2,S,6,-2.0,0.24,True,q3_evidence,PCS raw,pcs_raw,1,S,3.9867651399345525,0.13838724534089025,3.8483778945936624,3.8483778945936624,0.9654031886647775,0.0091552734375,13.955164802810991,0.49259237050798876,0.49259237050798876,0.49259237050798876,0.49259237050798876
2,S,6,-2.0,0.28,True,q3_evidence,PCS raw,pcs_raw,1,S,3.982015709386646,0.12937308137893033,3.8526426280077155,3.8526426280077155,0.9676567296552674,0.008392333984375,13.994789508912293,0.4931382563849876,0.4931382563849876,0.4931382563849876,0.4931382563849876
2,S,6,-2.0,0.32,True,q3_evidence,PCS raw,pcs_raw,1,S,3.976555119443372,0.11877961516718336,3.8577755042761885,3.8577755042761885,0.9703050962082042,0.00714111328125,13.990301842955528,0.4937952645473521,0.4937952645473521,0.4937952645473521,0.4937952645473521
2,S,6,-2.0,0.36,True,q3_evidence,PCS raw,pcs_raw,1,S,3.970391608345835,0.1035035878021886,3.866888020543646,3.866888020543646,0.9741241030494528,0.00689697265625,14.075852200742085,0.49496166662958674,0.49496166662958674,0.49496166662958674,0.49496166662958674
2,S,6,0.0,0.0,False,q3_evidence,Uniform raw,uniform_raw,1,S,4.0,0.17967301310959655,3.8203269868904033,3.8203269868904033,0.9550817467226008,0.011444091796875,13.890604410175305,0.48900185432197163,0.48900185432197163,0.48900185432197163,0.48900185432197163
2,S,6,0.0,0.12,True,q3_evidence,PCS raw,pcs_raw,1,S,3.996679855921233,0.15541355310194033,3.8412663028192924,3.8412663028192924,0.9611466117245149,0.00982666015625,13.876588783614945,0.49168208676086944,0.49168208676086944,0.49168208676086944,0.49168208676086944
2,S,6,0.0,0.16,True,q3_evidence,PCS raw,pcs_raw,1,S,3.9941028013225788,0.1400140713274829,3.854088729995096,3.854088729995096,0.9649964821681293,0.00836181640625,13.944457941511619,0.4933233574393723,0.4933233574393723,0.4933233574393723,0.4933233574393723
2,S,6,0.0,0.2,True,q3_evidence,PCS raw,pcs_raw,1,S,3.990796214317659,0.14714766545486024,3.8436485488627987,3.8436485488627987,0.9632130836362849,0.009246826171875,13.888091162231198,0.49198701425443825,0.49198701425443825,0.49198701425443825,0.49198701425443825
2,S,6,0.0,0.24,True,q3_evidence,PCS raw,pcs_raw,1,S,3.9867651399345525,0.15720914536772035,3.829555994566832,3.829555994566832,0.9606977136580699,0.00994873046875,13.829077738647914,0.4901831673045545,0.4901831673045545,0.4901831673045545,0.4901831673045545
2,S,6,0.0,0.28,True,q3_evidence,PCS raw,pcs_raw,1,S,3.982015709386646,0.1446871536994698,3.837328555687176,3.837328555687176,0.9638282115751325,0.009613037109375,13.834568124753448,0.49117805512795853,0.49117805512795853,0.49117805512795853,0.49117805512795853
2,S,6,0.0,0.32,True,q3_evidence,PCS raw,pcs_raw,1,S,3.976555119443372,0.13996195747436024,3.8365931619690117,3.8365931619690117,0.9650095106314099,0.00885009765625,13.84500148181269,0.4910839247320335,0.4910839247320335,0.4910839247320335,0.4910839247320335
2,S,6,0.0,0.36,True,q3_evidence,PCS raw,pcs_raw,1,S,3.970391608345835,0.14883038490240144,3.8215612234434335,3.8215612234434335,0.9627924037743997,0.00982666015625,13.759234468928941,0.48915983660075946,0.48915983660075946,0.48915983660075946,0.48915983660075946
2,S,6,2.0,0.0,False,q3_evidence,Uniform raw,uniform_raw,1,S,4.0,0.21981387366407779,3.780186126335922,3.780186126335922,0.9450465315839806,0.0142822265625,13.601362358845467,0.48386382417099805,0.48386382417099805,0.48386382417099805,0.48386382417099805
2,S,6,2.0,0.12,True,q3_evidence,PCS raw,pcs_raw,1,S,3.996679855921233,0.20229647422270597,3.794383381698527,3.794383381698527,0.9494258814443235,0.012542724609375,13.56771565374749,0.4856810728574114,0.4856810728574114,0.4856810728574114,0.4856810728574114
2,S,6,2.0,0.16,True,q3_evidence,PCS raw,pcs_raw,1,S,3.9941028013225788,0.21610628397074375,3.777996517351835,3.777996517351835,0.9459734290073141,0.013824462890625,13.42204994019407,0.48358355422103494,0.48358355422103494,0.48358355422103494,0.48358355422103494
2,S,6,2.0,0.2,True,q3_evidence,PCS raw,pcs_raw,1,S,3.990796214317659,0.19545467995692517,3.795341534360734,3.795341534360734,0.9511363300107687,0.012908935546875,13.443555040826467,0.48580371639817393,0.48580371639817393,0.48580371639817393,0.48580371639817393
2,S,6,2.0,0.24,True,q3_evidence,PCS raw,pcs_raw,1,S,3.9867651399345525,0.18692664198255238,3.799838497952,3.799838497952,0.9532683395043619,0.011474609375,13.509617205720442,0.486379327737856,0.486379327737856,0.486379327737856,0.486379327737856
2,S,6,2.0,0.28,True,q3_evidence,PCS raw,pcs_raw,1,S,3.982015709386646,0.185716227724959,3.796299481661687,3.796299481661687,0.9535709430687602,0.01129150390625,13.493863131525565,0.48592633365269594,0.48592633365269594,0.48592633365269594,0.48592633365269594
2,S,6,2.0,0.32,True,q3_evidence,PCS raw,pcs_raw,1,S,3.976555119443372,0.18162334502098748,3.7949317744223845,3.7949317744223845,0.9545941637447531,0.011688232421875,13.477102974821708,0.4857512671260652,0.4857512671260652,0.4857512671260652,0.4857512671260652
2,S,6,2.0,0.36,True,q3_evidence,PCS raw,pcs_raw,1,S,3.970391608345835,0.1856860513608352,3.7847055569849997,3.7847055569849997,0.9535784871597912,0.012115478515625,13.348599833722623,0.48444231129407994,0.48444231129407994,0.48444231129407994,0.48444231129407994
2,S,6,4.0,0.0,False,q3_evidence,Uniform raw,uniform_raw,1,S,4.0,0.3363063558129995,3.6636936441870005,3.6636936441870005,0.9159234110467501,0.021728515625,12.856604024880472,0.468952786455936,0.468952786455936,0.468952786455936,0.468952786455936
2,S,6,4.0,0.12,True,q3_evidence,PCS raw,pcs_raw,1,S,3.996679855921233,0.3258218566414053,3.6708579992798276,3.6708579992798276,0.9185445358396487,0.02008056640625,12.791990555542228,0.46986982390781795,0.46986982390781795,0.46986982390781795,0.46986982390781795
2,S,6,4.0,0.16,True,q3_evidence,PCS raw,pcs_raw,1,S,3.9941028013225788,0.319326333963871,3.6747764673587078,3.6747764673587078,0.9201684165090322,0.0206298828125,12.674409682697817,0.4703713878219146,0.4703713878219146,0.4703713878219146,0.4703713878219146
2,S,6,4.0,0.2,True,q3_evidence,PCS raw,pcs_raw,1,S,3.990796214317659,0.31487113968418684,3.675925074633472,3.675925074633472,0.9212822150789532,0.020233154296875,12.7401778703145,0.47051840955308444,0.47051840955308444,0.47051840955308444,0.47051840955308444
2,S,6,4.0,0.24,True,q3_evidence,PCS raw,pcs_raw,1,S,3.9867651399345525,0.30482510270902213,3.68194003722553,3.68194003722553,0.9237937243227444,0.0194091796875,12.656539519135787,0.47128832476486787,0.47128832476486787,0.47128832476486787,0.47128832476486787
2,S,6,4.0,0.28,True,q3_evidence,PCS raw,pcs_raw,1,S,3.982015709386646,0.2888124017054637,3.6932033076811823,3.6932033076811823,0.9277968995736341,0.017913818359375,12.71843702744924,0.47273002338319137,0.47273002338319137,0.47273002338319137,0.47273002338319137
2,S,6,4.0,0.32,True,q3_evidence,PCS raw,pcs_raw,1,S,3.976555119443372,0.27833142287258006,3.6982236965707918,3.6982236965707918,0.930417144281855,0.018218994140625,12.731612554260801,0.4733726331610613,0.4733726331610613,0.4733726331610613,0.4733726331610613
2,S,6,4.0,0.36,True,q3_evidence,PCS raw,pcs_raw,1,S,3.970391608345835,0.2857030884438939,3.684688519901941,3.684688519901941,0.9285742278890265,0.017791748046875,12.65467270403632,0.4716401305474484,0.4716401305474484,0.4716401305474484,0.4716401305474484
2,S,6,6.0,0.0,False,q3_evidence,Uniform raw,uniform_raw,1,S,4.0,0.6382101794321443,3.361789820567856,3.361789820567856,0.840447455141964,0.039459228515625,11.481857459435169,0.43030909703268555,0.43030909703268555,0.43030909703268555,0.43030909703268555
2,S,6,6.0,0.12,True,q3_evidence,PCS raw,pcs_raw,1,S,3.996679855921233,0.5928206160151581,3.4038592399060748,3.4038592399060748,0.8517948459962105,0.03704833984375,11.43096012596879,0.43569398270797755,0.43569398270797755,0.43569398270797755,0.43569398270797755
2,S,6,6.0,0.16,True,q3_evidence,PCS raw,pcs_raw,1,S,3.9941028013225788,0.6263122714817615,3.3677905298408173,3.3677905298408173,0.8434219321295596,0.03973388671875,11.28146779961654,0.4310771878196246,0.4310771878196246,0.4310771878196246,0.4310771878196246
2,S,6,6.0,0.2,True,q3_evidence,PCS raw,pcs_raw,1,S,3.990796214317659,0.6132391928672722,3.3775570214503867,3.3775570214503867,0.8466902017831819,0.03759765625,11.241992312450012,0.43232729874564946,0.43232729874564946,0.43232729874564946,0.43232729874564946
2,S,6,6.0,0.24,True,q3_evidence,PCS raw,pcs_raw,1,S,3.9867651399345525,0.6056759979136095,3.381089142020943,3.381089142020943,0.8485810005215976,0.037078857421875,11.191699233490954,0.43277941017868066,0.43277941017868066,0.43277941017868066,0.43277941017868066
2,S,6,6.0,0.28,True,q3_evidence,PCS raw,pcs_raw,1,S,3.982015709386646,0.6130439998093575,3.3689717095772886,3.3689717095772886,0.8467390000476607,0.038421630859375,11.081239663927091,0.43122837882589293,0.43122837882589293,0.43122837882589293,0.43122837882589293
2,S,6,6.0,0.32,True,q3_evidence,PCS raw,pcs_raw,1,S,3.976555119443372,0.5950008020435676,3.381554317399804,3.381554317399804,0.8512497994891081,0.036529541015625,11.111932397157712,0.4328389526271749,0.4328389526271749,0.4328389526271749,0.4328389526271749
2,S,6,6.0,0.36,True,q3_evidence,PCS raw,pcs_raw,1,S,3.970391608345835,0.6041371891088597,3.366254419236975,3.366254419236975,0.848965702722785,0.037261962890625,11.055986863879559,0.43088056566233285,0.43088056566233285,0.43088056566233285,0.43088056566233285
2,S,8,-2.0,0.0,False,q3_evidence,Uniform raw,uniform_raw,1,S,4.0,0.18739952893365988,3.81260047106634,3.81260047106634,0.953150117766585,0.011444091796875,13.867098004510286,0.4880128602964915,0.4880128602964915,0.4880128602964915,0.4880128602964915
2,S,8,-2.0,0.12,True,q3_evidence,PCS raw,pcs_raw,1,S,3.996679855921233,0.17814031941916397,3.818539536502069,3.818539536502069,0.955464920145209,0.010894775390625,13.75866871359791,0.48877306067226484,0.48877306067226484,0.48877306067226484,0.48877306067226484
2,S,8,-2.0,0.16,True,q3_evidence,PCS raw,pcs_raw,1,S,3.9941028013225788,0.1682671266899578,3.825835674632621,3.825835674632621,0.9579332183275105,0.01031494140625,13.845950025379693,0.48970696635297545,0.48970696635297545,0.48970696635297545,0.48970696635297545
2,S,8,-2.0,0.2,True,q3_evidence,PCS raw,pcs_raw,1,S,3.990796214317659,0.165073551990233,3.825722662327426,3.825722662327426,0.9587316120024417,0.01025390625,13.86409667966448,0.48969250077791054,0.48969250077791054,0.48969250077791054,0.48969250077791054
2,S,8,-2.0,0.24,True,q3_evidence,PCS raw,pcs_raw,1,S,3.9867651399345525,0.14524560323740837,3.841519536697144,3.841519536697144,0.9636885991906479,0.009246826171875,13.870994442838835,0.49171450069723444,0.49171450069723444,0.49171450069723444,0.49171450069723444
2,S,8,-2.0,0.28,True,q3_evidence,PCS raw,pcs_raw,1,S,3.982015709386646,0.1702209995074105,3.8117947098792353,3.8117947098792353,0.9574447501231473,0.011322021484375,13.7327377700146,0.4879097228645421,0.4879097228645421,0.4879097228645421,0.4879097228645421
2,S,8,-2.0,0.32,True,q3_evidence,PCS raw,pcs_raw,1,S,3.976555119443372,0.1450364277026501,3.831518691740722,3.831518691740722,0.9637408930743375,0.009246826171875,13.7934310910216,0.49043439254281246,0.49043439254281246,0.49043439254281246,0.49043439254281246
2,S,8,-2.0,0.36,True,q3_evidence,PCS raw,pcs_raw,1,S,3.970391608345835,0.1442132371664199,3.826178371179415,3.826178371179415,0.963946690708395,0.009857177734375,13.75522528901805,0.4897508315109651,0.4897508315109651,0.4897508315109651,0.4897508315109651
2,S,8,0.0,0.0,False,q3_evidence,Uniform raw,uniform_raw,1,S,4.0,0.22904932351430202,3.770950676485698,3.770950676485698,0.9427376691214245,0.014404296875,13.639762336834075,0.48268168659016936,0.48268168659016936,0.48268168659016936,0.48268168659016936
2,S,8,0.0,0.12,True,q3_evidence,PCS raw,pcs_raw,1,S,3.996679855921233,0.20196752901570802,3.794712326905525,3.794712326905525,0.949508117746073,0.01287841796875,13.578806532603585,0.4857231778439072,0.4857231778439072,0.4857231778439072,0.4857231778439072
2,S,8,0.0,0.16,True,q3_evidence,PCS raw,pcs_raw,1,S,3.9941028013225788,0.20342464416458672,3.790678157157992,3.790678157157992,0.9491438389588533,0.014007568359375,13.52663222589462,0.485206804116223,0.485206804116223,0.485206804116223,0.485206804116223
2,S,8,0.0,0.2,True,q3_evidence,PCS raw,pcs_raw,1,S,3.990796214317659,0.17626293826974335,3.814533276047916,3.814533276047916,0.9559342654325642,0.011322021484375,13.608279433470365,0.48826025933413325,0.48826025933413325,0.48826025933413325,0.48826025933413325
2,S,8,0.0,0.24,True,q3_evidence,PCS raw,pcs_raw,1,S,3.9867651399345525,0.193227391875385,3.7935377480591677,3.7935377480591677,0.9516931520311538,0.012725830078125,13.481031288775329,0.4855728317515735,0.4855728317515735,0.4855728317515735,0.4855728317515735
2,S,8,0.0,0.28,True,q3_evidence,PCS raw,pcs_raw,1,S,3.982015709386646,0.1623685330315579,3.819647176355088,3.819647176355088,0.9594078667421105,0.0106201171875,13.606731948541873,0.4889148385734513,0.4889148385734513,0.4889148385734513,0.4889148385734513
2,S,8,0.0,0.32,True,q3_evidence,PCS raw,pcs_raw,1,S,3.976555119443372,0.16302537990388138,3.8135297395394905,3.8135297395394905,0.9592436550240296,0.010650634765625,13.567868850053177,0.4881318066610548,0.4881318066610548,0.4881318066610548,0.4881318066610548
2,S,8,0.0,0.36,True,q3_evidence,PCS raw,pcs_raw,1,S,3.970391608345835,0.17287167502136572,3.797519933324469,3.797519933324469,0.9567820812446586,0.010955810546875,13.473479648292237,0.48608255146553203,0.48608255146553203,0.48608255146553203,0.48608255146553203
2,S,8,2.0,0.0,False,q3_evidence,Uniform raw,uniform_raw,1,S,4.0,0.290310523821316,3.709689476178684,3.709689476178684,0.927422369044671,0.019439697265625,13.122474014577888,0.47484025295087157,0.47484025295087157,0.47484025295087157,0.47484025295087157
2,S,8,2.0,0.12,True,q3_evidence,PCS raw,pcs_raw,1,S,3.996679855921233,0.270445168285014,3.726234687636219,3.726234687636219,0.9323887079287465,0.01776123046875,13.022287058082842,0.476958040017436,0.476958040017436,0.476958040017436,0.476958040017436
2,S,8,2.0,0.16,True,q3_evidence,PCS raw,pcs_raw,1,S,3.9941028013225788,0.2766240477526205,3.7174787535699583,3.7174787535699583,0.9308439880618449,0.017913818359375,12.960850266024162,0.47583728045695467,0.47583728045695467,0.47583728045695467,0.47583728045695467
2,S,8,2.0,0.2,True,q3_evidence,PCS raw,pcs_raw,1,S,3.990796214317659,0.26833901936259397,3.7224571949550653,3.7224571949550653,0.9329152451593515,0.016754150390625,13.016277844590018,0.47647452095424836,0.47647452095424836,0.47647452095424836,0.47647452095424836
2,S,8,2.0,0.24,True,q3_evidence,PCS raw,pcs_raw,1,S,3.9867651399345525,0.2505592653683621,3.7362058745661906,3.7362058745661906,0.9373601836579095,0.0159912109375,12.982273756643249,0.4782343519444724,0.4782343519444724,0.4782343519444724,0.4782343519444724
2,S,8,2.0,0.28,True,q3_evidence,PCS raw,pcs_raw,1,S,3.982015709386646,0.25010886107848684,3.731906848308159,3.731906848308159,0.9374727847303783,0.015777587890625,12.966717707257276,0.4776840765834444,0.4776840765834444,0.4776840765834444,0.4776840765834444
2,S,8,2.0,0.32,True,q3_evidence,PCS raw,pcs_raw,1,S,3.976555119443372,0.2428171023378096,3.7337380171055625,3.7337380171055625,0.9392957244155477,0.0157470703125,12.972279933927688,0.477918466189512,0.477918466189512,0.477918466189512,0.477918466189512
2,S,8,2.0,0.36,True,q3_evidence,PCS raw,pcs_raw,1,S,3.970391608345835,0.25398127827298356,3.7164103300728515,3.7164103300728515,0.9365046804317542,0.01678466796875,12.888765425073975,0.475700522249325,0.475700522249325,0.475700522249325,0.475700522249325
2,S,8,4.0,0.0,False,q3_evidence,Uniform raw,uniform_raw,1,S,4.0,0.5244609323919334,3.4755390676080666,3.4755390676080666,0.8688847669020167,0.034027099609375,11.965118428434405,0.4448690006538325,0.4448690006538325,0.4448690006538325,0.4448690006538325
2,S,8,4.0,0.12,True,q3_evidence,PCS raw,pcs_raw,1,S,3.996679855921233,0.5046767949421351,3.4920030609790977,3.4920030609790977,0.8738308012644662,0.0323486328125,11.862300245610303,0.4469763918053245,0.4469763918053245,0.4469763918053245,0.4469763918053245
2,S,8,4.0,0.16,True,q3_evidence,PCS raw,pcs_raw,1,S,3.9941028013225788,0.5182475882042588,3.47585521311832,3.47585521311832,0.8704381029489353,0.03240966796875,11.725894707351648,0.44490946727914493,0.44490946727914493,0.44490946727914493,0.44490946727914493
2,S,8,4.0,0.2,True,q3_evidence,PCS raw,pcs_raw,1,S,3.990796214317659,0.4811462106248513,3.509650003692808,3.509650003692808,0.8797134473437872,0.029449462890625,11.830985269513256,0.44923520047267945,0.44923520047267945,0.44923520047267945,0.44923520047267945
2,S,8,4.0,0.24,True,q3_evidence,PCS raw,pcs_raw,1,S,3.9867651399345525,0.4786702213310357,3.5080949186035166,3.5080949186035166,0.880332444667241,0.028961181640625,11.739339419066786,0.4490361495812501,0.4490361495812501,0.4490361495812501,0.4490361495812501
2,S,8,4.0,0.28,True,q3_evidence,PCS raw,pcs_raw,1,S,3.982015709386646,0.4987712887442061,3.48324442064244,3.48324442064244,0.8753071778139485,0.030303955078125,11.626027699771633,0.4458552858422323,0.4458552858422323,0.4458552858422323,0.4458552858422323
2,S,8,4.0,0.32,True,q3_evidence,PCS raw,pcs_raw,1,S,3.976555119443372,0.4565186310835789,3.520036488359793,3.520036488359793,0.8858703422291053,0.02874755859375,11.716986476542628,0.45056467051005356,0.45056467051005356,0.45056467051005356,0.45056467051005356
2,S,8,4.0,0.36,True,q3_evidence,PCS raw,pcs_raw,1,S,3.970391608345835,0.44733168151103175,3.523059926834803,3.523059926834803,0.8881670796222421,0.027435302734375,11.78650574509566,0.4509516706348548,0.4509516706348548,0.4509516706348548,0.4509516706348548
2,S,8,6.0,0.0,False,q3_evidence,Uniform raw,uniform_raw,1,S,4.0,1.0363870168725824,2.9636129831274176,2.9636129831274176,0.7409032457818544,0.06805419921875,9.915194368280666,0.37934246184030945,0.37934246184030945,0.37934246184030945,0.37934246184030945
2,S,8,6.0,0.12,True,q3_evidence,PCS raw,pcs_raw,1,S,3.996679855921233,1.0208206056955587,2.975859250225674,2.975859250225674,0.7447948485761103,0.0655517578125,9.756193609927946,0.3809099840288863,0.3809099840288863,0.3809099840288863,0.3809099840288863
2,S,8,6.0,0.16,True,q3_evidence,PCS raw,pcs_raw,1,S,3.9941028013225788,1.0148414770104177,2.9792613243121613,2.9792613243121613,0.7462896307473956,0.064422607421875,9.796757139380198,0.38134544951195665,0.38134544951195665,0.38134544951195665,0.38134544951195665
2,S,8,6.0,0.2,True,q3_evidence,PCS raw,pcs_raw,1,S,3.990796214317659,1.0300759448409287,2.9607202694767305,2.9607202694767305,0.7424810137897678,0.066009521484375,9.6233826603172,0.3789721944930215,0.3789721944930215,0.3789721944930215,0.3789721944930215
2,S,8,6.0,0.24,True,q3_evidence,PCS raw,pcs_raw,1,S,3.9867651399345525,1.0253843919943508,2.9613807479402015,2.9613807479402015,0.7436539020014122,0.06573486328125,9.637049281583113,0.37905673573634574,0.37905673573634574,0.37905673573634574,0.37905673573634574
2,S,8,6.0,0.28,True,q3_evidence,PCS raw,pcs_raw,1,S,3.982015709386646,1.0582274689060667,2.9237882404805795,2.9237882404805795,0.7354431327734834,0.0670166015625,9.431050526765834,0.3742448947815142,0.3742448947815142,0.3742448947815142,0.3742448947815142
2,S,8,6.0,0.32,True,q3_evidence,PCS raw,pcs_raw,1,S,3.976555119443372,1.046769379190697,2.929785740252675,2.929785740252675,0.7383076552023258,0.067596435546875,9.418150993589618,0.3750125747523424,0.3750125747523424,0.3750125747523424,0.3750125747523424
2,S,8,6.0,0.36,True,q3_evidence,PCS raw,pcs_raw,1,S,3.970391608345835,1.0516521649404498,2.918739443405385,2.918739443405385,0.7370869587648875,0.065399169921875,9.316162939730585,0.3735986487558893,0.3735986487558893,0.3735986487558893,0.3735986487558893
2,S,10,-2.0,0.0,False,q3_evidence,Uniform raw,uniform_raw,1,S,4.0,0.21292797841657757,3.7870720215834224,3.7870720215834224,0.9467680053958556,0.013458251953125,13.665515299498308,0.48474521876267807,0.48474521876267807,0.48474521876267807,0.48474521876267807
2,S,10,-2.0,0.12,True,q3_evidence,PCS raw,pcs_raw,1,S,3.996679855921233,0.20768284345853633,3.7889970124626964,3.7889970124626964,0.9480792891353659,0.012603759765625,13.574751066372128,0.48499161759522513,0.48499161759522513,0.48499161759522513,0.48499161759522513
2,S,10,-2.0,0.16,True,q3_evidence,PCS raw,pcs_raw,1,S,3.9941028013225788,0.18396697835910972,3.810135822963469,3.810135822963469,0.9540082554102226,0.01165771484375,13.66764922324884,0.48769738533932405,0.48769738533932405,0.48769738533932405,0.48769738533932405
2,S,10,-2.0,0.2,True,q3_evidence,PCS raw,pcs_raw,1,S,3.990796214317659,0.17644334358308125,3.8143528707345777,3.8143528707345777,0.9558891641042296,0.011810302734375,13.630077492102508,0.48823716745402596,0.48823716745402596,0.48823716745402596,0.48823716745402596
2,S,10,-2.0,0.24,True,q3_evidence,PCS raw,pcs_raw,1,S,3.9867651399345525,0.1696133618811788,3.8171517780533737,3.8171517780533737,0.9575966595297053,0.010528564453125,13.657403670369394,0.48859542759083185,0.48859542759083185,0.48859542759083185,0.48859542759083185
2,S,10,-2.0,0.28,True,q3_evidence,PCS raw,pcs_raw,1,S,3.982015709386646,0.15823872856219598,3.82377698082445,3.82377698082445,0.960440317859451,0.01031494140625,13.621569920348922,0.4894434535455296,0.4894434535455296,0.4894434535455296,0.4894434535455296
2,S,10,-2.0,0.32,True,q3_evidence,PCS raw,pcs_raw,1,S,3.976555119443372,0.16007973153377958,3.8164753879095925,3.8164753879095925,0.9599800671165551,0.01055908203125,13.704523727803872,0.48850884965242786,0.48850884965242786,0.48850884965242786,0.48850884965242786
2,S,10,-2.0,0.36,True,q3_evidence,PCS raw,pcs_raw,1,S,3.970391608345835,0.1566202279431419,3.813771380402693,3.813771380402693,0.9608449430142145,0.0103759765625,13.583128380870518,0.4881627366915447,0.4881627366915447,0.4881627366915447,0.4881627366915447
2,S,10,0.0,0.0,False,q3_evidence,Uniform raw,uniform_raw,1,S,4.0,0.26645697350735337,3.733543026492647,3.733543026492647,0.9333857566231617,0.017608642578125,13.293240467440947,0.4778935073910588,0.4778935073910588,0.4778935073910588,0.4778935073910588
2,S,10,0.0,0.12,True,q3_evidence,PCS raw,pcs_raw,1,S,3.996679855921233,0.2296261295649149,3.767053726356318,3.767053726356318,0.9425934676087713,0.0146484375,13.364119079082803,0.4821828769736087,0.4821828769736087,0.4821828769736087,0.4821828769736087
2,S,10,0.0,0.16,True,q3_evidence,PCS raw,pcs_raw,1,S,3.9941028013225788,0.2301350169250098,3.763967784397569,3.763967784397569,0.9424662457687476,0.0157470703125,13.258983570139868,0.48178787640288884,0.48178787640288884,0.48178787640288884,0.48178787640288884
2,S,10,0.0,0.2,True,q3_evidence,PCS raw,pcs_raw,1,S,3.990796214317659,0.22629768760339763,3.7644985267142617,3.7644985267142617,0.9434255780991506,0.0142822265625,13.27195621536969,0.48185581141942546,0.48185581141942546,0.48185581141942546,0.48185581141942546
2,S,10,0.0,0.24,True,q3_evidence,PCS raw,pcs_raw,1,S,3.9867651399345525,0.21782988821951685,3.768935251715036,3.768935251715036,0.9455425279451208,0.0142822265625,13.258397206371653,0.48242371221952457,0.48242371221952457,0.48242371221952457,0.48242371221952457
2,S,10,0.0,0.28,True,q3_evidence,PCS raw,pcs_raw,1,S,3.982015709386646,0.2249396235891262,3.75707608579752,3.75707608579752,0.9437650941027185,0.014373779296875,13.186536021475714,0.4809057389820825,0.4809057389820825,0.4809057389820825,0.4809057389820825
2,S,10,0.0,0.32,True,q3_evidence,PCS raw,pcs_raw,1,S,3.976555119443372,0.2175980444735553,3.7589570749698167,3.7589570749698167,0.9456004888816112,0.014007568359375,13.203264203788514,0.48114650559613653,0.48114650559613653,0.48114650559613653,0.48114650559613653
2,S,10,0.0,0.36,True,q3_evidence,PCS raw,pcs_raw,1,S,3.970391608345835,0.20563384008225052,3.764757768263584,3.764757768263584,0.9485915399794373,0.013214111328125,13.184700179099568,0.4818889943377388,0.4818889943377388,0.4818889943377388,0.4818889943377388
2,S,10,2.0,0.0,False,q3_evidence,Uniform raw,uniform_raw,1,S,4.0,0.4231192620218504,3.5768807379781498,3.5768807379781498,0.8942201844945374,0.02655029296875,12.460867636634298,0.4578407344612032,0.4578407344612032,0.4578407344612032,0.4578407344612032
2,S,10,2.0,0.12,True,q3_evidence,PCS raw,pcs_raw,1,S,3.996679855921233,0.41590943696930405,3.580770418951929,3.580770418951929,0.896022640757674,0.0260009765625,12.346522561606362,0.45833861362584694,0.45833861362584694,0.45833861362584694,0.45833861362584694
2,S,10,2.0,0.16,True,q3_evidence,PCS raw,pcs_raw,1,S,3.9941028013225788,0.38460221213808443,3.6095005891844942,3.6095005891844942,0.9038494469654789,0.024932861328125,12.376575666074261,0.46201607541561523,0.46201607541561523,0.46201607541561523,0.46201607541561523
2,S,10,2.0,0.2,True,q3_evidence,PCS raw,pcs_raw,1,S,3.990796214317659,0.35164919924335547,3.639147015074304,3.639147015074304,0.9120877001891612,0.020843505859375,12.517803310589269,0.4658108179295109,0.4658108179295109,0.4658108179295109,0.4658108179295109
2,S,10,2.0,0.24,True,q3_evidence,PCS raw,pcs_raw,1,S,3.9867651399345525,0.3716166634336189,3.6151484765009334,3.6151484765009334,0.9070958341415952,0.0234375,12.378680189764113,0.46273900499211945,0.46273900499211945,0.46273900499211945,0.46273900499211945
2,S,10,2.0,0.28,True,q3_evidence,PCS raw,pcs_raw,1,S,3.982015709386646,0.36930922450879233,3.6127064848778536,3.6127064848778536,0.9076726938728019,0.023101806640625,12.299552686024624,0.46242643006436523,0.46242643006436523,0.46242643006436523,0.46242643006436523
2,S,10,2.0,0.32,True,q3_evidence,PCS raw,pcs_raw,1,S,3.976555119443372,0.3648696390940877,3.6116854803492844,3.6116854803492844,0.9087825902264781,0.02374267578125,12.24522812791311,0.46229574148470837,0.46229574148470837,0.46229574148470837,0.46229574148470837
2,S,10,2.0,0.36,True,q3_evidence,PCS raw,pcs_raw,1,S,3.970391608345835,0.353777630685989,3.6166139776598456,3.6166139776598456,0.9115555923285027,0.0224609375,12.24539454704609,0.46292658914046025,0.46292658914046025,0.46292658914046025,0.46292658914046025
2,S,10,4.0,0.0,False,q3_evidence,Uniform raw,uniform_raw,1,S,4.0,0.7663580838517235,3.2336419161482763,3.2336419161482763,0.8084104790370691,0.046722412109375,10.96021345430309,0.4139061652669794,0.4139061652669794,0.4139061652669794,0.4139061652669794
2,S,10,4.0,0.12,True,q3_evidence,PCS raw,pcs_raw,1,S,3.996679855921233,0.8000884456310556,3.196591410290177,3.196591410290177,0.7999778885922361,0.049957275390625,10.600884115838738,0.4091637005171427,0.4091637005171427,0.4091637005171427,0.4091637005171427
2,S,10,4.0,0.16,True,q3_evidence,PCS raw,pcs_raw,1,S,3.9941028013225788,0.7759187176989611,3.2181840836236177,3.2181840836236177,0.8060203205752597,0.047943115234375,10.676043272882145,0.4119275627038231,0.4119275627038231,0.4119275627038231,0.4119275627038231
2,S,10,4.0,0.2,True,q3_evidence,PCS raw,pcs_raw,1,S,3.990796214317659,0.8098538794362692,3.18094233488139,3.18094233488139,0.7975365301409327,0.049591064453125,10.418299397986456,0.4071606188648179,0.4071606188648179,0.4071606188648179,0.4071606188648179
2,S,10,4.0,0.24,True,q3_evidence,PCS raw,pcs_raw,1,S,3.9867651399345525,0.7593606600342678,3.227404479900285,3.227404479900285,0.8101598349914331,0.04547119140625,10.59845358084526,0.4131077734272364,0.4131077734272364,0.4131077734272364,0.4131077734272364
2,S,10,4.0,0.28,True,q3_evidence,PCS raw,pcs_raw,1,S,3.982015709386646,0.7474156592374439,3.234600050149202,3.234600050149202,0.813146085190639,0.046722412109375,10.593601878203243,0.41402880641909784,0.41402880641909784,0.41402880641909784,0.41402880641909784
2,S,10,4.0,0.32,True,q3_evidence,PCS raw,pcs_raw,1,S,3.976555119443372,0.7530416524714261,3.223513466971946,3.223513466971946,0.8117395868821435,0.045684814453125,10.538692808187584,0.4126097237724091,0.4126097237724091,0.4126097237724091,0.4126097237724091
2,S,10,4.0,0.36,True,q3_evidence,PCS raw,pcs_raw,1,S,3.970391608345835,0.7459797284814011,3.2244118798644337,3.2244118798644337,0.8135050678796497,0.04620361328125,10.489467885116241,0.41272472062264753,0.41272472062264753,0.41272472062264753,0.41272472062264753
2,S,10,6.0,0.0,False,q3_evidence,Uniform raw,uniform_raw,1,S,4.0,1.6107098831071407,2.3892901168928593,2.3892901168928593,0.5973225292232148,0.113189697265625,7.754921288303731,0.30582913496228603,0.30582913496228603,0.30582913496228603,0.30582913496228603
2,S,10,6.0,0.12,True,q3_evidence,PCS raw,pcs_raw,1,S,3.996679855921233,1.5827366633971676,2.4139431925240653,2.4139431925240653,0.6043158341507081,0.10894775390625,7.848908405896306,0.3089847286430804,0.3089847286430804,0.3089847286430804,0.3089847286430804
2,S,10,6.0,0.16,True,q3_evidence,PCS raw,pcs_raw,1,S,3.9941028013225788,1.571230881979442,2.4228719193431365,2.4228719193431365,0.6071922795051394,0.106536865234375,7.777314916082876,0.31012760567592146,0.31012760567592146,0.31012760567592146,0.31012760567592146
2,S,10,6.0,0.2,True,q3_evidence,PCS raw,pcs_raw,1,S,3.990796214317659,1.5716757354394746,2.4191204788781846,2.4191204788781846,0.6070810661401314,0.10736083984375,7.725860511639987,0.30964742129640765,0.30964742129640765,0.30964742129640765,0.30964742129640765
2,S,10,6.0,0.24,True,q3_evidence,PCS raw,pcs_raw,1,S,3.9867651399345525,1.604361355208326,2.3824037847262263,2.3824037847262263,0.5989096611979184,0.107452392578125,7.535672403719897,0.30494768444495696,0.30494768444495696,0.30494768444495696,0.30494768444495696
2,S,10,6.0,0.28,True,q3_evidence,PCS raw,pcs_raw,1,S,3.982015709386646,1.6051061198848386,2.3769095895018073,2.3769095895018073,0.5987234700287903,0.10845947265625,7.489203590526088,0.3042444274562313,0.3042444274562313,0.3042444274562313,0.3042444274562313
2,S,10,6.0,0.32,True,q3_evidence,PCS raw,pcs_raw,1,S,3.976555119443372,1.6133987547678366,2.363156364675535,2.363156364675535,0.5966503113080408,0.107086181640625,7.504592056416918,0.3024840146784685,0.3024840146784685,0.3024840146784685,0.3024840146784685
2,S,10,6.0,0.36,True,q3_evidence,PCS raw,pcs_raw,1,S,3.970391608345835,1.6113581786187148,2.35903342972712,2.35903342972712,0.5971604553453213,0.107208251953125,7.36472405467379,0.3019562790050713,0.3019562790050713,0.3019562790050713,0.3019562790050713
2,S,12,-2.0,0.0,False,q3_evidence,Uniform raw,uniform_raw,1,S,4.0,0.24817499577086782,3.7518250042291323,3.7518250042291323,0.9379562510572831,0.01629638671875,13.464644869461608,0.4802336005413289,0.4802336005413289,0.4802336005413289,0.4802336005413289
2,S,12,-2.0,0.12,True,q3_evidence,PCS raw,pcs_raw,1,S,3.996679855921233,0.23277172935126922,3.7639081265699637,3.7639081265699637,0.9418070676621827,0.014984130859375,13.432019442707347,0.48178024020095533,0.48178024020095533,0.48178024020095533,0.48178024020095533
2,S,12,-2.0,0.16,True,q3_evidence,PCS raw,pcs_raw,1,S,3.9941028013225788,0.20859615264257775,3.785506648680001,3.785506648680001,0.9478509618393556,0.013641357421875,13.471007386370335,0.48454485103104017,0.48454485103104017,0.48454485103104017,0.48454485103104017
2,S,12,-2.0,0.2,True,q3_evidence,PCS raw,pcs_raw,1,S,3.990796214317659,0.19917925439767648,3.791616959919983,3.791616959919983,0.9502051864005809,0.012908935546875,13.451959778770718,0.4853269708697578,0.4853269708697578,0.4853269708697578,0.4853269708697578
2,S,12,-2.0,0.24,True,q3_evidence,PCS raw,pcs_raw,1,S,3.9867651399345525,0.21561292133701734,3.771152218597535,3.771152218597535,0.9460967696657456,0.01324462890625,13.362368648562004,0.4827074839804845,0.4827074839804845,0.4827074839804845,0.4827074839804845
2,S,12,-2.0,0.28,True,q3_evidence,PCS raw,pcs_raw,1,S,3.982015709386646,0.2042002153577248,3.7778154940289213,3.7778154940289213,0.9489499461605688,0.01263427734375,13.344572950605595,0.4835603832357019,0.4835603832357019,0.4835603832357019,0.4835603832357019
2,S,12,-2.0,0.32,True,q3_evidence,PCS raw,pcs_raw,1,S,3.976555119443372,0.18747308444047694,3.789082035002895,3.789082035002895,0.9531317288898807,0.01190185546875,13.413689767874455,0.4850025004803705,0.4850025004803705,0.4850025004803705,0.4850025004803705
2,S,12,-2.0,0.36,True,q3_evidence,PCS raw,pcs_raw,1,S,3.970391608345835,0.17051432439210318,3.7998772839537316,3.7998772839537316,0.9573714189019742,0.010833740234375,13.464754110914122,0.48638429234607766,0.48638429234607766,0.48638429234607766,0.48638429234607766
2,S,12,0.0,0.0,False,q3_evidence,Uniform raw,uniform_raw,1,S,4.0,0.32443362347526206,3.675566376524738,3.675566376524738,0.9188915941311845,0.02154541015625,12.957510353290225,0.47047249619516646,0.47047249619516646,0.47047249619516646,0.47047249619516646
2,S,12,0.0,0.12,True,q3_evidence,PCS raw,pcs_raw,1,S,3.996679855921233,0.31091818325674825,3.6857616726644844,3.6857616726644844,0.9222704541858129,0.020355224609375,12.886974463750525,0.471777494101054,0.471777494101054,0.471777494101054,0.471777494101054
2,S,12,0.0,0.16,True,q3_evidence,PCS raw,pcs_raw,1,S,3.9941028013225788,0.2776254361855939,3.716477365136985,3.716477365136985,0.9305936409536015,0.017242431640625,12.967894177404048,0.4757091027375341,0.4757091027375341,0.4757091027375341,0.4757091027375341
2,S,12,0.0,0.2,True,q3_evidence,PCS raw,pcs_raw,1,S,3.990796214317659,0.29387071170444024,3.696925502613219,3.696925502613219,0.9265323220738899,0.018951416015625,12.844613596898945,0.473206464334492,0.473206464334492,0.473206464334492,0.473206464334492
2,S,12,0.0,0.24,True,q3_evidence,PCS raw,pcs_raw,1,S,3.9867651399345525,0.26824916461872633,3.7185159753158263,3.7185159753158263,0.9329377088453185,0.0169677734375,12.911469230828303,0.47597004484042577,0.47597004484042577,0.47597004484042577,0.47597004484042577
2,S,12,0.0,0.28,True,q3_evidence,PCS raw,pcs_raw,1,S,3.982015709386646,0.2655981049986556,3.71641760438799,3.71641760438799,0.9336004737503361,0.016876220703125,12.87986112225165,0.4757014533616627,0.4757014533616627,0.4757014533616627,0.4757014533616627
2,S,12,0.0,0.32,True,q3_evidence,PCS raw,pcs_raw,1,S,3.976555119443372,0.29083436206062424,3.6857207573827475,3.6857207573827475,0.9272914094848439,0.018890380859375,12.733949178392391,0.4717722569449917,0.4717722569449917,0.4717722569449917,0.4717722569449917
2,S,12,0.0,0.36,True,q3_evidence,PCS raw,pcs_raw,1,S,3.970391608345835,0.2710061646445192,3.6993854437013156,3.6993854437013156,0.9322484588388702,0.017425537109375,12.789427600645652,0.4735213367937684,0.4735213367937684,0.4735213367937684,0.4735213367937684
2,S,12,2.0,0.0,False,q3_evidence,Uniform raw,uniform_raw,1,S,4.0,0.5600323408574971,3.439967659142503,3.439967659142503,0.8599919147856258,0.035430908203125,11.809648870403379,0.44031586037024034,0.44031586037024034,0.44031586037024034,0.44031586037024034
2,S,12,2.0,0.12,True,q3_evidence,PCS raw,pcs_raw,1,S,3.996679855921233,0.5533355196776912,3.4433443362435416,3.4433443362435416,0.8616661200805772,0.03424072265625,11.674926908519229,0.44074807503917335,0.44074807503917335,0.44074807503917335,0.44074807503917335
2,S,12,2.0,0.16,True,q3_evidence,PCS raw,pcs_raw,1,S,3.9941028013225788,0.5483585822993529,3.4457442190232257,3.4457442190232257,0.8629103544251617,0.034332275390625,11.656823462883732,0.4410552600349729,0.4410552600349729,0.4410552600349729,0.4410552600349729
2,S,12,2.0,0.2,True,q3_evidence,PCS raw,pcs_raw,1,S,3.990796214317659,0.5105935036504141,3.4802027106672453,3.4802027106672453,0.8723516240873965,0.030181884765625,11.659246873155613,0.4454659469654074,0.4454659469654074,0.4454659469654074,0.4454659469654074
2,S,12,2.0,0.24,True,q3_evidence,PCS raw,pcs_raw,1,S,3.9867651399345525,0.5350977674697157,3.451667372464837,3.451667372464837,0.8662255581325711,0.032135009765625,11.501952789294394,0.4418134236754991,0.4418134236754991,0.4418134236754991,0.4418134236754991
2,S,12,2.0,0.28,True,q3_evidence,PCS raw,pcs_raw,1,S,3.982015709386646,0.5207733276762706,3.4612423817103752,3.4612423817103752,0.8698066680809323,0.03173828125,11.581658917671643,0.44303902485892804,0.44303902485892804,0.44303902485892804,0.44303902485892804
2,S,12,2.0,0.32,True,q3_evidence,PCS raw,pcs_raw,1,S,3.976555119443372,0.5271379820503732,3.4494171373929987,3.4494171373929987,0.8682155044874067,0.03167724609375,11.512746317974775,0.4415253935863038,0.4415253935863038,0.4415253935863038,0.4415253935863038
2,S,12,2.0,0.36,True,q3_evidence,PCS raw,pcs_raw,1,S,3.970391608345835,0.5057728665936407,3.464618741752194,3.464618741752194,0.8735567833515898,0.03106689453125,11.520339874178498,0.44347119894428083,0.44347119894428083,0.44347119894428083,0.44347119894428083
2,S,12,4.0,0.0,False,q3_evidence,Uniform raw,uniform_raw,1,S,4.0,1.0912309183529783,2.908769081647022,2.908769081647022,0.7271922704117555,0.070159912109375,9.619262870609775,0.3723224424508188,0.3723224424508188,0.3723224424508188,0.3723224424508188
2,S,12,4.0,0.12,True,q3_evidence,PCS raw,pcs_raw,1,S,3.996679855921233,1.1504632059998214,2.8462166499214114,2.8462166499214114,0.7123841985000446,0.07318115234375,9.25211234784255,0.36431573118994065,0.36431573118994065,0.36431573118994065,0.36431573118994065
2,S,12,4.0,0.16,True,q3_evidence,PCS raw,pcs_raw,1,S,3.9941028013225788,1.106635237776409,2.8874675635461697,2.8874675635461697,0.7233411905558977,0.07073974609375,9.410708420586854,0.3695958481339097,0.3695958481339097,0.3695958481339097,0.3695958481339097
2,S,12,4.0,0.2,True,q3_evidence,PCS raw,pcs_raw,1,S,3.990796214317659,1.1217307914668087,2.8690654228508503,2.8690654228508503,0.7195673021332978,0.07025146484375,9.275869858869836,0.3672403741249088,0.3672403741249088,0.3672403741249088,0.3672403741249088
2,S,12,4.0,0.24,True,q3_evidence,PCS raw,pcs_raw,1,S,3.9867651399345525,1.1737263319323281,2.8130388080022244,2.8130388080022244,0.706568417016918,0.07415771484375,9.026522221962875,0.36006896742428474,0.36006896742428474,0.36006896742428474,0.36006896742428474
2,S,12,4.0,0.28,True,q3_evidence,PCS raw,pcs_raw,1,S,3.982015709386646,1.0828092458849743,2.8992064635016717,2.8992064635016717,0.7292976885287564,0.0677490234375,9.295932795224996,0.37109842732821396,0.37109842732821396,0.37109842732821396,0.37109842732821396
2,S,12,4.0,0.32,True,q3_evidence,PCS raw,pcs_raw,1,S,3.976555119443372,1.101740147151879,2.874814972291493,2.874814972291493,0.7245649632120302,0.06744384765625,9.232473833333973,0.3679763164533111,0.3679763164533111,0.3679763164533111,0.3679763164533111
2,S,12,4.0,0.36,True,q3_evidence,PCS raw,pcs_raw,1,S,3.970391608345835,1.1123919777080342,2.8579996306378006,2.8579996306378006,0.7219020055729914,0.067108154296875,9.077573755013683,0.3658239527216385,0.3658239527216385,0.3658239527216385,0.3658239527216385
2,S,12,6.0,0.0,False,q3_evidence,Uniform raw,uniform_raw,1,S,4.0,2.1676925563380576,1.8323074436619424,1.8323074436619424,0.4580768609154856,0.16705322265625,5.84796051639659,0.23453535278872864,0.23453535278872864,0.23453535278872864,0.23453535278872864
2,S,12,6.0,0.12,True,q3_evidence,PCS raw,pcs_raw,1,S,3.996679855921233,2.082959372550295,1.913720483370938,1.913720483370938,0.4792601568624263,0.15380859375,6.176185810130326,0.24495622187148008,0.24495622187148008,0.24495622187148008,0.24495622187148008
2,S,12,6.0,0.16,True,q3_evidence,PCS raw,pcs_raw,1,S,3.9941028013225788,2.1367287579281684,1.8573740433944104,1.8573740433944104,0.4658178105179579,0.15966796875,5.906908031220671,0.23774387755448453,0.23774387755448453,0.23774387755448453,0.23774387755448453
2,S,12,6.0,0.2,True,q3_evidence,PCS raw,pcs_raw,1,S,3.990796214317659,2.149865653474955,1.840930560842704,1.840930560842704,0.4625335866312612,0.156768798828125,5.846236383772058,0.23563911178786612,0.23563911178786612,0.23563911178786612,0.23563911178786612
2,S,12,6.0,0.24,True,q3_evidence,PCS raw,pcs_raw,1,S,3.9867651399345525,2.1702199253969243,1.8165452145376282,1.8165452145376282,0.4574450186507689,0.15985107421875,5.708481085445821,0.23251778746081642,0.23251778746081642,0.23251778746081642,0.23251778746081642
2,S,12,6.0,0.28,True,q3_evidence,PCS raw,pcs_raw,1,S,3.982015709386646,2.164957140879347,1.8170585685072989,1.8170585685072989,0.4587607147801632,0.157623291015625,5.726376309397513,0.23258349676893428,0.23258349676893428,0.23258349676893428,0.23258349676893428
2,S,12,6.0,0.32,True,q3_evidence,PCS raw,pcs_raw,1,S,3.976555119443372,2.1902885397691287,1.7862665796742432,1.7862665796742432,0.4524278650577178,0.158538818359375,5.514603496654152,0.22864212219830313,0.22864212219830313,0.22864212219830313,0.22864212219830313
2,S,12,6.0,0.36,True,q3_evidence,PCS raw,pcs_raw,1,S,3.970391608345835,2.1766650453884306,1.7937265629574042,1.7937265629574042,0.45583373865289234,0.15802001953125,5.552529919504549,0.22959700005854772,0.22959700005854772,0.22959700005854772,0.22959700005854772
3,C,6,-2.0,0.0,False,q3_evidence,Uniform raw,uniform_raw,1,C,4.0,0.09107226452119666,3.9089277354788035,3.9089277354788035,0.9772319338697009,0.005279541015625,14.81163531902955,0.5003427501412868,0.5003427501412868,0.5003427501412868,0.5003427501412868
3,C,6,-2.0,0.12,True,q3_evidence,PCS raw,pcs_raw,1,C,3.996679855921233,0.08563181436172852,3.9110480415595044,3.9110480415595044,0.9785920464095679,0.005340576171875,14.755789002725667,0.5006141493196166,0.5006141493196166,0.5006141493196166,0.5006141493196166
3,C,6,-2.0,0.16,True,q3_evidence,PCS raw,pcs_raw,1,C,3.9941028013225788,0.07208084949670147,3.922021951825877,3.922021951825877,0.9819797876258246,0.004364013671875,14.849758902285767,0.5020188098337123,0.5020188098337123,0.5020188098337123,0.5020188098337123
3,C,6,-2.0,0.2,True,q3_evidence,PCS raw,pcs_raw,1,C,3.990796214317659,0.08254127130283895,3.9082549430148203,3.9082549430148203,0.9793646821742903,0.00482177734375,14.805600485330192,0.500256632705897,0.500256632705897,0.500256632705897,0.500256632705897
3,C,6,-2.0,0.24,True,q3_evidence,PCS raw,pcs_raw,1,C,3.9867651399345525,0.07516246404560836,3.911602675888944,3.911602675888944,0.9812093839885979,0.004669189453125,14.820120385717214,0.5006851425137848,0.5006851425137848,0.5006851425137848,0.5006851425137848
3,C,6,-2.0,0.28,True,q3_evidence,PCS raw,pcs_raw,1,C,3.982015709386646,0.06936511169070994,3.912650597695936,3.912650597695936,0.9826587220773225,0.004608154296875,14.773086373017586,0.5008192765050798,0.5008192765050798,0.5008192765050798,0.5008192765050798
3,C,6,-2.0,0.32,True,q3_evidence,PCS raw,pcs_raw,1,C,3.976555119443372,0.0676110214106997,3.908944098032672,3.908944098032672,0.9830972446473251,0.00408935546875,14.825743322988863,0.5003448445481821,0.5003448445481821,0.5003448445481821,0.5003448445481821
3,C,6,-2.0,0.36,True,q3_evidence,PCS raw,pcs_raw,1,C,3.970391608345835,0.06247409947398708,3.9079175088718476,3.9079175088718476,0.9843814751315032,0.00372314453125,14.866660275671542,0.5002134411355965,0.5002134411355965,0.5002134411355965,0.5002134411355965
3,C,6,0.0,0.0,False,q3_evidence,Uniform raw,uniform_raw,1,C,4.0,0.11186973361767055,3.8881302663823294,3.8881302663823294,0.9720325665955823,0.00726318359375,14.626467824113512,0.49768067409693817,0.49768067409693817,0.49768067409693817,0.49768067409693817
3,C,6,0.0,0.12,True,q3_evidence,PCS raw,pcs_raw,1,C,3.996679855921233,0.09622503032430617,3.9004548255969267,3.9004548255969267,0.9759437424189235,0.0052490234375,14.671902252482552,0.4992582176764066,0.4992582176764066,0.4992582176764066,0.4992582176764066
3,C,6,0.0,0.16,True,q3_evidence,PCS raw,pcs_raw,1,C,3.9941028013225788,0.08781339950525265,3.906289401817326,3.906289401817326,0.9780466501236869,0.0054931640625,14.722575413541128,0.5000050434326178,0.5000050434326178,0.5000050434326178,0.5000050434326178
3,C,6,0.0,0.2,True,q3_evidence,PCS raw,pcs_raw,1,C,3.990796214317659,0.08633760617156107,3.904458608146098,3.904458608146098,0.9784155984571097,0.0048828125,14.600162186336,0.49977070184270056,0.49977070184270056,0.49977070184270056,0.49977070184270056
3,C,6,0.0,0.24,True,q3_evidence,PCS raw,pcs_raw,1,C,3.9867651399345525,0.08163833035358814,3.905126809580964,3.905126809580964,0.9795904174116029,0.005035400390625,14.641917591724333,0.4998562316263634,0.4998562316263634,0.4998562316263634,0.4998562316263634
3,C,6,0.0,0.28,True,q3_evidence,PCS raw,pcs_raw,1,C,3.982015709386646,0.08195331819802291,3.900062391188623,3.900062391188623,0.9795116704504943,0.00518798828125,14.600739230913963,0.49920798607214373,0.49920798607214373,0.49920798607214373,0.49920798607214373
3,C,6,0.0,0.32,True,q3_evidence,PCS raw,pcs_raw,1,C,3.976555119443372,0.08549547965354076,3.891059639789831,3.891059639789831,0.9786261300866148,0.0057373046875,14.575192170936361,0.49805563389309837,0.49805563389309837,0.49805563389309837,0.49805563389309837
3,C,6,0.0,0.36,True,q3_evidence,PCS raw,pcs_raw,1,C,3.970391608345835,0.08924113972881142,3.8811504686170233,3.8811504686170233,0.9776897150677971,0.005859375,14.558869709111306,0.496787259982979,0.496787259982979,0.496787259982979,0.496787259982979
3,C,6,2.0,0.0,False,q3_evidence,Uniform raw,uniform_raw,1,C,4.0,0.14408250881930074,3.8559174911806995,3.8559174911806995,0.9639793727951749,0.008758544921875,14.223762830828388,0.4935574388711295,0.4935574388711295,0.4935574388711295,0.4935574388711295
3,C,6,2.0,0.12,True,q3_evidence,PCS raw,pcs_raw,1,C,3.996679855921233,0.13514980192482196,3.861530053996411,3.861530053996411,0.9662125495187945,0.0086669921875,14.2196966433253,0.4942758469115406,0.4942758469115406,0.4942758469115406,0.4942758469115406
3,C,6,2.0,0.16,True,q3_evidence,PCS raw,pcs_raw,1,C,3.9941028013225788,0.13747466090083055,3.856628140421748,3.856628140421748,0.9656313347747923,0.008514404296875,14.198375864934196,0.49364840197398374,0.49364840197398374,0.49364840197398374,0.49364840197398374
3,C,6,2.0,0.2,True,q3_evidence,PCS raw,pcs_raw,1,C,3.990796214317659,0.11589580539831061,3.8749004089193484,3.8749004089193484,0.9710260486504223,0.007049560546875,14.235341531963336,0.49598725234167657,0.49598725234167657,0.49598725234167657,0.49598725234167657
3,C,6,2.0,0.24,True,q3_evidence,PCS raw,pcs_raw,1,C,3.9867651399345525,0.11873740097879258,3.86802773895576,3.86802773895576,0.9703156497553018,0.00726318359375,14.172782264931206,0.49510755058633726,0.49510755058633726,0.49510755058633726,0.49510755058633726
3,C,6,2.0,0.28,True,q3_evidence,PCS raw,pcs_raw,1,C,3.982015709386646,0.10973761067266354,3.8722780987139824,3.8722780987139824,0.9725655973318341,0.006317138671875,14.23881874288523,0.49565159663538977,0.49565159663538977,0.49565159663538977,0.49565159663538977
3,C,6,2.0,0.32,True,q3_evidence,PCS raw,pcs_raw,1,C,3.976555119443372,0.11166462846122056,3.8648904909821513,3.8648904909821513,0.9720838428846948,0.0069580078125,14.220489309103003,0.4947059828457154,0.4947059828457154,0.4947059828457154,0.4947059828457154
3,C,6,2.0,0.36,True,q3_evidence,PCS raw,pcs_raw,1,C,3.970391608345835,0.1103035397051147,3.86008806864072,3.86008806864072,0.9724241150737213,0.006927490234375,14.124357222927685,0.49409127278601217,0.49409127278601217,0.49409127278601217,0.49409127278601217
3,C,6,4.0,0.0,False,q3_evidence,Uniform raw,uniform_raw,1,C,4.0,0.2579000152109404,3.7420999847890597,3.7420999847890597,0.9355249961972649,0.015411376953125,13.424919573514163,0.47898879805299965,0.47898879805299965,0.47898879805299965,0.47898879805299965
3,C,6,4.0,0.12,True,q3_evidence,PCS raw,pcs_raw,1,C,3.996679855921233,0.24030292966368097,3.756376926257552,3.756376926257552,0.9399242675840798,0.01446533203125,13.350609523927243,0.48081624656096666,0.48081624656096666,0.48081624656096666,0.48081624656096666
3,C,6,4.0,0.16,True,q3_evidence,PCS raw,pcs_raw,1,C,3.9941028013225788,0.23121926448415459,3.7628835368384244,3.7628835368384244,0.9421951838789614,0.01470947265625,13.332281663323023,0.4816490927153183,0.4816490927153183,0.4816490927153183,0.4816490927153183
3,C,6,4.0,0.2,True,q3_evidence,PCS raw,pcs_raw,1,C,3.990796214317659,0.21080570458442885,3.7799905097332305,3.7799905097332305,0.9472985738538928,0.013580322265625,13.385113031238822,0.4838387852458535,0.4838387852458535,0.4838387852458535,0.4838387852458535
3,C,6,4.0,0.24,True,q3_evidence,PCS raw,pcs_raw,1,C,3.9867651399345525,0.23493246792739253,3.75183267200716,3.75183267200716,0.9412668830181519,0.0137939453125,13.2054742353939,0.4802345820169165,0.4802345820169165,0.4802345820169165,0.4802345820169165
3,C,6,4.0,0.28,True,q3_evidence,PCS raw,pcs_raw,1,C,3.982015709386646,0.23654991273159717,3.745465796655049,3.745465796655049,0.9408625218171007,0.014312744140625,13.19845388555208,0.47941962197184623,0.47941962197184623,0.47941962197184623,0.47941962197184623
3,C,6,4.0,0.32,True,q3_evidence,PCS raw,pcs_raw,1,C,3.976555119443372,0.22278602401845315,3.7537690954249188,3.7537690954249188,0.9443034939953867,0.013092041015625,13.203043688963438,0.48048244421438957,0.48048244421438957,0.48048244421438957,0.48048244421438957
3,C,6,4.0,0.36,True,q3_evidence,PCS raw,pcs_raw,1,C,3.970391608345835,0.19376580064302137,3.7766258077028136,3.7766258077028136,0.9515585498392447,0.01116943359375,13.281464219905484,0.48340810338596013,0.48340810338596013,0.48340810338596013,0.48340810338596013
3,C,6,6.0,0.0,False,q3_evidence,Uniform raw,uniform_raw,1,C,4.0,0.5658949809875906,3.434105019012409,3.434105019012409,0.8585262547531023,0.03564453125,11.795520144118663,0.43956544243358836,0.43956544243358836,0.43956544243358836,0.43956544243358836
3,C,6,6.0,0.12,True,q3_evidence,PCS raw,pcs_raw,1,C,3.996679855921233,0.575765093421339,3.420914762499894,3.420914762499894,0.8560587266446653,0.03387451171875,11.627129689291335,0.43787708959998645,0.43787708959998645,0.43787708959998645,0.43787708959998645
3,C,6,6.0,0.16,True,q3_evidence,PCS raw,pcs_raw,1,C,3.9941028013225788,0.5288944656301948,3.4652083356923837,3.4652083356923837,0.8677763835924512,0.030059814453125,11.68178965487808,0.4435466669686251,0.4435466669686251,0.4435466669686251,0.4435466669686251
3,C,6,6.0,0.2,True,q3_evidence,PCS raw,pcs_raw,1,C,3.990796214317659,0.5498490669254914,3.440947147392168,3.440947147392168,0.8625377332686271,0.033721923828125,11.484354191219026,0.44044123486619746,0.44044123486619746,0.44044123486619746,0.44044123486619746
3,C,6,6.0,0.24,True,q3_evidence,PCS raw,pcs_raw,1,C,3.9867651399345525,0.5318783618374874,3.454886778097065,3.454886778097065,0.8670304095406282,0.031097412109375,11.646810423003924,0.4422255075964243,0.4422255075964243,0.4422255075964243,0.4422255075964243
3,C,6,6.0,0.28,True,q3_evidence,PCS raw,pcs_raw,1,C,3.982015709386646,0.5631794727647612,3.4188362366218845,3.4188362366218845,0.8592051318088096,0.033905029296875,11.370076160186693,0.4376110382876012,0.4376110382876012,0.4376110382876012,0.4376110382876012
3,C,6,6.0,0.32,True,q3_evidence,PCS raw,pcs_raw,1,C,3.976555119443372,0.579558736125172,3.3969963833182,3.3969963833182,0.855110315968707,0.033782958984375,11.263202555770588,0.43481553706472964,0.43481553706472964,0.43481553706472964,0.43481553706472964
3,C,6,6.0,0.36,True,q3_evidence,PCS raw,pcs_raw,1,C,3.970391608345835,0.562664695129458,3.4077269132163766,3.4077269132163766,0.8593338262176354,0.03466796875,11.214021736858681,0.43618904489169624,0.43618904489169624,0.43618904489169624,0.43618904489169624
3,C,8,-2.0,0.0,False,q3_evidence,Uniform raw,uniform_raw,1,C,4.0,0.11122247069417474,3.888777529305825,3.888777529305825,0.9721943823264563,0.00726318359375,14.645463887693213,0.49776352375114563,0.49776352375114563,0.49776352375114563,0.49776352375114563
3,C,8,-2.0,0.12,True,q3_evidence,PCS raw,pcs_raw,1,C,3.996679855921233,0.09956687414511269,3.8971129817761203,3.8971129817761203,0.9751082814637219,0.00640869140625,14.577482128377852,0.4988304616673434,0.4988304616673434,0.4988304616673434,0.4988304616673434
3,C,8,-2.0,0.16,True,q3_evidence,PCS raw,pcs_raw,1,C,3.9941028013225788,0.09049167181521811,3.9036111295073606,3.9036111295073606,0.9773770820461954,0.006072998046875,14.630529532850636,0.49966222457694215,0.49966222457694215,0.49966222457694215,0.49966222457694215
3,C,8,-2.0,0.2,True,q3_evidence,PCS raw,pcs_raw,1,C,3.990796214317659,0.08770878131035013,3.903087433007309,3.903087433007309,0.9780728046724124,0.005615234375,14.58898774466,0.4995951914249355,0.4995951914249355,0.4995951914249355,0.4995951914249355
3,C,8,-2.0,0.24,True,q3_evidence,PCS raw,pcs_raw,1,C,3.9867651399345525,0.08657811088828529,3.900187029046267,3.900187029046267,0.9783554722779286,0.0054931640625,14.572244798372768,0.49922393971792217,0.49922393971792217,0.49922393971792217,0.49922393971792217
3,C,8,-2.0,0.28,True,q3_evidence,PCS raw,pcs_raw,1,C,3.982015709386646,0.09181526755870287,3.8902004418279432,3.8902004418279432,0.9770461831103243,0.0057373046875,14.545650086826157,0.49794565655397677,0.49794565655397677,0.49794565655397677,0.49794565655397677
3,C,8,-2.0,0.32,True,q3_evidence,PCS raw,pcs_raw,1,C,3.976555119443372,0.07717485535869123,3.8993802640846806,3.8993802640846806,0.9807062861603272,0.005035400390625,14.664895983564865,0.4991206738028391,0.4991206738028391,0.4991206738028391,0.4991206738028391
3,C,8,-2.0,0.36,True,q3_evidence,PCS raw,pcs_raw,1,C,3.970391608345835,0.07193454145440617,3.8984570668914285,3.8984570668914285,0.9820163646363984,0.004852294921875,14.664502531405223,0.4990025045621028,0.4990025045621028,0.4990025045621028,0.4990025045621028
3,C,8,0.0,0.0,False,q3_evidence,Uniform raw,uniform_raw,1,C,4.0,0.1389350432913633,3.8610649567086366,3.8610649567086366,0.9652662391771591,0.008758544921875,14.294788659030157,0.4942163144587055,0.4942163144587055,0.4942163144587055,0.4942163144587055
3,C,8,0.0,0.12,True,q3_evidence,PCS raw,pcs_raw,1,C,3.996679855921233,0.12233049412938267,3.8743493617918503,3.8743493617918503,0.9694173764676544,0.0074462890625,14.375997267522916,0.4959167183093568,0.4959167183093568,0.4959167183093568,0.4959167183093568
3,C,8,0.0,0.16,True,q3_evidence,PCS raw,pcs_raw,1,C,3.9941028013225788,0.10872884972867963,3.885373951593899,3.885373951593899,0.9728177875678301,0.006744384765625,14.359287670621141,0.4973278658040191,0.4973278658040191,0.4973278658040191,0.4973278658040191
3,C,8,0.0,0.2,True,q3_evidence,PCS raw,pcs_raw,1,C,3.990796214317659,0.11919822316073378,3.8715979911569254,3.8715979911569254,0.9702004442098165,0.0072021484375,14.28495251747126,0.49556454286808643,0.49556454286808643,0.49556454286808643,0.49556454286808643
3,C,8,0.0,0.24,True,q3_evidence,PCS raw,pcs_raw,1,C,3.9867651399345525,0.09883690190962001,3.8879282380249327,3.8879282380249327,0.975290774522595,0.0059814453125,14.301777853058265,0.4976548144671914,0.4976548144671914,0.4976548144671914,0.4976548144671914
3,C,8,0.0,0.28,True,q3_evidence,PCS raw,pcs_raw,1,C,3.982015709386646,0.10250866049523594,3.87950704889141,3.87950704889141,0.974372834876191,0.0064697265625,14.326558150476668,0.49657690225810047,0.49657690225810047,0.49657690225810047,0.49657690225810047
3,C,8,0.0,0.32,True,q3_evidence,PCS raw,pcs_raw,1,C,3.976555119443372,0.10202734844771578,3.8745277709956563,3.8745277709956563,0.9744931628880711,0.00653076171875,14.2529082492839,0.49593955468744405,0.49593955468744405,0.49593955468744405,0.49593955468744405
3,C,8,0.0,0.36,True,q3_evidence,PCS raw,pcs_raw,1,C,3.970391608345835,0.11285655371254111,3.857535054633294,3.857535054633294,0.9717858615718648,0.007476806640625,14.14389630925391,0.4937644869930616,0.4937644869930616,0.4937644869930616,0.4937644869930616
3,C,8,2.0,0.0,False,q3_evidence,Uniform raw,uniform_raw,1,C,4.0,0.23845931014576288,3.761540689854237,3.761540689854237,0.9403851724635592,0.01513671875,13.604215868225646,0.48147720830134233,0.48147720830134233,0.48147720830134233,0.48147720830134233
3,C,8,2.0,0.12,True,q3_evidence,PCS raw,pcs_raw,1,C,3.996679855921233,0.20775901453346995,3.788920841387763,3.788920841387763,0.9480602463666326,0.012969970703125,13.572836250113472,0.4849818676976337,0.4849818676976337,0.4849818676976337,0.4849818676976337
3,C,8,2.0,0.16,True,q3_evidence,PCS raw,pcs_raw,1,C,3.9941028013225788,0.21489117955100812,3.7792116217715708,3.7792116217715708,0.946277205112248,0.013092041015625,13.464092459691262,0.48373908758676104,0.48373908758676104,0.48373908758676104,0.48373908758676104
3,C,8,2.0,0.2,True,q3_evidence,PCS raw,pcs_raw,1,C,3.990796214317659,0.19675119777034447,3.7940450165473147,3.7940450165473147,0.9508122005574139,0.0123291015625,13.602958223368182,0.48563776211805626,0.48563776211805626,0.48563776211805626,0.48563776211805626
3,C,8,2.0,0.24,True,q3_evidence,PCS raw,pcs_raw,1,C,3.9867651399345525,0.18996061691196642,3.796804523022586,3.796804523022586,0.9525098457720084,0.010986328125,13.497176777374406,0.485990978946891,0.485990978946891,0.485990978946891,0.485990978946891
3,C,8,2.0,0.28,True,q3_evidence,PCS raw,pcs_raw,1,C,3.982015709386646,0.19101684722573592,3.79099886216091,3.79099886216091,0.952245788193566,0.011627197265625,13.523168092136382,0.48524785435659645,0.48524785435659645,0.48524785435659645,0.48524785435659645
3,C,8,2.0,0.32,True,q3_evidence,PCS raw,pcs_raw,1,C,3.976555119443372,0.193998672701674,3.782556446741698,3.782556446741698,0.9515003318245815,0.011077880859375,13.55196508687463,0.4841672251829373,0.4841672251829373,0.4841672251829373,0.4841672251829373
3,C,8,2.0,0.36,True,q3_evidence,PCS raw,pcs_raw,1,C,3.970391608345835,0.16667147384601325,3.8037201344998217,3.8037201344998217,0.9583321315384967,0.010955810546875,13.572638719293778,0.48687617721597715,0.48687617721597715,0.48687617721597715,0.48687617721597715
3,C,8,4.0,0.0,False,q3_evidence,Uniform raw,uniform_raw,1,C,4.0,0.4966633178307617,3.5033366821692384,3.5033366821692384,0.8758341705423096,0.030364990234375,12.209549314526878,0.44842709531766256,0.44842709531766256,0.44842709531766256,0.44842709531766256
3,C,8,4.0,0.12,True,q3_evidence,PCS raw,pcs_raw,1,C,3.996679855921233,0.47450328222394067,3.5221765736972923,3.5221765736972923,0.8813741794440149,0.027191162109375,12.153281664235001,0.45083860143325344,0.45083860143325344,0.45083860143325344,0.45083860143325344
3,C,8,4.0,0.16,True,q3_evidence,PCS raw,pcs_raw,1,C,3.9941028013225788,0.437573527515832,3.556529273806747,3.556529273806747,0.890606618121042,0.02508544921875,12.157289368072759,0.4552357470472636,0.4552357470472636,0.4552357470472636,0.4552357470472636
3,C,8,4.0,0.2,True,q3_evidence,PCS raw,pcs_raw,1,C,3.990796214317659,0.4645627819910273,3.526233432326632,3.526233432326632,0.8838593045022431,0.027191162109375,11.939491175716185,0.45135787933780885,0.45135787933780885,0.45135787933780885,0.45135787933780885
3,C,8,4.0,0.24,True,q3_evidence,PCS raw,pcs_raw,1,C,3.9867651399345525,0.4706213170885376,3.516143822846015,3.516143822846015,0.8823446707278656,0.027496337890625,11.881498771614677,0.45006640932428993,0.45006640932428993,0.45006640932428993,0.45006640932428993
3,C,8,4.0,0.28,True,q3_evidence,PCS raw,pcs_raw,1,C,3.982015709386646,0.46267679246817267,3.5193389169184734,3.5193389169184734,0.8843308018829569,0.02630615234375,11.871181169716166,0.4504753813655646,0.4504753813655646,0.4504753813655646,0.4504753813655646
3,C,8,4.0,0.32,True,q3_evidence,PCS raw,pcs_raw,1,C,3.976555119443372,0.4659006471213538,3.510654472322018,3.510654472322018,0.8835248382196615,0.0267333984375,11.8324105106946,0.4493637724572183,0.4493637724572183,0.4493637724572183,0.4493637724572183
3,C,8,4.0,0.36,True,q3_evidence,PCS raw,pcs_raw,1,C,3.970391608345835,0.4721777911737682,3.4982138171720667,3.4982138171720667,0.881955552206558,0.028228759765625,11.740418362524476,0.4477713685980245,0.4477713685980245,0.4477713685980245,0.4477713685980245
3,C,8,6.0,0.0,False,q3_evidence,Uniform raw,uniform_raw,1,C,4.0,1.1349238569279212,2.865076143072079,2.865076143072079,0.7162690357680197,0.071380615234375,9.463121596079626,0.3667297463132261,0.3667297463132261,0.3667297463132261,0.3667297463132261
3,C,8,6.0,0.12,True,q3_evidence,PCS raw,pcs_raw,1,C,3.996679855921233,1.1509568772782206,2.8457229786430123,2.8457229786430123,0.7122607806804448,0.073150634765625,9.300927327328367,0.3642525412663055,0.3642525412663055,0.3642525412663055,0.3642525412663055
3,C,8,6.0,0.16,True,q3_evidence,PCS raw,pcs_raw,1,C,3.9941028013225788,1.1197675710216135,2.8743352303009653,2.8743352303009653,0.7200581072445966,0.0697021484375,9.36428481568619,0.36791490947852357,0.36791490947852357,0.36791490947852357,0.36791490947852357
3,C,8,6.0,0.2,True,q3_evidence,PCS raw,pcs_raw,1,C,3.990796214317659,1.1162205459898986,2.8745756683277603,2.8745756683277603,0.7209448635025253,0.068695068359375,9.276862196938914,0.3679456855459533,0.3679456855459533,0.3679456855459533,0.3679456855459533
3,C,8,6.0,0.24,True,q3_evidence,PCS raw,pcs_raw,1,C,3.9867651399345525,1.0688601752537443,2.917904964680808,2.917904964680808,0.7327849561865639,0.066314697265625,9.4554642345156,0.37349183547914344,0.37349183547914344,0.37349183547914344,0.37349183547914344
3,C,8,6.0,0.28,True,q3_evidence,PCS raw,pcs_raw,1,C,3.982015709386646,1.142572684115434,2.839443025271212,2.839443025271212,0.7143568289711415,0.071441650390625,9.0849349653021,0.3634487072347152,0.3634487072347152,0.3634487072347152,0.3634487072347152
3,C,8,6.0,0.32,True,q3_evidence,PCS raw,pcs_raw,1,C,3.976555119443372,1.0927452144353311,2.883809905008041,2.883809905008041,0.7268136963911672,0.06842041015625,9.147313252835856,0.36912766784102924,0.36912766784102924,0.36912766784102924,0.36912766784102924
3,C,8,6.0,0.36,True,q3_evidence,PCS raw,pcs_raw,1,C,3.970391608345835,1.1217094818937736,2.8486821264520614,2.8486821264520614,0.7195726295265567,0.068450927734375,9.09321467241098,0.36463131218586387,0.36463131218586387,0.36463131218586387,0.36463131218586387
3,C,10,-2.0,0.0,False,q3_evidence,Uniform raw,uniform_raw,1,C,4.0,0.13354562673151757,3.8664543732684824,3.8664543732684824,0.9666135933171206,0.0081787109375,14.342502886191507,0.4949061597783657,0.4949061597783657,0.4949061597783657,0.4949061597783657
3,C,10,-2.0,0.12,True,q3_evidence,PCS raw,pcs_raw,1,C,3.996679855921233,0.1073893658320163,3.8892904900892167,3.8892904900892167,0.973152658541996,0.00592041015625,14.443665407134729,0.49782918273141974,0.49782918273141974,0.49782918273141974,0.49782918273141974
3,C,10,-2.0,0.16,True,q3_evidence,PCS raw,pcs_raw,1,C,3.9941028013225788,0.11782620505136716,3.876276596271212,3.876276596271212,0.9705434487371583,0.007354736328125,14.338433375702142,0.4961634043227151,0.4961634043227151,0.4961634043227151,0.4961634043227151
3,C,10,-2.0,0.2,True,q3_evidence,PCS raw,pcs_raw,1,C,3.990796214317659,0.10034861924061622,3.8904475950770427,3.8904475950770427,0.9749128451898459,0.00634765625,14.425482058038224,0.4979772921698615,0.4979772921698615,0.4979772921698615,0.4979772921698615
3,C,10,-2.0,0.24,True,q3_evidence,PCS raw,pcs_raw,1,C,3.9867651399345525,0.09555375231471042,3.891211387619842,3.891211387619842,0.9761115619213224,0.0059814453125,14.397138962102131,0.49807505761533977,0.49807505761533977,0.49807505761533977,0.49807505761533977
3,C,10,-2.0,0.28,True,q3_evidence,PCS raw,pcs_raw,1,C,3.982015709386646,0.11282501547729772,3.8691906939093483,3.8691906939093483,0.9717937461306756,0.007354736328125,14.361209413365877,0.4952564088203966,0.4952564088203966,0.4952564088203966,0.4952564088203966
3,C,10,-2.0,0.32,True,q3_evidence,PCS raw,pcs_raw,1,C,3.976555119443372,0.10325738203436025,3.8732977374090116,3.8732977374090116,0.9741856544914099,0.005950927734375,14.373554242132256,0.4957821103883535,0.4957821103883535,0.4957821103883535,0.4957821103883535
3,C,10,-2.0,0.36,True,q3_evidence,PCS raw,pcs_raw,1,C,3.970391608345835,0.0957458531984414,3.8746457551473936,3.8746457551473936,0.9760635367003897,0.006195068359375,14.295177603130305,0.4959546566588664,0.4959546566588664,0.4959546566588664,0.4959546566588664
3,C,10,0.0,0.0,False,q3_evidence,Uniform raw,uniform_raw,1,C,4.0,0.17307596510765988,3.82692403489234,3.82692403489234,0.956731008723085,0.010833740234375,14.007347537259625,0.48984627646621953,0.48984627646621953,0.48984627646621953,0.48984627646621953
3,C,10,0.0,0.12,True,q3_evidence,PCS raw,pcs_raw,1,C,3.996679855921233,0.1764266859470394,3.8202531699741935,3.8202531699741935,0.9558933285132402,0.0096435546875,13.90425430531387,0.4889924057566968,0.4889924057566968,0.4889924057566968,0.4889924057566968
3,C,10,0.0,0.16,True,q3_evidence,PCS raw,pcs_raw,1,C,3.9941028013225788,0.158049900136981,3.8360529011855977,3.8360529011855977,0.9604875249657547,0.010528564453125,13.858688605850167,0.49101477135175653,0.49101477135175653,0.49101477135175653,0.49101477135175653
3,C,10,0.0,0.2,True,q3_evidence,PCS raw,pcs_raw,1,C,3.990796214317659,0.18618207271124831,3.804614141606411,3.804614141606411,0.953454481822188,0.0115966796875,13.71591692841815,0.4869906101256206,0.4869906101256206,0.4869906101256206,0.4869906101256206
3,C,10,0.0,0.24,True,q3_evidence,PCS raw,pcs_raw,1,C,3.9867651399345525,0.1552419917602931,3.8315231481742593,3.8315231481742593,0.9611895020599267,0.009857177734375,13.860177422928416,0.4904349629663052,0.4904349629663052,0.4904349629663052,0.4904349629663052
3,C,10,0.0,0.28,True,q3_evidence,PCS raw,pcs_raw,1,C,3.982015709386646,0.15250543910767186,3.8295102702789743,3.8295102702789743,0.9618736402230821,0.009368896484375,13.839450650225507,0.4901773145957087,0.4901773145957087,0.4901773145957087,0.4901773145957087
3,C,10,0.0,0.32,True,q3_evidence,PCS raw,pcs_raw,1,C,3.976555119443372,0.15522610424926253,3.8213290151941095,3.8213290151941095,0.9611934739376844,0.009307861328125,13.820113364332059,0.489130113944846,0.489130113944846,0.489130113944846,0.489130113944846
3,C,10,0.0,0.36,True,q3_evidence,PCS raw,pcs_raw,1,C,3.970391608345835,0.13004290620211173,3.8403487021437233,3.8403487021437233,0.9674892734494721,0.00848388671875,13.82690482654425,0.4915646338743966,0.4915646338743966,0.4915646338743966,0.4915646338743966
3,C,10,2.0,0.0,False,q3_evidence,Uniform raw,uniform_raw,1,C,4.0,0.40688316049227286,3.593116839507727,3.593116839507727,0.8982792098769318,0.024566650390625,12.683269115368565,0.4599189554569891,0.4599189554569891,0.4599189554569891,0.4599189554569891
3,C,10,2.0,0.12,True,q3_evidence,PCS raw,pcs_raw,1,C,3.996679855921233,0.3330071179819811,3.663672737939252,3.663672737939252,0.9167482205045048,0.01910400390625,12.846815866230266,0.46895011045622426,0.46895011045622426,0.46895011045622426,0.46895011045622426
3,C,10,2.0,0.16,True,q3_evidence,PCS raw,pcs_raw,1,C,3.9941028013225788,0.3155562989553088,3.67854650236727,3.67854650236727,0.9211109252611728,0.018280029296875,12.774627166003413,0.4708539523030106,0.4708539523030106,0.4708539523030106,0.4708539523030106
3,C,10,2.0,0.2,True,q3_evidence,PCS raw,pcs_raw,1,C,3.990796214317659,0.3429541514646179,3.6478420628530412,3.6478420628530412,0.9142614621338455,0.02105712890625,12.688260077331046,0.46692378404518925,0.46692378404518925,0.46692378404518925,0.46692378404518925
3,C,10,2.0,0.24,True,q3_evidence,PCS raw,pcs_raw,1,C,3.9867651399345525,0.3197298374653151,3.6670353024692375,3.6670353024692375,0.9200675406336712,0.0185546875,12.744177087097452,0.4693805187160624,0.4693805187160624,0.4693805187160624,0.4693805187160624
3,C,10,2.0,0.28,True,q3_evidence,PCS raw,pcs_raw,1,C,3.982015709386646,0.3135919167508101,3.668423792635836,3.668423792635836,0.9216020208122975,0.018646240234375,12.719738366502957,0.46955824545738695,0.46955824545738695,0.46955824545738695,0.46955824545738695
3,C,10,2.0,0.32,True,q3_evidence,PCS raw,pcs_raw,1,C,3.976555119443372,0.31899796712617867,3.6575571523171932,3.6575571523171932,0.9202505082184553,0.019012451171875,12.643715463660747,0.46816731549660073,0.46816731549660073,0.46816731549660073,0.46816731549660073
3,C,10,2.0,0.36,True,q3_evidence,PCS raw,pcs_raw,1,C,3.970391608345835,0.30686179222607995,3.663529816119755,3.663529816119755,0.92328455194348,0.017791748046875,12.645327263302768,0.4689318164633286,0.4689318164633286,0.4689318164633286,0.4689318164633286
3,C,10,4.0,0.0,False,q3_evidence,Uniform raw,uniform_raw,1,C,4.0,0.8150171239331421,3.184982876066858,3.184982876066858,0.7962457190167145,0.048553466796875,10.752023960081269,0.4076778081365578,0.4076778081365578,0.4076778081365578,0.4076778081365578
3,C,10,4.0,0.12,True,q3_evidence,PCS raw,pcs_raw,1,C,3.996679855921233,0.7989458492613588,3.197734006659874,3.197734006659874,0.8002635376846603,0.047119140625,10.66372543352314,0.40930995285246385,0.40930995285246385,0.40930995285246385,0.40930995285246385
3,C,10,4.0,0.16,True,q3_evidence,PCS raw,pcs_raw,1,C,3.9941028013225788,0.8005187430198876,3.193584058302691,3.193584058302691,0.7998703142450281,0.04693603515625,10.605281918829526,0.40877875946274445,0.40877875946274445,0.40877875946274445,0.40877875946274445
3,C,10,4.0,0.2,True,q3_evidence,PCS raw,pcs_raw,1,C,3.990796214317659,0.8272145557071776,3.1635816586104815,3.1635816586104815,0.7931963610732056,0.049530029296875,10.328436212411935,0.4049384523021416,0.4049384523021416,0.4049384523021416,0.4049384523021416
3,C,10,4.0,0.24,True,q3_evidence,PCS raw,pcs_raw,1,C,3.9867651399345525,0.8115744542814458,3.1751906856531065,3.1751906856531065,0.7971063864296385,0.048187255859375,10.42282079522883,0.4064244077635977,0.4064244077635977,0.4064244077635977,0.4064244077635977
3,C,10,4.0,0.28,True,q3_evidence,PCS raw,pcs_raw,1,C,3.982015709386646,0.8000947301269135,3.1819209792597327,3.1819209792597327,0.7999763174682717,0.045928955078125,10.433530600719273,0.4072858853452458,0.4072858853452458,0.4072858853452458,0.4072858853452458
3,C,10,4.0,0.32,True,q3_evidence,PCS raw,pcs_raw,1,C,3.976555119443372,0.7462284460786108,3.230326673364761,3.230326673364761,0.8134428884803473,0.04461669921875,10.550992991171107,0.4134818141906894,0.4134818141906894,0.4134818141906894,0.4134818141906894
3,C,10,4.0,0.36,True,q3_evidence,PCS raw,pcs_raw,1,C,3.970391608345835,0.7791168202122477,3.1912747881335872,3.1912747881335872,0.8052207949469381,0.044677734375,10.330962517571649,0.4084831728810992,0.4084831728810992,0.4084831728810992,0.4084831728810992
3,C,10,6.0,0.0,False,q3_evidence,Uniform raw,uniform_raw,1,C,4.0,1.7723513244618117,2.2276486755381883,2.2276486755381883,0.5569121688845471,0.125396728515625,7.1460929875977435,0.2851390304688881,0.2851390304688881,0.2851390304688881,0.2851390304688881
3,C,10,6.0,0.12,True,q3_evidence,PCS raw,pcs_raw,1,C,3.996679855921233,1.6942005597623453,2.3024792961588876,2.3024792961588876,0.5764498600594137,0.115570068359375,7.334453314079077,0.2947173499083376,0.2947173499083376,0.2947173499083376,0.2947173499083376
3,C,10,6.0,0.16,True,q3_evidence,PCS raw,pcs_raw,1,C,3.9941028013225788,1.7284509871652745,2.2656518141573043,2.2656518141573043,0.5678872532086814,0.119049072265625,7.063322702429807,0.2900034322121349,0.2900034322121349,0.2900034322121349,0.2900034322121349
3,C,10,6.0,0.2,True,q3_evidence,PCS raw,pcs_raw,1,C,3.990796214317659,1.700841472196877,2.2899547421207824,2.2899547421207824,0.5747896319507808,0.11602783203125,7.227631399976323,0.2931142069914601,0.2931142069914601,0.2931142069914601,0.2931142069914601
3,C,10,6.0,0.24,True,q3_evidence,PCS raw,pcs_raw,1,C,3.9867651399345525,1.748159305425812,2.2386058345087405,2.2386058345087405,0.562960173643547,0.1209716796875,7.02441996386961,0.2865415468171188,0.2865415468171188,0.2865415468171188,0.2865415468171188
3,C,10,6.0,0.28,True,q3_evidence,PCS raw,pcs_raw,1,C,3.982015709386646,1.7870836223008049,2.1949320870858413,2.1949320870858413,0.5532290944247988,0.1231689453125,6.828661914602394,0.2809513071469877,0.2809513071469877,0.2809513071469877,0.2809513071469877
3,C,10,6.0,0.32,True,q3_evidence,PCS raw,pcs_raw,1,C,3.976555119443372,1.7682785212898704,2.2082765981535015,2.2082765981535015,0.5579303696775324,0.12017822265625,6.797088509948489,0.2826594045636482,0.2826594045636482,0.2826594045636482,0.2826594045636482
3,C,10,6.0,0.36,True,q3_evidence,PCS raw,pcs_raw,1,C,3.970391608345835,1.7731487789112115,2.1972428294346233,2.1972428294346233,0.5567128052721971,0.118560791015625,6.7100846089001145,0.2812470821676318,0.2812470821676318,0.2812470821676318,0.2812470821676318
3,C,12,-2.0,0.0,False,q3_evidence,Uniform raw,uniform_raw,1,C,4.0,0.18074694364743799,3.819253056352562,3.819253056352562,0.9548132640881405,0.010894775390625,14.12072533829702,0.4888643912131279,0.4888643912131279,0.4888643912131279,0.4888643912131279
3,C,12,-2.0,0.12,True,q3_evidence,PCS raw,pcs_raw,1,C,3.996679855921233,0.13288630954199526,3.8637935463792377,3.8637935463792377,0.9667784226145012,0.008026123046875,14.119516273979908,0.49456557393654244,0.49456557393654244,0.49456557393654244,0.49456557393654244
3,C,12,-2.0,0.16,True,q3_evidence,PCS raw,pcs_raw,1,C,3.9941028013225788,0.13569213155521476,3.858410669767364,3.858410669767364,0.9660769671111963,0.00872802734375,14.178661702082207,0.4938765657302226,0.4938765657302226,0.4938765657302226,0.4938765657302226
3,C,12,-2.0,0.2,True,q3_evidence,PCS raw,pcs_raw,1,C,3.990796214317659,0.13011740214115336,3.8606788121765057,3.8606788121765057,0.9674706494647116,0.0076904296875,14.036970934423564,0.4941668879585927,0.4941668879585927,0.4941668879585927,0.4941668879585927
3,C,12,-2.0,0.24,True,q3_evidence,PCS raw,pcs_raw,1,C,3.9867651399345525,0.13299375950214565,3.853771380432407,3.853771380432407,0.9667515601244636,0.008087158203125,14.078784399359927,0.49328273669534806,0.49328273669534806,0.49328273669534806,0.49328273669534806
3,C,12,-2.0,0.28,True,q3_evidence,PCS raw,pcs_raw,1,C,3.982015709386646,0.12955404034698137,3.8524616690396645,3.8524616690396645,0.9676114899132546,0.008087158203125,14.098046785991107,0.493115093637077,0.493115093637077,0.493115093637077,0.493115093637077
3,C,12,-2.0,0.32,True,q3_evidence,PCS raw,pcs_raw,1,C,3.976555119443372,0.12124804470200917,3.8553070747413627,3.8553070747413627,0.9696879888244977,0.00799560546875,14.031674782832802,0.4934793055668944,0.4934793055668944,0.4934793055668944,0.4934793055668944
3,C,12,-2.0,0.36,True,q3_evidence,PCS raw,pcs_raw,1,C,3.970391608345835,0.11812080137928016,3.8522708069665548,3.8522708069665548,0.97046979965518,0.007232666015625,14.076390221539734,0.49309066329171897,0.49309066329171897,0.49309066329171897,0.49309066329171897
3,C,12,0.0,0.0,False,q3_evidence,Uniform raw,uniform_raw,1,C,4.0,0.25139651099318483,3.748603489006815,3.748603489006815,0.9371508722517038,0.015716552734375,13.413298066295223,0.47982124659287234,0.47982124659287234,0.47982124659287234,0.47982124659287234
3,C,12,0.0,0.12,True,q3_evidence,PCS raw,pcs_raw,1,C,3.996679855921233,0.24000252135813283,3.7566773345631,3.7566773345631,0.9399993696604668,0.01446533203125,13.34698080558863,0.48085469882407683,0.48085469882407683,0.48085469882407683,0.48085469882407683
3,C,12,0.0,0.16,True,q3_evidence,PCS raw,pcs_raw,1,C,3.9941028013225788,0.2377398641510105,3.756362937171568,3.756362937171568,0.9405650339622473,0.0137939453125,13.370455426196678,0.4808144559579607,0.4808144559579607,0.4808144559579607,0.4808144559579607
3,C,12,0.0,0.2,True,q3_evidence,PCS raw,pcs_raw,1,C,3.990796214317659,0.2116992191131173,3.779096995204542,3.779096995204542,0.9470751952217207,0.01239013671875,13.394073308592645,0.48372441538618133,0.48372441538618133,0.48372441538618133,0.48372441538618133
3,C,12,0.0,0.24,True,q3_evidence,PCS raw,pcs_raw,1,C,3.9867651399345525,0.20624494564707074,3.7805201942874818,3.7805201942874818,0.9484387635882323,0.012542724609375,13.456580027466465,0.4839065848687977,0.4839065848687977,0.4839065848687977,0.4839065848687977
3,C,12,0.0,0.28,True,q3_evidence,PCS raw,pcs_raw,1,C,3.982015709386646,0.2174630307984105,3.7645526785882355,3.7645526785882355,0.9456342423003974,0.01348876953125,13.345958329952923,0.48186274285929415,0.48186274285929415,0.48186274285929415,0.48186274285929415
3,C,12,0.0,0.32,True,q3_evidence,PCS raw,pcs_raw,1,C,3.976555119443372,0.2265980456240968,3.7499570738192753,3.7499570738192753,0.9433504885939759,0.014007568359375,13.276966630186863,0.47999450544886724,0.47999450544886724,0.47999450544886724,0.47999450544886724
3,C,12,0.0,0.36,True,q3_evidence,PCS raw,pcs_raw,1,C,3.970391608345835,0.20900326084359203,3.7613883475022427,3.7613883475022427,0.947749184789102,0.013275146484375,13.301484574173838,0.48145770848028707,0.48145770848028707,0.48145770848028707,0.48145770848028707
3,C,12,2.0,0.0,False,q3_evidence,Uniform raw,uniform_raw,1,C,4.0,0.5091564149394958,3.490843585060504,3.490843585060504,0.872710896265126,0.031402587890625,12.046698795341344,0.4468279788877445,0.4468279788877445,0.4468279788877445,0.4468279788877445
3,C,12,2.0,0.12,True,q3_evidence,PCS raw,pcs_raw,1,C,3.996679855921233,0.5203748281350278,3.4763050277862053,3.4763050277862053,0.8699062929662431,0.029876708984375,11.836636551819396,0.4449670435566343,0.4449670435566343,0.4449670435566343,0.4449670435566343
3,C,12,2.0,0.16,True,q3_evidence,PCS raw,pcs_raw,1,C,3.9941028013225788,0.5139045419742974,3.480198259348281,3.480198259348281,0.8715238645064256,0.02996826171875,11.870934229202206,0.44546537719658,0.44546537719658,0.44546537719658,0.44546537719658
3,C,12,2.0,0.2,True,q3_evidence,PCS raw,pcs_raw,1,C,3.990796214317659,0.520603010105928,3.470193204211731,3.470193204211731,0.869849247473518,0.029693603515625,11.709251928442296,0.44418473013910154,0.44418473013910154,0.44418473013910154,0.44418473013910154
3,C,12,2.0,0.24,True,q3_evidence,PCS raw,pcs_raw,1,C,3.9867651399345525,0.49948902261728767,3.487276117317265,3.487276117317265,0.8751277443456781,0.02728271484375,11.787267642308398,0.4463713430166099,0.4463713430166099,0.4463713430166099,0.4463713430166099
3,C,12,2.0,0.28,True,q3_evidence,PCS raw,pcs_raw,1,C,3.982015709386646,0.4978401936358655,3.4841755157507803,3.4841755157507803,0.8755399515910336,0.028411865234375,11.79519899842117,0.44597446601609986,0.44597446601609986,0.44597446601609986,0.44597446601609986
3,C,12,2.0,0.32,True,q3_evidence,PCS raw,pcs_raw,1,C,3.976555119443372,0.4808708121852478,3.495684307258124,3.495684307258124,0.879782296953688,0.027618408203125,11.731437693041336,0.44744759132903983,0.44744759132903983,0.44744759132903983,0.44744759132903983
3,C,12,2.0,0.36,True,q3_evidence,PCS raw,pcs_raw,1,C,3.970391608345835,0.5067474474138781,3.4636441609319566,3.4636441609319566,0.8733131381465304,0.029022216796875,11.555652703152708,0.44334645259929045,0.44334645259929045,0.44334645259929045,0.44334645259929045
3,C,12,4.0,0.0,False,q3_evidence,Uniform raw,uniform_raw,1,C,4.0,1.1407266995921803,2.8592733004078195,2.8592733004078195,0.7148183251019549,0.073455810546875,9.378870166641779,0.36598698245220085,0.36598698245220085,0.36598698245220085,0.36598698245220085
3,C,12,4.0,0.12,True,q3_evidence,PCS raw,pcs_raw,1,C,3.996679855921233,1.1631400756470347,2.833539780274198,2.833539780274198,0.7092149810882413,0.07244873046875,9.140561057443167,0.36269309187509735,0.36269309187509735,0.36269309187509735,0.36269309187509735
3,C,12,4.0,0.16,True,q3_evidence,PCS raw,pcs_raw,1,C,3.9941028013225788,1.1882451017147353,2.8058576996078433,2.8058576996078433,0.7029387245713161,0.07269287109375,8.95227007347671,0.359149785549804,0.359149785549804,0.359149785549804,0.359149785549804
3,C,12,4.0,0.2,True,q3_evidence,PCS raw,pcs_raw,1,C,3.990796214317659,1.1804900050604765,2.810306209257183,2.810306209257183,0.7048774987348809,0.0718994140625,8.939891256543502,0.3597191947849194,0.3597191947849194,0.3597191947849194,0.3597191947849194
3,C,12,4.0,0.24,True,q3_evidence,PCS raw,pcs_raw,1,C,3.9867651399345525,1.1374170617973132,2.8493480781372393,2.8493480781372393,0.7156457345506717,0.06976318359375,9.105563965945134,0.36471655400156666,0.36471655400156666,0.36471655400156666,0.36471655400156666
3,C,12,4.0,0.28,True,q3_evidence,PCS raw,pcs_raw,1,C,3.982015709386646,1.2068811433396558,2.77513456604699,2.77513456604699,0.698279714165086,0.074981689453125,8.834295465498208,0.35521722445401477,0.35521722445401477,0.35521722445401477,0.35521722445401477
3,C,12,4.0,0.32,True,q3_evidence,PCS raw,pcs_raw,1,C,3.976555119443372,1.1957709639208698,2.780784155522502,2.780784155522502,0.7010572590197826,0.073974609375,8.76952738999731,0.35594037190688027,0.35594037190688027,0.35594037190688027,0.35594037190688027
3,C,12,4.0,0.36,True,q3_evidence,PCS raw,pcs_raw,1,C,3.970391608345835,1.1838581386810423,2.7865334696647928,2.7865334696647928,0.7040354653297395,0.07293701171875,8.773566708299606,0.35667628411709346,0.35667628411709346,0.35667628411709346,0.35667628411709346
3,C,12,6.0,0.0,False,q3_evidence,Uniform raw,uniform_raw,1,C,4.0,2.2302660838494774,1.7697339161505226,1.7697339161505226,0.44243347903763064,0.16986083984375,5.627056437020297,0.22652594126726688,0.22652594126726688,0.22652594126726688,0.22652594126726688
3,C,12,6.0,0.12,True,q3_evidence,PCS raw,pcs_raw,1,C,3.996679855921233,2.250129270064436,1.746550585856797,1.746550585856797,0.437467682483891,0.171142578125,5.535176647604578,0.22355847498967002,0.22355847498967002,0.22355847498967002,0.22355847498967002
3,C,12,6.0,0.16,True,q3_evidence,PCS raw,pcs_raw,1,C,3.9941028013225788,2.2958566872891115,1.6982461140334673,1.6982461140334673,0.4260358281777221,0.172119140625,5.321793747006397,0.21737550259628383,0.21737550259628383,0.21737550259628383,0.21737550259628383
3,C,12,6.0,0.2,True,q3_evidence,PCS raw,pcs_raw,1,C,3.990796214317659,2.2067997908700723,1.783996423447587,1.783996423447587,0.44830005228248193,0.162261962890625,5.684950803315983,0.22835154220129114,0.22835154220129114,0.22835154220129114,0.22835154220129114
3,C,12,6.0,0.24,True,q3_evidence,PCS raw,pcs_raw,1,C,3.9867651399345525,2.3317898653114826,1.65497527462307,1.65497527462307,0.41705253367212936,0.1717529296875,5.149383019517307,0.21183683515175297,0.21183683515175297,0.21183683515175297,0.21183683515175297
3,C,12,6.0,0.28,True,q3_evidence,PCS raw,pcs_raw,1,C,3.982015709386646,2.264874928005558,1.717140781381088,1.717140781381088,0.4337812679986105,0.167266845703125,5.3334753440660965,0.21979402001677928,0.21979402001677928,0.21979402001677928,0.21979402001677928
3,C,12,6.0,0.32,True,q3_evidence,PCS raw,pcs_raw,1,C,3.976555119443372,2.32732307015767,1.6492320492857018,1.6492320492857018,0.41816923246058246,0.165740966796875,5.171419537385129,0.2111017023085698,0.2111017023085698,0.2111017023085698,0.2111017023085698
3,C,12,6.0,0.36,True,q3_evidence,PCS raw,pcs_raw,1,C,3.970391608345835,2.328057048033309,1.6423345603125257,1.6423345603125257,0.4179857379916727,0.16827392578125,5.053831438334514,0.2102188237200033,0.2102188237200033,0.2102188237200033,0.2102188237200033
3,C+S,6,-2.0,0.0,False,q3_evidence_cs_penalty,Uniform raw,uniform_raw,2,C+S,4.0,0.16877173752284763,3.8312282624771523,3.8312282624771523,0.9578070656192881,0.0111541748046875,13.73487530112826,0.9807944351941509,0.49039721759707544,0.9807944351941509,0.49039721759707544
3,C+S,6,-2.0,0.12,True,q3_evidence_cs_penalty,PCS raw,pcs_raw,2,C+S,3.996679855921233,0.16642190016458983,3.830257955756643,3.830257955756643,0.9583945249588526,0.0109405517578125,13.703105645039091,0.9805460366737007,0.49027301833685033,0.9805460366737007,0.49027301833685033
3,C+S,6,-2.0,0.16,True,q3_evidence_cs_penalty,PCS raw,pcs_raw,2,C+S,3.9941028013225788,0.15560158865375448,3.8385012126688243,3.8385012126688243,0.9610996028365614,0.00982666015625,13.761539858708352,0.9826563104432191,0.49132815522160955,0.9826563104432191,0.49132815522160955
3,C+S,6,-2.0,0.2,True,q3_evidence_cs_penalty,PCS raw,pcs_raw,2,C+S,3.990796214317659,0.14102122350651614,3.849774990811143,3.849774990811143,0.9647446941233709,0.008819580078125,13.766424867931569,0.9855423976476526,0.4927711988238263,0.9855423976476526,0.4927711988238263
3,C+S,6,-2.0,0.24,True,q3_evidence_cs_penalty,PCS raw,pcs_raw,2,C+S,3.9867651399345525,0.14377845756946173,3.842986682365091,3.842986682365091,0.9640553856076346,0.008819580078125,13.732423264436562,0.9838045906854632,0.4919022953427316,0.9838045906854632,0.4919022953427316
3,C+S,6,-2.0,0.28,True,q3_evidence_cs_penalty,PCS raw,pcs_raw,2,C+S,3.982015709386646,0.1333094584626627,3.8487062509239833,3.8487062509239833,0.9666726353843343,0.0086517333984375,13.734763032326418,0.9852688002365397,0.49263440011826987,0.9852688002365397,0.49263440011826987
3,C+S,6,-2.0,0.32,True,q3_evidence_cs_penalty,PCS raw,pcs_raw,2,C+S,3.976555119443372,0.1349179679632052,3.8416371514801666,3.8416371514801666,0.9662705080091987,0.0084075927734375,13.732179800713364,0.9834591107789227,0.49172955538946134,0.9834591107789227,0.49172955538946134
3,C+S,6,-2.0,0.36,True,q3_evidence_cs_penalty,PCS raw,pcs_raw,2,C+S,3.970391608345835,0.12933311465557248,3.8410584936902623,3.8410584936902623,0.9676667213361069,0.008270263671875,13.705350451059706,0.9833109743847072,0.4916554871923536,0.9833109743847072,0.4916554871923536
3,C+S,6,0.0,0.0,False,q3_evidence_cs_penalty,Uniform raw,uniform_raw,2,C+S,4.0,0.1947708628198971,3.8052291371801026,3.8052291371801026,0.9513072842950256,0.0127716064453125,13.594209956440704,0.9741386591181063,0.48706932955905313,0.9741386591181063,0.48706932955905313
3,C+S,6,0.0,0.12,True,q3_evidence_cs_penalty,PCS raw,pcs_raw,2,C+S,3.996679855921233,0.1815079564775119,3.8151718994437207,3.8151718994437207,0.954623010880622,0.0115509033203125,13.565600581774827,0.9766840062575926,0.4883420031287963,0.9766840062575926,0.4883420031287963
3,C+S,6,0.0,0.16,True,q3_evidence_cs_penalty,PCS raw,pcs_raw,2,C+S,3.9941028013225788,0.1725435766372952,3.8215592246852834,3.8215592246852834,0.9568641058406762,0.01092529296875,13.526987989846221,0.9783191615194327,0.48915958075971633,0.9783191615194327,0.48915958075971633
3,C+S,6,0.0,0.2,True,q3_evidence_cs_penalty,PCS raw,pcs_raw,2,C+S,3.990796214317659,0.17285390313298046,3.817942311184679,3.817942311184679,0.9567865242167549,0.0111083984375,13.536304487308168,0.9773932316632779,0.4886966158316389,0.9773932316632779,0.4886966158316389
3,C+S,6,0.0,0.24,True,q3_evidence_cs_penalty,PCS raw,pcs_raw,2,C+S,3.9867651399345525,0.16541331128881528,3.821351828645737,3.821351828645737,0.9586466721777962,0.0104827880859375,13.528743674526517,0.9782660681333086,0.4891330340666543,0.9782660681333086,0.4891330340666543
3,C+S,6,0.0,0.28,True,q3_evidence_cs_penalty,PCS raw,pcs_raw,2,C+S,3.982015709386646,0.16638050489252826,3.815635204494118,3.815635204494118,0.958404873776868,0.010589599609375,13.48755902753958,0.9768026123504941,0.4884013061752471,0.9768026123504941,0.4884013061752471
3,C+S,6,0.0,0.32,True,q3_evidence_cs_penalty,PCS raw,pcs_raw,2,C+S,3.976555119443372,0.15654734073001395,3.820007778713358,3.820007778713358,0.9608631648174966,0.01019287109375,13.499232386798706,0.9779219913506196,0.4889609956753098,0.9779219913506196,0.4889609956753098
3,C+S,6,0.0,0.36,True,q3_evidence_cs_penalty,PCS raw,pcs_raw,2,C+S,3.970391608345835,0.16053780761462866,3.809853800731206,3.809853800731206,0.9598655480963428,0.0107269287109375,13.492729076054975,0.9753225729871888,0.4876612864935944,0.9753225729871888,0.4876612864935944
3,C+S,6,2.0,0.0,False,q3_evidence_cs_penalty,Uniform raw,uniform_raw,2,C+S,4.0,0.26474224874835867,3.735257751251641,3.735257751251641,0.9338144378129103,0.016845703125,13.120353491862337,0.9562259843204202,0.4781129921602101,0.9562259843204202,0.4781129921602101
3,C+S,6,2.0,0.12,True,q3_evidence_cs_penalty,PCS raw,pcs_raw,2,C+S,3.996679855921233,0.2461820765486618,3.750497779372571,3.750497779372571,0.9384544808628346,0.0155792236328125,13.08049484776893,0.9601274315193782,0.4800637157596891,0.9601274315193782,0.4800637157596891
3,C+S,6,2.0,0.16,True,q3_evidence_cs_penalty,PCS raw,pcs_raw,2,C+S,3.9941028013225788,0.2424111486678203,3.751691652654759,3.751691652654759,0.939397212833045,0.0153350830078125,13.0885179741966,0.9604330630796181,0.48021653153980903,0.9604330630796181,0.48021653153980903
3,C+S,6,2.0,0.2,True,q3_evidence_cs_penalty,PCS raw,pcs_raw,2,C+S,3.990796214317659,0.23671184540858747,3.754084368909072,3.754084368909072,0.9408220386478532,0.0147705078125,13.021689344518233,0.9610455984407223,0.4805227992203612,0.9610455984407223,0.4805227992203612
3,C+S,6,2.0,0.24,True,q3_evidence_cs_penalty,PCS raw,pcs_raw,2,C+S,3.9867651399345525,0.21988920590813554,3.766875934026417,3.766875934026417,0.9450276985229661,0.013916015625,13.066702436252688,0.9643202391107627,0.48216011955538135,0.9643202391107627,0.48216011955538135
3,C+S,6,2.0,0.28,True,q3_evidence_cs_penalty,PCS raw,pcs_raw,2,C+S,3.982015709386646,0.22625784890094547,3.7557578604857005,3.7557578604857005,0.9434355377747636,0.0142669677734375,13.020033386918232,0.9614740122843394,0.4807370061421697,0.9614740122843394,0.4807370061421697
3,C+S,6,2.0,0.32,True,q3_evidence_cs_penalty,PCS raw,pcs_raw,2,C+S,3.976555119443372,0.21291216038929037,3.7636429590540814,3.7636429590540814,0.9467719599026774,0.0135345458984375,13.0563747885916,0.9634925975178449,0.48174629875892244,0.9634925975178449,0.48174629875892244
3,C+S,6,2.0,0.36,True,q3_evidence_cs_penalty,PCS raw,pcs_raw,2,C+S,3.970391608345835,0.2033055518240558,3.767086056521779,3.767086056521779,0.949173612043986,0.013031005859375,13.024899154440796,0.9643740304695754,0.4821870152347877,0.9643740304695754,0.4821870152347877
3,C+S,6,4.0,0.0,False,q3_evidence_cs_penalty,Uniform raw,uniform_raw,2,C+S,4.0,0.43798502465161704,3.562014975348383,3.562014975348383,0.8905037438370957,0.028472900390625,12.190550384422291,0.9118758336891861,0.45593791684459306,0.9118758336891861,0.45593791684459306
3,C+S,6,4.0,0.12,True,q3_evidence_cs_penalty,PCS raw,pcs_raw,2,C+S,3.996679855921233,0.40731667910163266,3.5893631768196004,3.5893631768196004,0.8981708302245919,0.02545166015625,12.1552608447093,0.9188769732658175,0.45943848663290876,0.9188769732658175,0.45943848663290876
3,C+S,6,4.0,0.16,True,q3_evidence_cs_penalty,PCS raw,pcs_raw,2,C+S,3.9941028013225788,0.39195789818187277,3.6021449031407062,3.6021449031407062,0.9020105254545319,0.0243682861328125,12.115449508658951,0.9221490952040208,0.4610745476020104,0.9221490952040208,0.4610745476020104
3,C+S,6,4.0,0.2,True,q3_evidence_cs_penalty,PCS raw,pcs_raw,2,C+S,3.990796214317659,0.39550607981618857,3.5952901345014707,3.5952901345014707,0.9011234800459529,0.0244903564453125,12.02909576453932,0.9203942744323765,0.46019713721618827,0.9203942744323765,0.46019713721618827
3,C+S,6,4.0,0.24,True,q3_evidence_cs_penalty,PCS raw,pcs_raw,2,C+S,3.9867651399345525,0.38095963761556584,3.6058055023189866,3.6058055023189866,0.9047600905961086,0.023773193359375,12.098129705625142,0.9230862085936606,0.4615431042968303,0.9230862085936606,0.4615431042968303
3,C+S,6,4.0,0.28,True,q3_evidence_cs_penalty,PCS raw,pcs_raw,2,C+S,3.982015709386646,0.3799661726414124,3.6020495367452336,3.6020495367452336,0.9050084568396469,0.0240478515625,12.006335200082765,0.9221246814067798,0.4610623407033899,0.9221246814067798,0.4610623407033899
3,C+S,6,4.0,0.32,True,q3_evidence_cs_penalty,PCS raw,pcs_raw,2,C+S,3.976555119443372,0.37611321941976966,3.6004419000236023,3.6004419000236023,0.9059716951450576,0.0233612060546875,12.010258535615854,0.9217131264060422,0.4608565632030211,0.9217131264060422,0.4608565632030211
3,C+S,6,4.0,0.36,True,q3_evidence_cs_penalty,PCS raw,pcs_raw,2,C+S,3.970391608345835,0.3588068836981222,3.6115847246477126,3.6115847246477126,0.9102982790754695,0.02301025390625,12.003776344192232,0.9245656895098144,0.4622828447549072,0.9245656895098144,0.4622828447549072
3,C+S,6,6.0,0.0,False,q3_evidence_cs_penalty,Uniform raw,uniform_raw,2,C+S,4.0,0.860441682138658,3.1395583178613418,3.1395583178613418,0.7848895794653354,0.0550689697265625,10.348532954302472,0.8037269293725036,0.4018634646862518,0.8037269293725036,0.4018634646862518
3,C+S,6,6.0,0.12,True,q3_evidence_cs_penalty,PCS raw,pcs_raw,2,C+S,3.996679855921233,0.835217328856928,3.161462527064305,3.161462527064305,0.791195667785768,0.0531158447265625,10.29643346022958,0.809334406928462,0.404667203464231,0.809334406928462,0.404667203464231
3,C+S,6,6.0,0.16,True,q3_evidence_cs_penalty,PCS raw,pcs_raw,2,C+S,3.9941028013225788,0.8193268113783596,3.1747759899442194,3.1747759899442194,0.7951682971554102,0.0521240234375,10.300522016041983,0.81274265342572,0.40637132671286,0.81274265342572,0.40637132671286
3,C+S,6,6.0,0.2,True,q3_evidence_cs_penalty,PCS raw,pcs_raw,2,C+S,3.990796214317659,0.8214738825442636,3.1693223317733956,3.1693223317733956,0.7946315293639341,0.05230712890625,10.227405845256879,0.8113465169339893,0.40567325846699465,0.8113465169339893,0.40567325846699465
3,C+S,6,6.0,0.24,True,q3_evidence_cs_penalty,PCS raw,pcs_raw,2,C+S,3.9867651399345525,0.8254176945442508,3.1613474453903017,3.1613474453903017,0.7936455763639373,0.052886962890625,10.136566140113603,0.8093049460199173,0.40465247300995866,0.8093049460199173,0.40465247300995866
3,C+S,6,6.0,0.28,True,q3_evidence_cs_penalty,PCS raw,pcs_raw,2,C+S,3.982015709386646,0.8294906583892785,3.152525050997368,3.152525050997368,0.7926273354026805,0.0513458251953125,10.07021808952154,0.8070464130553261,0.40352320652766305,0.8070464130553261,0.40352320652766305
3,C+S,6,6.0,0.32,True,q3_evidence_cs_penalty,PCS raw,pcs_raw,2,C+S,3.976555119443372,0.8381812225821739,3.1383738968611983,3.1383738968611983,0.7904546943544566,0.0522918701171875,9.954594623084148,0.8034237175964667,0.40171185879823335,0.8034237175964667,0.40171185879823335
3,C+S,6,6.0,0.36,True,q3_evidence_cs_penalty,PCS raw,pcs_raw,2,C+S,3.970391608345835,0.8181272818516085,3.152264326494226,3.152264326494226,0.7954681795370979,0.051544189453125,9.931577044023477,0.806979667582522,0.403489833791261,0.806979667582522,0.403489833791261
3,C+S,8,-2.0,0.0,False,q3_evidence_cs_penalty,Uniform raw,uniform_raw,2,C+S,4.0,0.20355241022754733,3.796447589772453,3.796447589772453,0.9491118974431132,0.013336181640625,13.57639337725364,0.9718905829817479,0.48594529149087395,0.9718905829817479,0.48594529149087395
3,C+S,8,-2.0,0.12,True,q3_evidence_cs_penalty,PCS raw,pcs_raw,2,C+S,3.996679855921233,0.1746552276339771,3.822024628287256,3.822024628287256,0.9563361930915057,0.01141357421875,13.592568950050726,0.9784383048415375,0.48921915242076874,0.9784383048415375,0.48921915242076874
3,C+S,8,-2.0,0.16,True,q3_evidence_cs_penalty,PCS raw,pcs_raw,2,C+S,3.9941028013225788,0.17773917550713106,3.8163636258154474,3.8163636258154474,0.9555652061232172,0.0111083984375,13.55925586095115,0.9769890882087546,0.4884945441043773,0.9769890882087546,0.4884945441043773
3,C+S,8,-2.0,0.2,True,q3_evidence_cs_penalty,PCS raw,pcs_raw,2,C+S,3.990796214317659,0.169650290051294,3.8211459242663652,3.8211459242663652,0.9575874274871765,0.010833740234375,13.505555703513298,0.9782133566121894,0.4891066783060947,0.9782133566121894,0.4891066783060947
3,C+S,8,-2.0,0.24,True,q3_evidence_cs_penalty,PCS raw,pcs_raw,2,C+S,3.9867651399345525,0.17029043850696918,3.8164747014275835,3.8164747014275835,0.9574273903732577,0.0107269287109375,13.52587102890848,0.9770175235654613,0.48850876178273067,0.9770175235654613,0.48850876178273067
3,C+S,8,-2.0,0.28,True,q3_evidence_cs_penalty,PCS raw,pcs_raw,2,C+S,3.982015709386646,0.1558109983959674,3.8262047109906785,3.8262047109906785,0.9610472504010081,0.0101470947265625,13.53073821866228,0.9795084060136137,0.48975420300680683,0.9795084060136137,0.48975420300680683
3,C+S,8,-2.0,0.32,True,q3_evidence_cs_penalty,PCS raw,pcs_raw,2,C+S,3.976555119443372,0.15442176771910487,3.822133351724267,3.822133351724267,0.9613945580702238,0.0094757080078125,13.557321452467804,0.9784661380414124,0.4892330690207062,0.9784661380414124,0.4892330690207062
3,C+S,8,-2.0,0.36,True,q3_evidence_cs_penalty,PCS raw,pcs_raw,2,C+S,3.970391608345835,0.1427742624360463,3.827617345909789,3.827617345909789,0.9643064343909884,0.009307861328125,13.582344956176694,0.9798700405529059,0.48993502027645297,0.9798700405529059,0.48993502027645297
3,C+S,8,0.0,0.0,False,q3_evidence_cs_penalty,Uniform raw,uniform_raw,2,C+S,4.0,0.2454047982102013,3.7545952017897983,3.7545952017897983,0.9386488004474496,0.016143798828125,13.21881700330903,0.9611763716581885,0.48058818582909424,0.9611763716581885,0.48058818582909424
3,C+S,8,0.0,0.12,True,q3_evidence_cs_penalty,PCS raw,pcs_raw,2,C+S,3.996679855921233,0.2205231315152246,3.7761567244060084,3.7761567244060084,0.9448692171211939,0.0140838623046875,13.24518427224205,0.966696121447938,0.483348060723969,0.966696121447938,0.483348060723969
3,C+S,8,0.0,0.16,True,q3_evidence_cs_penalty,PCS raw,pcs_raw,2,C+S,3.9941028013225788,0.20274923534104966,3.791353565981529,3.791353565981529,0.9493126911647376,0.012725830078125,13.289451957758398,0.9705865128912714,0.4852932564456357,0.9705865128912714,0.4852932564456357
3,C+S,8,0.0,0.2,True,q3_evidence_cs_penalty,PCS raw,pcs_raw,2,C+S,3.990796214317659,0.2138823724543601,3.776913841863299,3.776913841863299,0.94652940688641,0.013763427734375,13.177915450632888,0.9668899435170045,0.48344497175850226,0.9668899435170045,0.48344497175850226
3,C+S,8,0.0,0.24,True,q3_evidence_cs_penalty,PCS raw,pcs_raw,2,C+S,3.9867651399345525,0.20269216973800538,3.784072970196547,3.784072970196547,0.9493269575654987,0.012847900390625,13.222684281659149,0.9687226803703162,0.4843613401851581,0.9687226803703162,0.4843613401851581
3,C+S,8,0.0,0.28,True,q3_evidence_cs_penalty,PCS raw,pcs_raw,2,C+S,3.982015709386646,0.20247341730461182,3.7795422920820343,3.7795422920820343,0.9493816456738471,0.01312255859375,13.186526903885778,0.9675628267730008,0.4837814133865004,0.9675628267730008,0.4837814133865004
3,C+S,8,0.0,0.32,True,q3_evidence_cs_penalty,PCS raw,pcs_raw,2,C+S,3.976555119443372,0.20531306976104194,3.77124204968233,3.77124204968233,0.9486717325597395,0.012664794921875,13.164444622058156,0.9654379647186764,0.4827189823593382,0.9654379647186764,0.4827189823593382
3,C+S,8,0.0,0.36,True,q3_evidence_cs_penalty,PCS raw,pcs_raw,2,C+S,3.970391608345835,0.1934014264068183,3.7769901819390164,3.7769901819390164,0.9516496433982955,0.0124053955078125,13.127793544593992,0.9669094865763883,0.48345474328819416,0.9669094865763883,0.48345474328819416
3,C+S,8,2.0,0.0,False,q3_evidence_cs_penalty,Uniform raw,uniform_raw,2,C+S,4.0,0.39005266284211243,3.6099473371578874,3.6099473371578874,0.9024868342894719,0.02484130859375,12.437949597773716,0.9241465183124192,0.4620732591562096,0.9241465183124192,0.4620732591562096
3,C+S,8,2.0,0.12,True,q3_evidence_cs_penalty,PCS raw,pcs_raw,2,C+S,3.996679855921233,0.35579388167281734,3.6408859742484156,3.6408859742484156,0.9110515295817957,0.022735595703125,12.438775558777838,0.9320668094075945,0.4660334047037972,0.9320668094075945,0.4660334047037972
3,C+S,8,2.0,0.16,True,q3_evidence_cs_penalty,PCS raw,pcs_raw,2,C+S,3.9941028013225788,0.35036050005021113,3.6437423012723675,3.6437423012723675,0.9124098749874472,0.0215606689453125,12.393234917411004,0.9327980291257261,0.46639901456286303,0.9327980291257261,0.46639901456286303
3,C+S,8,2.0,0.2,True,q3_evidence_cs_penalty,PCS raw,pcs_raw,2,C+S,3.990796214317659,0.32535076698862125,3.665445447329038,3.665445447329038,0.9186623082528447,0.0204010009765625,12.411116799164464,0.9383540345162338,0.4691770172581169,0.9383540345162338,0.4691770172581169
3,C+S,8,2.0,0.24,True,q3_evidence_cs_penalty,PCS raw,pcs_raw,2,C+S,3.9867651399345525,0.33483729356174724,3.6519278463728053,3.6519278463728053,0.9162906766095632,0.02105712890625,12.34333453078603,0.9348935286714382,0.4674467643357191,0.9348935286714382,0.4674467643357191
3,C+S,8,2.0,0.28,True,q3_evidence_cs_penalty,PCS raw,pcs_raw,2,C+S,3.982015709386646,0.3333429382997537,3.6486727710868925,3.6486727710868925,0.9166642654250616,0.0203704833984375,12.296353075856253,0.9340602293982445,0.46703011469912226,0.9340602293982445,0.46703011469912226
3,C+S,8,2.0,0.32,True,q3_evidence_cs_penalty,PCS raw,pcs_raw,2,C+S,3.976555119443372,0.33609147572301845,3.6404636437203535,3.6404636437203535,0.9159771310692454,0.0208740234375,12.265481348593708,0.9319586927924105,0.46597934639620525,0.9319586927924105,0.46597934639620525
3,C+S,8,2.0,0.36,True,q3_evidence_cs_penalty,PCS raw,pcs_raw,2,C+S,3.970391608345835,0.32660120687643224,3.6437904014694027,3.6437904014694027,0.918349698280892,0.0204010009765625,12.228006401863592,0.932810342776167,0.4664051713880835,0.932810342776167,0.4664051713880835
3,C+S,8,4.0,0.0,False,q3_evidence_cs_penalty,Uniform raw,uniform_raw,2,C+S,4.0,0.708952574969877,3.291047425030123,3.291047425030123,0.8227618562575307,0.0445556640625,10.92386525280582,0.8425081408077114,0.4212540704038557,0.8425081408077114,0.4212540704038557
3,C+S,8,4.0,0.12,True,q3_evidence_cs_penalty,PCS raw,pcs_raw,2,C+S,3.996679855921233,0.6988176651111038,3.297862190810129,3.297862190810129,0.825295583722224,0.0420684814453125,10.804184116845171,0.8442527208473931,0.42212636042369656,0.8442527208473931,0.42212636042369656
3,C+S,8,4.0,0.16,True,q3_evidence_cs_penalty,PCS raw,pcs_raw,2,C+S,3.9941028013225788,0.7098483535169242,3.2842544478056546,3.2842544478056546,0.822537911620769,0.043609619140625,10.730806664261085,0.8407691386382475,0.42038456931912377,0.8407691386382475,0.42038456931912377
3,C+S,8,4.0,0.2,True,q3_evidence_cs_penalty,PCS raw,pcs_raw,2,C+S,3.990796214317659,0.6738987422482591,3.3168974720694004,3.3168974720694004,0.8315253144379353,0.04180908203125,10.81578095464667,0.8491257528497664,0.4245628764248832,0.8491257528497664,0.4245628764248832
3,C+S,8,4.0,0.24,True,q3_evidence_cs_penalty,PCS raw,pcs_raw,2,C+S,3.9867651399345525,0.6943618737942328,3.2924032661403198,3.2924032661403198,0.8264095315514418,0.042266845703125,10.636979615008661,0.8428552361319219,0.42142761806596096,0.8428552361319219,0.42142761806596096
3,C+S,8,4.0,0.28,True,q3_evidence_cs_penalty,PCS raw,pcs_raw,2,C+S,3.982015709386646,0.6982511154523545,3.2837645939342917,3.2837645939342917,0.8254372211369114,0.041900634765625,10.609891680830945,0.8406437360471786,0.4203218680235893,0.8406437360471786,0.4203218680235893
3,C+S,8,4.0,0.32,True,q3_evidence_cs_penalty,PCS raw,pcs_raw,2,C+S,3.976555119443372,0.6934058405541978,3.283149278889174,3.283149278889174,0.8266485398614505,0.042144775390625,10.588624738909868,0.8404862153956285,0.42024310769781426,0.8404862153956285,0.42024310769781426
3,C+S,8,4.0,0.36,True,q3_evidence_cs_penalty,PCS raw,pcs_raw,2,C+S,3.970391608345835,0.6673053428798807,3.303086265465954,3.303086265465954,0.8331736642800298,0.0411224365234375,10.589129833678466,0.8455900839592843,0.4227950419796421,0.8455900839592843,0.4227950419796421
3,C+S,8,6.0,0.0,False,q3_evidence_cs_penalty,Uniform raw,uniform_raw,2,C+S,4.0,1.4067250911350118,2.5932749088649882,2.5932749088649882,0.6483187272162471,0.097076416015625,8.394135483357772,0.6638783766694369,0.33193918833471847,0.6638783766694369,0.33193918833471847
3,C+S,8,6.0,0.12,True,q3_evidence_cs_penalty,PCS raw,pcs_raw,2,C+S,3.996679855921233,1.4587495056935758,2.537930350227657,2.537930350227657,0.635312623576606,0.0989227294921875,8.032928235094584,0.6497101696582803,0.32485508482914016,0.6497101696582803,0.32485508482914016
3,C+S,8,6.0,0.16,True,q3_evidence_cs_penalty,PCS raw,pcs_raw,2,C+S,3.9941028013225788,1.4233451258485919,2.570757675473987,2.570757675473987,0.644163718537852,0.0943450927734375,8.092741678048704,0.6581139649213406,0.3290569824606703,0.6581139649213406,0.3290569824606703
3,C+S,8,6.0,0.2,True,q3_evidence_cs_penalty,PCS raw,pcs_raw,2,C+S,3.990796214317659,1.4268570746773912,2.5639391396402678,2.5639391396402678,0.6432857313306521,0.0951690673828125,7.988713474634103,0.6563684197479085,0.32818420987395425,0.6563684197479085,0.32818420987395425
3,C+S,8,6.0,0.24,True,q3_evidence_cs_penalty,PCS raw,pcs_raw,2,C+S,3.9867651399345525,1.4419431163336087,2.544822023600944,2.544822023600944,0.6395142209165978,0.0962066650390625,7.934828416124818,0.6514744380418416,0.3257372190209208,0.6514744380418416,0.3257372190209208
3,C+S,8,6.0,0.28,True,q3_evidence_cs_penalty,PCS raw,pcs_raw,2,C+S,3.982015709386646,1.4400974040582064,2.5419183053284398,2.5419183053284398,0.6399756489854485,0.0945892333984375,7.844504948746706,0.6507310861640806,0.3253655430820403,0.6507310861640806,0.3253655430820403
3,C+S,8,6.0,0.32,True,q3_evidence_cs_penalty,PCS raw,pcs_raw,2,C+S,3.976555119443372,1.4328051448985417,2.54374997454483,2.54374997454483,0.6417987137753646,0.094757080078125,7.924848807984656,0.6511999934834766,0.3255999967417383,0.6511999934834766,0.3255999967417383
3,C+S,8,6.0,0.36,True,q3_evidence_cs_penalty,PCS raw,pcs_raw,2,C+S,3.970391608345835,1.4423677220880773,2.528023886257758,2.528023886257758,0.6394080694779807,0.0947113037109375,7.735674587380999,0.647174114881986,0.323587057440993,0.647174114881986,0.323587057440993
3,C+S,10,-2.0,0.0,False,q3_evidence_cs_penalty,Uniform raw,uniform_raw,2,C+S,4.0,0.23024902951556664,3.7697509704844334,3.7697509704844334,0.9424377426211084,0.0152435302734375,13.345219557857243,0.9650562484440149,0.48252812422200747,0.9650562484440149,0.48252812422200747
3,C+S,10,-2.0,0.12,True,q3_evidence_cs_penalty,PCS raw,pcs_raw,2,C+S,3.996679855921233,0.2092956459701851,3.787384209951048,3.787384209951048,0.9476760885074538,0.0128631591796875,13.359084931610155,0.9695703577474684,0.4847851788737342,0.9695703577474684,0.4847851788737342
3,C+S,10,-2.0,0.16,True,q3_evidence_cs_penalty,PCS raw,pcs_raw,2,C+S,3.9941028013225788,0.1937363396308282,3.8003664616917505,3.8003664616917505,0.9515659150922929,0.0123748779296875,13.377412075472769,0.9728938141930882,0.4864469070965441,0.9728938141930882,0.4864469070965441
3,C+S,10,-2.0,0.2,True,q3_evidence_cs_penalty,PCS raw,pcs_raw,2,C+S,3.990796214317659,0.20290791301442368,3.7878883013032354,3.7878883013032354,0.949273021746394,0.0128936767578125,13.261993206050477,0.9696994051336283,0.48484970256681414,0.9696994051336283,0.48484970256681414
3,C+S,10,-2.0,0.24,True,q3_evidence_cs_penalty,PCS raw,pcs_raw,2,C+S,3.9867651399345525,0.18713993688005595,3.7996252030544966,3.7996252030544966,0.953215015779986,0.011871337890625,13.286761890731222,0.9727040519819512,0.4863520259909756,0.9727040519819512,0.4863520259909756
3,C+S,10,-2.0,0.28,True,q3_evidence_cs_penalty,PCS raw,pcs_raw,2,C+S,3.982015709386646,0.18308581288544923,3.798929896501197,3.798929896501197,0.9542285467786378,0.01177978515625,13.319296219717792,0.9725260535043064,0.4862630267521532,0.9725260535043064,0.4862630267521532
3,C+S,10,-2.0,0.32,True,q3_evidence_cs_penalty,PCS raw,pcs_raw,2,C+S,3.976555119443372,0.17658009179777728,3.7999750276455946,3.7999750276455946,0.9558549770505557,0.0110321044921875,13.3036944679611,0.9727936070772722,0.4863968035386361,0.9727936070772722,0.4863968035386361
3,C+S,10,-2.0,0.36,True,q3_evidence_cs_penalty,PCS raw,pcs_raw,2,C+S,3.970391608345835,0.17852144460276903,3.7918701637430656,3.7918701637430656,0.9553696388493077,0.0113525390625,13.28267948259873,0.9707187619182248,0.4853593809591124,0.9707187619182248,0.4853593809591124
3,C+S,10,0.0,0.0,False,q3_evidence_cs_penalty,Uniform raw,uniform_raw,2,C+S,4.0,0.3259258260300388,3.674074173969961,3.674074173969961,0.9185185434924903,0.0211029052734375,12.765798775696343,0.94056298853631,0.470281494268155,0.94056298853631,0.470281494268155
3,C+S,10,0.0,0.12,True,q3_evidence_cs_penalty,PCS raw,pcs_raw,2,C+S,3.996679855921233,0.28757869928703056,3.7091011566342025,3.7091011566342025,0.9281053251782424,0.017822265625,12.795856541582616,0.9495298960983558,0.4747649480491779,0.9495298960983558,0.4747649480491779
3,C+S,10,0.0,0.16,True,q3_evidence_cs_penalty,PCS raw,pcs_raw,2,C+S,3.9941028013225788,0.2871807427365336,3.706922058586045,3.706922058586045,0.9282048143158665,0.0178985595703125,12.730230209666605,0.9489720469980276,0.4744860234990138,0.9489720469980276,0.4744860234990138
3,C+S,10,0.0,0.2,True,q3_evidence_cs_penalty,PCS raw,pcs_raw,2,C+S,3.990796214317659,0.27943103881694825,3.7113651755007107,3.7113651755007107,0.9301422402957629,0.018157958984375,12.73395225248483,0.950109484928182,0.475054742464091,0.950109484928182,0.475054742464091
3,C+S,10,0.0,0.24,True,q3_evidence_cs_penalty,PCS raw,pcs_raw,2,C+S,3.9867651399345525,0.27629233063233477,3.7104728093022175,3.7104728093022175,0.9309269173419163,0.017608642578125,12.726345484365071,0.9498810391813677,0.47494051959068384,0.9498810391813677,0.47494051959068384
3,C+S,10,0.0,0.28,True,q3_evidence_cs_penalty,PCS raw,pcs_raw,2,C+S,3.982015709386646,0.26795820254414815,3.714057506842498,3.714057506842498,0.933010449363963,0.0171661376953125,12.742816678372844,0.9507987217516796,0.4753993608758398,0.9507987217516796,0.4753993608758398
3,C+S,10,0.0,0.32,True,q3_evidence_cs_penalty,PCS raw,pcs_raw,2,C+S,3.976555119443372,0.2604547849967338,3.7161003344466383,3.7161003344466383,0.9348863037508166,0.016571044921875,12.716633013542815,0.9513216856183394,0.4756608428091697,0.9513216856183394,0.4756608428091697
3,C+S,10,0.0,0.36,True,q3_evidence_cs_penalty,PCS raw,pcs_raw,2,C+S,3.970391608345835,0.2669440380720307,3.703447570273804,3.703447570273804,0.9332639904819924,0.0161590576171875,12.645158248129304,0.9480825779900939,0.47404128899504694,0.9480825779900939,0.47404128899504694
3,C+S,10,2.0,0.0,False,q3_evidence_cs_penalty,Uniform raw,uniform_raw,2,C+S,4.0,0.5494422820624913,3.4505577179375084,3.4505577179375084,0.8626394294843771,0.0351104736328125,11.647881285219043,0.8833427757920023,0.44167138789600113,0.8833427757920023,0.44167138789600113
3,C+S,10,2.0,0.12,True,q3_evidence_cs_penalty,PCS raw,pcs_raw,2,C+S,3.996679855921233,0.534118612099235,3.462561243821998,3.462561243821998,0.8664703469751913,0.0334320068359375,11.602054919998164,0.8864156784184315,0.44320783920921575,0.8864156784184315,0.44320783920921575
3,C+S,10,2.0,0.16,True,q3_evidence_cs_penalty,PCS raw,pcs_raw,2,C+S,3.9941028013225788,0.538584018141719,3.45551878318086,3.45551878318086,0.8653539954645703,0.0322418212890625,11.49986163726036,0.8846128084943001,0.44230640424715006,0.8846128084943001,0.44230640424715006
3,C+S,10,2.0,0.2,True,q3_evidence_cs_penalty,PCS raw,pcs_raw,2,C+S,3.990796214317659,0.49977705506208503,3.491019159255574,3.491019159255574,0.8750557362344787,0.030059814453125,11.59416672062709,0.8937009047694271,0.44685045238471355,0.8937009047694271,0.44685045238471355
3,C+S,10,2.0,0.24,True,q3_evidence_cs_penalty,PCS raw,pcs_raw,2,C+S,3.9867651399345525,0.5090060189895685,3.477759120944984,3.477759120944984,0.8727484952526079,0.030517578125,11.513960120619195,0.890306334961916,0.445153167480958,0.890306334961916,0.445153167480958
3,C+S,10,2.0,0.28,True,q3_evidence_cs_penalty,PCS raw,pcs_raw,2,C+S,3.982015709386646,0.49917938338892154,3.4828363259977246,3.4828363259977246,0.8752051541527697,0.0302886962890625,11.517427747592713,0.8916060994554174,0.4458030497277087,0.8916060994554174,0.4458030497277087
3,C+S,10,2.0,0.32,True,q3_evidence_cs_penalty,PCS raw,pcs_raw,2,C+S,3.976555119443372,0.4990603156577237,3.4774948037856483,3.4774948037856483,0.8752349210855691,0.0299835205078125,11.420556557878161,0.890238669769126,0.445119334884563,0.890238669769126,0.445119334884563
3,C+S,10,2.0,0.36,True,q3_evidence_cs_penalty,PCS raw,pcs_raw,2,C+S,3.970391608345835,0.4900187221088378,3.480372886236997,3.480372886236997,0.8774953194727906,0.030242919921875,11.390011120680462,0.8909754588766713,0.44548772943833564,0.8909754588766713,0.44548772943833564
3,C+S,10,4.0,0.0,False,q3_evidence_cs_penalty,Uniform raw,uniform_raw,2,C+S,4.0,1.0841598856270565,2.9158401143729433,2.9158401143729433,0.7289600285932358,0.069976806640625,9.504180511293637,0.7464550692794736,0.3732275346397368,0.7464550692794736,0.3732275346397368
3,C+S,10,4.0,0.12,True,q3_evidence_cs_penalty,PCS raw,pcs_raw,2,C+S,3.996679855921233,1.0817330902704185,2.9149467656508143,2.9149467656508143,0.7295667274323954,0.06915283203125,9.335402169916117,0.7462263720066085,0.37311318600330423,0.7462263720066085,0.37311318600330423
3,C+S,10,4.0,0.16,True,q3_evidence_cs_penalty,PCS raw,pcs_raw,2,C+S,3.9941028013225788,1.080596891374578,2.9135059099480007,2.9135059099480007,0.7298507771563555,0.0689239501953125,9.271835322560028,0.7458575129466882,0.3729287564733441,0.7458575129466882,0.3729287564733441
3,C+S,10,4.0,0.2,True,q3_evidence_cs_penalty,PCS raw,pcs_raw,2,C+S,3.990796214317659,1.0796361271711783,2.911160087146481,2.911160087146481,0.7300909682072054,0.06732177734375,9.275962512622634,0.745256982309499,0.3726284911547495,0.745256982309499,0.3726284911547495
3,C+S,10,4.0,0.24,True,q3_evidence_cs_penalty,PCS raw,pcs_raw,2,C+S,3.9867651399345525,1.0833865870867,2.9033785528478524,2.9033785528478524,0.729153353228325,0.0676422119140625,9.151104785293132,0.7432649095290502,0.3716324547645251,0.7432649095290502,0.3716324547645251
3,C+S,10,4.0,0.28,True,q3_evidence_cs_penalty,PCS raw,pcs_raw,2,C+S,3.982015709386646,1.0778497848722646,2.9041659245143814,2.9041659245143814,0.7305375537819339,0.0677490234375,9.19566613792922,0.7434664766756817,0.37173323833784083,0.7434664766756817,0.37173323833784083
3,C+S,10,4.0,0.32,True,q3_evidence_cs_penalty,PCS raw,pcs_raw,2,C+S,3.976555119443372,1.0545383518787772,2.9220167675645947,2.9220167675645947,0.7363654120303057,0.0653228759765625,9.14504211793695,0.7480362924965362,0.3740181462482681,0.7480362924965362,0.3740181462482681
3,C+S,10,4.0,0.36,True,q3_evidence_cs_penalty,PCS raw,pcs_raw,2,C+S,3.970391608345835,1.0650185272097055,2.90537308113613,2.90537308113613,0.7337453681975736,0.065277099609375,9.10820963830983,0.7437755087708491,0.37188775438542454,0.7437755087708491,0.37188775438542454
3,C+S,10,6.0,0.0,False,q3_evidence_cs_penalty,Uniform raw,uniform_raw,2,C+S,4.0,2.0460432439644936,1.9539567560355064,1.9539567560355064,0.4884891890088766,0.1541900634765625,6.132416641999838,0.5002129295450897,0.25010646477254483,0.5002129295450897,0.25010646477254483
3,C+S,10,6.0,0.12,True,q3_evidence_cs_penalty,PCS raw,pcs_raw,2,C+S,3.996679855921233,2.0533347307128924,1.9433451252083407,1.9433451252083407,0.48666631732177695,0.1507568359375,6.034198039622076,0.4974963520533352,0.2487481760266676,0.4974963520533352,0.2487481760266676
3,C+S,10,6.0,0.16,True,q3_evidence_cs_penalty,PCS raw,pcs_raw,2,C+S,3.9941028013225788,2.05687483369395,1.9372279676286288,1.9372279676286288,0.4857812915765125,0.1503448486328125,5.999393800902933,0.495930359712929,0.2479651798564645,0.495930359712929,0.2479651798564645
3,C+S,10,6.0,0.2,True,q3_evidence_cs_penalty,PCS raw,pcs_raw,2,C+S,3.990796214317659,2.1033131587795078,1.8874830555381512,1.8874830555381512,0.474171710305123,0.1543121337890625,5.799490132961168,0.48319566221776666,0.24159783110888333,0.48319566221776666,0.24159783110888333
3,C+S,10,6.0,0.24,True,q3_evidence_cs_penalty,PCS raw,pcs_raw,2,C+S,3.9867651399345525,2.0938917470398346,1.8928733928947177,1.8928733928947177,0.4765270632400413,0.1522369384765625,5.744638053148689,0.48457558858104766,0.24228779429052383,0.48457558858104766,0.24228779429052383
3,C+S,10,6.0,0.28,True,q3_evidence_cs_penalty,PCS raw,pcs_raw,2,C+S,3.982015709386646,2.114660003424366,1.86735570596228,1.86735570596228,0.47133499914390853,0.1533660888671875,5.624232962198706,0.4780430607263437,0.23902153036317186,0.4780430607263437,0.23902153036317186
3,C+S,10,6.0,0.32,True,q3_evidence_cs_penalty,PCS raw,pcs_raw,2,C+S,3.976555119443372,2.1200372201130033,1.8565178993303688,1.8565178993303688,0.4699906949717492,0.1536865234375,5.545899452246293,0.4752685822285744,0.2376342911142872,0.4752685822285744,0.2376342911142872
3,C+S,10,6.0,0.36,True,q3_evidence_cs_penalty,PCS raw,pcs_raw,2,C+S,3.970391608345835,2.114173666024368,1.8562179423214669,1.8562179423214669,0.471456583493908,0.15228271484375,5.578577401293458,0.4751917932342955,0.23759589661714775,0.4751917932342955,0.23759589661714775
3,C+S,12,-2.0,0.0,False,q3_evidence_cs_penalty,Uniform raw,uniform_raw,2,C+S,4.0,0.26708876190182096,3.732911238098179,3.732911238098179,0.9332278095245448,0.01788330078125,13.103202385477973,0.9556252769531339,0.47781263847656696,0.9556252769531339,0.47781263847656696
3,C+S,12,-2.0,0.12,True,q3_evidence_cs_penalty,PCS raw,pcs_raw,2,C+S,3.996679855921233,0.24608384442097073,3.750596011500262,3.750596011500262,0.9384790388947573,0.0155029296875,13.084647895373841,0.960152578944067,0.4800762894720335,0.960152578944067,0.4800762894720335
3,C+S,12,-2.0,0.16,True,q3_evidence_cs_penalty,PCS raw,pcs_raw,2,C+S,3.9941028013225788,0.23584229120499361,3.758260510117585,3.758260510117585,0.9410394271987516,0.0153656005859375,13.027517019203971,0.9621146905901017,0.48105734529505084,0.9621146905901017,0.48105734529505084
3,C+S,12,-2.0,0.2,True,q3_evidence_cs_penalty,PCS raw,pcs_raw,2,C+S,3.990796214317659,0.24187350435599841,3.7489227099616604,3.7489227099616604,0.9395316239110003,0.0160675048828125,13.030878074675641,0.9597242137501851,0.47986210687509256,0.9597242137501851,0.47986210687509256
3,C+S,12,-2.0,0.24,True,q3_evidence_cs_penalty,PCS raw,pcs_raw,2,C+S,3.9867651399345525,0.22202416648054912,3.7647409734540034,3.7647409734540034,0.9444939583798627,0.0137939453125,13.0560177734611,0.9637736892042249,0.48188684460211245,0.9637736892042249,0.48188684460211245
3,C+S,12,-2.0,0.28,True,q3_evidence_cs_penalty,PCS raw,pcs_raw,2,C+S,3.982015709386646,0.22585683581650537,3.7561588735701408,3.7561588735701408,0.9435357910458737,0.0145416259765625,13.021309655764714,0.961576671633956,0.480788335816978,0.961576671633956,0.480788335816978
3,C+S,12,-2.0,0.32,True,q3_evidence_cs_penalty,PCS raw,pcs_raw,2,C+S,3.976555119443372,0.2108988474462401,3.765656271997132,3.765656271997132,0.94727528813844,0.0138092041015625,13.047380875217874,0.9640080056312657,0.4820040028156328,0.9640080056312657,0.4820040028156328
3,C+S,12,-2.0,0.36,True,q3_evidence_cs_penalty,PCS raw,pcs_raw,2,C+S,3.970391608345835,0.20912571412628267,3.7612658942195525,3.7612658942195525,0.9477185714684293,0.013763427734375,13.012342730113703,0.9628840689202054,0.4814420344601027,0.9628840689202054,0.4814420344601027
3,C+S,12,0.0,0.0,False,q3_evidence_cs_penalty,Uniform raw,uniform_raw,2,C+S,4.0,0.4158987787154286,3.5841012212845715,3.5841012212845715,0.8960253053211429,0.0266876220703125,12.29578668360611,0.9175299126488503,0.45876495632442515,0.9175299126488503,0.45876495632442515
3,C+S,12,0.0,0.12,True,q3_evidence_cs_penalty,PCS raw,pcs_raw,2,C+S,3.996679855921233,0.36771824784436963,3.628961608076863,3.628961608076863,0.9080704380389075,0.023162841796875,12.317124125042602,0.929014171667677,0.4645070858338385,0.929014171667677,0.4645070858338385
3,C+S,12,0.0,0.16,True,q3_evidence_cs_penalty,PCS raw,pcs_raw,2,C+S,3.9941028013225788,0.38023708597300476,3.613865715349574,3.613865715349574,0.9049407285067488,0.0239715576171875,12.24755732688808,0.9251496231294909,0.46257481156474545,0.9251496231294909,0.46257481156474545
3,C+S,12,0.0,0.2,True,q3_evidence_cs_penalty,PCS raw,pcs_raw,2,C+S,3.990796214317659,0.3683916658063825,3.622404548511277,3.622404548511277,0.9079020835484044,0.022674560546875,12.259049791199287,0.9273355644188868,0.4636677822094434,0.9273355644188868,0.4636677822094434
3,C+S,12,0.0,0.24,True,q3_evidence_cs_penalty,PCS raw,pcs_raw,2,C+S,3.9867651399345525,0.34973890574637373,3.6370262341881787,3.6370262341881787,0.9125652735634066,0.0221405029296875,12.291066986570208,0.9310787159521737,0.46553935797608686,0.9310787159521737,0.46553935797608686
3,C+S,12,0.0,0.28,True,q3_evidence_cs_penalty,PCS raw,pcs_raw,2,C+S,3.982015709386646,0.36446946852154444,3.6175462408651016,3.6175462408651016,0.9088826328696139,0.023040771484375,12.173260698470507,0.926091837661466,0.463045918830733,0.926091837661466,0.463045918830733
3,C+S,12,0.0,0.32,True,q3_evidence_cs_penalty,PCS raw,pcs_raw,2,C+S,3.976555119443372,0.3608702410560054,3.6156848783873663,3.6156848783873663,0.9097824397359986,0.0226593017578125,12.152225346870054,0.9256153288671658,0.4628076644335829,0.9256153288671658,0.4628076644335829
3,C+S,12,0.0,0.36,True,q3_evidence_cs_penalty,PCS raw,pcs_raw,2,C+S,3.970391608345835,0.33656007509120967,3.633831533254625,3.633831533254625,0.9158599812271976,0.0208740234375,12.198754865182519,0.930260872513184,0.465130436256592,0.930260872513184,0.465130436256592
3,C+S,12,2.0,0.0,False,q3_evidence_cs_penalty,Uniform raw,uniform_raw,2,C+S,4.0,0.7732221328963496,3.2267778671036504,3.2267778671036504,0.8066944667759126,0.0477142333984375,10.710129364824684,0.8260551339785345,0.41302756698926724,0.8260551339785345,0.41302756698926724
3,C+S,12,2.0,0.12,True,q3_evidence_cs_penalty,PCS raw,pcs_raw,2,C+S,3.996679855921233,0.758980373904568,3.237699482016665,3.237699482016665,0.810254906523858,0.0470428466796875,10.60940284474152,0.8288510673962661,0.41442553369813306,0.8288510673962661,0.41442553369813306
3,C+S,12,2.0,0.16,True,q3_evidence_cs_penalty,PCS raw,pcs_raw,2,C+S,3.9941028013225788,0.7135058108693035,3.280596990453275,3.280596990453275,0.8216235472826741,0.0440216064453125,10.690306005563249,0.8398328295560384,0.4199164147780192,0.8398328295560384,0.4199164147780192
3,C+S,12,2.0,0.2,True,q3_evidence_cs_penalty,PCS raw,pcs_raw,2,C+S,3.990796214317659,0.7462639226119321,3.244532291705727,3.244532291705727,0.813434019347017,0.0450592041015625,10.530589523742961,0.8306002666766661,0.41530013333833304,0.8306002666766661,0.41530013333833304
3,C+S,12,2.0,0.24,True,q3_evidence_cs_penalty,PCS raw,pcs_raw,2,C+S,3.9867651399345525,0.741495931632252,3.2452692083023003,3.2452692083023003,0.814626017091937,0.0442352294921875,10.463879687776215,0.830788917325389,0.4153944586626945,0.830788917325389,0.4153944586626945
3,C+S,12,2.0,0.28,True,q3_evidence_cs_penalty,PCS raw,pcs_raw,2,C+S,3.982015709386646,0.7340029206141921,3.2480127887724537,3.2480127887724537,0.8164992698464519,0.0426483154296875,10.415759843327933,0.8314912739257483,0.41574563696287414,0.8314912739257483,0.41574563696287414
3,C+S,12,2.0,0.32,True,q3_evidence_cs_penalty,PCS raw,pcs_raw,2,C+S,3.976555119443372,0.7430218962024948,3.233533223240877,3.233533223240877,0.8142445259493762,0.0436859130859375,10.337576915292043,0.8277845051496646,0.4138922525748323,0.8277845051496646,0.4138922525748323
3,C+S,12,2.0,0.36,True,q3_evidence_cs_penalty,PCS raw,pcs_raw,2,C+S,3.970391608345835,0.7235421326185374,3.2468494757272977,3.2468494757272977,0.8191144668453656,0.0438232421875,10.406483336867996,0.8311934657861881,0.41559673289309407,0.8311934657861881,0.41559673289309407
3,C+S,12,4.0,0.0,False,q3_evidence_cs_penalty,Uniform raw,uniform_raw,2,C+S,4.0,1.4941348438777549,2.505865156122245,2.505865156122245,0.6264662890305612,0.1016082763671875,7.968327897907516,0.6415014799672949,0.32075073998364745,0.6415014799672949,0.32075073998364745
3,C+S,12,4.0,0.12,True,q3_evidence_cs_penalty,PCS raw,pcs_raw,2,C+S,3.996679855921233,1.5265257175583637,2.470154138362869,2.470154138362869,0.6183685706104091,0.100982666015625,7.714375627933956,0.6323594594208946,0.3161797297104473,0.6323594594208946,0.3161797297104473
3,C+S,12,4.0,0.16,True,q3_evidence_cs_penalty,PCS raw,pcs_raw,2,C+S,3.9941028013225788,1.49797597013788,2.496126831184699,2.496126831184699,0.6255060074655301,0.0999755859375,7.811588346667539,0.6390084687832829,0.31950423439164144,0.6390084687832829,0.31950423439164144
3,C+S,12,4.0,0.2,True,q3_evidence_cs_penalty,PCS raw,pcs_raw,2,C+S,3.990796214317659,1.5125392604790657,2.4782569538385935,2.4782569538385935,0.6218651848802336,0.102081298828125,7.661474982961155,0.6344337801826799,0.31721689009133996,0.6344337801826799,0.31721689009133996
3,C+S,12,4.0,0.24,True,q3_evidence_cs_penalty,PCS raw,pcs_raw,2,C+S,3.9867651399345525,1.503349757672797,2.4834153822617555,2.4834153822617555,0.6241625605818006,0.0999298095703125,7.629064542818344,0.6357543378590094,0.3178771689295047,0.6357543378590094,0.3178771689295047
3,C+S,12,4.0,0.28,True,q3_evidence_cs_penalty,PCS raw,pcs_raw,2,C+S,3.982015709386646,1.5103786136161732,2.4716370957704727,2.4716370957704727,0.6224053465959567,0.0995635986328125,7.61553119470673,0.632739096517241,0.3163695482586205,0.632739096517241,0.3163695482586205
3,C+S,12,4.0,0.32,True,q3_evidence_cs_penalty,PCS raw,pcs_raw,2,C+S,3.976555119443372,1.500743893968942,2.47581122547443,2.47581122547443,0.6248140265077645,0.09796142578125,7.5531979239009015,0.633807673721454,0.316903836860727,0.633807673721454,0.316903836860727
3,C+S,12,4.0,0.36,True,q3_evidence_cs_penalty,PCS raw,pcs_raw,2,C+S,3.970391608345835,1.5239932408977972,2.4463983674480376,2.4463983674480376,0.6190016897755507,0.0998077392578125,7.4164584073983,0.6262779820666977,0.31313899103334886,0.6262779820666977,0.31313899103334886
3,C+S,12,6.0,0.0,False,q3_evidence_cs_penalty,Uniform raw,uniform_raw,2,C+S,4.0,2.6547144072158733,1.3452855927841267,1.3452855927841267,0.3363213981960317,0.2177581787109375,4.24186674935237,0.34439311175273646,0.17219655587636823,0.34439311175273646,0.17219655587636823
3,C+S,12,6.0,0.12,True,q3_evidence_cs_penalty,PCS raw,pcs_raw,2,C+S,3.996679855921233,2.6649322659440866,1.331747589977146,1.331747589977146,0.3337669335139783,0.2122802734375,4.133970038549499,0.3409273830341494,0.1704636915170747,0.3409273830341494,0.1704636915170747
3,C+S,12,6.0,0.16,True,q3_evidence_cs_penalty,PCS raw,pcs_raw,2,C+S,3.9941028013225788,2.671290287194809,1.3228125141277696,1.3228125141277696,0.3321774282012977,0.2118988037109375,4.070784797376588,0.338640003616709,0.1693200018083545,0.338640003616709,0.1693200018083545
3,C+S,12,6.0,0.2,True,q3_evidence_cs_penalty,PCS raw,pcs_raw,2,C+S,3.990796214317659,2.7112115409711652,1.279584673346494,1.279584673346494,0.3221971147572087,0.21612548828125,3.976359144174825,0.3275736763767024,0.1637868381883512,0.3275736763767024,0.1637868381883512
3,C+S,12,6.0,0.24,True,q3_evidence_cs_penalty,PCS raw,pcs_raw,2,C+S,3.9867651399345525,2.7146708985003585,1.2720942414341943,1.2720942414341943,0.32133227537491044,0.213958740234375,3.8884732538594107,0.3256561258071537,0.16282806290357685,0.3256561258071537,0.16282806290357685
3,C+S,12,6.0,0.28,True,q3_evidence_cs_penalty,PCS raw,pcs_raw,2,C+S,3.982015709386646,2.6837721896041025,1.2982435197825433,1.2982435197825433,0.32905695259897433,0.2098236083984375,4.024140215874404,0.33235034106433103,0.16617517053216552,0.33235034106433103,0.16617517053216552
3,C+S,12,6.0,0.32,True,q3_evidence_cs_penalty,PCS raw,pcs_raw,2,C+S,3.976555119443372,2.7391078416744468,1.2374472777689252,1.2374472777689252,0.3152230395813883,0.2128448486328125,3.7381950646735724,0.3167865031088448,0.1583932515544224,0.3167865031088448,0.1583932515544224
3,C+S,12,6.0,0.36,True,q3_evidence_cs_penalty,PCS raw,pcs_raw,2,C+S,3.970391608345835,2.725854474762813,1.2445371335830215,1.2445371335830215,0.3185363813092967,0.2103271484375,3.775974855686104,0.31860150619725347,0.15930075309862674,0.31860150619725347,0.15930075309862674
3,S,6,-2.0,0.0,False,q3_evidence,Uniform raw,uniform_raw,1,S,4.0,0.1741014659246489,3.825898534075351,3.825898534075351,0.9564746335188378,0.011505126953125,13.953898716507867,0.48971501236164494,0.48971501236164494,0.48971501236164494,0.48971501236164494
3,S,6,-2.0,0.12,True,q3_evidence,PCS raw,pcs_raw,1,S,3.996679855921233,0.14339625311547907,3.853283602805754,3.853283602805754,0.9641509367211303,0.009063720703125,13.988447025421916,0.4932203011591365,0.4932203011591365,0.4932203011591365,0.4932203011591365
3,S,6,-2.0,0.16,True,q3_evidence,PCS raw,pcs_raw,1,S,3.9941028013225788,0.1436400119028603,3.8504627894197183,3.8504627894197183,0.9640899970242849,0.00885009765625,13.985503574658498,0.49285923704572393,0.49285923704572393,0.49285923704572393,0.49285923704572393
3,S,6,-2.0,0.2,True,q3_evidence,PCS raw,pcs_raw,1,S,3.990796214317659,0.15126620342133024,3.839530010896329,3.839530010896329,0.9621834491446675,0.009368896484375,13.88758908368391,0.4914598413947301,0.4914598413947301,0.4914598413947301,0.4914598413947301
3,S,6,-2.0,0.24,True,q3_evidence,PCS raw,pcs_raw,1,S,3.9867651399345525,0.12929260590107736,3.8574725340334752,3.8574725340334752,0.9676768485247307,0.008026123046875,14.015826441791386,0.49375648435628483,0.49375648435628483,0.49375648435628483,0.49375648435628483
3,S,6,-2.0,0.28,True,q3_evidence,PCS raw,pcs_raw,1,S,3.982015709386646,0.12376087068488037,3.8582548387017654,3.8582548387017654,0.9690597823287799,0.008056640625,14.00092707095251,0.49385661935382597,0.49385661935382597,0.49385661935382597,0.49385661935382597
3,S,6,-2.0,0.32,True,q3_evidence,PCS raw,pcs_raw,1,S,3.976555119443372,0.11728712577304885,3.859267993670323,3.859267993670323,0.9706782185567377,0.00738525390625,14.04021533620067,0.49398630318980136,0.49398630318980136,0.49398630318980136,0.49398630318980136
3,S,6,-2.0,0.36,True,q3_evidence,PCS raw,pcs_raw,1,S,3.970391608345835,0.12492837338297402,3.845463234962861,3.845463234962861,0.9687679066542565,0.007965087890625,14.002366931926725,0.49221929407524617,0.49221929407524617,0.49221929407524617,0.49221929407524617
3,S,6,0.0,0.0,False,q3_evidence,Uniform raw,uniform_raw,1,S,4.0,0.1949398743810865,3.8050601256189136,3.8050601256189136,0.9512650314047284,0.01226806640625,13.780781542710102,0.48704769607922094,0.48704769607922094,0.48704769607922094,0.48704769607922094
3,S,6,0.0,0.12,True,q3_evidence,PCS raw,pcs_raw,1,S,3.996679855921233,0.15106496584597823,3.8456148900752547,3.8456148900752547,0.9622337585385055,0.009521484375,13.926934813364793,0.49223870592963265,0.49223870592963265,0.49223870592963265,0.49223870592963265
3,S,6,0.0,0.16,True,q3_evidence,PCS raw,pcs_raw,1,S,3.9941028013225788,0.16493907018501097,3.8291637311375677,3.8291637311375677,0.9587652324537472,0.0098876953125,13.861986215021156,0.49013295758560865,0.49013295758560865,0.49013295758560865,0.49013295758560865
3,S,6,0.0,0.2,True,q3_evidence,PCS raw,pcs_raw,1,S,3.990796214317659,0.15828997813611262,3.8325062361815467,3.8325062361815467,0.9604275054659719,0.01031494140625,13.84793415412788,0.490560798231238,0.490560798231238,0.490560798231238,0.490560798231238
3,S,6,0.0,0.24,True,q3_evidence,PCS raw,pcs_raw,1,S,3.9867651399345525,0.1614538582343441,3.825311281700208,3.825311281700208,0.9596365354414139,0.01068115234375,13.754544027571312,0.48963984405762667,0.48963984405762667,0.48963984405762667,0.48963984405762667
3,S,6,0.0,0.28,True,q3_evidence,PCS raw,pcs_raw,1,S,3.982015709386646,0.15061854917183434,3.8313971602148116,3.8313971602148116,0.9623453627070414,0.009552001953125,13.793312939761268,0.4904188365074959,0.4904188365074959,0.4904188365074959,0.4904188365074959
3,S,6,0.0,0.32,True,q3_evidence,PCS raw,pcs_raw,1,S,3.976555119443372,0.15015574328397638,3.8263993761593955,3.8263993761593955,0.9624610641790059,0.00994873046875,13.770069268181121,0.48977912014840264,0.48977912014840264,0.48977912014840264,0.48977912014840264
3,S,6,0.0,0.36,True,q3_evidence,PCS raw,pcs_raw,1,S,3.970391608345835,0.14607009461040638,3.8243215137354283,3.8243215137354283,0.9634824763473984,0.009796142578125,13.759737534376779,0.4895131537581348,0.4895131537581348,0.4895131537581348,0.4895131537581348
3,S,6,2.0,0.0,False,q3_evidence,Uniform raw,uniform_raw,1,S,4.0,0.22754897055499027,3.7724510294450098,3.7724510294450098,0.9431127573612524,0.01483154296875,13.584917384136588,0.48287373176896126,0.48287373176896126,0.48287373176896126,0.48287373176896126
3,S,6,2.0,0.12,True,q3_evidence,PCS raw,pcs_raw,1,S,3.996679855921233,0.21874314474940623,3.7779367111718267,3.7779367111718267,0.9453142138126485,0.013824462890625,13.474029724304359,0.4835758990299938,0.4835758990299938,0.4835758990299938,0.4835758990299938
3,S,6,2.0,0.16,True,q3_evidence,PCS raw,pcs_raw,1,S,3.9941028013225788,0.20965418664676097,3.7844486146758176,3.7844486146758176,0.9475864533383097,0.013702392578125,13.47375856620388,0.4844094226785046,0.4844094226785046,0.4844094226785046,0.4844094226785046
3,S,6,2.0,0.2,True,q3_evidence,PCS raw,pcs_raw,1,S,3.990796214317659,0.18903961964306196,3.8017565946745973,3.8017565946745973,0.9527400950892345,0.011871337890625,13.547843317136758,0.48662484411834844,0.48662484411834844,0.48662484411834844,0.48662484411834844
3,S,6,2.0,0.24,True,q3_evidence,PCS raw,pcs_raw,1,S,3.9867651399345525,0.1928130540732199,3.7939520858613327,3.7939520858613327,0.951796736481695,0.0118408203125,13.438268209959357,0.4856258669902506,0.4856258669902506,0.4856258669902506,0.4856258669902506
3,S,6,2.0,0.28,True,q3_evidence,PCS raw,pcs_raw,1,S,3.982015709386646,0.1742131297509871,3.8078025796356587,3.8078025796356587,0.9564467175622532,0.0107421875,13.595325268546537,0.4873987301933643,0.4873987301933643,0.4873987301933643,0.4873987301933643
3,S,6,2.0,0.32,True,q3_evidence,PCS raw,pcs_raw,1,S,3.976555119443372,0.1688728008619314,3.8076823185814406,3.8076823185814406,0.9577817997845172,0.011016845703125,13.529805712852864,0.4873833367784244,0.4873833367784244,0.4873833367784244,0.4873833367784244
3,S,6,2.0,0.36,True,q3_evidence,PCS raw,pcs_raw,1,S,3.970391608345835,0.175137496077733,3.795254112268102,3.795254112268102,0.9562156259805668,0.011627197265625,13.49963330922964,0.485792526370317,0.485792526370317,0.485792526370317,0.485792526370317
3,S,6,4.0,0.0,False,q3_evidence,Uniform raw,uniform_raw,1,S,4.0,0.31815477236747935,3.681845227632521,3.681845227632521,0.9204613069081302,0.02044677734375,12.94213028009543,0.4712761891369626,0.4712761891369626,0.4712761891369626,0.4712761891369626
3,S,6,4.0,0.12,True,q3_evidence,PCS raw,pcs_raw,1,S,3.996679855921233,0.3153807861674165,3.681299069753816,3.681299069753816,0.9211548034581458,0.019927978515625,12.799330863126244,0.4712062809284885,0.4712062809284885,0.4712062809284885,0.4712062809284885
3,S,6,4.0,0.16,True,q3_evidence,PCS raw,pcs_raw,1,S,3.9941028013225788,0.31344539139708305,3.680657409925496,3.680657409925496,0.9216386521507293,0.01947021484375,12.823619823924355,0.47112414847046347,0.47112414847046347,0.47112414847046347,0.47112414847046347
3,S,6,4.0,0.2,True,q3_evidence,PCS raw,pcs_raw,1,S,3.990796214317659,0.2935412139316398,3.6972550003860194,3.6972550003860194,0.92661469651709,0.01806640625,12.75653007773144,0.4732486400494105,0.4732486400494105,0.4732486400494105,0.4732486400494105
3,S,6,4.0,0.24,True,q3_evidence,PCS raw,pcs_raw,1,S,3.9867651399345525,0.29272084082253597,3.6940442991120164,3.6940442991120164,0.926819789794366,0.018218994140625,12.737905090524178,0.47283767028633805,0.47283767028633805,0.47283767028633805,0.47283767028633805
3,S,6,4.0,0.28,True,q3_evidence,PCS raw,pcs_raw,1,S,3.982015709386646,0.2914003955476367,3.690615313839009,3.690615313839009,0.9271499011130908,0.018341064453125,12.699010528182766,0.4723987601713932,0.4723987601713932,0.4723987601713932,0.4723987601713932
3,S,6,4.0,0.32,True,q3_evidence,PCS raw,pcs_raw,1,S,3.976555119443372,0.29396003359254286,3.682595085850829,3.682595085850829,0.9265099916018643,0.018341064453125,12.677951749041574,0.4713721709889061,0.4713721709889061,0.4713721709889061,0.4713721709889061
3,S,6,4.0,0.36,True,q3_evidence,PCS raw,pcs_raw,1,S,3.970391608345835,0.2865402902577792,3.6838513180880557,3.6838513180880557,0.9283649274355552,0.01739501953125,12.644451042174909,0.4715329687152711,0.4715329687152711,0.4715329687152711,0.4715329687152711
3,S,6,6.0,0.0,False,q3_evidence,Uniform raw,uniform_raw,1,S,4.0,0.6397109079725833,3.3602890920274167,3.3602890920274167,0.8400722730068542,0.04132080078125,11.441192185622564,0.43011700377950934,0.43011700377950934,0.43011700377950934,0.43011700377950934
3,S,6,6.0,0.12,True,q3_evidence,PCS raw,pcs_raw,1,S,3.996679855921233,0.6277136736136322,3.3689661823076005,3.3689661823076005,0.8430715815965919,0.039459228515625,11.336901625080465,0.4312276713353729,0.4312276713353729,0.4312276713353729,0.4312276713353729
3,S,6,6.0,0.16,True,q3_evidence,PCS raw,pcs_raw,1,S,3.9941028013225788,0.6148358828137178,3.379266918508861,3.379266918508861,0.8462910292965705,0.0384521484375,11.284817382916996,0.4325461655691342,0.4325461655691342,0.4325461655691342,0.4325461655691342
3,S,6,6.0,0.2,True,q3_evidence,PCS raw,pcs_raw,1,S,3.990796214317659,0.6138384688179036,3.3769577454997557,3.3769577454997557,0.8465403827955241,0.039276123046875,11.257478417192456,0.43225059142396877,0.43225059142396877,0.43225059142396877,0.43225059142396877
3,S,6,6.0,0.24,True,q3_evidence,PCS raw,pcs_raw,1,S,3.9867651399345525,0.5852398671805235,3.401525272754029,3.401525272754029,0.8536900332048691,0.037139892578125,11.290113857842538,0.43539523491251575,0.43539523491251575,0.43539523491251575,0.43539523491251575
3,S,6,6.0,0.28,True,q3_evidence,PCS raw,pcs_raw,1,S,3.982015709386646,0.5853106870077889,3.396705022378857,3.396705022378857,0.8536723282480527,0.036590576171875,11.249261798403989,0.4347782428644936,0.4347782428644936,0.4347782428644936,0.4347782428644936
3,S,6,6.0,0.32,True,q3_evidence,PCS raw,pcs_raw,1,S,3.976555119443372,0.6052930820821819,3.37126203736119,3.37126203736119,0.8486767294794545,0.03741455078125,11.11476137896423,0.4315215407822323,0.4315215407822323,0.4315215407822323,0.4315215407822323
3,S,6,6.0,0.36,True,q3_evidence,PCS raw,pcs_raw,1,S,3.970391608345835,0.5743222370939284,3.3960693712519063,3.3960693712519063,0.8564194407265179,0.03466796875,11.117395163388162,0.434696879520244,0.434696879520244,0.434696879520244,0.434696879520244
3,S,8,-2.0,0.0,False,q3_evidence,Uniform raw,uniform_raw,1,S,4.0,0.1827840973598739,3.8172159026401262,3.8172159026401262,0.9543039756600316,0.011322021484375,13.892594110478033,0.4886036355379362,0.4886036355379362,0.4886036355379362,0.4886036355379362
3,S,8,-2.0,0.12,True,q3_evidence,PCS raw,pcs_raw,1,S,3.996679855921233,0.16710887220347342,3.8295709837177596,3.8295709837177596,0.9582227819491317,0.010833740234375,13.838848110021653,0.49018508591587323,0.49018508591587323,0.49018508591587323,0.49018508591587323
3,S,8,-2.0,0.16,True,q3_evidence,PCS raw,pcs_raw,1,S,3.9941028013225788,0.16136995732699838,3.8327328439955806,3.8327328439955806,0.9596575106682504,0.00982666015625,13.838939576885634,0.4905898040314343,0.4905898040314343,0.4905898040314343,0.4905898040314343
3,S,8,-2.0,0.2,True,q3_evidence,PCS raw,pcs_raw,1,S,3.990796214317659,0.1714911359670075,3.8193050783506517,3.8193050783506517,0.9571272160082481,0.010772705078125,13.732673732542775,0.4888710500288834,0.4888710500288834,0.4888710500288834,0.4888710500288834
3,S,8,-2.0,0.24,True,q3_evidence,PCS raw,pcs_raw,1,S,3.9867651399345525,0.1534666801538324,3.8332984597807203,3.8332984597807203,0.9616333299615419,0.0098876953125,13.783802674696515,0.4906622028519322,0.4906622028519322,0.4906622028519322,0.4906622028519322
3,S,8,-2.0,0.28,True,q3_evidence,PCS raw,pcs_raw,1,S,3.982015709386646,0.14800990976090994,3.834005799625736,3.834005799625736,0.9629975225597726,0.0091552734375,13.742546109403722,0.49075274235209426,0.49075274235209426,0.49075274235209426,0.49075274235209426
3,S,8,-2.0,0.32,True,q3_evidence,PCS raw,pcs_raw,1,S,3.976555119443372,0.15468469277836425,3.821870426665008,3.821870426665008,0.961328826805409,0.01031494140625,13.726367209099418,0.48919941461312105,0.48919941461312105,0.48919941461312105,0.48919941461312105
3,S,8,-2.0,0.36,True,q3_evidence,PCS raw,pcs_raw,1,S,3.970391608345835,0.1472478494114033,3.8231437589344317,3.8231437589344317,0.9631880376471492,0.009674072265625,13.75294355581149,0.48936240114360724,0.48936240114360724,0.48936240114360724,0.48936240114360724
3,S,8,0.0,0.0,False,q3_evidence,Uniform raw,uniform_raw,1,S,4.0,0.2468670263288945,3.7531329736711054,3.7531329736711054,0.9382832434177764,0.01513671875,13.523601643497239,0.4804010206299015,0.4804010206299015,0.4804010206299015,0.4804010206299015
3,S,8,0.0,0.12,True,q3_evidence,PCS raw,pcs_raw,1,S,3.996679855921233,0.21598229224306562,3.7806975636781672,3.7806975636781672,0.9460044269392336,0.013824462890625,13.480053662173955,0.48392928815080544,0.48392928815080544,0.48392928815080544,0.48392928815080544
3,S,8,0.0,0.16,True,q3_evidence,PCS raw,pcs_raw,1,S,3.9941028013225788,0.20168291378972492,3.792419887532854,3.792419887532854,0.9495792715525688,0.012939453125,13.523842121784988,0.4854297456042053,0.4854297456042053,0.4854297456042053,0.4854297456042053
3,S,8,0.0,0.2,True,q3_evidence,PCS raw,pcs_raw,1,S,3.990796214317659,0.19248510974039124,3.7983111045772677,3.7983111045772677,0.9518787225649021,0.011749267578125,13.545805303058472,0.4861838213858903,0.4861838213858903,0.4861838213858903,0.4861838213858903
3,S,8,0.0,0.24,True,q3_evidence,PCS raw,pcs_raw,1,S,3.9867651399345525,0.16867021964969725,3.8180949202848553,3.8180949202848553,0.9578324450875757,0.0113525390625,13.675223582546037,0.4887161497964615,0.4887161497964615,0.4887161497964615,0.4887161497964615
3,S,8,0.0,0.28,True,q3_evidence,PCS raw,pcs_raw,1,S,3.982015709386646,0.17133698328271427,3.810678726103932,3.810678726103932,0.9571657541793215,0.010711669921875,13.638827767581446,0.4877668769413033,0.4877668769413033,0.4877668769413033,0.4877668769413033
3,S,8,0.0,0.32,True,q3_evidence,PCS raw,pcs_raw,1,S,3.976555119443372,0.17143053786315027,3.8051245815802215,3.8051245815802215,0.9571423655342124,0.010894775390625,13.542772004022389,0.48705594644226835,0.48705594644226835,0.48705594644226835,0.48705594644226835
3,S,8,0.0,0.36,True,q3_evidence,PCS raw,pcs_raw,1,S,3.970391608345835,0.16712329477961704,3.803268313566218,3.803268313566218,0.9582191763050958,0.010345458984375,13.56593180352332,0.4868183441364759,0.4868183441364759,0.4868183441364759,0.4868183441364759
3,S,8,2.0,0.0,False,q3_evidence,Uniform raw,uniform_raw,1,S,4.0,0.30095305541076023,3.6990469445892398,3.6990469445892398,0.9247617361473099,0.018951416015625,13.063156874293252,0.47347800890742264,0.47347800890742264,0.47347800890742264,0.47347800890742264
3,S,8,2.0,0.12,True,q3_evidence,PCS raw,pcs_raw,1,S,3.996679855921233,0.274800865837844,3.721878990083389,3.721878990083389,0.931299783540539,0.016845703125,13.039226223676755,0.47640051073067374,0.47640051073067374,0.47640051073067374,0.47640051073067374
3,S,8,2.0,0.16,True,q3_evidence,PCS raw,pcs_raw,1,S,3.9941028013225788,0.2681584394522151,3.7259443618703636,3.7259443618703636,0.9329603901369462,0.016876220703125,13.05298316972676,0.47692087831940655,0.47692087831940655,0.47692087831940655,0.47692087831940655
3,S,8,2.0,0.2,True,q3_evidence,PCS raw,pcs_raw,1,S,3.990796214317659,0.2828275986545289,3.7079686156631304,3.7079686156631304,0.9292931003363678,0.017913818359375,12.904426032635868,0.47461998280488066,0.47461998280488066,0.47461998280488066,0.47461998280488066
3,S,8,2.0,0.24,True,q3_evidence,PCS raw,pcs_raw,1,S,3.9867651399345525,0.2612995026951662,3.7254656372393864,3.7254656372393864,0.9346751243262085,0.01776123046875,12.934770762426167,0.4768596015666415,0.4768596015666415,0.4768596015666415,0.4768596015666415
3,S,8,2.0,0.28,True,q3_evidence,PCS raw,pcs_raw,1,S,3.982015709386646,0.265525020642606,3.71649068874404,3.71649068874404,0.9336187448393485,0.016510009765625,12.928974020348303,0.4757108081592371,0.4757108081592371,0.4757108081592371,0.4757108081592371
3,S,8,2.0,0.32,True,q3_evidence,PCS raw,pcs_raw,1,S,3.976555119443372,0.23679215083177926,3.7397629686115925,3.7397629686115925,0.9408019622920551,0.01446533203125,12.959719363280124,0.4786896599822838,0.4786896599822838,0.4786896599822838,0.4786896599822838
3,S,8,2.0,0.36,True,q3_evidence,PCS raw,pcs_raw,1,S,3.970391608345835,0.2419793118524169,3.728412296493418,3.728412296493418,0.9395051720368958,0.01580810546875,12.897166050314617,0.4772367739511575,0.4772367739511575,0.4772367739511575,0.4772367739511575
3,S,8,4.0,0.0,False,q3_evidence,Uniform raw,uniform_raw,1,S,4.0,0.543450061354477,3.456549938645523,3.456549938645523,0.8641374846613807,0.033905029296875,11.866953249671788,0.44243839214662695,0.44243839214662695,0.44243839214662695,0.44243839214662695
3,S,8,4.0,0.12,True,q3_evidence,PCS raw,pcs_raw,1,S,3.996679855921233,0.48263483413676367,3.514045021784469,3.514045021784469,0.8793412914658091,0.028961181640625,11.838434693873253,0.44979776278841205,0.44979776278841205,0.44979776278841205,0.44979776278841205
3,S,8,4.0,0.16,True,q3_evidence,PCS raw,pcs_raw,1,S,3.9941028013225788,0.4917821400723358,3.502320661250243,3.502320661250243,0.8770544649819161,0.031951904296875,11.807124669059343,0.4482970446400311,0.4482970446400311,0.4482970446400311,0.4482970446400311
3,S,8,4.0,0.2,True,q3_evidence,PCS raw,pcs_raw,1,S,3.990796214317659,0.4907954406694988,3.50000077364816,3.50000077364816,0.8773011398326253,0.030609130859375,11.805689387856459,0.44800009902696447,0.44800009902696447,0.44800009902696447,0.44800009902696447
3,S,8,4.0,0.24,True,q3_evidence,PCS raw,pcs_raw,1,S,3.9867651399345525,0.4842631913148568,3.5025019486196958,3.5025019486196958,0.8789342021712858,0.030426025390625,11.763886689222618,0.44832024942332105,0.44832024942332105,0.44832024942332105,0.44832024942332105
3,S,8,4.0,0.28,True,q3_evidence,PCS raw,pcs_raw,1,S,3.982015709386646,0.4813427996947157,3.5006729096919305,3.5006729096919305,0.8796643000763211,0.029510498046875,11.640639293010889,0.44808613244056705,0.44808613244056705,0.44808613244056705,0.44808613244056705
3,S,8,4.0,0.32,True,q3_evidence,PCS raw,pcs_raw,1,S,3.976555119443372,0.47969398399839475,3.496861135444977,3.496861135444977,0.8800765040004013,0.030242919921875,11.725702029994522,0.44759822533695703,0.44759822533695703,0.44759822533695703,0.44759822533695703
3,S,8,4.0,0.36,True,q3_evidence,PCS raw,pcs_raw,1,S,3.970391608345835,0.4747066934742726,3.4956849148715623,3.4956849148715623,0.8813233266314319,0.0291748046875,11.669056977187616,0.44744766910356,0.44744766910356,0.44744766910356,0.44744766910356
3,S,8,6.0,0.0,False,q3_evidence,Uniform raw,uniform_raw,1,S,4.0,1.058755264203708,2.941244735796292,2.941244735796292,0.735311183949073,0.070068359375,9.80508287665532,0.3764793261819254,0.3764793261819254,0.3764793261819254,0.3764793261819254
3,S,8,6.0,0.12,True,q3_evidence,PCS raw,pcs_raw,1,S,3.996679855921233,1.0476832513168666,2.9489966046043663,2.9489966046043663,0.7380791871707834,0.068267822265625,9.74733121991681,0.3774715653893589,0.3774715653893589,0.3774715653893589,0.3774715653893589
3,S,8,6.0,0.16,True,q3_evidence,PCS raw,pcs_raw,1,S,3.9941028013225788,1.0494241097465384,2.9446786915760406,2.9446786915760406,0.7376439725633654,0.0660400390625,9.63322353792476,0.37691887252173323,0.37691887252173323,0.37691887252173323,0.37691887252173323
3,S,8,6.0,0.2,True,q3_evidence,PCS raw,pcs_raw,1,S,3.990796214317659,1.0180803041301616,2.972715910187498,2.972715910187498,0.7454799239674597,0.065155029296875,9.724322045244126,0.3805076365039997,0.3805076365039997,0.3805076365039997,0.3805076365039997
3,S,8,6.0,0.24,True,q3_evidence,PCS raw,pcs_raw,1,S,3.9867651399345525,1.0083545223261083,2.978410617608444,2.978410617608444,0.7479113694184729,0.06591796875,9.713878689821467,0.3812365590538809,0.3812365590538809,0.3812365590538809,0.3812365590538809
3,S,8,6.0,0.28,True,q3_evidence,PCS raw,pcs_raw,1,S,3.982015709386646,1.0524713825703915,2.9295443268162544,2.9295443268162544,0.7368821543574021,0.067291259765625,9.44230508709698,0.3749816738324806,0.3749816738324806,0.3749816738324806,0.3749816738324806
3,S,8,6.0,0.32,True,q3_evidence,PCS raw,pcs_raw,1,S,3.976555119443372,1.0437125128340297,2.9328426066093423,2.9328426066093423,0.7390718717914926,0.065765380859375,9.354525337005942,0.37540385364599577,0.37540385364599577,0.37540385364599577,0.37540385364599577
3,S,8,6.0,0.36,True,q3_evidence,PCS raw,pcs_raw,1,S,3.970391608345835,1.0466521264779756,2.9237394818678593,2.9237394818678593,0.7383369683805061,0.065704345703125,9.36626332666746,0.374238653679086,0.374238653679086,0.374238653679086,0.374238653679086
3,S,10,-2.0,0.0,False,q3_evidence,Uniform raw,uniform_raw,1,S,4.0,0.2316397033734387,3.7683602966265615,3.7683602966265615,0.9420900741566404,0.014923095703125,13.579556474507529,0.4823501179681999,0.4823501179681999,0.4823501179681999,0.4823501179681999
3,S,10,-2.0,0.12,True,q3_evidence,PCS raw,pcs_raw,1,S,3.996679855921233,0.19384065068249806,3.802839205238735,3.802839205238735,0.9515398373293755,0.01226806640625,13.680046166539144,0.4867634182705581,0.4867634182705581,0.4867634182705581,0.4867634182705581
3,S,10,-2.0,0.16,True,q3_evidence,PCS raw,pcs_raw,1,S,3.9941028013225788,0.18301790125781353,3.811084900064765,3.811084900064765,0.9542455246855466,0.011627197265625,13.652653993721893,0.48781886720828993,0.48781886720828993,0.48781886720828993,0.48781886720828993
3,S,10,-2.0,0.2,True,q3_evidence,PCS raw,pcs_raw,1,S,3.990796214317659,0.17940515930783196,3.8113910550098273,3.8113910550098273,0.955148710173042,0.011474609375,13.625816118094674,0.4878580550412579,0.4878580550412579,0.4878580550412579,0.4878580550412579
3,S,10,-2.0,0.24,True,q3_evidence,PCS raw,pcs_raw,1,S,3.9867651399345525,0.16669467336665011,3.8200704665679024,3.8200704665679024,0.9583263316583375,0.010894775390625,13.674321307178745,0.4889690197206915,0.4889690197206915,0.4889690197206915,0.4889690197206915
3,S,10,-2.0,0.28,True,q3_evidence,PCS raw,pcs_raw,1,S,3.982015709386646,0.15470751098484165,3.8273081984018043,3.8273081984018043,0.9613231222537896,0.009979248046875,13.690197279824012,0.48989544939543095,0.48989544939543095,0.48989544939543095,0.48989544939543095
3,S,10,-2.0,0.32,True,q3_evidence,PCS raw,pcs_raw,1,S,3.976555119443372,0.16917335770881897,3.807381761734553,3.807381761734553,0.9577066605727953,0.010711669921875,13.595809677654406,0.48734486550202283,0.48734486550202283,0.48734486550202283,0.48734486550202283
3,S,10,-2.0,0.36,True,q3_evidence,PCS raw,pcs_raw,1,S,3.970391608345835,0.15398729301222408,3.8164043153336107,3.8164043153336107,0.961503176746944,0.010467529296875,13.608370708473757,0.48849975236270216,0.48849975236270216,0.48849975236270216,0.48849975236270216
3,S,10,0.0,0.0,False,q3_evidence,Uniform raw,uniform_raw,1,S,4.0,0.269076619699994,3.730923380300006,3.730923380300006,0.9327308450750015,0.016754150390625,13.307674020188564,0.4775581926784008,0.4775581926784008,0.4775581926784008,0.4775581926784008
3,S,10,0.0,0.12,True,q3_evidence,PCS raw,pcs_raw,1,S,3.996679855921233,0.2532021444682733,3.7434777114529596,3.7434777114529596,0.9366994638829317,0.01641845703125,13.227158717470537,0.47916514706597885,0.47916514706597885,0.47916514706597885,0.47916514706597885
3,S,10,0.0,0.16,True,q3_evidence,PCS raw,pcs_raw,1,S,3.9941028013225788,0.22599563150585655,3.768107169816722,3.768107169816722,0.9435010921235358,0.015045166015625,13.276246132784717,0.4823177177365404,0.4823177177365404,0.4823177177365404,0.4823177177365404
3,S,10,0.0,0.2,True,q3_evidence,PCS raw,pcs_raw,1,S,3.990796214317659,0.24018043528232605,3.750615779035333,3.750615779035333,0.9399548911794184,0.01513671875,13.216136015501185,0.48007881971652266,0.48007881971652266,0.48007881971652266,0.48007881971652266
3,S,10,0.0,0.24,True,q3_evidence,PCS raw,pcs_raw,1,S,3.9867651399345525,0.21950895980660942,3.767256180127943,3.767256180127943,0.9451227600483476,0.014007568359375,13.302379931301441,0.4822087910563767,0.4822087910563767,0.4822087910563767,0.4822087910563767
3,S,10,0.0,0.28,True,q3_evidence,PCS raw,pcs_raw,1,S,3.982015709386646,0.21990563193259946,3.7621100774540466,3.7621100774540466,0.9450235920168502,0.014068603515625,13.207080762836306,0.48155008991411796,0.48155008991411796,0.48155008991411796,0.48155008991411796
3,S,10,0.0,0.32,True,q3_evidence,PCS raw,pcs_raw,1,S,3.976555119443372,0.20672588782907766,3.769829231614294,3.769829231614294,0.9483185280427305,0.013092041015625,13.202926776419034,0.4825381416466296,0.4825381416466296,0.4825381416466296,0.4825381416466296
3,S,10,0.0,0.36,True,q3_evidence,PCS raw,pcs_raw,1,S,3.970391608345835,0.2011801266856248,3.76921148166021,3.76921148166021,0.9497049683285937,0.012664794921875,13.325214215087273,0.48245906965250684,0.48245906965250684,0.48245906965250684,0.48245906965250684
3,S,10,2.0,0.0,False,q3_evidence,Uniform raw,uniform_raw,1,S,4.0,0.41987621363292504,3.580123786367075,3.580123786367075,0.8950309465917687,0.026214599609375,12.500898447627392,0.4582558446549856,0.4582558446549856,0.4582558446549856,0.4582558446549856
3,S,10,2.0,0.12,True,q3_evidence,PCS raw,pcs_raw,1,S,3.996679855921233,0.37600539749524825,3.6206744584259845,3.6206744584259845,0.9059986506261879,0.02386474609375,12.44325408455717,0.463446330678526,0.463446330678526,0.463446330678526,0.463446330678526
3,S,10,2.0,0.16,True,q3_evidence,PCS raw,pcs_raw,1,S,3.9941028013225788,0.36166325839006236,3.6324395429325165,3.6324395429325165,0.9095841854024844,0.02191162109375,12.538242743769244,0.4649522614953621,0.4649522614953621,0.4649522614953621,0.4649522614953621
3,S,10,2.0,0.2,True,q3_evidence,PCS raw,pcs_raw,1,S,3.990796214317659,0.3832563089654899,3.6075399053521693,3.6075399053521693,0.9041859227586275,0.0235595703125,12.323048416974656,0.4617651078850777,0.4617651078850777,0.4617651078850777,0.4617651078850777
3,S,10,2.0,0.24,True,q3_evidence,PCS raw,pcs_raw,1,S,3.9867651399345525,0.341818912619351,3.6449462273152013,3.6449462273152013,0.9145452718451622,0.021087646484375,12.469297412988304,0.4665531170963458,0.4665531170963458,0.4665531170963458,0.4665531170963458
3,S,10,2.0,0.28,True,q3_evidence,PCS raw,pcs_raw,1,S,3.982015709386646,0.3656914596590908,3.616324249727555,3.616324249727555,0.9085771350852273,0.022216796875,12.335367644717765,0.46288950396512707,0.46288950396512707,0.46288950396512707,0.46288950396512707
3,S,10,2.0,0.32,True,q3_evidence,PCS raw,pcs_raw,1,S,3.976555119443372,0.3649492237882751,3.6116058956550967,3.6116058956550967,0.9087626940529312,0.02325439453125,12.25073037473863,0.46228555464385235,0.46228555464385235,0.46228555464385235,0.46228555464385235
3,S,10,2.0,0.36,True,q3_evidence,PCS raw,pcs_raw,1,S,3.970391608345835,0.35867823112215624,3.6117133772236785,3.6117133772236785,0.9103304422194609,0.022857666015625,12.20609608791366,0.46229931228463084,0.46229931228463084,0.46229931228463084,0.46229931228463084
3,S,10,4.0,0.0,False,q3_evidence,Uniform raw,uniform_raw,1,S,4.0,0.7950488197767904,3.2049511802232096,3.2049511802232096,0.8012377950558024,0.0499267578125,10.779840966698437,0.4102337510685708,0.4102337510685708,0.4102337510685708,0.4102337510685708
3,S,10,4.0,0.12,True,q3_evidence,PCS raw,pcs_raw,1,S,3.996679855921233,0.8104201955093577,3.186259660411875,3.186259660411875,0.7973949511226606,0.050750732421875,10.617992979797572,0.40784123653272003,0.40784123653272003,0.40784123653272003,0.40784123653272003
3,S,10,4.0,0.16,True,q3_evidence,PCS raw,pcs_raw,1,S,3.9941028013225788,0.7827500073257299,3.211352793996849,3.211352793996849,0.8043124981685675,0.050628662109375,10.628570808833882,0.41105315763159667,0.41105315763159667,0.41105315763159667,0.41105315763159667
3,S,10,4.0,0.2,True,q3_evidence,PCS raw,pcs_raw,1,S,3.990796214317659,0.7662209567853487,3.2245752575323103,3.2245752575323103,0.8084447608036628,0.047821044921875,10.64789987798245,0.41274563296413574,0.41274563296413574,0.41274563296413574,0.41274563296413574
3,S,10,4.0,0.24,True,q3_evidence,PCS raw,pcs_raw,1,S,3.9867651399345525,0.7907789148453047,3.1959862250892477,3.1959862250892477,0.8023052712886738,0.048370361328125,10.494885712986111,0.4090862368114237,0.4090862368114237,0.4090862368114237,0.4090862368114237
3,S,10,4.0,0.28,True,q3_evidence,PCS raw,pcs_raw,1,S,3.982015709386646,0.7617025242815053,3.2203131851051405,3.2203131851051405,0.8095743689296236,0.046600341796875,10.579572073735283,0.412200087693458,0.412200087693458,0.412200087693458,0.412200087693458
3,S,10,4.0,0.32,True,q3_evidence,PCS raw,pcs_raw,1,S,3.976555119443372,0.7645004952641419,3.2120546241792303,3.2120546241792303,0.8088748761839646,0.0450439453125,10.462844255576169,0.41114299189494147,0.41114299189494147,0.41114299189494147,0.41114299189494147
3,S,10,4.0,0.36,True,q3_evidence,PCS raw,pcs_raw,1,S,3.970391608345835,0.7378665173686647,3.23252509097717,3.23252509097717,0.8155333706578338,0.046112060546875,10.50136848626835,0.41376321164507773,0.41376321164507773,0.41376321164507773,0.41376321164507773
3,S,10,6.0,0.0,False,q3_evidence,Uniform raw,uniform_raw,1,S,4.0,1.561583860888073,2.438416139111927,2.438416139111927,0.6096040347779818,0.109466552734375,8.07815198816552,0.31211726580632665,0.31211726580632665,0.31211726580632665,0.31211726580632665
3,S,10,6.0,0.12,True,q3_evidence,PCS raw,pcs_raw,1,S,3.996679855921233,1.5820609530101535,2.414618902911079,2.414618902911079,0.6044847617474616,0.107330322265625,7.806642076884001,0.3090712195726181,0.3090712195726181,0.3090712195726181,0.3090712195726181
3,S,10,6.0,0.16,True,q3_evidence,PCS raw,pcs_raw,1,S,3.9941028013225788,1.5930843757437383,2.4010184255788403,2.4010184255788403,0.6017289060640654,0.110748291015625,7.74612646336689,0.30733035847409157,0.30733035847409157,0.30733035847409157,0.30733035847409157
3,S,10,6.0,0.2,True,q3_evidence,PCS raw,pcs_raw,1,S,3.990796214317659,1.541082258274022,2.449713956043637,2.449713956043637,0.6147294354314945,0.1048583984375,7.871270476827887,0.31356338637358555,0.31356338637358555,0.31356338637358555,0.31356338637358555
3,S,10,6.0,0.24,True,q3_evidence,PCS raw,pcs_raw,1,S,3.9867651399345525,1.5487924548342948,2.4379726851002577,2.4379726851002577,0.6128018862914263,0.103668212890625,7.824819631167895,0.312060503692833,0.312060503692833,0.312060503692833,0.312060503692833
3,S,10,6.0,0.28,True,q3_evidence,PCS raw,pcs_raw,1,S,3.982015709386646,1.6051390536044163,2.3768766557822296,2.3768766557822296,0.5987152365988959,0.107879638671875,7.561794741620656,0.30424021194012535,0.30424021194012535,0.30424021194012535,0.30424021194012535
3,S,10,6.0,0.32,True,q3_evidence,PCS raw,pcs_raw,1,S,3.976555119443372,1.5857030701137214,2.3908520493296503,2.3908520493296503,0.6035742324715696,0.106781005859375,7.53537926044758,0.30602906231419524,0.30602906231419524,0.30602906231419524,0.30602906231419524
3,S,10,6.0,0.36,True,q3_evidence,PCS raw,pcs_raw,1,S,3.970391608345835,1.587395092596832,2.382996515749003,2.382996515749003,0.603151226850792,0.105072021484375,7.513768040814312,0.3050235540158724,0.3050235540158724,0.3050235540158724,0.3050235540158724
3,S,12,-2.0,0.0,False,q3_evidence,Uniform raw,uniform_raw,1,S,4.0,0.23695760167163815,3.763042398328362,3.763042398328362,0.9407605995820905,0.015106201171875,13.485207041653682,0.4816694269860303,0.4816694269860303,0.4816694269860303,0.4816694269860303
3,S,12,-2.0,0.12,True,q3_evidence,PCS raw,pcs_raw,1,S,3.996679855921233,0.22373475270021986,3.772945103221013,3.772945103221013,0.944066311824945,0.014190673828125,13.444100988412469,0.4829369732122897,0.4829369732122897,0.4829369732122897,0.4829369732122897
3,S,12,-2.0,0.16,True,q3_evidence,PCS raw,pcs_raw,1,S,3.9941028013225788,0.21554619809116957,3.7785566032314093,3.7785566032314093,0.9461134504772076,0.013458251953125,13.405989119395558,0.48365524521362036,0.48365524521362036,0.48365524521362036,0.48365524521362036
3,S,12,-2.0,0.2,True,q3_evidence,PCS raw,pcs_raw,1,S,3.990796214317659,0.20629251028852746,3.784503704029132,3.784503704029132,0.9484268724278682,0.012786865234375,13.384508680835744,0.48441647411572886,0.48441647411572886,0.48441647411572886,0.48441647411572886
3,S,12,-2.0,0.24,True,q3_evidence,PCS raw,pcs_raw,1,S,3.9867651399345525,0.20416609953541004,3.7825990403991425,3.7825990403991425,0.9489584751161475,0.012664794921875,13.39109631210441,0.48417267717109025,0.48417267717109025,0.48417267717109025,0.48417267717109025
3,S,12,-2.0,0.28,True,q3_evidence,PCS raw,pcs_raw,1,S,3.982015709386646,0.2021164825737867,3.779899226812859,3.779899226812859,0.9494708793565533,0.012969970703125,13.394950975576187,0.48382710103204596,0.48382710103204596,0.48382710103204596,0.48382710103204596
3,S,12,-2.0,0.32,True,q3_evidence,PCS raw,pcs_raw,1,S,3.976555119443372,0.1951239951990644,3.7814311242443077,3.7814311242443077,0.951219001200234,0.011993408203125,13.450743123285873,0.48402318390327137,0.48402318390327137,0.48402318390327137,0.48402318390327137
3,S,12,-2.0,0.36,True,q3_evidence,PCS raw,pcs_raw,1,S,3.970391608345835,0.19094747925749228,3.7794441290883425,3.7794441290883425,0.9522631301856269,0.01214599609375,13.342769474589861,0.48376884852330787,0.48376884852330787,0.48376884852330787,0.48376884852330787
3,S,12,0.0,0.0,False,q3_evidence,Uniform raw,uniform_raw,1,S,4.0,0.32852595707750265,3.6714740429224975,3.6714740429224975,0.9178685107306244,0.020721435546875,12.904949897486608,0.46994867749407965,0.46994867749407965,0.46994867749407965,0.46994867749407965
3,S,12,0.0,0.12,True,q3_evidence,PCS raw,pcs_raw,1,S,3.996679855921233,0.30817094287700897,3.688508913044224,3.688508913044224,0.9229572642807478,0.019195556640625,12.92855494423492,0.4721291408696606,0.4721291408696606,0.4721291408696606,0.4721291408696606
3,S,12,0.0,0.16,True,q3_evidence,PCS raw,pcs_raw,1,S,3.9941028013225788,0.3087821232793061,3.6853206780432726,3.6853206780432726,0.9228044691801734,0.01953125,12.838121230077617,0.47172104678953886,0.47172104678953886,0.47172104678953886,0.47172104678953886
3,S,12,0.0,0.2,True,q3_evidence,PCS raw,pcs_raw,1,S,3.990796214317659,0.2819117579767279,3.708884456340931,3.708884456340931,0.929522060505818,0.017578125,12.92770687271149,0.4747372104116392,0.4747372104116392,0.4747372104116392,0.4747372104116392
3,S,12,0.0,0.24,True,q3_evidence,PCS raw,pcs_raw,1,S,3.9867651399345525,0.27835529827674066,3.708409841657812,3.708409841657812,0.9304111754308149,0.016326904296875,12.92365384633997,0.47467645973219996,0.47467645973219996,0.47467645973219996,0.47467645973219996
3,S,12,0.0,0.28,True,q3_evidence,PCS raw,pcs_raw,1,S,3.982015709386646,0.27721907455485806,3.704796634831788,3.704796634831788,0.9306952313612855,0.016998291015625,12.816624540964028,0.47421396925846887,0.47421396925846887,0.47421396925846887,0.47421396925846887
3,S,12,0.0,0.32,True,q3_evidence,PCS raw,pcs_raw,1,S,3.976555119443372,0.26574438741405265,3.7108107320293193,3.7108107320293193,0.9335639031464869,0.017181396484375,12.792173226171638,0.47498377369975286,0.47498377369975286,0.47498377369975286,0.47498377369975286
3,S,12,0.0,0.36,True,q3_evidence,PCS raw,pcs_raw,1,S,3.970391608345835,0.28223484107405855,3.688156767271776,3.688156767271776,0.9294412897314853,0.017730712890625,12.715909068780425,0.47208406621078736,0.47208406621078736,0.47208406621078736,0.47208406621078736
3,S,12,2.0,0.0,False,q3_evidence,Uniform raw,uniform_raw,1,S,4.0,0.5599618113963152,3.440038188603685,3.440038188603685,0.8600095471509213,0.0350341796875,11.8599906927377,0.4403248881412717,0.4403248881412717,0.4403248881412717,0.4403248881412717
3,S,12,2.0,0.12,True,q3_evidence,PCS raw,pcs_raw,1,S,3.996679855921233,0.5431190296725572,3.4535608262486757,3.4535608262486757,0.8642202425818607,0.034210205078125,11.648734280822472,0.4420557857598305,0.4420557857598305,0.4420557857598305,0.4420557857598305
3,S,12,2.0,0.16,True,q3_evidence,PCS raw,pcs_raw,1,S,3.9941028013225788,0.5701754802784208,3.423927321044158,3.423927321044158,0.8574561299303948,0.034759521484375,11.571618066175933,0.43826269709365223,0.43826269709365223,0.43826269709365223,0.43826269709365223
3,S,12,2.0,0.2,True,q3_evidence,PCS raw,pcs_raw,1,S,3.990796214317659,0.5517293449070135,3.4390668694106457,3.4390668694106457,0.8620676637732466,0.033416748046875,11.549945674940576,0.44020055928456264,0.44020055928456264,0.44020055928456264,0.44020055928456264
3,S,12,2.0,0.24,True,q3_evidence,PCS raw,pcs_raw,1,S,3.9867651399345525,0.5465882266220886,3.440176913312464,3.440176913312464,0.8633529433444779,0.0338134765625,11.553252130173018,0.44034264490399544,0.44034264490399544,0.44034264490399544,0.44034264490399544
3,S,12,2.0,0.28,True,q3_evidence,PCS raw,pcs_raw,1,S,3.982015709386646,0.5145111233670245,3.467504586019621,3.467504586019621,0.8713722191582438,0.031402587890625,11.515173791594,0.44384058701051154,0.44384058701051154,0.44384058701051154,0.44384058701051154
3,S,12,2.0,0.32,True,q3_evidence,PCS raw,pcs_raw,1,S,3.976555119443372,0.5088483038156044,3.4677068156277677,3.4677068156277677,0.872787924046099,0.031005859375,11.515834867404449,0.44386647240035426,0.44386647240035426,0.44386647240035426,0.44386647240035426
3,S,12,2.0,0.36,True,q3_evidence,PCS raw,pcs_raw,1,S,3.970391608345835,0.5076573395183662,3.4627342688274685,3.4627342688274685,0.8730856651204084,0.030853271484375,11.515163251459995,0.44322998640991595,0.44322998640991595,0.44322998640991595,0.44322998640991595
3,S,12,4.0,0.0,False,q3_evidence,Uniform raw,uniform_raw,1,S,4.0,1.1246844518131631,2.875315548186837,2.875315548186837,0.7188288870467092,0.072601318359375,9.56464256418431,0.3680403901679151,0.3680403901679151,0.3680403901679151,0.3680403901679151
3,S,12,4.0,0.12,True,q3_evidence,PCS raw,pcs_raw,1,S,3.996679855921233,1.1121537272633595,2.8845261286578734,2.8845261286578734,0.7219615681841601,0.071807861328125,9.440093038978127,0.36921934446820776,0.36921934446820776,0.36921934446820776,0.36921934446820776
3,S,12,4.0,0.16,True,q3_evidence,PCS raw,pcs_raw,1,S,3.9941028013225788,1.1224853227945109,2.871617478528068,2.871617478528068,0.7193786693013723,0.072509765625,9.332002862235703,0.36756703725159273,0.36756703725159273,0.36756703725159273,0.36756703725159273
3,S,12,4.0,0.2,True,q3_evidence,PCS raw,pcs_raw,1,S,3.990796214317659,1.1145208959894843,2.876275318328175,2.876275318328175,0.721369776002629,0.07098388671875,9.213051683946695,0.3681632407460064,0.3681632407460064,0.3681632407460064,0.3681632407460064
3,S,12,4.0,0.24,True,q3_evidence,PCS raw,pcs_raw,1,S,3.9867651399345525,1.1177266553673941,2.8690384845671586,2.8690384845671586,0.7205683361581515,0.071044921875,9.199117341899784,0.3672369260245963,0.3672369260245963,0.3672369260245963,0.3672369260245963
3,S,12,4.0,0.28,True,q3_evidence,PCS raw,pcs_raw,1,S,3.982015709386646,1.1056076655895049,2.876408043797141,2.876408043797141,0.7235980836026238,0.06842041015625,9.32143317818441,0.3681802296060341,0.3681802296060341,0.3681802296060341,0.3681802296060341
3,S,12,4.0,0.32,True,q3_evidence,PCS raw,pcs_raw,1,S,3.976555119443372,1.1040596890062568,2.872495430437115,2.872495430437115,0.7239850777484358,0.068145751953125,9.228396646724603,0.36767941509595076,0.36767941509595076,0.36767941509595076,0.36767941509595076
3,S,12,4.0,0.36,True,q3_evidence,PCS raw,pcs_raw,1,S,3.970391608345835,1.1154433536629078,2.854948254682927,2.854948254682927,0.721139161584273,0.0682373046875,9.123111608492016,0.36543337659941466,0.36543337659941466,0.36543337659941466,0.36543337659941466
3,S,12,6.0,0.0,False,q3_evidence,Uniform raw,uniform_raw,1,S,4.0,2.1164673508146583,1.8835326491853417,1.8835326491853417,0.4708831622963354,0.159515380859375,6.034828631404288,0.24109217909572372,0.24109217909572372,0.24109217909572372,0.24109217909572372
3,S,12,6.0,0.12,True,q3_evidence,PCS raw,pcs_raw,1,S,3.996679855921233,2.118207698345268,1.878472157575965,1.878472157575965,0.47044807541368305,0.1566162109375,6.030873323272855,0.24044443616972355,0.24044443616972355,0.24044443616972355,0.24044443616972355
3,S,12,6.0,0.16,True,q3_evidence,PCS raw,pcs_raw,1,S,3.9941028013225788,2.1104462839743867,1.883656517348192,1.883656517348192,0.4723884290064033,0.15576171875,6.031044159972007,0.24110803422056856,0.24110803422056856,0.24110803422056856,0.24110803422056856
3,S,12,6.0,0.2,True,q3_evidence,PCS raw,pcs_raw,1,S,3.990796214317659,2.096651835524146,1.8941443787935133,1.8941443787935133,0.4758370411189635,0.15130615234375,5.979115997266424,0.2424504804855697,0.2424504804855697,0.2424504804855697,0.2424504804855697
3,S,12,6.0,0.24,True,q3_evidence,PCS raw,pcs_raw,1,S,3.9867651399345525,2.1138722549543307,1.8728928849802218,1.8728928849802218,0.4715319362614173,0.15301513671875,5.862872290398884,0.2397302892774684,0.2397302892774684,0.2397302892774684,0.2397302892774684
3,S,12,6.0,0.28,True,q3_evidence,PCS raw,pcs_raw,1,S,3.982015709386646,2.1732809136985143,1.8087347956881317,1.8087347956881317,0.45667977157537143,0.159820556640625,5.609431690170975,0.23151805384808083,0.23151805384808083,0.23151805384808083,0.23151805384808083
3,S,12,6.0,0.32,True,q3_evidence,PCS raw,pcs_raw,1,S,3.976555119443372,2.1519050302295737,1.8246500892137982,1.8246500892137982,0.4620237424426066,0.154632568359375,5.685480998427347,0.2335552114193662,0.2335552114193662,0.2335552114193662,0.2335552114193662
3,S,12,6.0,0.36,True,q3_evidence,PCS raw,pcs_raw,1,S,3.970391608345835,2.166804940384933,1.8035866679609018,1.8035866679609018,0.45829876490376675,0.15509033203125,5.521864778544533,0.23085909349899542,0.23085909349899542,0.23085909349899542,0.23085909349899542
4,C,6,-2.0,0.0,False,q3_evidence,Uniform raw,uniform_raw,1,C,4.0,0.09717536882533023,3.9028246311746697,3.9028246311746697,0.9757061577936674,0.005767822265625,14.82347646599373,0.49956155279035774,0.49956155279035774,0.49956155279035774,0.49956155279035774
4,C,6,-2.0,0.12,True,q3_evidence,PCS raw,pcs_raw,1,C,3.996679855921233,0.0843999047839705,3.9122799511372626,3.9122799511372626,0.9789000238040074,0.00506591796875,14.845752379009108,0.5007718337455696,0.5007718337455696,0.5007718337455696,0.5007718337455696
4,C,6,-2.0,0.16,True,q3_evidence,PCS raw,pcs_raw,1,C,3.9941028013225788,0.07716585793008282,3.916936943392496,3.916936943392496,0.9807085355174793,0.005126953125,14.801568302572306,0.5013679287542395,0.5013679287542395,0.5013679287542395,0.5013679287542395
4,C,6,-2.0,0.2,True,q3_evidence,PCS raw,pcs_raw,1,C,3.990796214317659,0.07231302986840871,3.9184831844492507,3.9184831844492507,0.9819217425328979,0.004180908203125,14.871008546589477,0.5015658476095041,0.5015658476095041,0.5015658476095041,0.5015658476095041
4,C,6,-2.0,0.24,True,q3_evidence,PCS raw,pcs_raw,1,C,3.9867651399345525,0.0703547456039782,3.9164103943305744,3.9164103943305744,0.9824113135990055,0.004669189453125,14.875969238583895,0.5013005304743136,0.5013005304743136,0.5013005304743136,0.5013005304743136
4,C,6,-2.0,0.28,True,q3_evidence,PCS raw,pcs_raw,1,C,3.982015709386646,0.07420407697108891,3.907811632415557,3.907811632415557,0.9814489807572278,0.004638671875,14.807634177179379,0.5001998889491913,0.5001998889491913,0.5001998889491913,0.5001998889491913
4,C,6,-2.0,0.32,True,q3_evidence,PCS raw,pcs_raw,1,C,3.976555119443372,0.06869637732387635,3.9078587421194957,3.9078587421194957,0.9828259056690309,0.00445556640625,14.82108155477778,0.5002059189912955,0.5002059189912955,0.5002059189912955,0.5002059189912955
4,C,6,-2.0,0.36,True,q3_evidence,PCS raw,pcs_raw,1,C,3.970391608345835,0.06294132933273666,3.9074502790130983,3.9074502790130983,0.9842646676668159,0.004241943359375,14.784128383593057,0.5001536357136765,0.5001536357136765,0.5001536357136765,0.5001536357136765
4,C,6,0.0,0.0,False,q3_evidence,Uniform raw,uniform_raw,1,C,4.0,0.1076402103907795,3.8923597896092206,3.8923597896092206,0.9730899474023051,0.00732421875,14.698627088244844,0.49822205306998024,0.49822205306998024,0.49822205306998024,0.49822205306998024
4,C,6,0.0,0.12,True,q3_evidence,PCS raw,pcs_raw,1,C,3.996679855921233,0.09352927479012024,3.9031505811311127,3.9031505811311127,0.97661768130247,0.00579833984375,14.690020486616454,0.4996032743847824,0.4996032743847824,0.4996032743847824,0.4996032743847824
4,C,6,0.0,0.16,True,q3_evidence,PCS raw,pcs_raw,1,C,3.9941028013225788,0.08206568376254081,3.912037117560038,3.912037117560038,0.9794835790593648,0.00494384765625,14.63848191936509,0.5007407510476849,0.5007407510476849,0.5007407510476849,0.5007407510476849
4,C,6,0.0,0.2,True,q3_evidence,PCS raw,pcs_raw,1,C,3.990796214317659,0.09419238195815353,3.8966038323595056,3.8966038323595056,0.9764519045104616,0.00616455078125,14.533627416055086,0.49876529054201674,0.49876529054201674,0.49876529054201674,0.49876529054201674
4,C,6,0.0,0.24,True,q3_evidence,PCS raw,pcs_raw,1,C,3.9867651399345525,0.09299089022198859,3.893774249712564,3.893774249712564,0.9767522774445029,0.00567626953125,14.558759603787863,0.4984031039632082,0.4984031039632082,0.4984031039632082,0.4984031039632082
4,C,6,0.0,0.28,True,q3_evidence,PCS raw,pcs_raw,1,C,3.982015709386646,0.07950593471286625,3.9025097746737796,3.9025097746737796,0.9801235163217834,0.005218505859375,14.628255304824213,0.49952125115824375,0.49952125115824375,0.49952125115824375,0.49952125115824375
4,C,6,0.0,0.32,True,q3_evidence,PCS raw,pcs_raw,1,C,3.976555119443372,0.08490543977787504,3.891649679665497,3.891649679665497,0.9787736400555312,0.0052490234375,14.606103078575858,0.4981311589971836,0.4981311589971836,0.4981311589971836,0.4981311589971836
4,C,6,0.0,0.36,True,q3_evidence,PCS raw,pcs_raw,1,C,3.970391608345835,0.06704695331115473,3.90334465503468,3.90334465503468,0.9832382616722113,0.004241943359375,14.681901654580049,0.499628115844439,0.499628115844439,0.499628115844439,0.499628115844439
4,C,6,2.0,0.0,False,q3_evidence,Uniform raw,uniform_raw,1,C,4.0,0.15153867431725382,3.848461325682746,3.848461325682746,0.9621153314206865,0.00921630859375,14.199791026862945,0.4926030496873915,0.4926030496873915,0.4926030496873915,0.4926030496873915
4,C,6,2.0,0.12,True,q3_evidence,PCS raw,pcs_raw,1,C,3.996679855921233,0.1426345133569646,3.8540453425642682,3.8540453425642682,0.9643413716607588,0.00848388671875,14.234334653105423,0.4933178038482263,0.4933178038482263,0.4933178038482263,0.4933178038482263
4,C,6,2.0,0.16,True,q3_evidence,PCS raw,pcs_raw,1,C,3.9941028013225788,0.11284983828000433,3.8812529630425745,3.8812529630425745,0.9717875404299989,0.007171630859375,14.277540478368474,0.49680037926944953,0.49680037926944953,0.49680037926944953,0.49680037926944953
4,C,6,2.0,0.2,True,q3_evidence,PCS raw,pcs_raw,1,C,3.990796214317659,0.12095724265842206,3.869838971659237,3.869838971659237,0.9697606893353945,0.00775146484375,14.203705447162548,0.4953393883723824,0.4953393883723824,0.4953393883723824,0.4953393883723824
4,C,6,2.0,0.24,True,q3_evidence,PCS raw,pcs_raw,1,C,3.9867651399345525,0.132490307412481,3.8542748325220715,3.8542748325220715,0.9668774231468797,0.00848388671875,14.150789491562211,0.4933471785628251,0.4933471785628251,0.4933471785628251,0.4933471785628251
4,C,6,2.0,0.28,True,q3_evidence,PCS raw,pcs_raw,1,C,3.982015709386646,0.1123836835114102,3.869632025875236,3.869632025875236,0.9719040791221475,0.00762939453125,14.144701750439879,0.4953128993120302,0.4953128993120302,0.4953128993120302,0.4953128993120302
4,C,6,2.0,0.32,True,q3_evidence,PCS raw,pcs_raw,1,C,3.976555119443372,0.11938006845756201,3.85717505098581,3.85717505098581,0.9701549828856095,0.00799560546875,14.14816924693553,0.49371840652618365,0.49371840652618365,0.49371840652618365,0.49371840652618365
4,C,6,2.0,0.36,True,q3_evidence,PCS raw,pcs_raw,1,C,3.970391608345835,0.10787091472410208,3.862520693621733,3.862520693621733,0.9730322713189745,0.00714111328125,14.162303864854405,0.4944026487835818,0.4944026487835818,0.4944026487835818,0.4944026487835818
4,C,6,4.0,0.0,False,q3_evidence,Uniform raw,uniform_raw,1,C,4.0,0.25702227757063856,3.7429777224293614,3.7429777224293614,0.9357444306073404,0.015625,13.414399712229262,0.47910114847095825,0.47910114847095825,0.47910114847095825,0.47910114847095825
4,C,6,4.0,0.12,True,q3_evidence,PCS raw,pcs_raw,1,C,3.996679855921233,0.25469998197668,3.741979873944553,3.741979873944553,0.93632500450583,0.0155029296875,13.284065115699992,0.47897342386490277,0.47897342386490277,0.47897342386490277,0.47897342386490277
4,C,6,4.0,0.16,True,q3_evidence,PCS raw,pcs_raw,1,C,3.9941028013225788,0.23775805377443193,3.756344747548147,3.756344747548147,0.940560486556392,0.014556884765625,13.316936218418672,0.48081212768616277,0.48081212768616277,0.48081212768616277,0.48081212768616277
4,C,6,4.0,0.2,True,q3_evidence,PCS raw,pcs_raw,1,C,3.990796214317659,0.2237981863348355,3.7669980279828237,3.7669980279828237,0.9440504534162911,0.01318359375,13.30398949389796,0.48217574758180143,0.48217574758180143,0.48217574758180143,0.48217574758180143
4,C,6,4.0,0.24,True,q3_evidence,PCS raw,pcs_raw,1,C,3.9867651399345525,0.21893431745489397,3.7678308224796586,3.7678308224796586,0.9452664206362765,0.01318359375,13.33448819915028,0.4822823452773963,0.4822823452773963,0.4822823452773963,0.4822823452773963
4,C,6,4.0,0.28,True,q3_evidence,PCS raw,pcs_raw,1,C,3.982015709386646,0.2189477764299647,3.763067932956681,3.763067932956681,0.9452630558925088,0.01300048828125,13.183563176726487,0.4816726954184552,0.4816726954184552,0.4816726954184552,0.4816726954184552
4,C,6,4.0,0.32,True,q3_evidence,PCS raw,pcs_raw,1,C,3.976555119443372,0.22339879392800294,3.753156325515369,3.753156325515369,0.9441503015179993,0.01251220703125,13.103717530482653,0.48040400966596725,0.48040400966596725,0.48040400966596725,0.48040400966596725
4,C,6,4.0,0.36,True,q3_evidence,PCS raw,pcs_raw,1,C,3.970391608345835,0.20750997007839336,3.7628816382674413,3.7628816382674413,0.9481225074804016,0.013458251953125,13.195944678279243,0.48164884969823246,0.48164884969823246,0.48164884969823246,0.48164884969823246
4,C,6,6.0,0.0,False,q3_evidence,Uniform raw,uniform_raw,1,C,4.0,0.5619247480386509,3.438075251961349,3.438075251961349,0.8595188129903373,0.033447265625,11.72366483767524,0.44007363225105267,0.44007363225105267,0.44007363225105267,0.44007363225105267
4,C,6,6.0,0.12,True,q3_evidence,PCS raw,pcs_raw,1,C,3.996679855921233,0.5694328925596974,3.4272469633615357,3.4272469633615357,0.8576417768600757,0.03338623046875,11.516143687755829,0.43868761131027656,0.43868761131027656,0.43868761131027656,0.43868761131027656
4,C,6,6.0,0.16,True,q3_evidence,PCS raw,pcs_raw,1,C,3.9941028013225788,0.5535493493541196,3.440553451968459,3.440553451968459,0.8616126626614701,0.03424072265625,11.589623116881363,0.44039084185196276,0.44039084185196276,0.44039084185196276,0.44039084185196276
4,C,6,6.0,0.2,True,q3_evidence,PCS raw,pcs_raw,1,C,3.990796214317659,0.572066120304549,3.4187300940131102,3.4187300940131102,0.8569834699238628,0.03460693359375,11.476435094168167,0.4375974520336781,0.4375974520336781,0.4375974520336781,0.4375974520336781
4,C,6,6.0,0.24,True,q3_evidence,PCS raw,pcs_raw,1,C,3.9867651399345525,0.5343643739121167,3.4524007660224356,3.4524007660224356,0.8664089065219708,0.0316162109375,11.477513816785523,0.44190729805087176,0.44190729805087176,0.44190729805087176,0.44190729805087176
4,C,6,6.0,0.28,True,q3_evidence,PCS raw,pcs_raw,1,C,3.982015709386646,0.5417199508822896,3.440295758504356,3.440295758504356,0.8645700122794275,0.03228759765625,11.492107165135945,0.44035785708855757,0.44035785708855757,0.44035785708855757,0.44035785708855757
4,C,6,6.0,0.32,True,q3_evidence,PCS raw,pcs_raw,1,C,3.976555119443372,0.5593154304186254,3.4172396890247465,3.4172396890247465,0.8601711423953436,0.03369140625,11.363232638890612,0.43740668019516754,0.43740668019516754,0.43740668019516754,0.43740668019516754
4,C,6,6.0,0.36,True,q3_evidence,PCS raw,pcs_raw,1,C,3.970391608345835,0.5833941786114345,3.3869974297344,3.3869974297344,0.8541514553471413,0.0345458984375,11.205190906702303,0.4335356710060032,0.4335356710060032,0.4335356710060032,0.4335356710060032
4,C,8,-2.0,0.0,False,q3_evidence,Uniform raw,uniform_raw,1,C,4.0,0.1063186217107174,3.8936813782892825,3.8936813782892825,0.9734203445723206,0.0067138671875,14.733415522490441,0.4983912164210281,0.4983912164210281,0.4983912164210281,0.4983912164210281
4,C,8,-2.0,0.12,True,q3_evidence,PCS raw,pcs_raw,1,C,3.996679855921233,0.09977124070376917,3.896908615217464,3.896908615217464,0.9750571898240578,0.00628662109375,14.589905443265245,0.4988043027478354,0.4988043027478354,0.4988043027478354,0.4988043027478354
4,C,8,-2.0,0.16,True,q3_evidence,PCS raw,pcs_raw,1,C,3.9941028013225788,0.09920974429457811,3.8948930570280007,3.8948930570280007,0.9751975639263555,0.006195068359375,14.593583526088787,0.4985463112995841,0.4985463112995841,0.4985463112995841,0.4985463112995841
4,C,8,-2.0,0.2,True,q3_evidence,PCS raw,pcs_raw,1,C,3.990796214317659,0.08757322676689616,3.903222987550763,3.903222987550763,0.9781066933082759,0.0052490234375,14.625577094445184,0.49961254240649766,0.49961254240649766,0.49961254240649766,0.49961254240649766
4,C,8,-2.0,0.24,True,q3_evidence,PCS raw,pcs_raw,1,C,3.9867651399345525,0.08637337379715529,3.900391766137397,3.900391766137397,0.9784066565507111,0.005279541015625,14.622952405008167,0.4992501460655868,0.4992501460655868,0.4992501460655868,0.4992501460655868
4,C,8,-2.0,0.28,True,q3_evidence,PCS raw,pcs_raw,1,C,3.982015709386646,0.08520572365592889,3.8968099857307172,3.8968099857307172,0.9786985690860178,0.005279541015625,14.593560647699777,0.4987916781735318,0.4987916781735318,0.4987916781735318,0.4987916781735318
4,C,8,-2.0,0.32,True,q3_evidence,PCS raw,pcs_raw,1,C,3.976555119443372,0.08219307525645736,3.8943620441869147,3.8943620441869147,0.9794517311858857,0.005401611328125,14.558861002677583,0.49847834165592503,0.49847834165592503,0.49847834165592503,0.49847834165592503
4,C,8,-2.0,0.36,True,q3_evidence,PCS raw,pcs_raw,1,C,3.970391608345835,0.07459620390881852,3.8957954044370164,3.8957954044370164,0.9813509490227954,0.0047607421875,14.621682249996258,0.4986618117679381,0.4986618117679381,0.4986618117679381,0.4986618117679381
4,C,8,0.0,0.0,False,q3_evidence,Uniform raw,uniform_raw,1,C,4.0,0.14072528103168308,3.859274718968317,3.859274718968317,0.9648186797420792,0.009246826171875,14.369294210740211,0.49398716402794457,0.49398716402794457,0.49398716402794457,0.49398716402794457
4,C,8,0.0,0.12,True,q3_evidence,PCS raw,pcs_raw,1,C,3.996679855921233,0.12301391877811924,3.8736659371431137,3.8736659371431137,0.9692465203054702,0.008270263671875,14.251129422323832,0.49582923995431855,0.49582923995431855,0.49582923995431855,0.49582923995431855
4,C,8,0.0,0.16,True,q3_evidence,PCS raw,pcs_raw,1,C,3.9941028013225788,0.11956976455021404,3.8745330367723647,3.8745330367723647,0.9701075588624465,0.006805419921875,14.317797460817701,0.49594022870686266,0.49594022870686266,0.49594022870686266,0.49594022870686266
4,C,8,0.0,0.2,True,q3_evidence,PCS raw,pcs_raw,1,C,3.990796214317659,0.11307387798758813,3.8777223363300712,3.8777223363300712,0.971731530503103,0.006988525390625,14.330882124726276,0.49634845905024916,0.49634845905024916,0.49634845905024916,0.49634845905024916
4,C,8,0.0,0.24,True,q3_evidence,PCS raw,pcs_raw,1,C,3.9867651399345525,0.11053083607828523,3.8762343038562674,3.8762343038562674,0.9723672909804287,0.006500244140625,14.25984440784553,0.49615799089360224,0.49615799089360224,0.49615799089360224,0.49615799089360224
4,C,8,0.0,0.28,True,q3_evidence,PCS raw,pcs_raw,1,C,3.982015709386646,0.1177299886055101,3.864285720781136,3.864285720781136,0.9705675028486225,0.00738525390625,14.295851514589945,0.4946285722599854,0.4946285722599854,0.4946285722599854,0.4946285722599854
4,C,8,0.0,0.32,True,q3_evidence,PCS raw,pcs_raw,1,C,3.976555119443372,0.10814114047298677,3.868413978970385,3.868413978970385,0.9729647148817533,0.00689697265625,14.21615706570417,0.4951569893082093,0.4951569893082093,0.4951569893082093,0.4951569893082093
4,C,8,0.0,0.36,True,q3_evidence,PCS raw,pcs_raw,1,C,3.970391608345835,0.11333055655064762,3.857061051795187,3.857061051795187,0.9716673608623381,0.00738525390625,14.202861775777322,0.4937038146297839,0.4937038146297839,0.4937038146297839,0.4937038146297839
4,C,8,2.0,0.0,False,q3_evidence,Uniform raw,uniform_raw,1,C,4.0,0.22779108159451605,3.772208918405484,3.772208918405484,0.943052229601371,0.013641357421875,13.682222006728544,0.48284274155590196,0.48284274155590196,0.48284274155590196,0.48284274155590196
4,C,8,2.0,0.12,True,q3_evidence,PCS raw,pcs_raw,1,C,3.996679855921233,0.20560415340720403,3.791075702514029,3.791075702514029,0.948598961648199,0.012237548828125,13.558442620836518,0.48525768992179574,0.48525768992179574,0.48525768992179574,0.48525768992179574
4,C,8,2.0,0.16,True,q3_evidence,PCS raw,pcs_raw,1,C,3.9941028013225788,0.21832082474296177,3.775781976579617,3.775781976579617,0.9454197938142596,0.01312255859375,13.5323939257491,0.48330009300219096,0.48330009300219096,0.48330009300219096,0.48330009300219096
4,C,8,2.0,0.2,True,q3_evidence,PCS raw,pcs_raw,1,C,3.990796214317659,0.18269687495075537,3.808099339366904,3.808099339366904,0.9543257812623112,0.011627197265625,13.65544552674465,0.48743671543896366,0.48743671543896366,0.48743671543896366,0.48743671543896366
4,C,8,2.0,0.24,True,q3_evidence,PCS raw,pcs_raw,1,C,3.9867651399345525,0.17967967432639131,3.807085465608161,3.807085465608161,0.9550800814184022,0.011383056640625,13.586516443773114,0.4873069395978446,0.4873069395978446,0.4873069395978446,0.4873069395978446
4,C,8,2.0,0.28,True,q3_evidence,PCS raw,pcs_raw,1,C,3.982015709386646,0.20181234446053933,3.7802033649261064,3.7802033649261064,0.9495469138848651,0.012664794921875,13.344262585609492,0.48386603071054163,0.48386603071054163,0.48386603071054163,0.48386603071054163
4,C,8,2.0,0.32,True,q3_evidence,PCS raw,pcs_raw,1,C,3.976555119443372,0.18206572923026454,3.7944893902131076,3.7944893902131076,0.9544835676924339,0.010986328125,13.498500495938934,0.4856946419472778,0.4856946419472778,0.4856946419472778,0.4856946419472778
4,C,8,2.0,0.36,True,q3_evidence,PCS raw,pcs_raw,1,C,3.970391608345835,0.17538699802412977,3.795004610321705,3.795004610321705,0.9561532504939676,0.010528564453125,13.503809993220235,0.4857605901211783,0.4857605901211783,0.4857605901211783,0.4857605901211783
4,C,8,4.0,0.0,False,q3_evidence,Uniform raw,uniform_raw,1,C,4.0,0.46154227243985774,3.538457727560142,3.538457727560142,0.8846144318900355,0.0279541015625,12.317827042237052,0.45292258912769817,0.45292258912769817,0.45292258912769817,0.45292258912769817
4,C,8,4.0,0.12,True,q3_evidence,PCS raw,pcs_raw,1,C,3.996679855921233,0.48122230375024105,3.5154575521709917,3.5154575521709917,0.8796944240624397,0.02777099609375,12.071781496840728,0.4499785666778869,0.4499785666778869,0.4499785666778869,0.4499785666778869
4,C,8,4.0,0.16,True,q3_evidence,PCS raw,pcs_raw,1,C,3.9941028013225788,0.4477289454349535,3.546373855887625,3.546373855887625,0.8880677636412616,0.0260009765625,12.109914821787033,0.45393585355361604,0.45393585355361604,0.45393585355361604,0.45393585355361604
4,C,8,4.0,0.2,True,q3_evidence,PCS raw,pcs_raw,1,C,3.990796214317659,0.5027293060433586,3.4880669082743005,3.4880669082743005,0.8743176734891603,0.028839111328125,11.910849811879011,0.44647256425911047,0.44647256425911047,0.44647256425911047,0.44647256425911047
4,C,8,4.0,0.24,True,q3_evidence,PCS raw,pcs_raw,1,C,3.9867651399345525,0.47140286156770306,3.5153622783668492,3.5153622783668492,0.8821492846080742,0.027618408203125,11.938927695632845,0.4499663716309567,0.4499663716309567,0.4499663716309567,0.4499663716309567
4,C,8,4.0,0.28,True,q3_evidence,PCS raw,pcs_raw,1,C,3.982015709386646,0.46687145099345784,3.515144258393188,3.515144258393188,0.8832821372516355,0.026580810546875,11.873759170860815,0.44993846507432805,0.44993846507432805,0.44993846507432805,0.44993846507432805
4,C,8,4.0,0.32,True,q3_evidence,PCS raw,pcs_raw,1,C,3.976555119443372,0.4585593283687615,3.5179957910746102,3.5179957910746102,0.8853601679078096,0.026885986328125,11.846142280359786,0.4503034612575501,0.4503034612575501,0.4503034612575501,0.4503034612575501
4,C,8,4.0,0.36,True,q3_evidence,PCS raw,pcs_raw,1,C,3.970391608345835,0.4428936014399525,3.5274980069058826,3.5274980069058826,0.8892765996400119,0.02581787109375,11.810841593505288,0.45151974488395297,0.45151974488395297,0.45151974488395297,0.45151974488395297
4,C,8,6.0,0.0,False,q3_evidence,Uniform raw,uniform_raw,1,C,4.0,1.1411679900291354,2.8588320099708646,2.8588320099708646,0.7147080024927162,0.072906494140625,9.554381277730531,0.3659304972762707,0.3659304972762707,0.3659304972762707,0.3659304972762707
4,C,8,6.0,0.12,True,q3_evidence,PCS raw,pcs_raw,1,C,3.996679855921233,1.1292641507647287,2.867415705156504,2.867415705156504,0.7176839623088178,0.070037841796875,9.340510680439825,0.36702921026003255,0.36702921026003255,0.36702921026003255,0.36702921026003255
4,C,8,6.0,0.16,True,q3_evidence,PCS raw,pcs_raw,1,C,3.9941028013225788,1.121330996147104,2.872771805175475,2.872771805175475,0.719667250963224,0.069000244140625,9.303838991593814,0.3677147910624608,0.3677147910624608,0.3677147910624608,0.3677147910624608
4,C,8,6.0,0.2,True,q3_evidence,PCS raw,pcs_raw,1,C,3.990796214317659,1.1282510537375146,2.8625451605801446,2.8625451605801446,0.7179372365656214,0.069610595703125,9.254146513690408,0.3664057805542585,0.3664057805542585,0.3664057805542585,0.3664057805542585
4,C,8,6.0,0.24,True,q3_evidence,PCS raw,pcs_raw,1,C,3.9867651399345525,1.1564519445633454,2.830313195371207,2.830313195371207,0.7108870138591636,0.070220947265625,9.061218999709329,0.3622800890075145,0.3622800890075145,0.3622800890075145,0.3622800890075145
4,C,8,6.0,0.28,True,q3_evidence,PCS raw,pcs_raw,1,C,3.982015709386646,1.0862174602975068,2.895798249089139,2.895798249089139,0.7284456349256233,0.067626953125,9.285233057541591,0.3706621758834098,0.3706621758834098,0.3706621758834098,0.3706621758834098
4,C,8,6.0,0.32,True,q3_evidence,PCS raw,pcs_raw,1,C,3.976555119443372,1.0889796829191882,2.887575436524184,2.887575436524184,0.727755079270203,0.067291259765625,9.20551996494717,0.36960965587509553,0.36960965587509553,0.36960965587509553,0.36960965587509553
4,C,8,6.0,0.36,True,q3_evidence,PCS raw,pcs_raw,1,C,3.970391608345835,1.1378096669168567,2.832581941428978,2.832581941428978,0.7155475832707858,0.069854736328125,8.966809864536541,0.3625704885029092,0.3625704885029092,0.3625704885029092,0.3625704885029092
4,C,10,-2.0,0.0,False,q3_evidence,Uniform raw,uniform_raw,1,C,4.0,0.13165076259356628,3.868349237406434,3.868349237406434,0.9670873093516085,0.008392333984375,14.408748255080688,0.49514870238802355,0.49514870238802355,0.49514870238802355,0.49514870238802355
4,C,10,-2.0,0.12,True,q3_evidence,PCS raw,pcs_raw,1,C,3.996679855921233,0.13259576411823482,3.864084091802998,3.864084091802998,0.9668510589704413,0.008636474609375,14.298944448649822,0.49460276375078377,0.49460276375078377,0.49460276375078377,0.49460276375078377
4,C,10,-2.0,0.16,True,q3_evidence,PCS raw,pcs_raw,1,C,3.9941028013225788,0.10995864543337541,3.8841441558892034,3.8841441558892034,0.9725103386416561,0.00640869140625,14.406441502843402,0.49717045195381804,0.49717045195381804,0.49717045195381804,0.49717045195381804
4,C,10,-2.0,0.2,True,q3_evidence,PCS raw,pcs_raw,1,C,3.990796214317659,0.10254087632084505,3.888255337996814,3.888255337996814,0.9743647809197887,0.006439208984375,14.384980198419727,0.49769668326359223,0.49769668326359223,0.49769668326359223,0.49769668326359223
4,C,10,-2.0,0.24,True,q3_evidence,PCS raw,pcs_raw,1,C,3.9867651399345525,0.10808392237873275,3.87868121755582,3.87868121755582,0.9729790194053168,0.007232666015625,14.319143382524507,0.49647119584714494,0.49647119584714494,0.49647119584714494,0.49647119584714494
4,C,10,-2.0,0.28,True,q3_evidence,PCS raw,pcs_raw,1,C,3.982015709386646,0.08709691411158134,3.8949187952750646,3.8949187952750646,0.9782257714721047,0.00592041015625,14.496194345866973,0.49854960579520824,0.49854960579520824,0.49854960579520824,0.49854960579520824
4,C,10,-2.0,0.32,True,q3_evidence,PCS raw,pcs_raw,1,C,3.976555119443372,0.0966523536239494,3.8799027658194225,3.8799027658194225,0.9758369115940126,0.00628662109375,14.377393434399535,0.4966275540248861,0.4966275540248861,0.4966275540248861,0.4966275540248861
4,C,10,-2.0,0.36,True,q3_evidence,PCS raw,pcs_raw,1,C,3.970391608345835,0.09667535645512616,3.8737162518907087,3.8737162518907087,0.9758311608862185,0.00604248046875,14.280276086993515,0.4958356802420107,0.4958356802420107,0.4958356802420107,0.4958356802420107
4,C,10,0.0,0.0,False,q3_evidence,Uniform raw,uniform_raw,1,C,4.0,0.1878826922502911,3.812117307749709,3.812117307749709,0.9530293269374273,0.012176513671875,13.930291109055549,0.4879510153919628,0.4879510153919628,0.4879510153919628,0.4879510153919628
4,C,10,0.0,0.12,True,q3_evidence,PCS raw,pcs_raw,1,C,3.996679855921233,0.16175166270957447,3.8349281932116583,3.8349281932116583,0.9595620843226064,0.009979248046875,13.932938425455072,0.4908708087310923,0.4908708087310923,0.4908708087310923,0.4908708087310923
4,C,10,0.0,0.16,True,q3_evidence,PCS raw,pcs_raw,1,C,3.9941028013225788,0.1684601357686836,3.8256426655538953,3.8256426655538953,0.9578849660578291,0.01007080078125,13.789281248851903,0.48968226119089864,0.48968226119089864,0.48968226119089864,0.48968226119089864
4,C,10,0.0,0.2,True,q3_evidence,PCS raw,pcs_raw,1,C,3.990796214317659,0.17303981737115617,3.817756396946503,3.817756396946503,0.9567400456572109,0.010223388671875,13.810741085686688,0.4886728188091524,0.4886728188091524,0.4886728188091524,0.4886728188091524
4,C,10,0.0,0.24,True,q3_evidence,PCS raw,pcs_raw,1,C,3.9867651399345525,0.14614187173047627,3.840623268204076,3.840623268204076,0.9634645320673809,0.008758544921875,13.872509539512878,0.49159977833012175,0.49159977833012175,0.49159977833012175,0.49159977833012175
4,C,10,0.0,0.28,True,q3_evidence,PCS raw,pcs_raw,1,C,3.982015709386646,0.16325936360870716,3.8187563457779388,3.8187563457779388,0.9591851590978232,0.009490966796875,13.836943440676752,0.48880081225957617,0.48880081225957617,0.48880081225957617,0.48880081225957617
4,C,10,0.0,0.32,True,q3_evidence,PCS raw,pcs_raw,1,C,3.976555119443372,0.13833560746976403,3.838219511973608,3.838219511973608,0.965416098132559,0.00927734375,13.857024392073345,0.4912920975326218,0.4912920975326218,0.4912920975326218,0.4912920975326218
4,C,10,0.0,0.36,True,q3_evidence,PCS raw,pcs_raw,1,C,3.970391608345835,0.16755331441300428,3.8028382939328305,3.8028382939328305,0.9581116713967489,0.01031494140625,13.665337315389118,0.48676330162340226,0.48676330162340226,0.48676330162340226,0.48676330162340226
4,C,10,2.0,0.0,False,q3_evidence,Uniform raw,uniform_raw,1,C,4.0,0.38150784041468194,3.618492159585318,3.618492159585318,0.9046230398963295,0.021240234375,12.804431977349452,0.4631669964269207,0.4631669964269207,0.4631669964269207,0.4631669964269207
4,C,10,2.0,0.12,True,q3_evidence,PCS raw,pcs_raw,1,C,3.996679855921233,0.34269156251730226,3.6539882934039305,3.6539882934039305,0.9143271093706744,0.0206298828125,12.749678495063417,0.46771050155570315,0.46771050155570315,0.46771050155570315,0.46771050155570315
4,C,10,2.0,0.16,True,q3_evidence,PCS raw,pcs_raw,1,C,3.9941028013225788,0.3452972543304732,3.6488055469921057,3.6488055469921057,0.9136756864173817,0.0206298828125,12.700405486944721,0.4670471100149895,0.4670471100149895,0.4670471100149895,0.4670471100149895
4,C,10,2.0,0.2,True,q3_evidence,PCS raw,pcs_raw,1,C,3.990796214317659,0.3671694744403136,3.6236267398773454,3.6236267398773454,0.9082076313899216,0.0208740234375,12.621599724503657,0.46382422270430024,0.46382422270430024,0.46382422270430024,0.46382422270430024
4,C,10,2.0,0.24,True,q3_evidence,PCS raw,pcs_raw,1,C,3.9867651399345525,0.3247003303030691,3.6620648096314836,3.6620648096314836,0.9188249174242328,0.019378662109375,12.628332207313226,0.4687442956328299,0.4687442956328299,0.4687442956328299,0.4687442956328299
4,C,10,2.0,0.28,True,q3_evidence,PCS raw,pcs_raw,1,C,3.982015709386646,0.33159550721207737,3.6504202021745686,3.6504202021745686,0.9171011231969807,0.020050048828125,12.666270535231938,0.46725378587834476,0.46725378587834476,0.46725378587834476,0.46725378587834476
4,C,10,2.0,0.32,True,q3_evidence,PCS raw,pcs_raw,1,C,3.976555119443372,0.3207618906924805,3.655793228750891,3.655793228750891,0.9198095273268798,0.019317626953125,12.601656395885687,0.46794153328011406,0.46794153328011406,0.46794153328011406,0.46794153328011406
4,C,10,2.0,0.36,True,q3_evidence,PCS raw,pcs_raw,1,C,3.970391608345835,0.3206850251582849,3.64970658318755,3.64970658318755,0.9198287437104288,0.017852783203125,12.568783581905954,0.4671624426480064,0.4671624426480064,0.4671624426480064,0.4671624426480064
4,C,10,4.0,0.0,False,q3_evidence,Uniform raw,uniform_raw,1,C,4.0,0.8703532915757957,3.1296467084242043,3.1296467084242043,0.7824116771060511,0.05078125,10.579093250887631,0.4005947786782982,0.4005947786782982,0.4005947786782982,0.4005947786782982
4,C,10,4.0,0.12,True,q3_evidence,PCS raw,pcs_raw,1,C,3.996679855921233,0.8187418531156224,3.1779380028056106,3.1779380028056106,0.7953145367210944,0.047821044921875,10.58526357708229,0.4067760643591182,0.4067760643591182,0.4067760643591182,0.4067760643591182
4,C,10,4.0,0.16,True,q3_evidence,PCS raw,pcs_raw,1,C,3.9941028013225788,0.8054942930102331,3.1886085083123454,3.1886085083123454,0.7986264267474417,0.046051025390625,10.533137098379534,0.40814188906398025,0.40814188906398025,0.40814188906398025,0.40814188906398025
4,C,10,4.0,0.2,True,q3_evidence,PCS raw,pcs_raw,1,C,3.990796214317659,0.8121378008625636,3.1786584134550955,3.1786584134550955,0.7969655497843591,0.048797607421875,10.498432919325428,0.4068682769222522,0.4068682769222522,0.4068682769222522,0.4068682769222522
4,C,10,4.0,0.24,True,q3_evidence,PCS raw,pcs_raw,1,C,3.9867651399345525,0.818554603346333,3.1682105365882194,3.1682105365882194,0.7953613491634167,0.047149658203125,10.348368094931468,0.40553094868329204,0.40553094868329204,0.40553094868329204,0.40553094868329204
4,C,10,4.0,0.28,True,q3_evidence,PCS raw,pcs_raw,1,C,3.982015709386646,0.791996461585188,3.190019247801458,3.190019247801458,0.802000884603703,0.045379638671875,10.32559541077385,0.4083224637185866,0.4083224637185866,0.4083224637185866,0.4083224637185866
4,C,10,4.0,0.32,True,q3_evidence,PCS raw,pcs_raw,1,C,3.976555119443372,0.7864407499059984,3.1901143695373735,3.1901143695373735,0.8033898125235004,0.046142578125,10.407674571212652,0.4083346393007838,0.4083346393007838,0.4083346393007838,0.4083346393007838
4,C,10,4.0,0.36,True,q3_evidence,PCS raw,pcs_raw,1,C,3.970391608345835,0.7895550448050108,3.180836563540824,3.180836563540824,0.8026112387987473,0.04486083984375,10.327611307680609,0.4071470801332255,0.4071470801332255,0.4071470801332255,0.4071470801332255
4,C,10,6.0,0.0,False,q3_evidence,Uniform raw,uniform_raw,1,C,4.0,1.6740133990116497,2.32598660098835,2.32598660098835,0.5814966502470875,0.120147705078125,7.528082450562181,0.29772628492650877,0.29772628492650877,0.29772628492650877,0.29772628492650877
4,C,10,6.0,0.12,True,q3_evidence,PCS raw,pcs_raw,1,C,3.996679855921233,1.689101582716885,2.307578273204348,2.307578273204348,0.5777246043207788,0.116241455078125,7.3267539767465015,0.2953700189701566,0.2953700189701566,0.2953700189701566,0.2953700189701566
4,C,10,6.0,0.16,True,q3_evidence,PCS raw,pcs_raw,1,C,3.9941028013225788,1.6988021468637275,2.2953006544588512,2.2953006544588512,0.5752994632840681,0.116119384765625,7.205248003455408,0.293798483770733,0.293798483770733,0.293798483770733,0.293798483770733
4,C,10,6.0,0.2,True,q3_evidence,PCS raw,pcs_raw,1,C,3.990796214317659,1.7205413805197036,2.2702548337979556,2.2702548337979556,0.5698646548700741,0.119110107421875,7.1171766918555335,0.2905926187261383,0.2905926187261383,0.2905926187261383,0.2905926187261383
4,C,10,6.0,0.24,True,q3_evidence,PCS raw,pcs_raw,1,C,3.9867651399345525,1.7060394503650254,2.280725689569527,2.280725689569527,0.5734901374087437,0.11627197265625,7.214697655176262,0.2919328882648995,0.2919328882648995,0.2919328882648995,0.2919328882648995
4,C,10,6.0,0.28,True,q3_evidence,PCS raw,pcs_raw,1,C,3.982015709386646,1.742239457608243,2.239776251778403,2.239776251778403,0.5644401355979393,0.117034912109375,6.953884343551925,0.2866913602276356,0.2866913602276356,0.2866913602276356,0.2866913602276356
4,C,10,6.0,0.32,True,q3_evidence,PCS raw,pcs_raw,1,C,3.976555119443372,1.7583503155596025,2.2182048038837694,2.2182048038837694,0.5604124211100994,0.11724853515625,6.865268670946405,0.2839302148971225,0.2839302148971225,0.2839302148971225,0.2839302148971225
4,C,10,6.0,0.36,True,q3_evidence,PCS raw,pcs_raw,1,C,3.970391608345835,1.71448471837113,2.255906889974705,2.255906889974705,0.5713788204072175,0.11492919921875,6.922340954034036,0.2887560819167623,0.2887560819167623,0.2887560819167623,0.2887560819167623
4,C,12,-2.0,0.0,False,q3_evidence,Uniform raw,uniform_raw,1,C,4.0,0.16027372721050076,3.839726272789499,3.839726272789499,0.9599315681973748,0.010009765625,14.083162526324209,0.4914849629170559,0.4914849629170559,0.4914849629170559,0.4914849629170559
4,C,12,-2.0,0.12,True,q3_evidence,PCS raw,pcs_raw,1,C,3.996679855921233,0.15481129992372245,3.8418685559975105,3.8418685559975105,0.9612971750190694,0.009979248046875,14.072423672875743,0.49175917516768136,0.49175917516768136,0.49175917516768136,0.49175917516768136
4,C,12,-2.0,0.16,True,q3_evidence,PCS raw,pcs_raw,1,C,3.9941028013225788,0.13846502593596327,3.8556377753866156,3.8556377753866156,0.9653837435160092,0.00860595703125,14.117612653515605,0.49352163524948683,0.49352163524948683,0.49352163524948683,0.49352163524948683
4,C,12,-2.0,0.2,True,q3_evidence,PCS raw,pcs_raw,1,C,3.990796214317659,0.12618847365152983,3.864607740666129,3.864607740666129,0.9684528815871175,0.0086669921875,14.1431206783982,0.4946697908052645,0.4946697908052645,0.4946697908052645,0.4946697908052645
4,C,12,-2.0,0.24,True,q3_evidence,PCS raw,pcs_raw,1,C,3.9867651399345525,0.134281628229126,3.8524835117054264,3.8524835117054264,0.9664295929427185,0.00787353515625,14.126719149266334,0.49311788949829455,0.49311788949829455,0.49311788949829455,0.49311788949829455
4,C,12,-2.0,0.28,True,q3_evidence,PCS raw,pcs_raw,1,C,3.982015709386646,0.13966903984026674,3.8423466695463793,3.8423466695463793,0.9650827400399333,0.00830078125,14.046556311182222,0.49182037370193654,0.49182037370193654,0.49182037370193654,0.49182037370193654
4,C,12,-2.0,0.32,True,q3_evidence,PCS raw,pcs_raw,1,C,3.976555119443372,0.12078394909644971,3.855771170346922,3.855771170346922,0.9698040127258876,0.007293701171875,14.073234769721578,0.49353870980440606,0.49353870980440606,0.49353870980440606,0.49353870980440606
4,C,12,-2.0,0.36,True,q3_evidence,PCS raw,pcs_raw,1,C,3.970391608345835,0.12368630617698669,3.846705302168848,3.846705302168848,0.9690784234557533,0.00811767578125,14.107370598709238,0.4923782786776125,0.4923782786776125,0.4923782786776125,0.4923782786776125
4,C,12,0.0,0.0,False,q3_evidence,Uniform raw,uniform_raw,1,C,4.0,0.23350174680804453,3.7664982531919553,3.7664982531919553,0.9416245632979888,0.014190673828125,13.51075242888879,0.4821117764085702,0.4821117764085702,0.4821117764085702,0.4821117764085702
4,C,12,0.0,0.12,True,q3_evidence,PCS raw,pcs_raw,1,C,3.996679855921233,0.25275628745636247,3.7439235684648704,3.7439235684648704,0.9368109281359094,0.01568603515625,13.347067918778844,0.4792222167635034,0.4792222167635034,0.4792222167635034,0.4792222167635034
4,C,12,0.0,0.16,True,q3_evidence,PCS raw,pcs_raw,1,C,3.9941028013225788,0.24304372552877268,3.751059075793806,3.751059075793806,0.9392390686178068,0.014404296875,13.41048654662716,0.4801355617016072,0.4801355617016072,0.4801355617016072,0.4801355617016072
4,C,12,0.0,0.2,True,q3_evidence,PCS raw,pcs_raw,1,C,3.990796214317659,0.2285123774881315,3.7622838368295275,3.7622838368295275,0.9428719056279671,0.013031005859375,13.361320483517119,0.4815723311141795,0.4815723311141795,0.4815723311141795,0.4815723311141795
4,C,12,0.0,0.24,True,q3_evidence,PCS raw,pcs_raw,1,C,3.9867651399345525,0.232266157133436,3.7544989828011164,3.7544989828011164,0.941933460716641,0.0135498046875,13.38344471722677,0.4805758697985429,0.4805758697985429,0.4805758697985429,0.4805758697985429
4,C,12,0.0,0.28,True,q3_evidence,PCS raw,pcs_raw,1,C,3.982015709386646,0.21506076268552493,3.766954946701121,3.766954946701121,0.9462348093286188,0.012786865234375,13.329785565052418,0.48217023317774355,0.48217023317774355,0.48217023317774355,0.48217023317774355
4,C,12,0.0,0.32,True,q3_evidence,PCS raw,pcs_raw,1,C,3.976555119443372,0.22829146709786025,3.7482636523455115,3.7482636523455115,0.9429271332255349,0.01318359375,13.309948451237656,0.47977774750022545,0.47977774750022545,0.47977774750022545,0.47977774750022545
4,C,12,0.0,0.36,True,q3_evidence,PCS raw,pcs_raw,1,C,3.970391608345835,0.21194886605391267,3.758442742291922,3.758442742291922,0.9470127834865218,0.011993408203125,13.312770689566339,0.48108067101336605,0.48108067101336605,0.48108067101336605,0.48108067101336605
4,C,12,2.0,0.0,False,q3_evidence,Uniform raw,uniform_raw,1,C,4.0,0.554396752061484,3.445603247938516,3.445603247938516,0.861400811984629,0.03155517578125,11.896440662451953,0.4410372157361301,0.4410372157361301,0.4410372157361301,0.4410372157361301
4,C,12,2.0,0.12,True,q3_evidence,PCS raw,pcs_raw,1,C,3.996679855921233,0.5364860063578627,3.46019384956337,3.46019384956337,0.8658784984105343,0.030670166015625,11.881356381365144,0.44290481274411136,0.44290481274411136,0.44290481274411136,0.44290481274411136
4,C,12,2.0,0.16,True,q3_evidence,PCS raw,pcs_raw,1,C,3.9941028013225788,0.4770729087196388,3.51702989260294,3.51702989260294,0.8807317728200903,0.028076171875,12.000125355771058,0.4501798262531763,0.4501798262531763,0.4501798262531763,0.4501798262531763
4,C,12,2.0,0.2,True,q3_evidence,PCS raw,pcs_raw,1,C,3.990796214317659,0.48208476504616277,3.5087114492714964,3.5087114492714964,0.8794788087384593,0.027984619140625,11.83108156659112,0.4491150655067515,0.4491150655067515,0.4491150655067515,0.4491150655067515
4,C,12,2.0,0.24,True,q3_evidence,PCS raw,pcs_raw,1,C,3.9867651399345525,0.5099600975897317,3.4768050423448207,3.4768050423448207,0.872509975602567,0.030242919921875,11.660791909798299,0.44503104542013705,0.44503104542013705,0.44503104542013705,0.44503104542013705
4,C,12,2.0,0.28,True,q3_evidence,PCS raw,pcs_raw,1,C,3.982015709386646,0.5259811848114658,3.45603452457518,3.45603452457518,0.8685047037971335,0.030242919921875,11.654078969576812,0.44237241914562303,0.44237241914562303,0.44237241914562303,0.44237241914562303
4,C,12,2.0,0.32,True,q3_evidence,PCS raw,pcs_raw,1,C,3.976555119443372,0.5047183366747261,3.471836782768646,3.471836782768646,0.8738204158313185,0.029144287109375,11.651866725586448,0.4443951081943867,0.4443951081943867,0.4443951081943867,0.4443951081943867
4,C,12,2.0,0.36,True,q3_evidence,PCS raw,pcs_raw,1,C,3.970391608345835,0.5261230887919683,3.4442685195538667,3.4442685195538667,0.868469227802008,0.02886962890625,11.577525501137568,0.44086637050289496,0.44086637050289496,0.44086637050289496,0.44086637050289496
4,C,12,4.0,0.0,False,q3_evidence,Uniform raw,uniform_raw,1,C,4.0,1.1405532883913858,2.859446711608614,2.859446711608614,0.7148616779021535,0.07342529296875,9.373719208699585,0.3660091790859026,0.3660091790859026,0.3660091790859026,0.3660091790859026
4,C,12,4.0,0.12,True,q3_evidence,PCS raw,pcs_raw,1,C,3.996679855921233,1.175848975768006,2.8208308801532267,2.8208308801532267,0.7060377560579985,0.073822021484375,9.194630404776605,0.361066352659613,0.361066352659613,0.361066352659613,0.361066352659613
4,C,12,4.0,0.16,True,q3_evidence,PCS raw,pcs_raw,1,C,3.9941028013225788,1.198622507210326,2.7954802941122527,2.7954802941122527,0.7003443731974185,0.072845458984375,9.05831660083592,0.35782147764636835,0.35782147764636835,0.35782147764636835,0.35782147764636835
4,C,12,4.0,0.2,True,q3_evidence,PCS raw,pcs_raw,1,C,3.990796214317659,1.14430784407464,2.8464883702430193,2.8464883702430193,0.71392303898134,0.07244873046875,9.170156674051325,0.36435051139110647,0.36435051139110647,0.36435051139110647,0.36435051139110647
4,C,12,4.0,0.24,True,q3_evidence,PCS raw,pcs_raw,1,C,3.9867651399345525,1.1815159617852566,2.805249178149296,2.805249178149296,0.7046210095536859,0.07391357421875,8.929976362518634,0.3590718948031099,0.3590718948031099,0.3590718948031099,0.3590718948031099
4,C,12,4.0,0.28,True,q3_evidence,PCS raw,pcs_raw,1,C,3.982015709386646,1.1619305161811728,2.820085193205473,2.820085193205473,0.7095173709547068,0.073150634765625,8.952146138681877,0.3609709047303005,0.3609709047303005,0.3609709047303005,0.3609709047303005
4,C,12,4.0,0.32,True,q3_evidence,PCS raw,pcs_raw,1,C,3.976555119443372,1.1773903335143387,2.799164785929033,2.799164785929033,0.7056524166214153,0.072052001953125,8.79667862029502,0.3582930925989163,0.3582930925989163,0.3582930925989163,0.3582930925989163
4,C,12,4.0,0.36,True,q3_evidence,PCS raw,pcs_raw,1,C,3.970391608345835,1.1613680588556081,2.8090235494902265,2.8090235494902265,0.7096579852860979,0.07135009765625,8.85309880142605,0.35955501433474896,0.35955501433474896,0.35955501433474896,0.35955501433474896
4,C,12,6.0,0.0,False,q3_evidence,Uniform raw,uniform_raw,1,C,4.0,2.260978261294968,1.739021738705032,1.739021738705032,0.434755434676258,0.17529296875,5.626925649097657,0.22259478255424409,0.22259478255424409,0.22259478255424409,0.22259478255424409
4,C,12,6.0,0.12,True,q3_evidence,PCS raw,pcs_raw,1,C,3.996679855921233,2.3122813208065045,1.6843985351147284,1.6843985351147284,0.4219296697983739,0.1739501953125,5.254972347197484,0.21560301249468525,0.21560301249468525,0.21560301249468525,0.21560301249468525
4,C,12,6.0,0.16,True,q3_evidence,PCS raw,pcs_raw,1,C,3.9941028013225788,2.296353270159645,1.6977495311629336,1.6977495311629336,0.4259116824600887,0.17132568359375,5.320577986796025,0.2173119399888555,0.2173119399888555,0.2173119399888555,0.2173119399888555
4,C,12,6.0,0.2,True,q3_evidence,PCS raw,pcs_raw,1,C,3.990796214317659,2.346357543397191,1.6444386709204681,1.6444386709204681,0.41341061415070224,0.175018310546875,5.164259201135927,0.2104881498778199,0.2104881498778199,0.2104881498778199,0.2104881498778199
4,C,12,6.0,0.24,True,q3_evidence,PCS raw,pcs_raw,1,C,3.9867651399345525,2.2911113455493672,1.6956537943851853,1.6956537943851853,0.4272221636126582,0.169464111328125,5.282735907151263,0.21704368568130372,0.21704368568130372,0.21704368568130372,0.21704368568130372
4,C,12,6.0,0.28,True,q3_evidence,PCS raw,pcs_raw,1,C,3.982015709386646,2.302142501998124,1.679873207388522,1.679873207388522,0.42446437450046903,0.1678466796875,5.2200462450105265,0.21502377054573082,0.21502377054573082,0.21502377054573082,0.21502377054573082
4,C,12,6.0,0.32,True,q3_evidence,PCS raw,pcs_raw,1,C,3.976555119443372,2.3009171683705314,1.6756379510728405,1.6756379510728405,0.42477070790736715,0.16778564453125,5.1867352748164155,0.21448165773732358,0.21448165773732358,0.21448165773732358,0.21448165773732358
4,C,12,6.0,0.36,True,q3_evidence,PCS raw,pcs_raw,1,C,3.970391608345835,2.3108862656341724,1.6595053427116624,1.6595053427116624,0.4222784335914569,0.169097900390625,5.181504181858051,0.21241668386709278,0.21241668386709278,0.21241668386709278,0.21241668386709278
4,C+S,6,-2.0,0.0,False,q3_evidence_cs_penalty,Uniform raw,uniform_raw,2,C+S,4.0,0.18744951665937742,3.8125504833406225,3.8125504833406225,0.9531376208351556,0.01202392578125,13.750889073668478,0.9760129237351993,0.48800646186759966,0.9760129237351993,0.48800646186759966
4,C+S,6,-2.0,0.12,True,q3_evidence_cs_penalty,PCS raw,pcs_raw,2,C+S,3.996679855921233,0.16284028543375612,3.833839570487477,3.833839570487477,0.959289928641561,0.0101318359375,13.778049437642652,0.9814629300447941,0.49073146502239706,0.9814629300447941,0.49073146502239706
4,C+S,6,-2.0,0.16,True,q3_evidence_cs_penalty,PCS raw,pcs_raw,2,C+S,3.9941028013225788,0.15816721868700678,3.835935582635572,3.835935582635572,0.9604581953282483,0.009918212890625,13.696007988354125,0.9819995091547065,0.49099975457735323,0.9819995091547065,0.49099975457735323
4,C+S,6,-2.0,0.2,True,q3_evidence_cs_penalty,PCS raw,pcs_raw,2,C+S,3.990796214317659,0.1540408620891162,3.836755352228543,3.836755352228543,0.9614897844777209,0.009429931640625,13.682101274211288,0.982209370170507,0.4911046850852535,0.982209370170507,0.4911046850852535
4,C+S,6,-2.0,0.24,True,q3_evidence_cs_penalty,PCS raw,pcs_raw,2,C+S,3.9867651399345525,0.1414699509894704,3.845295188945082,3.845295188945082,0.9646325122526325,0.0095977783203125,13.779942707140478,0.984395568369941,0.4921977841849705,0.984395568369941,0.4921977841849705
4,C+S,6,-2.0,0.28,True,q3_evidence_cs_penalty,PCS raw,pcs_raw,2,C+S,3.982015709386646,0.14396732637039725,3.8380483830162486,3.8380483830162486,0.9640081684074007,0.009429931640625,13.744713449803324,0.9825403860521598,0.4912701930260799,0.9825403860521598,0.4912701930260799
4,C+S,6,-2.0,0.32,True,q3_evidence_cs_penalty,PCS raw,pcs_raw,2,C+S,3.976555119443372,0.14116698782124415,3.8353881316221274,3.8353881316221274,0.9647082530446889,0.009185791015625,13.692829671894298,0.9818593616952647,0.49092968084763233,0.9818593616952647,0.49092968084763233
4,C+S,6,-2.0,0.36,True,q3_evidence_cs_penalty,PCS raw,pcs_raw,2,C+S,3.970391608345835,0.12657816777295147,3.8438134405728834,3.8438134405728834,0.9683554580567622,0.0084228515625,13.716258343275475,0.9840162407866582,0.4920081203933291,0.9840162407866582,0.4920081203933291
4,C+S,6,0.0,0.0,False,q3_evidence_cs_penalty,Uniform raw,uniform_raw,2,C+S,4.0,0.20788320999169618,3.792116790008304,3.792116790008304,0.948029197502076,0.01324462890625,13.523383227254541,0.9707818982421258,0.4853909491210629,0.9707818982421258,0.4853909491210629
4,C+S,6,0.0,0.12,True,q3_evidence_cs_penalty,PCS raw,pcs_raw,2,C+S,3.996679855921233,0.1902536723259357,3.8064261835952973,3.8064261835952973,0.9524365819185161,0.01226806640625,13.508271596633449,0.974445103000396,0.487222551500198,0.974445103000396,0.487222551500198
4,C+S,6,0.0,0.16,True,q3_evidence_cs_penalty,PCS raw,pcs_raw,2,C+S,3.9941028013225788,0.1675538916447158,3.8265489096778627,3.8265489096778627,0.958111527088821,0.010772705078125,13.538514210711648,0.9795965208775329,0.48979826043876645,0.9795965208775329,0.48979826043876645
4,C+S,6,0.0,0.2,True,q3_evidence_cs_penalty,PCS raw,pcs_raw,2,C+S,3.990796214317659,0.17317460516421962,3.8176216091534396,3.8176216091534396,0.9567063487089451,0.010986328125,13.574916206803547,0.9773111319432805,0.4886555659716402,0.9773111319432805,0.4886555659716402
4,C+S,6,0.0,0.24,True,q3_evidence_cs_penalty,PCS raw,pcs_raw,2,C+S,3.9867651399345525,0.1566546086209222,3.8301105313136303,3.8301105313136303,0.9608363478447695,0.0099639892578125,13.589690339738395,0.9805082960162894,0.4902541480081447,0.9805082960162894,0.4902541480081447
4,C+S,6,0.0,0.28,True,q3_evidence_cs_penalty,PCS raw,pcs_raw,2,C+S,3.982015709386646,0.14922660599367443,3.8327891033929715,3.8327891033929715,0.9626933485015814,0.0089263916015625,13.610674684784751,0.9811940104686008,0.4905970052343004,0.9811940104686008,0.4905970052343004
4,C+S,6,0.0,0.32,True,q3_evidence_cs_penalty,PCS raw,pcs_raw,2,C+S,3.976555119443372,0.15826617888016026,3.8182889405632117,3.8182889405632117,0.9604334552799599,0.0101776123046875,13.525860450113084,0.9774819687841823,0.4887409843920911,0.9774819687841823,0.4887409843920911
4,C+S,6,0.0,0.36,True,q3_evidence_cs_penalty,PCS raw,pcs_raw,2,C+S,3.970391608345835,0.1452564279277111,3.8251351804181235,3.8251351804181235,0.9636858930180723,0.009063720703125,13.547041168814584,0.9792346061870396,0.4896173030935198,0.9792346061870396,0.4896173030935198
4,C+S,6,2.0,0.0,False,q3_evidence_cs_penalty,Uniform raw,uniform_raw,2,C+S,4.0,0.26356702765239176,3.7364329723476084,3.7364329723476084,0.9341082430869021,0.01654052734375,13.174602162083028,0.9565268409209877,0.47826342046049386,0.9565268409209877,0.47826342046049386
4,C+S,6,2.0,0.12,True,q3_evidence_cs_penalty,PCS raw,pcs_raw,2,C+S,3.996679855921233,0.2430438661147264,3.7536359898065066,3.7536359898065066,0.9392390334713184,0.01513671875,13.083263275967468,0.9609308133904657,0.48046540669523286,0.9609308133904657,0.48046540669523286
4,C+S,6,2.0,0.16,True,q3_evidence_cs_penalty,PCS raw,pcs_raw,2,C+S,3.9941028013225788,0.2190606931271951,3.7750421081953833,3.7750421081953833,0.9452348267182011,0.0136566162109375,13.155402743687738,0.9664107796980181,0.48320538984900907,0.9664107796980181,0.48320538984900907
4,C+S,6,2.0,0.2,True,q3_evidence_cs_penalty,PCS raw,pcs_raw,2,C+S,3.990796214317659,0.2314687253138044,3.759327489003855,3.759327489003855,0.942132818671549,0.0147705078125,13.049260811094982,0.9623878371849869,0.48119391859249344,0.9623878371849869,0.48119391859249344
4,C+S,6,2.0,0.24,True,q3_evidence_cs_penalty,PCS raw,pcs_raw,2,C+S,3.9867651399345525,0.21699242889243942,3.769772711042113,3.769772711042113,0.9457518927768902,0.0136566162109375,13.085232962302184,0.965061814026781,0.4825309070133905,0.965061814026781,0.4825309070133905
4,C+S,6,2.0,0.28,True,q3_evidence_cs_penalty,PCS raw,pcs_raw,2,C+S,3.982015709386646,0.21191775196309018,3.770097957423556,3.770097957423556,0.9470205620092275,0.0133514404296875,13.056630030961596,0.9651450771004304,0.4825725385502152,0.9651450771004304,0.4825725385502152
4,C+S,6,2.0,0.32,True,q3_evidence_cs_penalty,PCS raw,pcs_raw,2,C+S,3.976555119443372,0.21220891015967697,3.764346209283695,3.764346209283695,0.9469477724600808,0.0133056640625,13.035707799584287,0.963672629576626,0.481836314788313,0.963672629576626,0.481836314788313
4,C+S,6,2.0,0.36,True,q3_evidence_cs_penalty,PCS raw,pcs_raw,2,C+S,3.970391608345835,0.20489326031477642,3.765498348031058,3.765498348031058,0.9487766849213058,0.0124664306640625,12.97757581779755,0.9639675770959509,0.48198378854797547,0.9639675770959509,0.48198378854797547
4,C+S,6,4.0,0.0,False,q3_evidence_cs_penalty,Uniform raw,uniform_raw,2,C+S,4.0,0.43260083997534604,3.567399160024654,3.567399160024654,0.8918497900061635,0.02813720703125,12.200032785149999,0.9132541849663114,0.4566270924831557,0.9132541849663114,0.4566270924831557
4,C+S,6,4.0,0.12,True,q3_evidence_cs_penalty,PCS raw,pcs_raw,2,C+S,3.996679855921233,0.41253346980051764,3.5841463861207155,3.5841463861207155,0.8968666325498706,0.0253753662109375,12.093836879574415,0.9175414748469031,0.45877073742345154,0.9175414748469031,0.45877073742345154
4,C+S,6,4.0,0.16,True,q3_evidence_cs_penalty,PCS raw,pcs_raw,2,C+S,3.9941028013225788,0.4009830464268699,3.593119754895709,3.593119754895709,0.8997542383932825,0.024200439453125,12.06606857495192,0.9198386572533015,0.45991932862665075,0.9198386572533015,0.45991932862665075
4,C+S,6,4.0,0.2,True,q3_evidence_cs_penalty,PCS raw,pcs_raw,2,C+S,3.990796214317659,0.3935309029505187,3.5972653113671402,3.5972653113671402,0.9016172742623703,0.02459716796875,12.066581268648726,0.920899919709988,0.460449959854994,0.920899919709988,0.460449959854994
4,C+S,6,4.0,0.24,True,q3_evidence_cs_penalty,PCS raw,pcs_raw,2,C+S,3.9867651399345525,0.37257039381324486,3.6141947461213073,3.6141947461213073,0.9068574015466888,0.023651123046875,12.095739490243508,0.9252338550070547,0.46261692750352734,0.9252338550070547,0.46261692750352734
4,C+S,6,4.0,0.28,True,q3_evidence_cs_penalty,PCS raw,pcs_raw,2,C+S,3.982015709386646,0.39221979917476735,3.589795910211879,3.589795910211879,0.9019450502063082,0.0243377685546875,11.940925980191558,0.918987753014241,0.4594938765071205,0.918987753014241,0.4594938765071205
4,C+S,6,4.0,0.32,True,q3_evidence_cs_penalty,PCS raw,pcs_raw,2,C+S,3.976555119443372,0.39131136641836517,3.585243753025007,3.585243753025007,0.9021721583954088,0.0240936279296875,11.909427950216267,0.9178224007744018,0.4589112003872009,0.9178224007744018,0.4589112003872009
4,C+S,6,4.0,0.36,True,q3_evidence_cs_penalty,PCS raw,pcs_raw,2,C+S,3.970391608345835,0.3712494134007436,3.5991421949450912,3.5991421949450912,0.9071876466498141,0.0235748291015625,11.941479797134356,0.9213804019059434,0.4606902009529717,0.9213804019059434,0.4606902009529717
4,C+S,6,6.0,0.0,False,q3_evidence_cs_penalty,Uniform raw,uniform_raw,2,C+S,4.0,0.8590360374932609,3.1409639625067394,3.1409639625067394,0.7852409906266848,0.0554962158203125,10.366501044153713,0.8040867744017253,0.40204338720086263,0.8040867744017253,0.40204338720086263
4,C+S,6,6.0,0.12,True,q3_evidence_cs_penalty,PCS raw,pcs_raw,2,C+S,3.996679855921233,0.8559576567796199,3.1407221991416128,3.1407221991416128,0.786010585805095,0.054443359375,10.181908792373964,0.804024882980253,0.4020124414901265,0.804024882980253,0.4020124414901265
4,C+S,6,6.0,0.16,True,q3_evidence_cs_penalty,PCS raw,pcs_raw,2,C+S,3.9941028013225788,0.8323235645948619,3.1617792367277167,3.1617792367277167,0.7919191088512845,0.05303955078125,10.217539786458566,0.8094154846022954,0.4047077423011477,0.8094154846022954,0.4047077423011477
4,C+S,6,6.0,0.2,True,q3_evidence_cs_penalty,PCS raw,pcs_raw,2,C+S,3.990796214317659,0.8357971380995094,3.15499907621815,3.15499907621815,0.7910507154751227,0.0522003173828125,10.151098272476862,0.8076797635118464,0.4038398817559232,0.8076797635118464,0.4038398817559232
4,C+S,6,6.0,0.24,True,q3_evidence_cs_penalty,PCS raw,pcs_raw,2,C+S,3.9867651399345525,0.8229534258181669,3.1638117141163855,3.1638117141163855,0.7942616435454584,0.0513153076171875,10.150567604620704,0.8099357988137947,0.40496789940689737,0.8099357988137947,0.40496789940689737
4,C+S,6,6.0,0.28,True,q3_evidence_cs_penalty,PCS raw,pcs_raw,2,C+S,3.982015709386646,0.8100424938333384,3.1719732155533076,3.1719732155533076,0.7974893765416654,0.0504608154296875,10.125230065428584,0.8120251431816468,0.4060125715908234,0.8120251431816468,0.4060125715908234
4,C+S,6,6.0,0.32,True,q3_evidence_cs_penalty,PCS raw,pcs_raw,2,C+S,3.976555119443372,0.8187434913290186,3.157811628114353,3.157811628114353,0.7953141271677453,0.0514984130859375,10.053109089244025,0.8083997767972744,0.4041998883986372,0.8083997767972744,0.4041998883986372
4,C+S,6,6.0,0.36,True,q3_evidence_cs_penalty,PCS raw,pcs_raw,2,C+S,3.970391608345835,0.8076266969964718,3.162764911349363,3.162764911349363,0.798093325750882,0.05096435546875,10.01921179868482,0.8096678173054369,0.40483390865271845,0.8096678173054369,0.40483390865271845
4,C+S,8,-2.0,0.0,False,q3_evidence_cs_penalty,Uniform raw,uniform_raw,2,C+S,4.0,0.21921110472754993,3.78078889527245,3.78078889527245,0.9451972238181126,0.0139007568359375,13.511591189127255,0.9678819571897472,0.4839409785948736,0.9678819571897472,0.4839409785948736
4,C+S,8,-2.0,0.12,True,q3_evidence_cs_penalty,PCS raw,pcs_raw,2,C+S,3.996679855921233,0.1744915636394803,3.8221882922817523,3.8221882922817523,0.9563771090901299,0.01104736328125,13.583084947299309,0.9784802028241286,0.4892401014120643,0.9784802028241286,0.4892401014120643
4,C+S,8,-2.0,0.16,True,q3_evidence_cs_penalty,PCS raw,pcs_raw,2,C+S,3.9941028013225788,0.16678473815880368,3.827318063163775,3.827318063163775,0.9583038154602991,0.0109405517578125,13.59992907398043,0.9797934241699264,0.4898967120849632,0.9797934241699264,0.4898967120849632
4,C+S,8,-2.0,0.2,True,q3_evidence_cs_penalty,PCS raw,pcs_raw,2,C+S,3.990796214317659,0.17493146623261402,3.815864748085045,3.815864748085045,0.9562671334418464,0.0111083984375,13.514009472530642,0.9768613755097715,0.48843068775488574,0.9768613755097715,0.48843068775488574
4,C+S,8,-2.0,0.24,True,q3_evidence_cs_penalty,PCS raw,pcs_raw,2,C+S,3.9867651399345525,0.1650419815468692,3.8217231583876834,3.8217231583876834,0.9587395046132827,0.01068115234375,13.531767666721725,0.9783611285472469,0.48918056427362344,0.9783611285472469,0.48918056427362344
4,C+S,8,-2.0,0.28,True,q3_evidence_cs_penalty,PCS raw,pcs_raw,2,C+S,3.982015709386646,0.16977471002381167,3.8122409993628343,3.8122409993628343,0.9575563224940471,0.0108642578125,13.497582383736887,0.9759336958368856,0.4879668479184428,0.9759336958368856,0.4879668479184428
4,C+S,8,-2.0,0.32,True,q3_evidence_cs_penalty,PCS raw,pcs_raw,2,C+S,3.976555119443372,0.15809931391621376,3.818455805527158,3.818455805527158,0.9604751715209465,0.01031494140625,13.499578512870153,0.9775246862149525,0.48876234310747624,0.9775246862149525,0.48876234310747624
4,C+S,8,-2.0,0.36,True,q3_evidence_cs_penalty,PCS raw,pcs_raw,2,C+S,3.970391608345835,0.15492589140429364,3.8154657169415414,3.8154657169415414,0.9612685271489265,0.010101318359375,13.529536599495867,0.9767592235370346,0.4883796117685173,0.9767592235370346,0.4883796117685173
4,C+S,8,0.0,0.0,False,q3_evidence_cs_penalty,Uniform raw,uniform_raw,2,C+S,4.0,0.25088499790867624,3.7491150020913238,3.7491150020913238,0.9372787505228309,0.0161895751953125,13.241101843091997,0.9597734405353788,0.4798867202676894,0.9597734405353788,0.4798867202676894
4,C+S,8,0.0,0.12,True,q3_evidence_cs_penalty,PCS raw,pcs_raw,2,C+S,3.996679855921233,0.23599561835605282,3.7606842375651803,3.7606842375651803,0.9410010954109869,0.0146484375,13.166104236802134,0.9627351648166862,0.4813675824083431,0.9627351648166862,0.4813675824083431
4,C+S,8,0.0,0.16,True,q3_evidence_cs_penalty,PCS raw,pcs_raw,2,C+S,3.9941028013225788,0.2192472061352595,3.7748555951873195,3.7748555951873195,0.9451881984661852,0.0140228271484375,13.191679661423311,0.9663630323679537,0.48318151618397687,0.9663630323679537,0.48318151618397687
4,C+S,8,0.0,0.2,True,q3_evidence_cs_penalty,PCS raw,pcs_raw,2,C+S,3.990796214317659,0.20286699272624353,3.7879292215914155,3.7879292215914155,0.9492832518184391,0.013275146484375,13.2446727111852,0.9697098807274024,0.4848549403637012,0.9697098807274024,0.4848549403637012
4,C+S,8,0.0,0.24,True,q3_evidence_cs_penalty,PCS raw,pcs_raw,2,C+S,3.9867651399345525,0.20464911955439524,3.7821160203801574,3.7821160203801574,0.9488377201114012,0.0130615234375,13.1837007045167,0.9682217012173203,0.48411085060866016,0.9682217012173203,0.48411085060866016
4,C+S,8,0.0,0.28,True,q3_evidence_cs_penalty,PCS raw,pcs_raw,2,C+S,3.982015709386646,0.19329820968725311,3.788717499699393,3.788717499699393,0.9516754475781868,0.0126495361328125,13.219540016646857,0.9699116799230446,0.4849558399615223,0.9699116799230446,0.4849558399615223
4,C+S,8,0.0,0.32,True,q3_evidence_cs_penalty,PCS raw,pcs_raw,2,C+S,3.976555119443372,0.19551646779579326,3.7810386516475782,3.7810386516475782,0.9511208830510516,0.012481689453125,13.177748301799564,0.9679458948217801,0.48397294741089003,0.9679458948217801,0.48397294741089003
4,C+S,8,0.0,0.36,True,q3_evidence_cs_penalty,PCS raw,pcs_raw,2,C+S,3.970391608345835,0.19825425919576178,3.772137349150073,3.772137349150073,0.9504364352010595,0.01300048828125,13.105050528930231,0.9656671613824186,0.4828335806912093,0.9656671613824186,0.4828335806912093
4,C+S,8,2.0,0.0,False,q3_evidence_cs_penalty,Uniform raw,uniform_raw,2,C+S,4.0,0.3648986873035166,3.6351013126964835,3.6351013126964835,0.9087753281741209,0.0232391357421875,12.532872001793438,0.9305859360502997,0.46529296802514986,0.9305859360502997,0.46529296802514986
4,C+S,8,2.0,0.12,True,q3_evidence_cs_penalty,PCS raw,pcs_raw,2,C+S,3.996679855921233,0.3437385172270105,3.652941338694222,3.652941338694222,0.9140653706932473,0.02117919921875,12.47687268160846,0.935152982705721,0.4675764913528605,0.935152982705721,0.4675764913528605
4,C+S,8,2.0,0.16,True,q3_evidence_cs_penalty,PCS raw,pcs_raw,2,C+S,3.9941028013225788,0.3492637770514081,3.644839024271171,3.644839024271171,0.9126840557371481,0.02197265625,12.362846515175516,0.9330787902134197,0.46653939510670983,0.9330787902134197,0.46653939510670983
4,C+S,8,2.0,0.2,True,q3_evidence_cs_penalty,PCS raw,pcs_raw,2,C+S,3.990796214317659,0.34054828916446944,3.65024792515319,3.65024792515319,0.9148629277088827,0.0211029052734375,12.340890489983002,0.9344634688392166,0.4672317344196083,0.9344634688392166,0.4672317344196083
4,C+S,8,2.0,0.24,True,q3_evidence_cs_penalty,PCS raw,pcs_raw,2,C+S,3.9867651399345525,0.32629671675499017,3.6604684231795623,3.6604684231795623,0.9184258208112525,0.0203094482421875,12.390496233561835,0.937079916333968,0.468539958166984,0.937079916333968,0.468539958166984
4,C+S,8,2.0,0.28,True,q3_evidence_cs_penalty,PCS raw,pcs_raw,2,C+S,3.982015709386646,0.3279851783062472,3.654030531080399,3.654030531080399,0.9180037054234382,0.02008056640625,12.353811464347402,0.9354318159565821,0.46771590797829105,0.9354318159565821,0.46771590797829105
4,C+S,8,2.0,0.32,True,q3_evidence_cs_penalty,PCS raw,pcs_raw,2,C+S,3.976555119443372,0.32812013013904323,3.6484349893043286,3.6484349893043286,0.9179699674652392,0.02032470703125,12.284030301719252,0.9339993572619081,0.46699967863095404,0.9339993572619081,0.46699967863095404
4,C+S,8,2.0,0.36,True,q3_evidence_cs_penalty,PCS raw,pcs_raw,2,C+S,3.970391608345835,0.3154693343622521,3.6549222739835825,3.6549222739835825,0.921132666409437,0.01885986328125,12.286698093953337,0.9356601021397972,0.4678300510698986,0.9356601021397972,0.4678300510698986
4,C+S,8,4.0,0.0,False,q3_evidence_cs_penalty,Uniform raw,uniform_raw,2,C+S,4.0,0.7330094701428824,3.2669905298571176,3.2669905298571176,0.8167476324642794,0.045257568359375,10.890789606250305,0.836349575643422,0.418174787821711,0.836349575643422,0.418174787821711
4,C+S,8,4.0,0.12,True,q3_evidence_cs_penalty,PCS raw,pcs_raw,2,C+S,3.996679855921233,0.7037785006589241,3.292901355262309,3.292901355262309,0.824055374835269,0.0434722900390625,10.822340099722934,0.8429827469471511,0.42149137347357557,0.8429827469471511,0.42149137347357557
4,C+S,8,4.0,0.16,True,q3_evidence_cs_penalty,PCS raw,pcs_raw,2,C+S,3.9941028013225788,0.6817998618622999,3.312302939460279,3.312302939460279,0.8295500345344251,0.040740966796875,10.794180714476784,0.8479495525018315,0.42397477625091573,0.8479495525018315,0.42397477625091573
4,C+S,8,4.0,0.2,True,q3_evidence_cs_penalty,PCS raw,pcs_raw,2,C+S,3.990796214317659,0.6765138646661674,3.3142823496514917,3.3142823496514917,0.8308715338334581,0.0414581298828125,10.76356610164332,0.8484562815107819,0.42422814075539095,0.8484562815107819,0.42422814075539095
4,C+S,8,4.0,0.24,True,q3_evidence_cs_penalty,PCS raw,pcs_raw,2,C+S,3.9867651399345525,0.6881994310210713,3.298565708913481,3.298565708913481,0.8279501422447322,0.042266845703125,10.710925360526979,0.8444328214818511,0.42221641074092553,0.8444328214818511,0.42221641074092553
4,C+S,8,4.0,0.28,True,q3_evidence_cs_penalty,PCS raw,pcs_raw,2,C+S,3.982015709386646,0.6825731798878092,3.2994425294988368,3.2994425294988368,0.8293567050280477,0.0409698486328125,10.665008947434124,0.8446572875517022,0.4223286437758511,0.8446572875517022,0.4223286437758511
4,C+S,8,4.0,0.32,True,q3_evidence_cs_penalty,PCS raw,pcs_raw,2,C+S,3.976555119443372,0.6653954207292418,3.31115969871413,3.31115969871413,0.8336511448176895,0.040740966796875,10.665336938194946,0.8476568828708173,0.42382844143540865,0.8476568828708173,0.42382844143540865
4,C+S,8,4.0,0.36,True,q3_evidence_cs_penalty,PCS raw,pcs_raw,2,C+S,3.970391608345835,0.6979475106746755,3.2724440976711593,3.2724440976711593,0.8255131223313311,0.04248046875,10.502960221894158,0.8377456890038169,0.4188728445019084,0.8377456890038169,0.4188728445019084
4,C+S,8,6.0,0.0,False,q3_evidence_cs_penalty,Uniform raw,uniform_raw,2,C+S,4.0,1.4230658881959597,2.5769341118040403,2.5769341118040403,0.6442335279510101,0.0972900390625,8.22844595002796,0.6596951326218343,0.32984756631091716,0.6596951326218343,0.32984756631091716
4,C+S,8,6.0,0.12,True,q3_evidence_cs_penalty,PCS raw,pcs_raw,2,C+S,3.996679855921233,1.4216032489910182,2.5750766069302147,2.5750766069302147,0.6445991877522455,0.0964813232421875,8.116315321749537,0.6592196113741349,0.32960980568706744,0.6592196113741349,0.32960980568706744
4,C+S,8,6.0,0.16,True,q3_evidence_cs_penalty,PCS raw,pcs_raw,2,C+S,3.9941028013225788,1.4373211400193933,2.5567816613031855,2.5567816613031855,0.6406697149951517,0.0973663330078125,8.09098487490812,0.6545361052936154,0.3272680526468077,0.6545361052936154,0.3272680526468077
4,C+S,8,6.0,0.2,True,q3_evidence_cs_penalty,PCS raw,pcs_raw,2,C+S,3.990796214317659,1.4568317308765917,2.5339644834410677,2.5339644834410677,0.6357920672808521,0.0970458984375,7.926051589530665,0.6486949077609132,0.3243474538804566,0.6486949077609132,0.3243474538804566
4,C+S,8,6.0,0.24,True,q3_evidence_cs_penalty,PCS raw,pcs_raw,2,C+S,3.9867651399345525,1.4256795296304037,2.561085610304149,2.561085610304149,0.6435801175923991,0.0950469970703125,8.01036236171835,0.655637916237862,0.327818958118931,0.655637916237862,0.327818958118931
4,C+S,8,6.0,0.28,True,q3_evidence_cs_penalty,PCS raw,pcs_raw,2,C+S,3.982015709386646,1.4590504765185486,2.5229652328680974,2.5229652328680974,0.6352373808703629,0.0971832275390625,7.7744539232791885,0.645879099614233,0.3229395498071165,0.645879099614233,0.3229395498071165
4,C+S,8,6.0,0.32,True,q3_evidence_cs_penalty,PCS raw,pcs_raw,2,C+S,3.976555119443372,1.4580066043544266,2.5185485150889453,2.5185485150889453,0.6354983489113933,0.095428466796875,7.733968671662877,0.64474841986277,0.322374209931385,0.64474841986277,0.322374209931385
4,C+S,8,6.0,0.36,True,q3_evidence_cs_penalty,PCS raw,pcs_raw,2,C+S,3.970391608345835,1.4597899905660592,2.5106016177797756,2.5106016177797756,0.6350525023584852,0.096923828125,7.722123870159379,0.6427140141516225,0.3213570070758113,0.6427140141516225,0.3213570070758113
4,C+S,10,-2.0,0.0,False,q3_evidence_cs_penalty,Uniform raw,uniform_raw,2,C+S,4.0,0.23199192633444976,3.76800807366555,3.76800807366555,0.9420020184163875,0.0149078369140625,13.434416556506637,0.9646100668583808,0.4823050334291904,0.9646100668583808,0.4823050334291904
4,C+S,10,-2.0,0.12,True,q3_evidence_cs_penalty,PCS raw,pcs_raw,2,C+S,3.996679855921233,0.21391219270598524,3.782767663215248,3.782767663215248,0.9465219518235037,0.0140838623046875,13.28966855073482,0.9683885217831034,0.4841942608915517,0.9683885217831034,0.4841942608915517
4,C+S,10,-2.0,0.16,True,q3_evidence_cs_penalty,PCS raw,pcs_raw,2,C+S,3.9941028013225788,0.20193050050718553,3.7921723008153934,3.7921723008153934,0.9495173748732036,0.01287841796875,13.319782492379128,0.9707961090087407,0.48539805450437035,0.9707961090087407,0.48539805450437035
4,C+S,10,-2.0,0.2,True,q3_evidence_cs_penalty,PCS raw,pcs_raw,2,C+S,3.990796214317659,0.19263197619307804,3.7981642381245813,3.7981642381245813,0.9518420059517305,0.0123138427734375,13.375528459698536,0.9723300449598926,0.4861650224799463,0.9723300449598926,0.4861650224799463
4,C+S,10,-2.0,0.24,True,q3_evidence_cs_penalty,PCS raw,pcs_raw,2,C+S,3.9867651399345525,0.19539294392127823,3.791372196013274,3.791372196013274,0.9511517640196805,0.0123291015625,13.339412224664414,0.9705912821793983,0.48529564108969914,0.9705912821793983,0.48529564108969914
4,C+S,10,-2.0,0.28,True,q3_evidence_cs_penalty,PCS raw,pcs_raw,2,C+S,3.982015709386646,0.19368008275488688,3.788335626631759,3.788335626631759,0.9515799793112782,0.0121612548828125,13.252864576239753,0.9698139204177303,0.48490696020886515,0.9698139204177303,0.48490696020886515
4,C+S,10,-2.0,0.32,True,q3_evidence_cs_penalty,PCS raw,pcs_raw,2,C+S,3.976555119443372,0.17738834720567903,3.799166772237693,3.799166772237693,0.9556529131985803,0.0113372802734375,13.26599549222939,0.9725866936928493,0.48629334684642467,0.9725866936928493,0.48629334684642467
4,C+S,10,-2.0,0.36,True,q3_evidence_cs_penalty,PCS raw,pcs_raw,2,C+S,3.970391608345835,0.18506799134010457,3.78532361700573,3.78532361700573,0.9537330021649739,0.0122833251953125,13.2946210394276,0.969042845953467,0.4845214229767335,0.969042845953467,0.4845214229767335
4,C+S,10,0.0,0.0,False,q3_evidence_cs_penalty,Uniform raw,uniform_raw,2,C+S,4.0,0.3106451002511046,3.6893548997488956,3.6893548997488956,0.9223387249372239,0.019866943359375,12.876150503249782,0.9444748543357173,0.47223742716785866,0.9444748543357173,0.47223742716785866
4,C+S,10,0.0,0.12,True,q3_evidence_cs_penalty,PCS raw,pcs_raw,2,C+S,3.996679855921233,0.29000731622134507,3.7066725396998876,3.7066725396998876,0.9274981709446637,0.0183258056640625,12.749886495987742,0.9489081701631712,0.4744540850815856,0.9489081701631712,0.4744540850815856
4,C+S,10,0.0,0.16,True,q3_evidence_cs_penalty,PCS raw,pcs_raw,2,C+S,3.9941028013225788,0.2938804103191571,3.7002223910034218,3.7002223910034218,0.9265298974202107,0.01800537109375,12.791319377521308,0.947256932096876,0.473628466048438,0.947256932096876,0.473628466048438
4,C+S,10,0.0,0.2,True,q3_evidence_cs_penalty,PCS raw,pcs_raw,2,C+S,3.990796214317659,0.2654499953979613,3.725346218919698,3.725346218919698,0.9336375011505097,0.016510009765625,12.791600279254038,0.9536886320434427,0.47684431602172134,0.9536886320434427,0.47684431602172134
4,C+S,10,0.0,0.24,True,q3_evidence_cs_penalty,PCS raw,pcs_raw,2,C+S,3.9867651399345525,0.25640551898937025,3.7303596209451824,3.7303596209451824,0.9358986202526575,0.0163726806640625,12.825726412389184,0.9549720629619667,0.47748603148098334,0.9549720629619667,0.47748603148098334
4,C+S,10,0.0,0.28,True,q3_evidence_cs_penalty,PCS raw,pcs_raw,2,C+S,3.982015709386646,0.2584593947450858,3.7235563146415602,3.7235563146415602,0.9353851513137286,0.016082763671875,12.71542038772119,0.9532304165482394,0.4766152082741197,0.9532304165482394,0.4766152082741197
4,C+S,10,0.0,0.32,True,q3_evidence_cs_penalty,PCS raw,pcs_raw,2,C+S,3.976555119443372,0.24988891478590317,3.7266662046574686,3.7266662046574686,0.9375277713035242,0.0154266357421875,12.753797675847215,0.954026548392312,0.477013274196156,0.954026548392312,0.477013274196156
4,C+S,10,0.0,0.36,True,q3_evidence_cs_penalty,PCS raw,pcs_raw,2,C+S,3.970391608345835,0.2604968907855758,3.709894717560259,3.709894717560259,0.934875777303606,0.0167388916015625,12.682553104550452,0.9497330476954263,0.47486652384771316,0.9497330476954263,0.47486652384771316
4,C+S,10,2.0,0.0,False,q3_evidence_cs_penalty,Uniform raw,uniform_raw,2,C+S,4.0,0.5372353203177771,3.462764679682223,3.462764679682223,0.8656911699205557,0.0342559814453125,11.693365602580634,0.8864677579986491,0.44323387899932454,0.8864677579986491,0.44323387899932454
4,C+S,10,2.0,0.12,True,q3_evidence_cs_penalty,PCS raw,pcs_raw,2,C+S,3.996679855921233,0.5063595821220064,3.4903202737992265,3.4903202737992265,0.8734101044694984,0.0308837890625,11.65129001966575,0.8935219900926019,0.44676099504630096,0.8935219900926019,0.44676099504630096
4,C+S,10,2.0,0.16,True,q3_evidence_cs_penalty,PCS raw,pcs_raw,2,C+S,3.9941028013225788,0.5128654101834241,3.481237391139155,3.481237391139155,0.871783647454144,0.031036376953125,11.611404971716006,0.8911967721316236,0.4455983860658118,0.8911967721316236,0.4455983860658118
4,C+S,10,2.0,0.2,True,q3_evidence_cs_penalty,PCS raw,pcs_raw,2,C+S,3.990796214317659,0.5259059389945163,3.464890275323143,3.464890275323143,0.868523515251371,0.0318603515625,11.479746335643963,0.8870119104827245,0.44350595524136227,0.8870119104827245,0.44350595524136227
4,C+S,10,2.0,0.24,True,q3_evidence_cs_penalty,PCS raw,pcs_raw,2,C+S,3.9867651399345525,0.48956158748412204,3.4972035524504306,3.4972035524504306,0.8776096031289695,0.030609130859375,11.517886851696732,0.8952841094273103,0.44764205471365515,0.8952841094273103,0.44764205471365515
4,C+S,10,2.0,0.28,True,q3_evidence_cs_penalty,PCS raw,pcs_raw,2,C+S,3.982015709386646,0.495762873757547,3.486252835629099,3.486252835629099,0.8760592815606133,0.0307159423828125,11.479121724011382,0.8924807259210494,0.4462403629605247,0.8924807259210494,0.4462403629605247
4,C+S,10,2.0,0.32,True,q3_evidence_cs_penalty,PCS raw,pcs_raw,2,C+S,3.976555119443372,0.48942658927446164,3.4871285301689103,3.4871285301689103,0.8776433526813846,0.0294189453125,11.448745528050335,0.8927049037232411,0.44635245186162054,0.8927049037232411,0.44635245186162054
4,C+S,10,2.0,0.36,True,q3_evidence_cs_penalty,PCS raw,pcs_raw,2,C+S,3.970391608345835,0.4949892214035943,3.475402386942241,3.475402386942241,0.8762526946491014,0.030364990234375,11.399121762145427,0.8897030110572136,0.4448515055286068,0.8897030110572136,0.4448515055286068
4,C+S,10,4.0,0.0,False,q3_evidence_cs_penalty,Uniform raw,uniform_raw,2,C+S,4.0,1.097469384797979,2.9025306152020205,2.9025306152020205,0.7256326538005051,0.0702056884765625,9.421142934161022,0.7430478374917173,0.37152391874585866,0.7430478374917173,0.37152391874585866
4,C+S,10,4.0,0.12,True,q3_evidence_cs_penalty,PCS raw,pcs_raw,2,C+S,3.996679855921233,1.0646527868810436,2.9320270690401893,2.9320270690401893,0.7338368032797391,0.0685577392578125,9.398250058150907,0.7505989296742885,0.37529946483714427,0.7505989296742885,0.37529946483714427
4,C+S,10,4.0,0.16,True,q3_evidence_cs_penalty,PCS raw,pcs_raw,2,C+S,3.9941028013225788,1.0873205782336126,2.906782223088966,2.906782223088966,0.7281698554415968,0.06866455078125,9.266121668856016,0.7441362491107752,0.3720681245553876,0.7441362491107752,0.3720681245553876
4,C+S,10,4.0,0.2,True,q3_evidence_cs_penalty,PCS raw,pcs_raw,2,C+S,3.990796214317659,1.0724567144174146,2.9183394999002443,2.9183394999002443,0.7318858213956463,0.0681915283203125,9.279186971119534,0.7470949119744626,0.3735474559872313,0.7470949119744626,0.3735474559872313
4,C+S,10,4.0,0.24,True,q3_evidence_cs_penalty,PCS raw,pcs_raw,2,C+S,3.9867651399345525,1.0891099881596675,2.897655151774885,2.897655151774885,0.7277225029600831,0.068206787109375,9.094887719245051,0.7417997188543706,0.3708998594271853,0.7417997188543706,0.3708998594271853
4,C+S,10,4.0,0.28,True,q3_evidence_cs_penalty,PCS raw,pcs_raw,2,C+S,3.982015709386646,1.1115388299125681,2.8704768794740776,2.8704768794740776,0.7221152925218579,0.0699310302734375,8.99659190002934,0.734842081145364,0.367421040572682,0.734842081145364,0.367421040572682
4,C+S,10,4.0,0.32,True,q3_evidence_cs_penalty,PCS raw,pcs_raw,2,C+S,3.976555119443372,1.0802596990615512,2.896295420381821,2.896295420381821,0.7299350752346123,0.067047119140625,9.034878584426117,0.7414516276177462,0.3707258138088731,0.7414516276177462,0.3707258138088731
4,C+S,10,4.0,0.36,True,q3_evidence_cs_penalty,PCS raw,pcs_raw,2,C+S,3.970391608345835,1.0687839179393626,2.901607690406472,2.901607690406472,0.7328040205151594,0.06732177734375,9.061589320601026,0.7428115687440568,0.3714057843720284,0.7428115687440568,0.3714057843720284
4,C+S,10,6.0,0.0,False,q3_evidence_cs_penalty,Uniform raw,uniform_raw,2,C+S,4.0,2.051481463330725,1.948518536669275,1.948518536669275,0.48712963416731875,0.1536407470703125,6.081811209225708,0.49882074538733445,0.24941037269366723,0.49882074538733445,0.24941037269366723
4,C+S,10,6.0,0.12,True,q3_evidence_cs_penalty,PCS raw,pcs_raw,2,C+S,3.996679855921233,2.083897224582029,1.912782631339204,1.912782631339204,0.4790256938544928,0.1521759033203125,5.9181734604899106,0.4896723536228362,0.2448361768114181,0.4896723536228362,0.2448361768114181
4,C+S,10,6.0,0.16,True,q3_evidence_cs_penalty,PCS raw,pcs_raw,2,C+S,3.9941028013225788,2.076815904556078,1.9172868967665007,1.9172868967665007,0.48079602386098047,0.154083251953125,5.914161033954494,0.4908254455722242,0.2454127227861121,0.4908254455722242,0.2454127227861121
4,C+S,10,6.0,0.2,True,q3_evidence_cs_penalty,PCS raw,pcs_raw,2,C+S,3.990796214317659,2.0595235116334667,1.9312727026841923,1.9312727026841923,0.48511912209163327,0.149169921875,5.897805988775917,0.49440581188715327,0.24720290594357663,0.49440581188715327,0.24720290594357663
4,C+S,10,6.0,0.24,True,q3_evidence_cs_penalty,PCS raw,pcs_raw,2,C+S,3.9867651399345525,2.068151045890266,1.9186140940442864,1.9186140940442864,0.4829622385274335,0.1502532958984375,5.835046618159396,0.49116520807533726,0.24558260403766863,0.49116520807533726,0.24558260403766863
4,C+S,10,6.0,0.28,True,q3_evidence_cs_penalty,PCS raw,pcs_raw,2,C+S,3.982015709386646,2.101494005229643,1.8805217041570028,1.8805217041570028,0.4746264986925892,0.1525421142578125,5.7079795095983545,0.48141355626419274,0.24070677813209637,0.48141355626419274,0.24070677813209637
4,C+S,10,6.0,0.32,True,q3_evidence_cs_penalty,PCS raw,pcs_raw,2,C+S,3.976555119443372,2.0839748798751065,1.8925802395682656,1.8925802395682656,0.4790062800312234,0.1495513916015625,5.6721913714005545,0.48450054132947595,0.24225027066473798,0.48450054132947595,0.24225027066473798
4,C+S,10,6.0,0.36,True,q3_evidence_cs_penalty,PCS raw,pcs_raw,2,C+S,3.970391608345835,2.116761873981301,1.8536297343645336,1.8536297343645336,0.4708095315046747,0.1520538330078125,5.546202080209922,0.47452921199732057,0.23726460599866028,0.47452921199732057,0.23726460599866028
4,C+S,12,-2.0,0.0,False,q3_evidence_cs_penalty,Uniform raw,uniform_raw,2,C+S,4.0,0.27269018653172417,3.727309813468276,3.727309813468276,0.931827453367069,0.0175018310546875,13.120838723032453,0.9541913122478786,0.4770956561239393,0.9541913122478786,0.4770956561239393
4,C+S,12,-2.0,0.12,True,q3_evidence_cs_penalty,PCS raw,pcs_raw,2,C+S,3.996679855921233,0.24935724633032835,3.7473226095909045,3.7473226095909045,0.9376606884174179,0.01580810546875,13.054665566966278,0.9593145880552716,0.4796572940276358,0.9593145880552716,0.4796572940276358
4,C+S,12,-2.0,0.16,True,q3_evidence_cs_penalty,PCS raw,pcs_raw,2,C+S,3.9941028013225788,0.23495151688426796,3.759151284438311,3.759151284438311,0.941262120778933,0.0149078369140625,13.082519998795915,0.9623427288162076,0.4811713644081038,0.9623427288162076,0.4811713644081038
4,C+S,12,-2.0,0.2,True,q3_evidence_cs_penalty,PCS raw,pcs_raw,2,C+S,3.990796214317659,0.2326560806321808,3.7581401336854783,3.7581401336854783,0.9418359798419548,0.0146484375,13.053726482450644,0.9620838742234825,0.48104193711174126,0.9620838742234825,0.48104193711174126
4,C+S,12,-2.0,0.24,True,q3_evidence_cs_penalty,PCS raw,pcs_raw,2,C+S,3.9867651399345525,0.2316261700827894,3.755138969851763,3.755138969851763,0.9420934574793026,0.015045166015625,13.016886018817704,0.9613155762820513,0.48065778814102567,0.9613155762820513,0.48065778814102567
4,C+S,12,-2.0,0.28,True,q3_evidence_cs_penalty,PCS raw,pcs_raw,2,C+S,3.982015709386646,0.2317477823360323,3.7502679270506136,3.7502679270506136,0.9420630544159919,0.0147857666015625,12.976170440553458,0.9600685893249571,0.48003429466247854,0.9600685893249571,0.48003429466247854
4,C+S,12,-2.0,0.32,True,q3_evidence_cs_penalty,PCS raw,pcs_raw,2,C+S,3.976555119443372,0.20946712076546306,3.767087998677909,3.767087998677909,0.9476332198086342,0.0126800537109375,13.030479749104028,0.9643745276615447,0.4821872638307724,0.9643745276615447,0.4821872638307724
4,C+S,12,-2.0,0.36,True,q3_evidence_cs_penalty,PCS raw,pcs_raw,2,C+S,3.970391608345835,0.21126472669084267,3.759126881654992,3.759126881654992,0.9471838183272894,0.0143280029296875,13.01128231630073,0.9623364817036779,0.48116824085183896,0.9623364817036779,0.48116824085183896
4,C+S,12,0.0,0.0,False,q3_evidence_cs_penalty,Uniform raw,uniform_raw,2,C+S,4.0,0.4116032033296107,3.588396796670389,3.588396796670389,0.8970991991675973,0.026153564453125,12.316628862400531,0.9186295799476196,0.4593147899738098,0.9186295799476196,0.4593147899738098
4,C+S,12,0.0,0.12,True,q3_evidence_cs_penalty,PCS raw,pcs_raw,2,C+S,3.996679855921233,0.3792257197813734,3.6174541361398598,3.6174541361398598,0.9051935700546567,0.0231781005859375,12.266593223818429,0.9260682588518041,0.46303412942590205,0.9260682588518041,0.46303412942590205
4,C+S,12,0.0,0.16,True,q3_evidence_cs_penalty,PCS raw,pcs_raw,2,C+S,3.9941028013225788,0.3801391230390492,3.61396367828353,3.61396367828353,0.9049652192402378,0.0236053466796875,12.228736736368198,0.9251747016405836,0.4625873508202918,0.9251747016405836,0.4625873508202918
4,C+S,12,0.0,0.2,True,q3_evidence_cs_penalty,PCS raw,pcs_raw,2,C+S,3.990796214317659,0.3667190612426527,3.6240771530750067,3.6240771530750067,0.9083202346893369,0.0226287841796875,12.246939292172959,0.9277637511872017,0.46388187559360083,0.9277637511872017,0.46388187559360083
4,C+S,12,0.0,0.24,True,q3_evidence_cs_penalty,PCS raw,pcs_raw,2,C+S,3.9867651399345525,0.352261260678853,3.6345038792556994,3.6345038792556994,0.9119346848302867,0.0223541259765625,12.30696317955039,0.930432993089459,0.4652164965447295,0.930432993089459,0.4652164965447295
4,C+S,12,0.0,0.28,True,q3_evidence_cs_penalty,PCS raw,pcs_raw,2,C+S,3.982015709386646,0.36485322145063304,3.617162487936013,3.617162487936013,0.9087866946373417,0.022369384765625,12.163174298237395,0.9259935969116193,0.46299679845580965,0.9259935969116193,0.46299679845580965
4,C+S,12,0.0,0.32,True,q3_evidence_cs_penalty,PCS raw,pcs_raw,2,C+S,3.976555119443372,0.3539296262330254,3.6226254932103465,3.6226254932103465,0.9115175934417437,0.02197265625,12.148630019731966,0.9273921262618487,0.4636960631309244,0.9273921262618487,0.4636960631309244
4,C+S,12,0.0,0.36,True,q3_evidence_cs_penalty,PCS raw,pcs_raw,2,C+S,3.970391608345835,0.32833259462826103,3.642059013717574,3.642059013717574,0.9179168513429348,0.0206146240234375,12.175376974421841,0.9323671075116989,0.46618355375584947,0.9323671075116989,0.46618355375584947
4,C+S,12,2.0,0.0,False,q3_evidence_cs_penalty,Uniform raw,uniform_raw,2,C+S,4.0,0.7525894030673672,3.2474105969326326,3.2474105969326326,0.8118526492331581,0.047027587890625,10.766153091857392,0.831337112814754,0.415668556407377,0.831337112814754,0.415668556407377
4,C+S,12,2.0,0.12,True,q3_evidence_cs_penalty,PCS raw,pcs_raw,2,C+S,3.996679855921233,0.7525803483625539,3.244099507558679,3.244099507558679,0.8118549129093615,0.0454864501953125,10.583581518708652,0.8304894739350217,0.41524473696751085,0.8304894739350217,0.41524473696751085
4,C+S,12,2.0,0.16,True,q3_evidence_cs_penalty,PCS raw,pcs_raw,2,C+S,3.9941028013225788,0.7313194801463236,3.262783321176255,3.262783321176255,0.8171701299634191,0.0442657470703125,10.607564470695678,0.8352725302211212,0.4176362651105606,0.8352725302211212,0.4176362651105606
4,C+S,12,2.0,0.2,True,q3_evidence_cs_penalty,PCS raw,pcs_raw,2,C+S,3.990796214317659,0.7326264238545459,3.2581697904631133,3.2581697904631133,0.8168433940363635,0.0444488525390625,10.577020591234257,0.834091466358557,0.4170457331792785,0.834091466358557,0.4170457331792785
4,C+S,12,2.0,0.24,True,q3_evidence_cs_penalty,PCS raw,pcs_raw,2,C+S,3.9867651399345525,0.7422820409956131,3.2444830989389395,3.2444830989389395,0.8144294897510966,0.0443267822265625,10.483499060008512,0.8305876733283685,0.41529383666418423,0.8305876733283685,0.41529383666418423
4,C+S,12,2.0,0.28,True,q3_evidence_cs_penalty,PCS raw,pcs_raw,2,C+S,3.982015709386646,0.7331884665765694,3.2488272428100764,3.2488272428100764,0.8167028833558576,0.0443572998046875,10.469454159298838,0.8316997741593796,0.4158498870796898,0.8316997741593796,0.4158498870796898
4,C+S,12,2.0,0.32,True,q3_evidence_cs_penalty,PCS raw,pcs_raw,2,C+S,3.976555119443372,0.7285029792665486,3.2480521401768234,3.2480521401768234,0.8178742551833629,0.0429229736328125,10.389693790265042,0.8315013478852668,0.4157506739426334,0.8315013478852668,0.4157506739426334
4,C+S,12,2.0,0.36,True,q3_evidence_cs_penalty,PCS raw,pcs_raw,2,C+S,3.970391608345835,0.7300254916079865,3.2403661167378486,3.2403661167378486,0.8174936270980033,0.0446929931640625,10.324854192224148,0.8295337258848892,0.4147668629424446,0.8295337258848892,0.4147668629424446
4,C+S,12,4.0,0.0,False,q3_evidence_cs_penalty,Uniform raw,uniform_raw,2,C+S,4.0,1.5063310983835347,2.4936689016164655,2.4936689016164655,0.6234172254041164,0.103607177734375,7.940657676652166,0.6383792388138151,0.31918961940690754,0.6383792388138151,0.31918961940690754
4,C+S,12,4.0,0.12,True,q3_evidence_cs_penalty,PCS raw,pcs_raw,2,C+S,3.996679855921233,1.4768529233179992,2.519826932603234,2.519826932603234,0.6307867691705002,0.09808349609375,7.864157453902432,0.6450756947464279,0.32253784737321395,0.6450756947464279,0.32253784737321395
4,C+S,12,4.0,0.16,True,q3_evidence_cs_penalty,PCS raw,pcs_raw,2,C+S,3.9941028013225788,1.4883870234552206,2.5057157778673584,2.5057157778673584,0.6279032441361949,0.1000518798828125,7.751184214857705,0.6414632391340438,0.3207316195670219,0.6414632391340438,0.3207316195670219
4,C+S,12,4.0,0.2,True,q3_evidence_cs_penalty,PCS raw,pcs_raw,2,C+S,3.990796214317659,1.4881804406272634,2.502615773690396,2.502615773690396,0.6279548898431841,0.100006103515625,7.780239979105053,0.6406696380647413,0.32033481903237065,0.6406696380647413,0.32033481903237065
4,C+S,12,4.0,0.24,True,q3_evidence_cs_penalty,PCS raw,pcs_raw,2,C+S,3.9867651399345525,1.5064793486152182,2.4802857913193344,2.4802857913193344,0.6233801628461955,0.09808349609375,7.612868872218831,0.6349531625777496,0.3174765812888748,0.6349531625777496,0.3174765812888748
4,C+S,12,4.0,0.28,True,q3_evidence_cs_penalty,PCS raw,pcs_raw,2,C+S,3.982015709386646,1.4845927616478185,2.4974229477388277,2.4974229477388277,0.6288518095880454,0.098388671875,7.67824703359048,0.6393402746211398,0.3196701373105699,0.6393402746211398,0.3196701373105699
4,C+S,12,4.0,0.32,True,q3_evidence_cs_penalty,PCS raw,pcs_raw,2,C+S,3.976555119443372,1.552470915505093,2.424084203938279,2.424084203938279,0.6118822711237267,0.101593017578125,7.429128763636626,0.6205655562081993,0.31028277810409965,0.6205655562081993,0.31028277810409965
4,C+S,12,4.0,0.36,True,q3_evidence_cs_penalty,PCS raw,pcs_raw,2,C+S,3.970391608345835,1.5200485699086874,2.450343038437148,2.450343038437148,0.6199878575228281,0.0998992919921875,7.484491187149918,0.6272878178399098,0.3136439089199549,0.6272878178399098,0.3136439089199549
4,C+S,12,6.0,0.0,False,q3_evidence_cs_penalty,Uniform raw,uniform_raw,2,C+S,4.0,2.6526776358198063,1.3473223641801935,1.3473223641801935,0.33683059104504837,0.217498779296875,4.2625361053368405,0.34491452523012955,0.17245726261506478,0.34491452523012955,0.17245726261506478
4,C+S,12,6.0,0.12,True,q3_evidence_cs_penalty,PCS raw,pcs_raw,2,C+S,3.996679855921233,2.685710374349301,1.3109694815719317,1.3109694815719317,0.3285724064126747,0.2167205810546875,4.103680732686891,0.3356081872824145,0.16780409364120724,0.3356081872824145,0.16780409364120724
4,C+S,12,6.0,0.16,True,q3_evidence_cs_penalty,PCS raw,pcs_raw,2,C+S,3.9941028013225788,2.7033857629030096,1.2907170384195692,1.2907170384195692,0.3241535592742476,0.215850830078125,4.010390793072072,0.33042356183540966,0.16521178091770483,0.33042356183540966,0.16521178091770483
4,C+S,12,6.0,0.2,True,q3_evidence_cs_penalty,PCS raw,pcs_raw,2,C+S,3.990796214317659,2.676685271437251,1.3141109428804083,1.3141109428804083,0.3308286821406873,0.2093963623046875,4.0948382308295,0.33641240137738454,0.16820620068869227,0.33641240137738454,0.16820620068869227
4,C+S,12,6.0,0.24,True,q3_evidence_cs_penalty,PCS raw,pcs_raw,2,C+S,3.9867651399345525,2.738658715901696,1.2481064240328563,1.2481064240328563,0.31533532102457595,0.2165985107421875,3.831504362145804,0.3195152445524112,0.1597576222762056,0.3195152445524112,0.1597576222762056
4,C+S,12,6.0,0.28,True,q3_evidence_cs_penalty,PCS raw,pcs_raw,2,C+S,3.982015709386646,2.7237817065809917,1.2582340028056542,1.2582340028056542,0.31905457335475207,0.21185302734375,3.8151847778308476,0.32210790471824746,0.16105395235912373,0.32210790471824746,0.16105395235912373
4,C+S,12,6.0,0.32,True,q3_evidence_cs_penalty,PCS raw,pcs_raw,2,C+S,3.976555119443372,2.7436500960226216,1.2329050234207504,1.2329050234207504,0.3140874759943446,0.2137908935546875,3.7731273796316973,0.3156236859957121,0.15781184299785606,0.3156236859957121,0.15781184299785606
4,C+S,12,6.0,0.36,True,q3_evidence_cs_penalty,PCS raw,pcs_raw,2,C+S,3.970391608345835,2.7490492561488606,1.2213423521969744,1.2213423521969744,0.3127376859627849,0.2110443115234375,3.6917143375366583,0.3126636421624255,0.15633182108121274,0.3126636421624255,0.15633182108121274
4,S,6,-2.0,0.0,False,q3_evidence,Uniform raw,uniform_raw,1,S,4.0,0.17430192041905004,3.82569807958095,3.82569807958095,0.9564245198952375,0.011322021484375,13.969479369548159,0.48968935418636156,0.48968935418636156,0.48968935418636156,0.48968935418636156
4,S,6,-2.0,0.12,True,q3_evidence,PCS raw,pcs_raw,1,S,3.996679855921233,0.16584618183318334,3.8308336740880495,3.8308336740880495,0.9585384545417042,0.010009765625,13.925964593493074,0.4903467102832703,0.4903467102832703,0.4903467102832703,0.4903467102832703
4,S,6,-2.0,0.16,True,q3_evidence,PCS raw,pcs_raw,1,S,3.9941028013225788,0.1551809587354056,3.8389218425871734,3.8389218425871734,0.9612047603161487,0.00909423828125,14.004780489810113,0.4913819958511582,0.4913819958511582,0.4913819958511582,0.4913819958511582
4,S,6,-2.0,0.2,True,q3_evidence,PCS raw,pcs_raw,1,S,3.990796214317659,0.14112019834032255,3.8496760159773364,3.8496760159773364,0.9647199504149193,0.009521484375,13.989011780946916,0.49275853004509906,0.49275853004509906,0.49275853004509906,0.49275853004509906
4,S,6,-2.0,0.24,True,q3_evidence,PCS raw,pcs_raw,1,S,3.9867651399345525,0.14459498753560554,3.842170152398947,3.842170152398947,0.9638512531160986,0.009063720703125,13.889432901079143,0.49179777950706527,0.49179777950706527,0.49179777950706527,0.49179777950706527
4,S,6,-2.0,0.28,True,q3_evidence,PCS raw,pcs_raw,1,S,3.982015709386646,0.13547622618694743,3.8465394831996984,3.8465394831996984,0.9661309434532631,0.008331298828125,13.9044145502731,0.4923570538495614,0.4923570538495614,0.4923570538495614,0.4923570538495614
4,S,6,-2.0,0.32,True,q3_evidence,PCS raw,pcs_raw,1,S,3.976555119443372,0.1260617923276169,3.850493327115755,3.850493327115755,0.9684845519180958,0.007965087890625,13.998118047603024,0.49286314587081664,0.49286314587081664,0.49286314587081664,0.49286314587081664
4,S,6,-2.0,0.36,True,q3_evidence,PCS raw,pcs_raw,1,S,3.970391608345835,0.12692023110375433,3.8434713772420803,3.8434713772420803,0.9682699422240614,0.007904052734375,13.977661381475837,0.49196433628698627,0.49196433628698627,0.49196433628698627,0.49196433628698627
4,S,6,0.0,0.0,False,q3_evidence,Uniform raw,uniform_raw,1,S,4.0,0.18870838642926907,3.811291613570731,3.811291613570731,0.9528229033926827,0.012786865234375,13.891445016940162,0.48784532653705354,0.48784532653705354,0.48784532653705354,0.48784532653705354
4,S,6,0.0,0.12,True,q3_evidence,PCS raw,pcs_raw,1,S,3.996679855921233,0.16202940307521838,3.8346504528460144,3.8346504528460144,0.9594926492311954,0.00982666015625,13.89507368986913,0.49083525796428984,0.49083525796428984,0.49083525796428984,0.49083525796428984
4,S,6,0.0,0.16,True,q3_evidence,PCS raw,pcs_raw,1,S,3.9941028013225788,0.16267522706195903,3.8314275742606196,3.8314275742606196,0.9593311932345102,0.010284423828125,13.875759652242657,0.4904227295053593,0.4904227295053593,0.4904227295053593,0.4904227295053593
4,S,6,0.0,0.2,True,q3_evidence,PCS raw,pcs_raw,1,S,3.990796214317659,0.15149312708547785,3.839303087232181,3.839303087232181,0.9621267182286305,0.00970458984375,13.83435860022447,0.4914307951657192,0.4914307951657192,0.4914307951657192,0.4914307951657192
4,S,6,0.0,0.24,True,q3_evidence,PCS raw,pcs_raw,1,S,3.9867651399345525,0.1469583467553544,3.839806793179198,3.839806793179198,0.9632604133111614,0.00927734375,13.788543149629906,0.4914952695269374,0.4914952695269374,0.4914952695269374,0.4914952695269374
4,S,6,0.0,0.28,True,q3_evidence,PCS raw,pcs_raw,1,S,3.982015709386646,0.15116213062076633,3.8308535787658795,3.8308535787658795,0.9622094673448084,0.009857177734375,13.799747930321677,0.4903492580820326,0.4903492580820326,0.4903492580820326,0.4903492580820326
4,S,6,0.0,0.32,True,q3_evidence,PCS raw,pcs_raw,1,S,3.976555119443372,0.16119116715146253,3.8153639522919094,3.8153639522919094,0.9597022082121344,0.0103759765625,13.734483489681145,0.4883665858933644,0.4883665858933644,0.4883665858933644,0.4883665858933644
4,S,6,0.0,0.36,True,q3_evidence,PCS raw,pcs_raw,1,S,3.970391608345835,0.1406891400492738,3.829702468296561,3.829702468296561,0.9648277149876815,0.00885009765625,13.808245204494384,0.4902019159419598,0.4902019159419598,0.4902019159419598,0.4902019159419598
4,S,6,2.0,0.0,False,q3_evidence,Uniform raw,uniform_raw,1,S,4.0,0.21946889925169083,3.780531100748309,3.780531100748309,0.9451327751870773,0.013397216796875,13.566284623315275,0.4839079808957836,0.4839079808957836,0.4839079808957836,0.4839079808957836
4,S,6,2.0,0.12,True,q3_evidence,PCS raw,pcs_raw,1,S,3.996679855921233,0.21819583226955397,3.778484023651679,3.778484023651679,0.9454510419326115,0.014068603515625,13.454955056071686,0.4836459550274149,0.4836459550274149,0.4836459550274149,0.4836459550274149
4,S,6,2.0,0.16,True,q3_evidence,PCS raw,pcs_raw,1,S,3.9941028013225788,0.1971147076500428,3.796988093672536,3.796988093672536,0.9507213230874894,0.01226806640625,13.55200052633167,0.4860144759900847,0.4860144759900847,0.4860144759900847,0.4860144759900847
4,S,6,2.0,0.2,True,q3_evidence,PCS raw,pcs_raw,1,S,3.990796214317659,0.19224786410851025,3.798548350209149,3.798548350209149,0.9519380339728725,0.012420654296875,13.574561717421087,0.48621418882677103,0.48621418882677103,0.48621418882677103,0.48621418882677103
4,S,6,2.0,0.24,True,q3_evidence,PCS raw,pcs_raw,1,S,3.9867651399345525,0.18466423392244508,3.8021009060121074,3.8021009060121074,0.9538339415193887,0.011627197265625,13.540168831140049,0.48666891596954975,0.48666891596954975,0.48666891596954975,0.48666891596954975
4,S,6,2.0,0.28,True,q3_evidence,PCS raw,pcs_raw,1,S,3.982015709386646,0.17546100989011024,3.8065546994965356,3.8065546994965356,0.9561347475274724,0.01129150390625,13.499431539886,0.4872390015355566,0.4872390015355566,0.4872390015355566,0.4872390015355566
4,S,6,2.0,0.32,True,q3_evidence,PCS raw,pcs_raw,1,S,3.976555119443372,0.1731548710281709,3.803400248415201,3.803400248415201,0.9567112822429573,0.011260986328125,13.507685679032535,0.4868352317971458,0.4868352317971458,0.4868352317971458,0.4868352317971458
4,S,6,2.0,0.36,True,q3_evidence,PCS raw,pcs_raw,1,S,3.970391608345835,0.1780550379983617,3.792336570347473,3.792336570347473,0.9554862405004095,0.01171875,13.457806329214492,0.48541908100447656,0.48541908100447656,0.48541908100447656,0.48541908100447656
4,S,6,4.0,0.0,False,q3_evidence,Uniform raw,uniform_raw,1,S,4.0,0.32620994743228005,3.67379005256772,3.67379005256772,0.91844751314193,0.02044677734375,12.96909590936095,0.47024512672866814,0.47024512672866814,0.47024512672866814,0.47024512672866814
4,S,6,4.0,0.12,True,q3_evidence,PCS raw,pcs_raw,1,S,3.996679855921233,0.30731993264122437,3.6893599232800085,3.6893599232800085,0.9231700168396939,0.019195556640625,12.808184918937167,0.47223807017984104,0.47223807017984104,0.47223807017984104,0.47223807017984104
4,S,6,4.0,0.16,True,q3_evidence,PCS raw,pcs_raw,1,S,3.9941028013225788,0.31428245731819965,3.679820344004379,3.679820344004379,0.9214293856704501,0.01995849609375,12.749296540109412,0.4710170040325605,0.4710170040325605,0.4710170040325605,0.4710170040325605
4,S,6,4.0,0.2,True,q3_evidence,PCS raw,pcs_raw,1,S,3.990796214317659,0.32134985672276295,3.669446357594896,3.669446357594896,0.9196625358193092,0.019866943359375,12.650472937907022,0.4696891337721467,0.4696891337721467,0.4696891337721467,0.4696891337721467
4,S,6,4.0,0.24,True,q3_evidence,PCS raw,pcs_raw,1,S,3.9867651399345525,0.2854936516965597,3.701271488237993,3.701271488237993,0.9286265870758601,0.017425537109375,12.781708732082599,0.4737627504944631,0.4737627504944631,0.4737627504944631,0.4737627504944631
4,S,6,4.0,0.28,True,q3_evidence,PCS raw,pcs_raw,1,S,3.982015709386646,0.29315114044943424,3.6888645689372117,3.6888645689372117,0.9267122148876414,0.018218994140625,12.682034366306299,0.4721746648239631,0.4721746648239631,0.4721746648239631,0.4721746648239631
4,S,6,4.0,0.32,True,q3_evidence,PCS raw,pcs_raw,1,S,3.976555119443372,0.27507007381405624,3.701485045629316,3.701485045629316,0.931232481546486,0.018035888671875,12.751726369362386,0.47379008584055243,0.47379008584055243,0.47379008584055243,0.47379008584055243
4,S,6,4.0,0.36,True,q3_evidence,PCS raw,pcs_raw,1,S,3.970391608345835,0.27745332465652633,3.6929382836893083,3.6929382836893083,0.9306366688358684,0.01739501953125,12.677700501425356,0.47269610031223147,0.47269610031223147,0.47269610031223147,0.47269610031223147
4,S,6,6.0,0.0,False,q3_evidence,Uniform raw,uniform_raw,1,S,4.0,0.6564294802599434,3.3435705197400565,3.3435705197400565,0.8358926299350141,0.0423583984375,11.32263628304923,0.42797702652672726,0.42797702652672726,0.42797702652672726,0.42797702652672726
4,S,6,6.0,0.12,True,q3_evidence,PCS raw,pcs_raw,1,S,3.996679855921233,0.59840853647518,3.398271319446053,3.398271319446053,0.850397865881205,0.037811279296875,11.390558541232533,0.4349787288890948,0.4349787288890948,0.4349787288890948,0.4349787288890948
4,S,6,6.0,0.16,True,q3_evidence,PCS raw,pcs_raw,1,S,3.9941028013225788,0.6039684408974295,3.390134360425149,3.390134360425149,0.8490078897756426,0.037628173828125,11.367080283918181,0.43393719813441906,0.43393719813441906,0.43393719813441906,0.43393719813441906
4,S,6,6.0,0.2,True,q3_evidence,PCS raw,pcs_raw,1,S,3.990796214317659,0.6086600258278565,3.3821361884898025,3.3821361884898025,0.8478349935430358,0.038818359375,11.253633058416959,0.4329134321266947,0.4329134321266947,0.4329134321266947,0.4329134321266947
4,S,6,6.0,0.24,True,q3_evidence,PCS raw,pcs_raw,1,S,3.9867651399345525,0.5823310267764147,3.4044341131581377,3.4044341131581377,0.8544172433058963,0.03662109375,11.254466906664248,0.43576756648424164,0.43576756648424164,0.43576756648424164,0.43576756648424164
4,S,6,6.0,0.28,True,q3_evidence,PCS raw,pcs_raw,1,S,3.982015709386646,0.5790958546146459,3.402919854772,3.402919854772,0.8552260363463385,0.035858154296875,11.141215333138598,0.43557374141081606,0.43557374141081606,0.43557374141081606,0.43557374141081606
4,S,6,6.0,0.32,True,q3_evidence,PCS raw,pcs_raw,1,S,3.976555119443372,0.5850857405920182,3.3914693788513537,3.3914693788513537,0.8537285648519954,0.03741455078125,11.134014880201242,0.4341080804929733,0.4341080804929733,0.4341080804929733,0.4341080804929733
4,S,6,6.0,0.36,True,q3_evidence,PCS raw,pcs_raw,1,S,3.970391608345835,0.6072831880431785,3.363108420302656,3.363108420302656,0.8481792029892053,0.03753662109375,11.028294879367502,0.43047787779873997,0.43047787779873997,0.43047787779873997,0.43047787779873997
4,S,8,-2.0,0.0,False,q3_evidence,Uniform raw,uniform_raw,1,S,4.0,0.1809223943792001,3.8190776056208,3.8190776056208,0.9547694014052,0.0115966796875,13.900370717342652,0.4888419335194624,0.4888419335194624,0.4888419335194624,0.4888419335194624
4,S,8,-2.0,0.12,True,q3_evidence,PCS raw,pcs_raw,1,S,3.996679855921233,0.17799042542973875,3.818689430491494,3.818689430491494,0.9555023936425653,0.011749267578125,13.757385530429186,0.48879224710291125,0.48879224710291125,0.48879224710291125,0.48879224710291125
4,S,8,-2.0,0.16,True,q3_evidence,PCS raw,pcs_raw,1,S,3.9941028013225788,0.16284249401638043,3.831260307306198,3.831260307306198,0.9592893764959048,0.010040283203125,13.845772217786319,0.4904013193351934,0.4904013193351934,0.4904013193351934,0.4904013193351934
4,S,8,-2.0,0.2,True,q3_evidence,PCS raw,pcs_raw,1,S,3.990796214317659,0.16446049990409942,3.8263357144135597,3.8263357144135597,0.9588848750239751,0.010040283203125,13.701874159934134,0.48977097144493564,0.48977097144493564,0.48977097144493564,0.48977097144493564
4,S,8,-2.0,0.24,True,q3_evidence,PCS raw,pcs_raw,1,S,3.9867651399345525,0.14302959676473026,3.843735543169822,3.843735543169822,0.9642426008088174,0.009490966796875,13.803289100264376,0.4919981495257372,0.4919981495257372,0.4919981495257372,0.4919981495257372
4,S,8,-2.0,0.28,True,q3_evidence,PCS raw,pcs_raw,1,S,3.982015709386646,0.15344930040250754,3.8285664089841385,3.8285664089841385,0.9616376748993731,0.01025390625,13.736258601415505,0.4900565003499697,0.4900565003499697,0.4900565003499697,0.4900565003499697
4,S,8,-2.0,0.32,True,q3_evidence,PCS raw,pcs_raw,1,S,3.976555119443372,0.1496167920603723,3.8269383273829995,3.8269383273829995,0.9625958019849069,0.00994873046875,13.78616721285672,0.4898481059050239,0.4898481059050239,0.4898481059050239,0.4898481059050239
4,S,8,-2.0,0.36,True,q3_evidence,PCS raw,pcs_raw,1,S,3.970391608345835,0.14265593946165764,3.827735668884177,3.827735668884177,0.9643360151345856,0.009521484375,13.77251762922916,0.4899501656171747,0.4899501656171747,0.4899501656171747,0.4899501656171747
4,S,8,0.0,0.0,False,q3_evidence,Uniform raw,uniform_raw,1,S,4.0,0.22777761316473333,3.7722223868352667,3.7722223868352667,0.9430555967088167,0.013671875,13.521198883674545,0.4828444655149141,0.4828444655149141,0.4828444655149141,0.4828444655149141
4,S,8,0.0,0.12,True,q3_evidence,PCS raw,pcs_raw,1,S,3.996679855921233,0.20398898407552635,3.7926908718457066,3.7926908718457066,0.9490027539811184,0.012908935546875,13.576429907408134,0.4854644315962504,0.4854644315962504,0.4854644315962504,0.4854644315962504
4,S,8,0.0,0.16,True,q3_evidence,PCS raw,pcs_raw,1,S,3.9941028013225788,0.19127770060286314,3.8028251007197156,3.8028251007197156,0.9521805748492842,0.012115478515625,13.572107064506348,0.4867616128921236,0.4867616128921236,0.4867616128921236,0.4867616128921236
4,S,8,0.0,0.2,True,q3_evidence,PCS raw,pcs_raw,1,S,3.990796214317659,0.16935209488561687,3.8214441194320425,3.8214441194320425,0.9576619762785958,0.00994873046875,13.708597476459817,0.48914484728730145,0.48914484728730145,0.48914484728730145,0.48914484728730145
4,S,8,0.0,0.24,True,q3_evidence,PCS raw,pcs_raw,1,S,3.9867651399345525,0.18031288146464333,3.806452258469909,3.806452258469909,0.9549217796338392,0.011138916015625,13.544647869991973,0.4872258890841484,0.4872258890841484,0.4872258890841484,0.4872258890841484
4,S,8,0.0,0.28,True,q3_evidence,PCS raw,pcs_raw,1,S,3.982015709386646,0.16513545752749004,3.816880251859156,3.816880251859156,0.9587161356181275,0.010589599609375,13.646129786430983,0.488560672237972,0.488560672237972,0.488560672237972,0.488560672237972
4,S,8,0.0,0.32,True,q3_evidence,PCS raw,pcs_raw,1,S,3.976555119443372,0.16377064660256108,3.8127844728408107,3.8127844728408107,0.9590573383493597,0.01055908203125,13.525369346152175,0.4880364125236238,0.4880364125236238,0.4880364125236238,0.4880364125236238
4,S,8,0.0,0.36,True,q3_evidence,PCS raw,pcs_raw,1,S,3.970391608345835,0.17279848772728404,3.7975931206185507,3.7975931206185507,0.956800378068179,0.01226806640625,13.463939929653481,0.4860919194391745,0.4860919194391745,0.4860919194391745,0.4860919194391745
4,S,8,2.0,0.0,False,q3_evidence,Uniform raw,uniform_raw,1,S,4.0,0.27479223200636327,3.725207767993637,3.725207767993637,0.9313019419984092,0.017669677734375,13.211602513824797,0.47682659430318547,0.47682659430318547,0.47682659430318547,0.47682659430318547
4,S,8,2.0,0.12,True,q3_evidence,PCS raw,pcs_raw,1,S,3.996679855921233,0.2677987627927735,3.7288810931284595,3.7288810931284595,0.9330503093018067,0.017059326171875,12.997975512459591,0.47729677992044284,0.47729677992044284,0.47729677992044284,0.47729677992044284
4,S,8,2.0,0.16,True,q3_evidence,PCS raw,pcs_raw,1,S,3.9941028013225788,0.2836641652044447,3.710438636118134,3.710438636118134,0.9290839586988888,0.018310546875,12.926885079161035,0.4749361454231212,0.4749361454231212,0.4749361454231212,0.4749361454231212
4,S,8,2.0,0.2,True,q3_evidence,PCS raw,pcs_raw,1,S,3.990796214317659,0.2623734537389674,3.7284227605786917,3.7284227605786917,0.9344066365652581,0.0162353515625,13.010554240146725,0.4772381133540725,0.4772381133540725,0.4772381133540725,0.4772381133540725
4,S,8,2.0,0.24,True,q3_evidence,PCS raw,pcs_raw,1,S,3.9867651399345525,0.2608945003108136,3.725870639623739,3.725870639623739,0.9347763749222966,0.01641845703125,12.982130144930963,0.47691144187183854,0.47691144187183854,0.47691144187183854,0.47691144187183854
4,S,8,2.0,0.28,True,q3_evidence,PCS raw,pcs_raw,1,S,3.982015709386646,0.27768757435204183,3.7043281350346042,3.7043281350346042,0.9305781064119896,0.016693115234375,12.833203172262913,0.4741540012844293,0.4741540012844293,0.4741540012844293,0.4741540012844293
4,S,8,2.0,0.32,True,q3_evidence,PCS raw,pcs_raw,1,S,3.976555119443372,0.23925412254183037,3.7373009969015416,3.7373009969015416,0.9401864693645424,0.01446533203125,12.959494878210158,0.4783745276033973,0.4783745276033973,0.4783745276033973,0.4783745276033973
4,S,8,2.0,0.36,True,q3_evidence,PCS raw,pcs_raw,1,S,3.970391608345835,0.23070727369634386,3.739684334649491,3.739684334649491,0.942323181575914,0.01458740234375,13.029378507716842,0.47867959483513484,0.47867959483513484,0.47867959483513484,0.47867959483513484
4,S,8,4.0,0.0,False,q3_evidence,Uniform raw,uniform_raw,1,S,4.0,0.5083620668514319,3.491637933148568,3.491637933148568,0.872909483287142,0.032928466796875,12.018853167568341,0.4469296554430167,0.4469296554430167,0.4469296554430167,0.4469296554430167
4,S,8,4.0,0.12,True,q3_evidence,PCS raw,pcs_raw,1,S,3.996679855921233,0.5014499462574159,3.495229909663817,3.495229909663817,0.874637513435646,0.0301513671875,11.838321732977814,0.44738942843696855,0.44738942843696855,0.44738942843696855,0.44738942843696855
4,S,8,4.0,0.16,True,q3_evidence,PCS raw,pcs_raw,1,S,3.9941028013225788,0.4738225162083891,3.5202802851141897,3.5202802851141897,0.8815443709479027,0.0283203125,11.927493474630806,0.4505958764946163,0.4505958764946163,0.4505958764946163,0.4505958764946163
4,S,8,4.0,0.2,True,q3_evidence,PCS raw,pcs_raw,1,S,3.990796214317659,0.46762989954076395,3.523166314776895,3.523166314776895,0.883092525114809,0.029632568359375,11.847877343033105,0.45096528829144256,0.45096528829144256,0.45096528829144256,0.45096528829144256
4,S,8,4.0,0.24,True,q3_evidence,PCS raw,pcs_raw,1,S,3.9867651399345525,0.48169289178564645,3.505072248148906,3.505072248148906,0.8795767770535884,0.02984619140625,11.78794197741601,0.44864924776306,0.44864924776306,0.44864924776306,0.44864924776306
4,S,8,4.0,0.28,True,q3_evidence,PCS raw,pcs_raw,1,S,3.982015709386646,0.4946614156196709,3.487354293766975,3.487354293766975,0.8763346460950823,0.0306396484375,11.623020012153994,0.4463813496021728,0.4463813496021728,0.4463813496021728,0.4463813496021728
4,S,8,4.0,0.32,True,q3_evidence,PCS raw,pcs_raw,1,S,3.976555119443372,0.49800569903994374,3.478549420403428,3.478549420403428,0.8754985752400141,0.03131103515625,11.607135699227474,0.4452543258116388,0.4452543258116388,0.4452543258116388,0.4452543258116388
4,S,8,4.0,0.36,True,q3_evidence,PCS raw,pcs_raw,1,S,3.970391608345835,0.46519508276836313,3.5051965255774715,3.5051965255774715,0.8837012293079092,0.029510498046875,11.640953481326985,0.44866515527391637,0.44866515527391637,0.44866515527391637,0.44866515527391637
4,S,8,6.0,0.0,False,q3_evidence,Uniform raw,uniform_raw,1,S,4.0,1.0129737709239524,2.9870262290760476,2.9870262290760476,0.7467565572690119,0.0679931640625,9.940686425750739,0.3823393573217341,0.3823393573217341,0.3823393573217341,0.3823393573217341
4,S,8,6.0,0.12,True,q3_evidence,PCS raw,pcs_raw,1,S,3.996679855921233,1.047246240412155,2.949433615509078,2.949433615509078,0.7381884398969613,0.0672607421875,9.69103964568874,0.377527502785162,0.377527502785162,0.377527502785162,0.377527502785162
4,S,8,6.0,0.16,True,q3_evidence,PCS raw,pcs_raw,1,S,3.9941028013225788,1.0399114801292892,2.9541913211932895,2.9541913211932895,0.7400221299676777,0.06781005859375,9.624509573394926,0.3781364891127411,0.3781364891127411,0.3781364891127411,0.3781364891127411
4,S,8,6.0,0.2,True,q3_evidence,PCS raw,pcs_raw,1,S,3.990796214317659,1.0337305150726723,2.957065699244987,2.957065699244987,0.7415673712318319,0.06585693359375,9.701448232025635,0.37850440950335834,0.37850440950335834,0.37850440950335834,0.37850440950335834
4,S,8,6.0,0.24,True,q3_evidence,PCS raw,pcs_raw,1,S,3.9867651399345525,1.0297881014491956,2.956977038485357,2.956977038485357,0.7425529746377011,0.066162109375,9.570101742205575,0.37849306092612567,0.37849306092612567,0.37849306092612567,0.37849306092612567
4,S,8,6.0,0.28,True,q3_evidence,PCS raw,pcs_raw,1,S,3.982015709386646,1.0261817158424837,2.955833993544162,2.955833993544162,0.7434545710393791,0.064697265625,9.495275209940383,0.3783467511736528,0.3783467511736528,0.3783467511736528,0.3783467511736528
4,S,8,6.0,0.32,True,q3_evidence,PCS raw,pcs_raw,1,S,3.976555119443372,1.0500629341844505,2.9264921852589216,2.9264921852589216,0.7374842664538874,0.0672607421875,9.457270778244961,0.37459099971314197,0.37459099971314197,0.37459099971314197,0.37459099971314197
4,S,8,6.0,0.36,True,q3_evidence,PCS raw,pcs_raw,1,S,3.970391608345835,1.0488408971439376,2.9215507112018972,2.9215507112018972,0.7377897757140156,0.0675048828125,9.272526026325423,0.3739584910338428,0.3739584910338428,0.3739584910338428,0.3739584910338428
4,S,10,-2.0,0.0,False,q3_evidence,Uniform raw,uniform_raw,1,S,4.0,0.2121559063995398,3.78784409360046,3.78784409360046,0.946961023400115,0.014739990234375,13.674626548052448,0.4848440439808589,0.4848440439808589,0.4848440439808589,0.4848440439808589
4,S,10,-2.0,0.12,True,q3_evidence,PCS raw,pcs_raw,1,S,3.996679855921233,0.19905513513839587,3.797624720782837,3.797624720782837,0.950236216215401,0.012603759765625,13.60178863350707,0.48609596426020313,0.48609596426020313,0.48609596426020313,0.48609596426020313
4,S,10,-2.0,0.16,True,q3_evidence,PCS raw,pcs_raw,1,S,3.9941028013225788,0.17704728041770967,3.8170555209048693,3.8170555209048693,0.9557381798955726,0.010711669921875,13.710991324365253,0.48858310667582333,0.48858310667582333,0.48858310667582333,0.48858310667582333
4,S,10,-2.0,0.2,True,q3_evidence,PCS raw,pcs_raw,1,S,3.990796214317659,0.1886456163278747,3.8021505979897845,3.8021505979897845,0.9528385959180313,0.011749267578125,13.559601061242814,0.48667527654269244,0.48667527654269244,0.48667527654269244,0.48667527654269244
4,S,10,-2.0,0.24,True,q3_evidence,PCS raw,pcs_raw,1,S,3.9867651399345525,0.1749318018802279,3.8118333380543246,3.8118333380543246,0.956267049529943,0.011077880859375,13.560262171570487,0.48791466727095356,0.48791466727095356,0.48791466727095356,0.48791466727095356
4,S,10,-2.0,0.28,True,q3_evidence,PCS raw,pcs_raw,1,S,3.982015709386646,0.1674930509897298,3.8145226583969163,3.8145226583969163,0.9581267372525676,0.0106201171875,13.636349952932463,0.4882589002748053,0.4882589002748053,0.4882589002748053,0.4882589002748053
4,S,10,-2.0,0.32,True,q3_evidence,PCS raw,pcs_raw,1,S,3.976555119443372,0.15059537627565478,3.8259597431677173,3.8259597431677173,0.9623511559310863,0.009613037109375,13.725064816743318,0.4897228471254678,0.4897228471254678,0.4897228471254678,0.4897228471254678
4,S,10,-2.0,0.36,True,q3_evidence,PCS raw,pcs_raw,1,S,3.970391608345835,0.16408851285456771,3.806303095491267,3.806303095491267,0.9589778717863581,0.010040283203125,13.594906996137038,0.4872067962228822,0.4872067962228822,0.4872067962228822,0.4872067962228822
4,S,10,0.0,0.0,False,q3_evidence,Uniform raw,uniform_raw,1,S,4.0,0.2814868732380577,3.7185131267619425,3.7185131267619425,0.9296282816904856,0.01788330078125,13.214431888232653,0.4759696802255286,0.4759696802255286,0.4759696802255286,0.4759696802255286
4,S,10,0.0,0.12,True,q3_evidence,PCS raw,pcs_raw,1,S,3.996679855921233,0.2272047725159834,3.7694750834052493,3.7694750834052493,0.9431988068710041,0.015167236328125,13.3976069617066,0.4824928106758719,0.4824928106758719,0.4824928106758719,0.4824928106758719
4,S,10,0.0,0.16,True,q3_evidence,PCS raw,pcs_raw,1,S,3.9941028013225788,0.233150945570138,3.760951855752441,3.760951855752441,0.9417122636074655,0.014495849609375,13.243939553074433,0.48140183753631244,0.48140183753631244,0.48140183753631244,0.48140183753631244
4,S,10,0.0,0.2,True,q3_evidence,PCS raw,pcs_raw,1,S,3.990796214317659,0.23558683854408663,3.7552093757735725,3.7552093757735725,0.9411032903639783,0.0146484375,13.153823534690542,0.4806668000990173,0.4806668000990173,0.4806668000990173,0.4806668000990173
4,S,10,0.0,0.24,True,q3_evidence,PCS raw,pcs_raw,1,S,3.9867651399345525,0.22216264761721743,3.764602492317335,3.764602492317335,0.9444593380956956,0.013427734375,13.202468666954283,0.4818691190166189,0.4818691190166189,0.4818691190166189,0.4818691190166189
4,S,10,0.0,0.28,True,q3_evidence,PCS raw,pcs_raw,1,S,3.982015709386646,0.2223724172435166,3.7596432921431293,3.7596432921431293,0.9444068956891208,0.01409912109375,13.223774419015635,0.48123434139432053,0.48123434139432053,0.48123434139432053,0.48123434139432053
4,S,10,0.0,0.32,True,q3_evidence,PCS raw,pcs_raw,1,S,3.976555119443372,0.20922002136374304,3.767335098079629,3.767335098079629,0.9476949946590643,0.014312744140625,13.215702863729247,0.4822188925541925,0.4822188925541925,0.4822188925541925,0.4822188925541925
4,S,10,0.0,0.36,True,q3_evidence,PCS raw,pcs_raw,1,S,3.970391608345835,0.20769890922447662,3.762692699121358,3.762692699121358,0.9480752726938808,0.01300048828125,13.267732026782967,0.4816246654875338,0.4816246654875338,0.4816246654875338,0.4816246654875338
4,S,10,2.0,0.0,False,q3_evidence,Uniform raw,uniform_raw,1,S,4.0,0.4124210755769787,3.5875789244230214,3.5875789244230214,0.8968947311057553,0.026763916015625,12.4799713510735,0.45921010232614673,0.45921010232614673,0.45921010232614673,0.45921010232614673
4,S,10,2.0,0.12,True,q3_evidence,PCS raw,pcs_raw,1,S,3.996679855921233,0.3862693009811504,3.6104105549400822,3.6104105549400822,0.9034326747547123,0.024566650390625,12.448585274968478,0.46213255103233053,0.46213255103233053,0.46213255103233053,0.46213255103233053
4,S,10,2.0,0.16,True,q3_evidence,PCS raw,pcs_raw,1,S,3.9941028013225788,0.38690633131821506,3.6071964700043635,3.6071964700043635,0.9032734171704462,0.023284912109375,12.455658204063644,0.46172114816055854,0.46172114816055854,0.46172114816055854,0.46172114816055854
4,S,10,2.0,0.2,True,q3_evidence,PCS raw,pcs_raw,1,S,3.990796214317659,0.3635371485201576,3.6272590657975017,3.6272590657975017,0.9091157128699606,0.023162841796875,12.447252382420306,0.4642891604220802,0.4642891604220802,0.4642891604220802,0.4642891604220802
4,S,10,2.0,0.24,True,q3_evidence,PCS raw,pcs_raw,1,S,3.9867651399345525,0.3880306379464358,3.5987345019881167,3.5987345019881167,0.9029923405133911,0.023834228515625,12.264681063903227,0.4606380162544789,0.4606380162544789,0.4606380162544789,0.4606380162544789
4,S,10,2.0,0.28,True,q3_evidence,PCS raw,pcs_raw,1,S,3.982015709386646,0.3535315313285783,3.6284841780580677,3.6284841780580677,0.9116171171678554,0.022003173828125,12.43896405438543,0.4644459747914327,0.4644459747914327,0.4644459747914327,0.4644459747914327
4,S,10,2.0,0.32,True,q3_evidence,PCS raw,pcs_raw,1,S,3.976555119443372,0.35393982512299094,3.622615294320381,3.622615294320381,0.9115150437192523,0.02166748046875,12.33067392091646,0.4636947576730088,0.4636947576730088,0.4636947576730088,0.4636947576730088
4,S,10,2.0,0.36,True,q3_evidence,PCS raw,pcs_raw,1,S,3.970391608345835,0.3529105664228047,3.61748104192303,3.61748104192303,0.9117723583942988,0.021820068359375,12.261388926114932,0.4630375733661478,0.4630375733661478,0.4630375733661478,0.4630375733661478
4,S,10,4.0,0.0,False,q3_evidence,Uniform raw,uniform_raw,1,S,4.0,0.7842075143415383,3.2157924856584614,3.2157924856584614,0.8039481214146154,0.050445556640625,10.922824332526293,0.4116214381642831,0.4116214381642831,0.4116214381642831,0.4116214381642831
4,S,10,4.0,0.12,True,q3_evidence,PCS raw,pcs_raw,1,S,3.996679855921233,0.7854526139375406,3.2112272419836922,3.2112272419836922,0.8036368465156148,0.048980712890625,10.645994690639409,0.4110370869739126,0.4110370869739126,0.4110370869739126,0.4110370869739126
4,S,10,4.0,0.16,True,q3_evidence,PCS raw,pcs_raw,1,S,3.9941028013225788,0.7893987983118648,3.204704003010714,3.204704003010714,0.8026503004220338,0.04901123046875,10.55631830061744,0.4102021123853714,0.4102021123853714,0.4102021123853714,0.4102021123853714
4,S,10,4.0,0.2,True,q3_evidence,PCS raw,pcs_raw,1,S,3.990796214317659,0.7714215774694263,3.219374636848233,3.219374636848233,0.8071446056326435,0.048583984375,10.602402643433923,0.41207995351657384,0.41207995351657384,0.41207995351657384,0.41207995351657384
4,S,10,4.0,0.24,True,q3_evidence,PCS raw,pcs_raw,1,S,3.9867651399345525,0.7739902117937161,3.2127749281408366,3.2127749281408366,0.806502447051571,0.04638671875,10.522013892316792,0.4112351908020271,0.4112351908020271,0.4112351908020271,0.4112351908020271
4,S,10,4.0,0.28,True,q3_evidence,PCS raw,pcs_raw,1,S,3.982015709386646,0.7450199427492019,3.236995766637444,3.236995766637444,0.8137450143126995,0.047119140625,10.59596967255116,0.4143354581295928,0.4143354581295928,0.4143354581295928,0.4143354581295928
4,S,10,4.0,0.32,True,q3_evidence,PCS raw,pcs_raw,1,S,3.976555119443372,0.7695660995373022,3.2069890199060698,3.2069890199060698,0.8076084751156745,0.04656982421875,10.464182523784011,0.41049459454797693,0.41049459454797693,0.41049459454797693,0.41049459454797693
4,S,10,4.0,0.36,True,q3_evidence,PCS raw,pcs_raw,1,S,3.970391608345835,0.7979348496332427,3.1724567587125923,3.1724567587125923,0.8005162875916894,0.048919677734375,10.296203851865593,0.4060744651152118,0.4060744651152118,0.4060744651152118,0.4060744651152118
4,S,10,6.0,0.0,False,q3_evidence,Uniform raw,uniform_raw,1,S,4.0,1.5610310142004984,2.4389689857995016,2.4389689857995016,0.6097422464498754,0.109222412109375,7.9820055383957875,0.3121880301823362,0.3121880301823362,0.3121880301823362,0.3121880301823362
4,S,10,6.0,0.12,True,q3_evidence,PCS raw,pcs_raw,1,S,3.996679855921233,1.5798082102287945,2.4168716456924386,2.4168716456924386,0.6050479474428014,0.10711669921875,7.8257177719256665,0.3093595706486321,0.3093595706486321,0.3093595706486321,0.3093595706486321
4,S,10,6.0,0.16,True,q3_evidence,PCS raw,pcs_raw,1,S,3.9941028013225788,1.5980094622081813,2.3960933391143975,2.3960933391143975,0.6004976344479547,0.109954833984375,7.697163305182361,0.30669994740664286,0.30669994740664286,0.30669994740664286,0.30669994740664286
4,S,10,6.0,0.2,True,q3_evidence,PCS raw,pcs_raw,1,S,3.990796214317659,1.5820896224149912,2.408706591902668,2.408706591902668,0.6044775943962521,0.106964111328125,7.705050258573511,0.3083144437635415,0.3083144437635415,0.3083144437635415,0.3083144437635415
4,S,10,6.0,0.24,True,q3_evidence,PCS raw,pcs_raw,1,S,3.9867651399345525,1.5681590203686935,2.418606119565859,2.418606119565859,0.6079602449078266,0.1058349609375,7.665524854163047,0.3095815833044299,0.3095815833044299,0.3095815833044299,0.3095815833044299
4,S,10,6.0,0.28,True,q3_evidence,PCS raw,pcs_raw,1,S,3.982015709386646,1.6091865974602693,2.372829111926377,2.372829111926377,0.5977033506349327,0.110443115234375,7.529751104231382,0.30372212632657625,0.30372212632657625,0.30372212632657625,0.30372212632657625
4,S,10,6.0,0.32,True,q3_evidence,PCS raw,pcs_raw,1,S,3.976555119443372,1.5999062252934508,2.376648894149921,2.376648894149921,0.6000234436766373,0.11029052734375,7.499696367254192,0.3042110584511899,0.3042110584511899,0.3042110584511899,0.3042110584511899
4,S,10,6.0,0.36,True,q3_evidence,PCS raw,pcs_raw,1,S,3.970391608345835,1.585396465428494,2.384995142917341,2.384995142917341,0.6036508836428766,0.104522705078125,7.435197509814256,0.30527937829341967,0.30527937829341967,0.30527937829341967,0.30527937829341967
4,S,12,-2.0,0.0,False,q3_evidence,Uniform raw,uniform_raw,1,S,4.0,0.25086936962476586,3.7491306303752343,3.7491306303752343,0.9372826575938086,0.016143798828125,13.48908476737713,0.47988872068802996,0.47988872068802996,0.47988872068802996,0.47988872068802996
4,S,12,-2.0,0.12,True,q3_evidence,PCS raw,pcs_raw,1,S,3.996679855921233,0.2212027716849273,3.7754770842363055,3.7754770842363055,0.9446993070787681,0.014129638671875,13.523417088310598,0.48326106678224706,0.48326106678224706,0.48326106678224706,0.48326106678224706
4,S,12,-2.0,0.16,True,q3_evidence,PCS raw,pcs_raw,1,S,3.9941028013225788,0.2118139177517452,3.7822888835708337,3.7822888835708337,0.9470465205620637,0.013427734375,13.344688871645564,0.4841329770970667,0.4841329770970667,0.4841329770970667,0.4841329770970667
4,S,12,-2.0,0.2,True,q3_evidence,PCS raw,pcs_raw,1,S,3.990796214317659,0.20121659177641754,3.7895796225412415,3.7895796225412415,0.9496958520558956,0.01287841796875,13.399756431312042,0.4850661916852789,0.4850661916852789,0.4850661916852789,0.4850661916852789
4,S,12,-2.0,0.24,True,q3_evidence,PCS raw,pcs_raw,1,S,3.9867651399345525,0.2075824918309804,3.779182648103572,3.779182648103572,0.9481043770422549,0.012969970703125,13.386647094929282,0.48373537895725727,0.48373537895725727,0.48373537895725727,0.48373537895725727
4,S,12,-2.0,0.28,True,q3_evidence,PCS raw,pcs_raw,1,S,3.982015709386646,0.193709962930708,3.7883057464559378,3.7883057464559378,0.951572509267323,0.012481689453125,13.408262529774719,0.48490313554636005,0.48490313554636005,0.48490313554636005,0.48490313554636005
4,S,12,-2.0,0.32,True,q3_evidence,PCS raw,pcs_raw,1,S,3.976555119443372,0.1942347968336991,3.7823203226096727,3.7823203226096727,0.9514413007915752,0.012298583984375,13.36178665514492,0.4841370012940381,0.4841370012940381,0.4841370012940381,0.4841370012940381
4,S,12,-2.0,0.36,True,q3_evidence,PCS raw,pcs_raw,1,S,3.970391608345835,0.17375790289716456,3.79663370544867,3.79663370544867,0.9565605242757088,0.010406494140625,13.513553162587673,0.4859691142974297,0.4859691142974297,0.4859691142974297,0.4859691142974297
4,S,12,0.0,0.0,False,q3_evidence,Uniform raw,uniform_raw,1,S,4.0,0.32696783308328403,3.673032166916716,3.673032166916716,0.918258041729179,0.02142333984375,12.882209340965044,0.4701481173653397,0.4701481173653397,0.4701481173653397,0.4701481173653397
4,S,12,0.0,0.12,True,q3_evidence,PCS raw,pcs_raw,1,S,3.996679855921233,0.30781756905609703,3.688862286865136,3.688862286865136,0.9230456077359758,0.019195556640625,12.865566270784345,0.4721743727187374,0.4721743727187374,0.4721743727187374,0.4721743727187374
4,S,12,0.0,0.16,True,q3_evidence,PCS raw,pcs_raw,1,S,3.9941028013225788,0.2846275065908315,3.7094752947317473,3.7094752947317473,0.9288431233522921,0.01727294921875,12.964641976435747,0.47481283772566363,0.47481283772566363,0.47481283772566363,0.47481283772566363
4,S,12,0.0,0.2,True,q3_evidence,PCS raw,pcs_raw,1,S,3.990796214317659,0.2992279646541886,3.6915682496634705,3.6915682496634705,0.9251930088364528,0.02008056640625,12.78058233231189,0.47252073595692423,0.47252073595692423,0.47252073595692423,0.47252073595692423
4,S,12,0.0,0.24,True,q3_evidence,PCS raw,pcs_raw,1,S,3.9867651399345525,0.28446499635189026,3.7023001435826624,3.7023001435826624,0.9288837509120275,0.017608642578125,12.849369304978705,0.4738944183785808,0.4738944183785808,0.4738944183785808,0.4738944183785808
4,S,12,0.0,0.28,True,q3_evidence,PCS raw,pcs_raw,1,S,3.982015709386646,0.2739605106154232,3.708055198771223,3.708055198771223,0.9315098723461442,0.01678466796875,12.834283300484357,0.47463106544271655,0.47463106544271655,0.47463106544271655,0.47463106544271655
4,S,12,0.0,0.32,True,q3_evidence,PCS raw,pcs_raw,1,S,3.976555119443372,0.29081729311425486,3.685737826329117,3.685737826329117,0.9272956767214363,0.018310546875,12.725852569087909,0.471774441770127,0.471774441770127,0.471774441770127,0.471774441770127
4,S,12,0.0,0.36,True,q3_evidence,PCS raw,pcs_raw,1,S,3.970391608345835,0.258633831790803,3.711757776555032,3.711757776555032,0.9353415420522992,0.016357421875,12.859405949313459,0.47510499539904405,0.47510499539904405,0.47510499539904405,0.47510499539904405
4,S,12,2.0,0.0,False,q3_evidence,Uniform raw,uniform_raw,1,S,4.0,0.5796218054966149,3.4203781945033853,3.4203781945033853,0.8550945486258463,0.037689208984375,11.741590088464086,0.43780840889643335,0.43780840889643335,0.43780840889643335,0.43780840889643335
4,S,12,2.0,0.12,True,q3_evidence,PCS raw,pcs_raw,1,S,3.996679855921233,0.5749089262169348,3.421770929704298,3.421770929704298,0.8562727684457663,0.03521728515625,11.571793407971406,0.43798667900215016,0.43798667900215016,0.43798667900215016,0.43798667900215016
4,S,12,2.0,0.16,True,q3_evidence,PCS raw,pcs_raw,1,S,3.9941028013225788,0.5231808276061536,3.4709219737164254,3.4709219737164254,0.8692047930984617,0.0323486328125,11.713288215939738,0.44427801263570244,0.44427801263570244,0.44427801263570244,0.44427801263570244
4,S,12,2.0,0.2,True,q3_evidence,PCS raw,pcs_raw,1,S,3.990796214317659,0.5342050096891813,3.456591204628478,3.456591204628478,0.8664487475777047,0.032562255859375,11.595475420209159,0.4424436741924452,0.4424436741924452,0.4424436741924452,0.4424436741924452
4,S,12,2.0,0.24,True,q3_evidence,PCS raw,pcs_raw,1,S,3.9867651399345525,0.5475675117748103,3.439197628159742,3.439197628159742,0.8631081220562974,0.03314208984375,11.460720769681494,0.44021729640444696,0.44021729640444696,0.44021729640444696,0.44021729640444696
4,S,12,2.0,0.28,True,q3_evidence,PCS raw,pcs_raw,1,S,3.982015709386646,0.5250986834331366,3.4569170259535094,3.4569170259535094,0.8687253291417159,0.031890869140625,11.515985100481284,0.4424853793220492,0.4424853793220492,0.4424853793220492,0.4424853793220492
4,S,12,2.0,0.32,True,q3_evidence,PCS raw,pcs_raw,1,S,3.976555119443372,0.49247337882247644,3.4840817406208955,3.4840817406208955,0.8768816552943809,0.0294189453125,11.624911916104878,0.4459624627994746,0.4459624627994746,0.4459624627994746,0.4459624627994746
4,S,12,2.0,0.36,True,q3_evidence,PCS raw,pcs_raw,1,S,3.970391608345835,0.4992073816277586,3.4711842267180764,3.4711842267180764,0.8751981545930604,0.031036376953125,11.52541305227533,0.44431158101991375,0.44431158101991375,0.44431158101991375,0.44431158101991375
4,S,12,4.0,0.0,False,q3_evidence,Uniform raw,uniform_raw,1,S,4.0,1.1181912391151423,2.8818087608848577,2.8818087608848577,0.7204521902212144,0.072296142578125,9.48534714038573,0.3688715213932618,0.3688715213932618,0.3688715213932618,0.3688715213932618
4,S,12,4.0,0.12,True,q3_evidence,PCS raw,pcs_raw,1,S,3.996679855921233,1.0896725614032352,2.9070072945179977,2.9070072945179977,0.7275818596491912,0.068572998046875,9.547223251014763,0.3720969336983037,0.3720969336983037,0.3720969336983037,0.3720969336983037
4,S,12,4.0,0.16,True,q3_evidence,PCS raw,pcs_raw,1,S,3.9941028013225788,1.0840031415896307,2.910099659732948,2.910099659732948,0.7289992146025923,0.069427490234375,9.478962773359562,0.3724927564458173,0.3724927564458173,0.3724927564458173,0.3724927564458173
4,S,12,4.0,0.2,True,q3_evidence,PCS raw,pcs_raw,1,S,3.990796214317659,1.1150581525283485,2.8757380617893107,2.8757380617893107,0.7212354618679129,0.070709228515625,9.35344412169753,0.3680944719090317,0.3680944719090317,0.3680944719090317,0.3680944719090317
4,S,12,4.0,0.24,True,q3_evidence,PCS raw,pcs_raw,1,S,3.9867651399345525,1.1598831562120033,2.826881983722549,2.826881983722549,0.7100292109469991,0.07342529296875,9.096091615528817,0.3618408939164863,0.3618408939164863,0.3618408939164863,0.3618408939164863
4,S,12,4.0,0.28,True,q3_evidence,PCS raw,pcs_raw,1,S,3.982015709386646,1.145958785199972,2.836056924186674,2.836056924186674,0.713510303700007,0.073272705078125,9.108661972863887,0.3630152862958943,0.3630152862958943,0.3630152862958943,0.3630152862958943
4,S,12,4.0,0.32,True,q3_evidence,PCS raw,pcs_raw,1,S,3.976555119443372,1.122767183171646,2.853787936271726,2.853787936271726,0.7193082042070885,0.07080078125,9.106128148949042,0.3652848558427809,0.3652848558427809,0.3652848558427809,0.3652848558427809
4,S,12,4.0,0.36,True,q3_evidence,PCS raw,pcs_raw,1,S,3.970391608345835,1.0975135849412165,2.8728780234046183,2.8728780234046183,0.7256216037646959,0.07049560546875,9.253412887444362,0.36772838699579113,0.36772838699579113,0.36772838699579113,0.36772838699579113
4,S,12,6.0,0.0,False,q3_evidence,Uniform raw,uniform_raw,1,S,4.0,2.1018651787753004,1.8981348212246996,1.8981348212246996,0.4745337053061749,0.15704345703125,6.1574052958026195,0.24296125711676153,0.24296125711676153,0.24296125711676153,0.24296125711676153
4,S,12,6.0,0.12,True,q3_evidence,PCS raw,pcs_raw,1,S,3.996679855921233,2.156582883966226,1.8400969719550067,1.8400969719550067,0.46085427900844345,0.161651611328125,5.817979911062836,0.23553241241024084,0.23553241241024084,0.23553241241024084,0.23553241241024084
4,S,12,6.0,0.16,True,q3_evidence,PCS raw,pcs_raw,1,S,3.9941028013225788,2.1341659515322196,1.8599368497903592,1.8599368497903592,0.4664585121169451,0.1588134765625,5.975701363697512,0.238071916773166,0.238071916773166,0.238071916773166,0.238071916773166
4,S,12,6.0,0.2,True,q3_evidence,PCS raw,pcs_raw,1,S,3.990796214317659,2.131744163441354,1.859052050876305,1.859052050876305,0.4670639591396615,0.157196044921875,5.854825039175261,0.23795866251216705,0.23795866251216705,0.23795866251216705,0.23795866251216705
4,S,12,6.0,0.24,True,q3_evidence,PCS raw,pcs_raw,1,S,3.9867651399345525,2.141948061957966,1.8448170779765865,1.8448170779765865,0.4645129845105085,0.1573486328125,5.729966514983625,0.23613658598100304,0.23613658598100304,0.23613658598100304,0.23613658598100304
4,S,12,6.0,0.28,True,q3_evidence,PCS raw,pcs_raw,1,S,3.982015709386646,2.170885836920588,1.8111298724660578,1.8111298724660578,0.45727854076985297,0.158294677734375,5.72233012564836,0.2318246236756554,0.2318246236756554,0.2318246236756554,0.2318246236756554
4,S,12,6.0,0.32,True,q3_evidence,PCS raw,pcs_raw,1,S,3.976555119443372,2.1833375586115027,1.7932175608318692,1.7932175608318692,0.4541656103471243,0.158355712890625,5.509833192897856,0.22953184778647925,0.22953184778647925,0.22953184778647925,0.22953184778647925
4,S,12,6.0,0.36,True,q3_evidence,PCS raw,pcs_raw,1,S,3.970391608345835,2.1760246868037947,1.7943669215420401,1.7943669215420401,0.45599382829905133,0.158477783203125,5.511996407282886,0.22967896595738113,0.22967896595738113,0.22967896595738113,0.22967896595738113
5,C,6,-2.0,0.0,False,q3_evidence,Uniform raw,uniform_raw,1,C,4.0,0.09546533592524716,3.904534664074753,3.904534664074753,0.9761336660186882,0.005950927734375,14.797688464205137,0.4997804370015684,0.4997804370015684,0.4997804370015684,0.4997804370015684
5,C,6,-2.0,0.12,True,q3_evidence,PCS raw,pcs_raw,1,C,3.996679855921233,0.07564806028195584,3.921031795639277,3.921031795639277,0.981087984929511,0.00518798828125,14.852853289458723,0.5018920698418274,0.5018920698418274,0.5018920698418274,0.5018920698418274
5,C,6,-2.0,0.16,True,q3_evidence,PCS raw,pcs_raw,1,C,3.9941028013225788,0.06959048910241272,3.924512312220166,3.924512312220166,0.9826023777243968,0.004302978515625,14.817235910595269,0.5023375759641813,0.5023375759641813,0.5023375759641813,0.5023375759641813
5,C,6,-2.0,0.2,True,q3_evidence,PCS raw,pcs_raw,1,C,3.990796214317659,0.08030997818423166,3.9104862361334276,3.9104862361334276,0.9799225054539421,0.005096435546875,14.815531295924092,0.5005422382250787,0.5005422382250787,0.5005422382250787,0.5005422382250787
5,C,6,-2.0,0.24,True,q3_evidence,PCS raw,pcs_raw,1,C,3.9867651399345525,0.0792808487532839,3.9074842911812686,3.9074842911812686,0.980179787811679,0.00457763671875,14.78603635045021,0.5001579892712024,0.5001579892712024,0.5001579892712024,0.5001579892712024
5,C,6,-2.0,0.28,True,q3_evidence,PCS raw,pcs_raw,1,C,3.982015709386646,0.07514037783814831,3.9068753315484974,3.9068753315484974,0.9812149055404629,0.004730224609375,14.771693104929412,0.5000800424382077,0.5000800424382077,0.5000800424382077,0.5000800424382077
5,C,6,-2.0,0.32,True,q3_evidence,PCS raw,pcs_raw,1,C,3.976555119443372,0.06418584236490515,3.912369277078467,3.912369277078467,0.9839535394087737,0.00421142578125,14.766391550259373,0.5007832674660437,0.5007832674660437,0.5007832674660437,0.5007832674660437
5,C,6,-2.0,0.36,True,q3_evidence,PCS raw,pcs_raw,1,C,3.970391608345835,0.06275313786951349,3.9076384704763214,3.9076384704763214,0.9843117155326216,0.0037841796875,14.776955110997665,0.5001777242209691,0.5001777242209691,0.5001777242209691,0.5001777242209691
5,C,6,0.0,0.0,False,q3_evidence,Uniform raw,uniform_raw,1,C,4.0,0.11414544048347211,3.885854559516528,3.885854559516528,0.971463639879132,0.00732421875,14.6765251965479,0.4973893836181156,0.4973893836181156,0.4973893836181156,0.4973893836181156
5,C,6,0.0,0.12,True,q3_evidence,PCS raw,pcs_raw,1,C,3.996679855921233,0.09014739228626145,3.9065324636349716,3.9065324636349716,0.9774631519284347,0.005523681640625,14.618010516434603,0.5000361553452763,0.5000361553452763,0.5000361553452763,0.5000361553452763
5,C,6,0.0,0.16,True,q3_evidence,PCS raw,pcs_raw,1,C,3.9941028013225788,0.08523229097076682,3.9088705103518118,3.9088705103518118,0.9786919272573082,0.00518798828125,14.631649205325065,0.500335425325032,0.500335425325032,0.500335425325032,0.500335425325032
5,C,6,0.0,0.2,True,q3_evidence,PCS raw,pcs_raw,1,C,3.990796214317659,0.09726254840597294,3.8935336659116864,3.8935336659116864,0.9756843628985068,0.005828857421875,14.562666407947784,0.49837230923669584,0.49837230923669584,0.49837230923669584,0.49837230923669584
5,C,6,0.0,0.24,True,q3_evidence,PCS raw,pcs_raw,1,C,3.9867651399345525,0.08480284483474196,3.9019622950998105,3.9019622950998105,0.9787992887913145,0.005401611328125,14.627099229285738,0.49945117377277576,0.49945117377277576,0.49945117377277576,0.49945117377277576
5,C,6,0.0,0.28,True,q3_evidence,PCS raw,pcs_raw,1,C,3.982015709386646,0.07143298331209584,3.91058272607455,3.91058272607455,0.982141754171976,0.00439453125,14.716490978673363,0.5005545889375425,0.5005545889375425,0.5005545889375425,0.5005545889375425
5,C,6,0.0,0.32,True,q3_evidence,PCS raw,pcs_raw,1,C,3.976555119443372,0.07834762809138159,3.8982074913519904,3.8982074913519904,0.9804130929771546,0.005401611328125,14.550849167052169,0.49897055889305475,0.49897055889305475,0.49897055889305475,0.49897055889305475
5,C,6,0.0,0.36,True,q3_evidence,PCS raw,pcs_raw,1,C,3.970391608345835,0.07866789735120107,3.8917237109946337,3.8917237109946337,0.9803330256621997,0.00469970703125,14.518968995281048,0.4981406350073131,0.4981406350073131,0.4981406350073131,0.4981406350073131
5,C,6,2.0,0.0,False,q3_evidence,Uniform raw,uniform_raw,1,C,4.0,0.15613342097467625,3.843866579025324,3.843866579025324,0.960966644756331,0.0096435546875,14.216438379076271,0.49201492211524145,0.49201492211524145,0.49201492211524145,0.49201492211524145
5,C,6,2.0,0.12,True,q3_evidence,PCS raw,pcs_raw,1,C,3.996679855921233,0.12922823704156788,3.867451618879665,3.867451618879665,0.967692940739608,0.00823974609375,14.194473400765714,0.4950338072165971,0.4950338072165971,0.4950338072165971,0.4950338072165971
5,C,6,2.0,0.16,True,q3_evidence,PCS raw,pcs_raw,1,C,3.9941028013225788,0.1273155718776235,3.8667872294449555,3.8667872294449555,0.9681711070305942,0.007568359375,14.14843306651907,0.49494876536895427,0.49494876536895427,0.49494876536895427,0.49494876536895427
5,C,6,2.0,0.2,True,q3_evidence,PCS raw,pcs_raw,1,C,3.990796214317659,0.1242088263974574,3.8665873879202017,3.8665873879202017,0.9689477934006356,0.00787353515625,14.169099412863638,0.49492318565378585,0.49492318565378585,0.49492318565378585,0.49492318565378585
5,C,6,2.0,0.24,True,q3_evidence,PCS raw,pcs_raw,1,C,3.9867651399345525,0.10796856641294326,3.8787965735216092,3.8787965735216092,0.9730078583967642,0.00665283203125,14.283905550689695,0.496485961410766,0.496485961410766,0.496485961410766,0.496485961410766
5,C,6,2.0,0.28,True,q3_evidence,PCS raw,pcs_raw,1,C,3.982015709386646,0.11008018558008842,3.8719355238065574,3.8719355238065574,0.9724799536049779,0.00714111328125,14.232372644858234,0.4956077470472393,0.4956077470472393,0.4956077470472393,0.4956077470472393
5,C,6,2.0,0.32,True,q3_evidence,PCS raw,pcs_raw,1,C,3.976555119443372,0.11127421435630747,3.8652809050870642,3.8652809050870642,0.9721814464109231,0.007049560546875,14.18167890056207,0.49475595585114424,0.49475595585114424,0.49475595585114424,0.49475595585114424
5,C,6,2.0,0.36,True,q3_evidence,PCS raw,pcs_raw,1,C,3.970391608345835,0.1230281821989381,3.8473634261468965,3.8473634261468965,0.9692429544502654,0.00787353515625,14.139323165852442,0.49246251854680273,0.49246251854680273,0.49246251854680273,0.49246251854680273
5,C,6,4.0,0.0,False,q3_evidence,Uniform raw,uniform_raw,1,C,4.0,0.2531956623279441,3.7468043376720557,3.7468043376720557,0.9367010844180139,0.016357421875,13.37661501227118,0.4795909552220231,0.4795909552220231,0.4795909552220231,0.4795909552220231
5,C,6,4.0,0.12,True,q3_evidence,PCS raw,pcs_raw,1,C,3.996679855921233,0.24224827601463977,3.7544315799065933,3.7544315799065933,0.9394379309963401,0.014495849609375,13.329398207194028,0.4805672422280439,0.4805672422280439,0.4805672422280439,0.4805672422280439
5,C,6,4.0,0.16,True,q3_evidence,PCS raw,pcs_raw,1,C,3.9941028013225788,0.24593977679382212,3.7481630245287567,3.7481630245287567,0.9385150558015445,0.015625,13.322480689873723,0.47976486713968086,0.47976486713968086,0.47976486713968086,0.47976486713968086
5,C,6,4.0,0.2,True,q3_evidence,PCS raw,pcs_raw,1,C,3.990796214317659,0.2352727287280736,3.7555234855895856,3.7555234855895856,0.9411818178179816,0.0135498046875,13.304081202510886,0.48070700615546696,0.48070700615546696,0.48070700615546696,0.48070700615546696
5,C,6,4.0,0.24,True,q3_evidence,PCS raw,pcs_raw,1,C,3.9867651399345525,0.23046294992320016,3.7563021900113522,3.7563021900113522,0.9423842625191999,0.013916015625,13.283178539273315,0.4808066803214531,0.4808066803214531,0.4808066803214531,0.4808066803214531
5,C,6,4.0,0.28,True,q3_evidence,PCS raw,pcs_raw,1,C,3.982015709386646,0.23447838868558102,3.747537320701065,3.747537320701065,0.9413804028286048,0.014617919921875,13.146003795463768,0.47968477704973633,0.47968477704973633,0.47968477704973633,0.47968477704973633
5,C,6,4.0,0.32,True,q3_evidence,PCS raw,pcs_raw,1,C,3.976555119443372,0.22864901871349455,3.7479061007298773,3.7479061007298773,0.9428377453216263,0.0137939453125,13.165086964416355,0.47973198089342434,0.47973198089342434,0.47973198089342434,0.47973198089342434
5,C,6,4.0,0.36,True,q3_evidence,PCS raw,pcs_raw,1,C,3.970391608345835,0.22347843019049635,3.7469131781553386,3.7469131781553386,0.944130392452376,0.013275146484375,13.17408444577927,0.47960488680388336,0.47960488680388336,0.47960488680388336,0.47960488680388336
5,C,6,6.0,0.0,False,q3_evidence,Uniform raw,uniform_raw,1,C,4.0,0.5905777088093533,3.409422291190647,3.409422291190647,0.8523555727976617,0.035614013671875,11.779944004810424,0.4364060532724028,0.4364060532724028,0.4364060532724028,0.4364060532724028
5,C,6,6.0,0.12,True,q3_evidence,PCS raw,pcs_raw,1,C,3.996679855921233,0.5922557015390613,3.4044241543821716,3.4044241543821716,0.8519360746152347,0.035125732421875,11.541719839235697,0.43576629176091797,0.43576629176091797,0.43576629176091797,0.43576629176091797
5,C,6,6.0,0.16,True,q3_evidence,PCS raw,pcs_raw,1,C,3.9941028013225788,0.5607252546004371,3.4333775467221415,3.4333775467221415,0.8598186863498907,0.0343017578125,11.530401374289024,0.43947232598043406,0.43947232598043406,0.43947232598043406,0.43947232598043406
5,C,6,6.0,0.2,True,q3_evidence,PCS raw,pcs_raw,1,C,3.990796214317659,0.5457360245987614,3.4450601897188977,3.4450601897188977,0.8635659938503096,0.032867431640625,11.508231815756417,0.44096770428401894,0.44096770428401894,0.44096770428401894,0.44096770428401894
5,C,6,6.0,0.24,True,q3_evidence,PCS raw,pcs_raw,1,C,3.9867651399345525,0.5459492550802805,3.4408158848542723,3.4408158848542723,0.8635126862299299,0.032257080078125,11.506764313762892,0.44042443326134684,0.44042443326134684,0.44042443326134684,0.44042443326134684
5,C,6,6.0,0.28,True,q3_evidence,PCS raw,pcs_raw,1,C,3.982015709386646,0.5391492448323594,3.4428664645542866,3.4428664645542866,0.8652126887919102,0.032073974609375,11.476155491747008,0.4406869074629487,0.4406869074629487,0.4406869074629487,0.4406869074629487
5,C,6,6.0,0.32,True,q3_evidence,PCS raw,pcs_raw,1,C,3.976555119443372,0.5411176849074754,3.4354374345358965,3.4354374345358965,0.8647205787731311,0.031829833984375,11.469545287451254,0.43973599162059473,0.43973599162059473,0.43973599162059473,0.43973599162059473
5,C,6,6.0,0.36,True,q3_evidence,PCS raw,pcs_raw,1,C,3.970391608345835,0.562247193475045,3.40814441487079,3.40814441487079,0.8594382016312387,0.033172607421875,11.318528734976494,0.43624248510346114,0.43624248510346114,0.43624248510346114,0.43624248510346114
5,C,8,-2.0,0.0,False,q3_evidence,Uniform raw,uniform_raw,1,C,4.0,0.1143616963773996,3.8856383036226005,3.8856383036226005,0.9714095759056501,0.006866455078125,14.719058291586107,0.49736170286369286,0.49736170286369286,0.49736170286369286,0.49736170286369286
5,C,8,-2.0,0.12,True,q3_evidence,PCS raw,pcs_raw,1,C,3.996679855921233,0.09356619888592486,3.903113657035308,3.903113657035308,0.9766084502785188,0.0057373046875,14.58372462353481,0.49959854810051946,0.49959854810051946,0.49959854810051946,0.49959854810051946
5,C,8,-2.0,0.16,True,q3_evidence,PCS raw,pcs_raw,1,C,3.9941028013225788,0.09042152502572871,3.90368127629685,3.90368127629685,0.9773946187435678,0.005615234375,14.625639470522042,0.49967120336599685,0.49967120336599685,0.49967120336599685,0.49967120336599685
5,C,8,-2.0,0.2,True,q3_evidence,PCS raw,pcs_raw,1,C,3.990796214317659,0.09487681409503675,3.8959194002226223,3.8959194002226223,0.9762807964762408,0.005706787109375,14.566261859982168,0.49867768322849565,0.49867768322849565,0.49867768322849565,0.49867768322849565
5,C,8,-2.0,0.24,True,q3_evidence,PCS raw,pcs_raw,1,C,3.9867651399345525,0.08415132107632092,3.9026138188582316,3.9026138188582316,0.9789621697309198,0.005096435546875,14.623875078917658,0.49953456881385366,0.49953456881385366,0.49953456881385366,0.49953456881385366
5,C,8,-2.0,0.28,True,q3_evidence,PCS raw,pcs_raw,1,C,3.982015709386646,0.07995731856057532,3.9020583908260704,3.9020583908260704,0.9800106703598561,0.004791259765625,14.60057330743914,0.499463474025737,0.499463474025737,0.499463474025737,0.499463474025737
5,C,8,-2.0,0.32,True,q3_evidence,PCS raw,pcs_raw,1,C,3.976555119443372,0.09634115120182195,3.88021396824155,3.88021396824155,0.9759147121995445,0.0057373046875,14.527238797496619,0.4966673879349184,0.4966673879349184,0.4966673879349184,0.4966673879349184
5,C,8,-2.0,0.36,True,q3_evidence,PCS raw,pcs_raw,1,C,3.970391608345835,0.08010238578014692,3.8902892225656878,3.8902892225656878,0.9799744035549632,0.00592041015625,14.538507047751379,0.497957020488408,0.497957020488408,0.497957020488408,0.497957020488408
5,C,8,0.0,0.0,False,q3_evidence,Uniform raw,uniform_raw,1,C,4.0,0.14852625346681236,3.8514737465331876,3.8514737465331876,0.9628684366332969,0.00933837890625,14.289016621227846,0.49298863955624805,0.49298863955624805,0.49298863955624805,0.49298863955624805
5,C,8,0.0,0.12,True,q3_evidence,PCS raw,pcs_raw,1,C,3.996679855921233,0.14399397162027402,3.852685884300959,3.852685884300959,0.9640015070949315,0.0087890625,14.23749499143786,0.4931437931905227,0.4931437931905227,0.4931437931905227,0.4931437931905227
5,C,8,0.0,0.16,True,q3_evidence,PCS raw,pcs_raw,1,C,3.9941028013225788,0.12490525114672286,3.8691975501758558,3.8691975501758558,0.9687736872133192,0.008148193359375,14.26028444632733,0.49525728642250955,0.49525728642250955,0.49525728642250955,0.49525728642250955
5,C,8,0.0,0.2,True,q3_evidence,PCS raw,pcs_raw,1,C,3.990796214317659,0.11632045533641377,3.8744757589812453,3.8744757589812453,0.9709198861658965,0.007110595703125,14.32558030625346,0.4959328971495994,0.4959328971495994,0.4959328971495994,0.4959328971495994
5,C,8,0.0,0.24,True,q3_evidence,PCS raw,pcs_raw,1,C,3.9867651399345525,0.11736600511433712,3.8693991348202155,3.8693991348202155,0.9706584987214157,0.007110595703125,14.240926357199433,0.4952830892569876,0.4952830892569876,0.4952830892569876,0.4952830892569876
5,C,8,0.0,0.28,True,q3_evidence,PCS raw,pcs_raw,1,C,3.982015709386646,0.09494281929148712,3.8870728900951588,3.8870728900951588,0.9762642951771282,0.006317138671875,14.295188979066097,0.4975453299321803,0.4975453299321803,0.4975453299321803,0.4975453299321803
5,C,8,0.0,0.32,True,q3_evidence,PCS raw,pcs_raw,1,C,3.976555119443372,0.10984345164479842,3.8667116677985733,3.8667116677985733,0.9725391370888004,0.00750732421875,14.225592860513473,0.4949390934782174,0.4949390934782174,0.4949390934782174,0.4949390934782174
5,C,8,0.0,0.36,True,q3_evidence,PCS raw,pcs_raw,1,C,3.970391608345835,0.11604716912193083,3.854344439223904,3.854344439223904,0.9709882077195173,0.0074462890625,14.208337485629652,0.49335608822065974,0.49335608822065974,0.49335608822065974,0.49335608822065974
5,C,8,2.0,0.0,False,q3_evidence,Uniform raw,uniform_raw,1,C,4.0,0.2199774432895456,3.7800225567104544,3.7800225567104544,0.9450056391776136,0.01348876953125,13.69735186890249,0.48384288725893815,0.48384288725893815,0.48384288725893815,0.48384288725893815
5,C,8,2.0,0.12,True,q3_evidence,PCS raw,pcs_raw,1,C,3.996679855921233,0.20426447919064256,3.7924153767305904,3.7924153767305904,0.9489338802023394,0.013275146484375,13.559060117434043,0.48542916822151555,0.48542916822151555,0.48542916822151555,0.48542916822151555
5,C,8,2.0,0.16,True,q3_evidence,PCS raw,pcs_raw,1,C,3.9941028013225788,0.21568096271157752,3.7784218386110013,3.7784218386110013,0.9460797593221056,0.013214111328125,13.533969951424789,0.4836379953422082,0.4836379953422082,0.4836379953422082,0.4836379953422082
5,C,8,2.0,0.2,True,q3_evidence,PCS raw,pcs_raw,1,C,3.990796214317659,0.19548774334405236,3.7953084709736067,3.7953084709736067,0.9511280641639869,0.01190185546875,13.552569244013661,0.48579948428462166,0.48579948428462166,0.48579948428462166,0.48579948428462166
5,C,8,2.0,0.24,True,q3_evidence,PCS raw,pcs_raw,1,C,3.9867651399345525,0.18483098970554673,3.801934150229006,3.801934150229006,0.9537922525736133,0.011444091796875,13.514707947460845,0.48664757122931274,0.48664757122931274,0.48664757122931274,0.48664757122931274
5,C,8,2.0,0.28,True,q3_evidence,PCS raw,pcs_raw,1,C,3.982015709386646,0.18581548188563368,3.7962002275010125,3.7962002275010125,0.9535461295285916,0.0115966796875,13.469803124195892,0.4859136291201296,0.4859136291201296,0.4859136291201296,0.4859136291201296
5,C,8,2.0,0.32,True,q3_evidence,PCS raw,pcs_raw,1,C,3.976555119443372,0.18298235163391816,3.793572767809454,3.793572767809454,0.9542544120915205,0.0106201171875,13.54799243510806,0.4855773142796101,0.4855773142796101,0.4855773142796101,0.4855773142796101
5,C,8,2.0,0.36,True,q3_evidence,PCS raw,pcs_raw,1,C,3.970391608345835,0.18621542066600005,3.7841761876798348,3.7841761876798348,0.9534461448335,0.0113525390625,13.43595943933428,0.4843745520230189,0.4843745520230189,0.4843745520230189,0.4843745520230189
5,C,8,4.0,0.0,False,q3_evidence,Uniform raw,uniform_raw,1,C,4.0,0.4985023637809335,3.5014976362190664,3.5014976362190664,0.8753744090547666,0.0294189453125,12.170392534397676,0.44819169743604054,0.44819169743604054,0.44819169743604054,0.44819169743604054
5,C,8,4.0,0.12,True,q3_evidence,PCS raw,pcs_raw,1,C,3.996679855921233,0.4842937579738441,3.5123860979473887,3.5123860979473887,0.878926560506539,0.026885986328125,12.027944279417504,0.44958542053726575,0.44958542053726575,0.44958542053726575,0.44958542053726575
5,C,8,4.0,0.16,True,q3_evidence,PCS raw,pcs_raw,1,C,3.9941028013225788,0.4454509164459701,3.548651884876609,3.548651884876609,0.8886372708885075,0.026031494140625,12.138197056363982,0.45422744126420594,0.45422744126420594,0.45422744126420594,0.45422744126420594
5,C,8,4.0,0.2,True,q3_evidence,PCS raw,pcs_raw,1,C,3.990796214317659,0.45722361889495794,3.5335725954227013,3.5335725954227013,0.8856940952762605,0.026519775390625,12.03417097792195,0.45229729221410575,0.45229729221410575,0.45229729221410575,0.45229729221410575
5,C,8,4.0,0.24,True,q3_evidence,PCS raw,pcs_raw,1,C,3.9867651399345525,0.46476729728046784,3.5219978426540846,3.5219978426540846,0.883808175679883,0.026641845703125,11.998600326435348,0.45081572385972285,0.45081572385972285,0.45081572385972285,0.45081572385972285
5,C,8,4.0,0.28,True,q3_evidence,PCS raw,pcs_raw,1,C,3.982015709386646,0.44934834998252104,3.532667359404125,3.532667359404125,0.8876629125043698,0.02685546875,12.023345406172641,0.452181422003728,0.452181422003728,0.452181422003728,0.452181422003728
5,C,8,4.0,0.32,True,q3_evidence,PCS raw,pcs_raw,1,C,3.976555119443372,0.4392954037214483,3.5372597157219237,3.5372597157219237,0.8901761490696379,0.025787353515625,11.919957258474398,0.4527692436124062,0.4527692436124062,0.4527692436124062,0.4527692436124062
5,C,8,4.0,0.36,True,q3_evidence,PCS raw,pcs_raw,1,C,3.970391608345835,0.4455518366417828,3.524839771704052,3.524839771704052,0.8886120408395543,0.0260009765625,11.87714438968193,0.45117949077811864,0.45117949077811864,0.45117949077811864,0.45117949077811864
5,C,8,6.0,0.0,False,q3_evidence,Uniform raw,uniform_raw,1,C,4.0,1.1296242786544262,2.8703757213455736,2.8703757213455736,0.7175939303363934,0.072601318359375,9.530751978617714,0.36740809233223337,0.36740809233223337,0.36740809233223337,0.36740809233223337
5,C,8,6.0,0.12,True,q3_evidence,PCS raw,pcs_raw,1,C,3.996679855921233,1.0976989841263145,2.8989808717949184,2.8989808717949184,0.7255752539684214,0.068572998046875,9.392408604879023,0.3710695515897496,0.3710695515897496,0.3710695515897496,0.3710695515897496
5,C,8,6.0,0.16,True,q3_evidence,PCS raw,pcs_raw,1,C,3.9941028013225788,1.0968601635508763,2.8972426377717024,2.8972426377717024,0.7257849591122809,0.0701904296875,9.45856139796338,0.3708470576347779,0.3708470576347779,0.3708470576347779,0.3708470576347779
5,C,8,6.0,0.2,True,q3_evidence,PCS raw,pcs_raw,1,C,3.990796214317659,1.1098988919442734,2.880897322373386,2.880897322373386,0.7225252770139317,0.06793212890625,9.286086454474416,0.3687548572637934,0.3687548572637934,0.3687548572637934,0.3687548572637934
5,C,8,6.0,0.24,True,q3_evidence,PCS raw,pcs_raw,1,C,3.9867651399345525,1.0969175646975104,2.889847575237042,2.889847575237042,0.7257706088256224,0.06622314453125,9.28516677849575,0.3699004896303414,0.3699004896303414,0.3699004896303414,0.3699004896303414
5,C,8,6.0,0.28,True,q3_evidence,PCS raw,pcs_raw,1,C,3.982015709386646,1.1640863558971735,2.8179293534894727,2.8179293534894727,0.7089784110257067,0.072906494140625,9.053074934240604,0.3606949572466525,0.3606949572466525,0.3606949572466525,0.3606949572466525
5,C,8,6.0,0.32,True,q3_evidence,PCS raw,pcs_raw,1,C,3.976555119443372,1.1243609226346671,2.852194196808705,2.852194196808705,0.7189097693413332,0.0684814453125,9.067617835145112,0.36508085719151423,0.36508085719151423,0.36508085719151423,0.36508085719151423
5,C,8,6.0,0.36,True,q3_evidence,PCS raw,pcs_raw,1,C,3.970391608345835,1.0858981189666503,2.8844934893791843,2.8844934893791843,0.7285254702583374,0.065582275390625,9.21315402578759,0.3692151666405356,0.3692151666405356,0.3692151666405356,0.3692151666405356
5,C,10,-2.0,0.0,False,q3_evidence,Uniform raw,uniform_raw,1,C,4.0,0.13805099942577195,3.861949000574228,3.861949000574228,0.965487250143557,0.00933837890625,14.458729042534346,0.49432947207350114,0.49432947207350114,0.49432947207350114,0.49432947207350114
5,C,10,-2.0,0.12,True,q3_evidence,PCS raw,pcs_raw,1,C,3.996679855921233,0.10122466231987969,3.8954551936013533,3.8954551936013533,0.9746938344200301,0.00677490234375,14.446876308606054,0.4986182647809732,0.4986182647809732,0.4986182647809732,0.4986182647809732
5,C,10,-2.0,0.16,True,q3_evidence,PCS raw,pcs_raw,1,C,3.9941028013225788,0.11798512102639443,3.8761176802961845,3.8761176802961845,0.9705037197434014,0.006561279296875,14.352723011604143,0.4961430630779116,0.4961430630779116,0.4961430630779116,0.4961430630779116
5,C,10,-2.0,0.2,True,q3_evidence,PCS raw,pcs_raw,1,C,3.990796214317659,0.11546191870719756,3.8753342956104615,3.8753342956104615,0.9711345203232006,0.006988525390625,14.406361235976489,0.4960427898381391,0.4960427898381391,0.4960427898381391,0.4960427898381391
5,C,10,-2.0,0.24,True,q3_evidence,PCS raw,pcs_raw,1,C,3.9867651399345525,0.10670528186650807,3.8800598580680443,3.8800598580680443,0.973323679533373,0.00634765625,14.311069013278408,0.49664766183270964,0.49664766183270964,0.49664766183270964,0.49664766183270964
5,C,10,-2.0,0.28,True,q3_evidence,PCS raw,pcs_raw,1,C,3.982015709386646,0.1056870189099047,3.876328690476741,3.876328690476741,0.9735782452725238,0.00628662109375,14.371605574450932,0.4961700723810229,0.4961700723810229,0.4961700723810229,0.4961700723810229
5,C,10,-2.0,0.32,True,q3_evidence,PCS raw,pcs_raw,1,C,3.976555119443372,0.09449900252494772,3.8820561169184242,3.8820561169184242,0.9763752493687631,0.005950927734375,14.343737106287552,0.4969031829655583,0.4969031829655583,0.4969031829655583,0.4969031829655583
5,C,10,-2.0,0.36,True,q3_evidence,PCS raw,pcs_raw,1,C,3.970391608345835,0.10796114506835881,3.862430463277476,3.862430463277476,0.9730097137329103,0.00726318359375,14.223607339236006,0.49439109929951697,0.49439109929951697,0.49439109929951697,0.49439109929951697
5,C,10,0.0,0.0,False,q3_evidence,Uniform raw,uniform_raw,1,C,4.0,0.19487238723927294,3.805127612760727,3.805127612760727,0.9512819031901818,0.0126953125,13.965137195259612,0.4870563344333731,0.4870563344333731,0.4870563344333731,0.4870563344333731
5,C,10,0.0,0.12,True,q3_evidence,PCS raw,pcs_raw,1,C,3.996679855921233,0.16478272278057807,3.8318971331406546,3.8318971331406546,0.9588043193048554,0.010406494140625,13.902031074380726,0.4904828330420038,0.4904828330420038,0.4904828330420038,0.4904828330420038
5,C,10,0.0,0.16,True,q3_evidence,PCS raw,pcs_raw,1,C,3.9941028013225788,0.17626550404970245,3.8178372972728765,3.8178372972728765,0.9559336239875744,0.011199951171875,13.795692870968622,0.48868317405092815,0.48868317405092815,0.48868317405092815,0.48868317405092815
5,C,10,0.0,0.2,True,q3_evidence,PCS raw,pcs_raw,1,C,3.990796214317659,0.1653406774227382,3.825455536894921,3.825455536894921,0.9586648306443154,0.01025390625,13.821263702215065,0.48965830872254984,0.48965830872254984,0.48965830872254984,0.48965830872254984
5,C,10,0.0,0.24,True,q3_evidence,PCS raw,pcs_raw,1,C,3.9867651399345525,0.14749467743766786,3.8392704624968848,3.8392704624968848,0.9631263306405831,0.00958251953125,13.935184911814112,0.49142661919960123,0.49142661919960123,0.49142661919960123,0.49142661919960123
5,C,10,0.0,0.28,True,q3_evidence,PCS raw,pcs_raw,1,C,3.982015709386646,0.14368530728314627,3.8383304021035,3.8383304021035,0.9640786731792135,0.008819580078125,13.874191198154675,0.491306291469248,0.491306291469248,0.491306291469248,0.491306291469248
5,C,10,0.0,0.32,True,q3_evidence,PCS raw,pcs_raw,1,C,3.976555119443372,0.15659934843605156,3.8199557710073204,3.8199557710073204,0.9608501628909871,0.009979248046875,13.729107580270076,0.488954338688937,0.488954338688937,0.488954338688937,0.488954338688937
5,C,10,0.0,0.36,True,q3_evidence,PCS raw,pcs_raw,1,C,3.970391608345835,0.14735572457923723,3.8230358837665976,3.8230358837665976,0.9631610688551907,0.0093994140625,13.737218097100119,0.48934859312212453,0.48934859312212453,0.48934859312212453,0.48934859312212453
5,C,10,2.0,0.0,False,q3_evidence,Uniform raw,uniform_raw,1,C,4.0,0.34923055443143786,3.650769445568562,3.650769445568562,0.9126923613921405,0.021331787109375,12.878974570391096,0.46729848903277593,0.46729848903277593,0.46729848903277593,0.46729848903277593
5,C,10,2.0,0.12,True,q3_evidence,PCS raw,pcs_raw,1,C,3.996679855921233,0.3420721343469421,3.654607721574291,3.654607721574291,0.9144819664132645,0.020751953125,12.718535424481637,0.4677897883615092,0.4677897883615092,0.4677897883615092,0.4677897883615092
5,C,10,2.0,0.16,True,q3_evidence,PCS raw,pcs_raw,1,C,3.9941028013225788,0.34637223441046866,3.6477305669121103,3.6477305669121103,0.9134069413973829,0.020172119140625,12.664370397918303,0.4669095125647501,0.4669095125647501,0.4669095125647501,0.4669095125647501
5,C,10,2.0,0.2,True,q3_evidence,PCS raw,pcs_raw,1,C,3.990796214317659,0.31609760030785744,3.674698614009802,3.674698614009802,0.9209755999230357,0.017852783203125,12.848687748382673,0.47036142259325464,0.47036142259325464,0.47036142259325464,0.47036142259325464
5,C,10,2.0,0.24,True,q3_evidence,PCS raw,pcs_raw,1,C,3.9867651399345525,0.3178742619320457,3.668890878002507,3.668890878002507,0.9205314345169886,0.019073486328125,12.765916189063965,0.46961803238432087,0.46961803238432087,0.46961803238432087,0.46961803238432087
5,C,10,2.0,0.28,True,q3_evidence,PCS raw,pcs_raw,1,C,3.982015709386646,0.3256379324549231,3.656377776931723,3.656377776931723,0.9185905168862692,0.018646240234375,12.618940033647618,0.46801635544726056,0.46801635544726056,0.46801635544726056,0.46801635544726056
5,C,10,2.0,0.32,True,q3_evidence,PCS raw,pcs_raw,1,C,3.976555119443372,0.31992592398380215,3.65662919545957,3.65662919545957,0.9200185190040495,0.0181884765625,12.637382786192322,0.46804853701882493,0.46804853701882493,0.46804853701882493,0.46804853701882493
5,C,10,2.0,0.36,True,q3_evidence,PCS raw,pcs_raw,1,C,3.970391608345835,0.3087731054096711,3.6616185029361636,3.6616185029361636,0.9228067236475822,0.019500732421875,12.65581802624762,0.4686871683758289,0.4686871683758289,0.4686871683758289,0.4686871683758289
5,C,10,4.0,0.0,False,q3_evidence,Uniform raw,uniform_raw,1,C,4.0,0.789010602056596,3.210989397943404,3.210989397943404,0.802747349485851,0.04833984375,10.864379639176809,0.41100664293675576,0.41100664293675576,0.41100664293675576,0.41100664293675576
5,C,10,4.0,0.12,True,q3_evidence,PCS raw,pcs_raw,1,C,3.996679855921233,0.786268486603565,3.2104113693176677,3.2104113693176677,0.8034328783491087,0.047607421875,10.68608376106573,0.41093265527266143,0.41093265527266143,0.41093265527266143,0.41093265527266143
5,C,10,4.0,0.16,True,q3_evidence,PCS raw,pcs_raw,1,C,3.9941028013225788,0.8153562699802996,3.178746531342279,3.178746531342279,0.796160932504925,0.0482177734375,10.55497951752911,0.4068795560118117,0.4068795560118117,0.4068795560118117,0.4068795560118117
5,C,10,4.0,0.2,True,q3_evidence,PCS raw,pcs_raw,1,C,3.990796214317659,0.7949555962979928,3.195840618019666,3.195840618019666,0.8012611009255017,0.0467529296875,10.529450038836687,0.4090675991065173,0.4090675991065173,0.4090675991065173,0.4090675991065173
5,C,10,4.0,0.24,True,q3_evidence,PCS raw,pcs_raw,1,C,3.9867651399345525,0.8151235851228134,3.171641554811739,3.171641554811739,0.7962191037192966,0.046417236328125,10.385737392495294,0.4059701190159026,0.4059701190159026,0.4059701190159026,0.4059701190159026
5,C,10,4.0,0.28,True,q3_evidence,PCS raw,pcs_raw,1,C,3.982015709386646,0.7996229494897701,3.1823927598968758,3.1823927598968758,0.8000942626275575,0.045806884765625,10.38909867730588,0.4073462732668001,0.4073462732668001,0.4073462732668001,0.4073462732668001
5,C,10,4.0,0.32,True,q3_evidence,PCS raw,pcs_raw,1,C,3.976555119443372,0.8014852197843995,3.1750698996589723,3.1750698996589723,0.7996286950539001,0.04644775390625,10.322691376469757,0.40640894715634845,0.40640894715634845,0.40640894715634845,0.40640894715634845
5,C,10,4.0,0.36,True,q3_evidence,PCS raw,pcs_raw,1,C,3.970391608345835,0.8086308733433922,3.1617607350024426,3.1617607350024426,0.7978422816641519,0.0472412109375,10.21958444822264,0.4047053740803126,0.4047053740803126,0.4047053740803126,0.4047053740803126
5,C,10,6.0,0.0,False,q3_evidence,Uniform raw,uniform_raw,1,C,4.0,1.7086151711522806,2.291384828847719,2.291384828847719,0.5728462072119298,0.12017822265625,7.330895247899082,0.29329725809250806,0.29329725809250806,0.29329725809250806,0.29329725809250806
5,C,10,6.0,0.12,True,q3_evidence,PCS raw,pcs_raw,1,C,3.996679855921233,1.734144043042163,2.2625358128790696,2.2625358128790696,0.5664639892394592,0.119293212890625,7.163698285472897,0.2896045840485209,0.2896045840485209,0.2896045840485209,0.2896045840485209
5,C,10,6.0,0.16,True,q3_evidence,PCS raw,pcs_raw,1,C,3.9941028013225788,1.709273220854345,2.2848295804682337,2.2848295804682337,0.5726816947864137,0.117340087890625,7.1554818635788555,0.2924581862999339,0.2924581862999339,0.2924581862999339,0.2924581862999339
5,C,10,6.0,0.2,True,q3_evidence,PCS raw,pcs_raw,1,C,3.990796214317659,1.6974834640608183,2.293312750256841,2.293312750256841,0.5756291339847954,0.1153564453125,7.237243980356411,0.2935440320328756,0.2935440320328756,0.2935440320328756,0.2935440320328756
5,C,10,6.0,0.24,True,q3_evidence,PCS raw,pcs_raw,1,C,3.9867651399345525,1.714348858093513,2.2724162818410396,2.2724162818410396,0.5714127854766218,0.116912841796875,7.158045611387697,0.2908692840756531,0.2908692840756531,0.2908692840756531,0.2908692840756531
5,C,10,6.0,0.28,True,q3_evidence,PCS raw,pcs_raw,1,C,3.982015709386646,1.728586898228148,2.253428811158498,2.253428811158498,0.567853275442963,0.119293212890625,7.094962390754683,0.2884388878282878,0.2884388878282878,0.2884388878282878,0.2884388878282878
5,C,10,6.0,0.32,True,q3_evidence,PCS raw,pcs_raw,1,C,3.976555119443372,1.7803672869821523,2.1961878324612196,2.1961878324612196,0.5549081782544619,0.1192626953125,6.821569960218866,0.28111204255503613,0.28111204255503613,0.28111204255503613,0.28111204255503613
5,C,10,6.0,0.36,True,q3_evidence,PCS raw,pcs_raw,1,C,3.970391608345835,1.739942938602667,2.2304486697431676,2.2304486697431676,0.5650142653493332,0.118133544921875,6.9278623541236435,0.28549742972712544,0.28549742972712544,0.28549742972712544,0.28549742972712544
5,C,12,-2.0,0.0,False,q3_evidence,Uniform raw,uniform_raw,1,C,4.0,0.163218663356698,3.836781336643302,3.836781336643302,0.9591953341608255,0.010162353515625,14.172931857819389,0.49110801109034263,0.49110801109034263,0.49110801109034263,0.49110801109034263
5,C,12,-2.0,0.12,True,q3_evidence,PCS raw,pcs_raw,1,C,3.996679855921233,0.1500123135246556,3.8466675423965775,3.8466675423965775,0.9624969216188362,0.009002685546875,14.084260935760028,0.4923734454267619,0.4923734454267619,0.4923734454267619,0.4923734454267619
5,C,12,-2.0,0.16,True,q3_evidence,PCS raw,pcs_raw,1,C,3.9941028013225788,0.14622147958015458,3.8478813217424244,3.8478813217424244,0.9634446301049614,0.008392333984375,14.041635771473672,0.4925288091830303,0.4925288091830303,0.4925288091830303,0.4925288091830303
5,C,12,-2.0,0.2,True,q3_evidence,PCS raw,pcs_raw,1,C,3.990796214317659,0.12694965195113928,3.86384656236652,3.86384656236652,0.9682625870122152,0.008148193359375,14.17430638131454,0.49457235998291454,0.49457235998291454,0.49457235998291454,0.49457235998291454
5,C,12,-2.0,0.24,True,q3_evidence,PCS raw,pcs_raw,1,C,3.9867651399345525,0.1388247333398549,3.847940406594698,3.847940406594698,0.9652938166650363,0.009033203125,14.083836798794671,0.4925363720441213,0.4925363720441213,0.4925363720441213,0.4925363720441213
5,C,12,-2.0,0.28,True,q3_evidence,PCS raw,pcs_raw,1,C,3.982015709386646,0.1306270580466518,3.851388651339994,3.851388651339994,0.967343235488337,0.00836181640625,14.027385805029189,0.4929777473715192,0.4929777473715192,0.4929777473715192,0.4929777473715192
5,C,12,-2.0,0.32,True,q3_evidence,PCS raw,pcs_raw,1,C,3.976555119443372,0.1293040842366116,3.84725103520676,3.84725103520676,0.9676739789408471,0.00799560546875,14.02420708068928,0.4924481325064653,0.4924481325064653,0.4924481325064653,0.4924481325064653
5,C,12,-2.0,0.36,True,q3_evidence,PCS raw,pcs_raw,1,C,3.970391608345835,0.12621546641986284,3.844176141925972,3.844176141925972,0.9684461333950343,0.00762939453125,14.02734467582639,0.4920545461665244,0.4920545461665244,0.4920545461665244,0.4920545461665244
5,C,12,0.0,0.0,False,q3_evidence,Uniform raw,uniform_raw,1,C,4.0,0.24376292330608473,3.7562370766939153,3.7562370766939153,0.9390592691734788,0.01507568359375,13.540547794298448,0.4807983458168212,0.4807983458168212,0.4807983458168212,0.4807983458168212
5,C,12,0.0,0.12,True,q3_evidence,PCS raw,pcs_raw,1,C,3.996679855921233,0.2501631309417658,3.7465167249794673,3.7465167249794673,0.9374592172645586,0.014862060546875,13.355507128309155,0.47955414079737185,0.47955414079737185,0.47955414079737185,0.47955414079737185
5,C,12,0.0,0.16,True,q3_evidence,PCS raw,pcs_raw,1,C,3.9941028013225788,0.24274985446390343,3.7513529468586753,3.7513529468586753,0.9393125363840241,0.014404296875,13.372079820805014,0.4801731771979105,0.4801731771979105,0.4801731771979105,0.4801731771979105
5,C,12,0.0,0.2,True,q3_evidence,PCS raw,pcs_raw,1,C,3.990796214317659,0.22905659278325768,3.7617396215344017,3.7617396215344017,0.9427358518041856,0.013641357421875,13.37696990955732,0.4815026715564034,0.4815026715564034,0.4815026715564034,0.4815026715564034
5,C,12,0.0,0.24,True,q3_evidence,PCS raw,pcs_raw,1,C,3.9867651399345525,0.21124922179025984,3.7755159181442925,3.7755159181442925,0.947187694552435,0.01177978515625,13.361720011417093,0.48326603752246944,0.48326603752246944,0.48326603752246944,0.48326603752246944
5,C,12,0.0,0.28,True,q3_evidence,PCS raw,pcs_raw,1,C,3.982015709386646,0.2322370465869361,3.74977866279971,3.74977866279971,0.941940738353266,0.01373291015625,13.260422224213432,0.47997166883836284,0.47997166883836284,0.47997166883836284,0.47997166883836284
5,C,12,0.0,0.32,True,q3_evidence,PCS raw,pcs_raw,1,C,3.976555119443372,0.21740728552953034,3.7591478339138416,3.7591478339138416,0.9456481786176174,0.0126953125,13.306833012953179,0.48117092274097173,0.48117092274097173,0.48117092274097173,0.48117092274097173
5,C,12,0.0,0.36,True,q3_evidence,PCS raw,pcs_raw,1,C,3.970391608345835,0.22722183720200248,3.7431697711438323,3.7431697711438323,0.9431945406994994,0.014068603515625,13.268002860450617,0.4791257307064105,0.4791257307064105,0.4791257307064105,0.4791257307064105
5,C,12,2.0,0.0,False,q3_evidence,Uniform raw,uniform_raw,1,C,4.0,0.5459401879147413,3.4540598120852586,3.4540598120852586,0.8635149530213146,0.0318603515625,11.98299229983192,0.4421196559469131,0.4421196559469131,0.4421196559469131,0.4421196559469131
5,C,12,2.0,0.12,True,q3_evidence,PCS raw,pcs_raw,1,C,3.996679855921233,0.5196913442499524,3.4769885116712804,3.4769885116712804,0.8700771639375119,0.028900146484375,11.860226611672864,0.4450545294939239,0.4450545294939239,0.4450545294939239,0.4450545294939239
5,C,12,2.0,0.16,True,q3_evidence,PCS raw,pcs_raw,1,C,3.9941028013225788,0.5346133921087202,3.459489409213859,3.459489409213859,0.86634665197282,0.029876708984375,11.842764529988392,0.4428146443793739,0.4428146443793739,0.4428146443793739,0.4428146443793739
5,C,12,2.0,0.2,True,q3_evidence,PCS raw,pcs_raw,1,C,3.990796214317659,0.503454470426902,3.4873417438907572,3.4873417438907572,0.8741363823932745,0.02899169921875,11.796378434318122,0.44637974321801693,0.44637974321801693,0.44637974321801693,0.44637974321801693
5,C,12,2.0,0.24,True,q3_evidence,PCS raw,pcs_raw,1,C,3.9867651399345525,0.4887343117090711,3.4980308282254815,3.4980308282254815,0.8778164220727322,0.0284423828125,11.803480216196562,0.4477479460128616,0.4477479460128616,0.4477479460128616,0.4477479460128616
5,C,12,2.0,0.28,True,q3_evidence,PCS raw,pcs_raw,1,C,3.982015709386646,0.48976021078588383,3.492255498600762,3.492255498600762,0.877559947303529,0.02850341796875,11.755510384650524,0.4470087038208975,0.4470087038208975,0.4470087038208975,0.4470087038208975
5,C,12,2.0,0.32,True,q3_evidence,PCS raw,pcs_raw,1,C,3.976555119443372,0.5043078471349738,3.4722472723083984,3.4722472723083984,0.8739230382162566,0.029632568359375,11.648828873128917,0.444447650855475,0.444447650855475,0.444447650855475,0.444447650855475
5,C,12,2.0,0.36,True,q3_evidence,PCS raw,pcs_raw,1,C,3.970391608345835,0.4882350550938402,3.4821565532519947,3.4821565532519947,0.87794123622654,0.028289794921875,11.716224733709211,0.4457160388162553,0.4457160388162553,0.4457160388162553,0.4457160388162553
5,C,12,4.0,0.0,False,q3_evidence,Uniform raw,uniform_raw,1,C,4.0,1.1696931816636325,2.8303068183363678,2.8303068183363678,0.7075767045840919,0.07623291015625,9.294744452209523,0.36227927274705507,0.36227927274705507,0.36227927274705507,0.36227927274705507
5,C,12,4.0,0.12,True,q3_evidence,PCS raw,pcs_raw,1,C,3.996679855921233,1.1665838020010353,2.8300960539201974,2.8300960539201974,0.7083540494997411,0.072265625,9.187320839704169,0.3622522949017853,0.3622522949017853,0.3622522949017853,0.3622522949017853
5,C,12,4.0,0.16,True,q3_evidence,PCS raw,pcs_raw,1,C,3.9941028013225788,1.1358558505142229,2.858246950808356,2.858246950808356,0.7160360373714443,0.071563720703125,9.265635524560198,0.36585560970346953,0.36585560970346953,0.36585560970346953,0.36585560970346953
5,C,12,4.0,0.2,True,q3_evidence,PCS raw,pcs_raw,1,C,3.990796214317659,1.1604966827588814,2.8302995315587776,2.8302995315587776,0.7098758293102796,0.072174072265625,9.148692344225003,0.36227834003952347,0.36227834003952347,0.36227834003952347,0.36227834003952347
5,C,12,4.0,0.24,True,q3_evidence,PCS raw,pcs_raw,1,C,3.9867651399345525,1.1670698070696717,2.819695332864881,2.819695332864881,0.7082325482325821,0.071197509765625,9.00640678271438,0.3609210026067048,0.3609210026067048,0.3609210026067048,0.3609210026067048
5,C,12,4.0,0.28,True,q3_evidence,PCS raw,pcs_raw,1,C,3.982015709386646,1.1567023686347695,2.8253133407518765,2.8253133407518765,0.7108244078413076,0.070098876953125,8.931060763700513,0.36164010761624016,0.36164010761624016,0.36164010761624016,0.36164010761624016
5,C,12,4.0,0.32,True,q3_evidence,PCS raw,pcs_raw,1,C,3.976555119443372,1.1352634989437256,2.8412916204996463,2.8412916204996463,0.7161841252640686,0.071258544921875,9.04083127428572,0.3636853274239547,0.3636853274239547,0.3636853274239547,0.3636853274239547
5,C,12,4.0,0.36,True,q3_evidence,PCS raw,pcs_raw,1,C,3.970391608345835,1.2058087790665044,2.7645828292793304,2.7645828292793304,0.6985478052333739,0.073028564453125,8.608361888771865,0.3538666021477543,0.3538666021477543,0.3538666021477543,0.3538666021477543
5,C,12,6.0,0.0,False,q3_evidence,Uniform raw,uniform_raw,1,C,4.0,2.208742206516134,1.791257793483866,1.791257793483866,0.4478144483709665,0.171112060546875,5.818252832507257,0.22928099756593484,0.22928099756593484,0.22928099756593484,0.22928099756593484
5,C,12,6.0,0.12,True,q3_evidence,PCS raw,pcs_raw,1,C,3.996679855921233,2.2273524676648,1.7693273882564329,1.7693273882564329,0.4431618830838,0.168426513671875,5.659162356988311,0.2264739056968234,0.2264739056968234,0.2264739056968234,0.2264739056968234
5,C,12,6.0,0.16,True,q3_evidence,PCS raw,pcs_raw,1,C,3.9941028013225788,2.3174082340512028,1.676694567271376,1.676694567271376,0.4206479414871993,0.171234130859375,5.248042008817003,0.21461690461073613,0.21461690461073613,0.21461690461073613,0.21461690461073613
5,C,12,6.0,0.2,True,q3_evidence,PCS raw,pcs_raw,1,C,3.990796214317659,2.258178293381207,1.7326179209364523,1.7326179209364523,0.4354554266546983,0.167694091796875,5.363908045705524,0.2217750938798659,0.2217750938798659,0.2217750938798659,0.2217750938798659
5,C,12,6.0,0.24,True,q3_evidence,PCS raw,pcs_raw,1,C,3.9867651399345525,2.3289280273421245,1.657837112592428,1.657837112592428,0.4177679931644689,0.173370361328125,5.186541964239564,0.21220315041183077,0.21220315041183077,0.21220315041183077,0.21220315041183077
5,C,12,6.0,0.28,True,q3_evidence,PCS raw,pcs_raw,1,C,3.982015709386646,2.298337381719719,1.683678327666927,1.683678327666927,0.42541565457007025,0.167816162109375,5.286964742013026,0.21551082594136664,0.21551082594136664,0.21551082594136664,0.21551082594136664
5,C,12,6.0,0.32,True,q3_evidence,PCS raw,pcs_raw,1,C,3.976555119443372,2.2856891403480986,1.6908659790952734,1.6908659790952734,0.42857771491297536,0.16680908203125,5.29302718555684,0.216430845324195,0.216430845324195,0.216430845324195,0.216430845324195
5,C,12,6.0,0.36,True,q3_evidence,PCS raw,pcs_raw,1,C,3.970391608345835,2.3346651424356475,1.6357264659101873,1.6357264659101873,0.4163337143910881,0.17047119140625,5.105089084835624,0.20937298763650397,0.20937298763650397,0.20937298763650397,0.20937298763650397
5,C+S,6,-2.0,0.0,False,q3_evidence_cs_penalty,Uniform raw,uniform_raw,2,C+S,4.0,0.18415608292865543,3.8158439170713443,3.8158439170713443,0.9539609792678361,0.0118865966796875,13.735593988750079,0.9768560427702642,0.4884280213851321,0.9768560427702642,0.4884280213851321
5,C+S,6,-2.0,0.12,True,q3_evidence_cs_penalty,PCS raw,pcs_raw,2,C+S,3.996679855921233,0.16478979586798648,3.8318900600532464,3.8318900600532464,0.9588025510330034,0.0102386474609375,13.700037990556048,0.9809638553736311,0.49048192768681553,0.9809638553736311,0.49048192768681553
5,C+S,6,-2.0,0.16,True,q3_evidence_cs_penalty,PCS raw,pcs_raw,2,C+S,3.9941028013225788,0.15736786500233263,3.836734936320246,3.836734936320246,0.9606580337494168,0.0099334716796875,13.748809057646037,0.982204143697983,0.4911020718489915,0.982204143697983,0.4911020718489915
5,C+S,6,-2.0,0.2,True,q3_evidence_cs_penalty,PCS raw,pcs_raw,2,C+S,3.990796214317659,0.1434171733533129,3.8473790409643462,3.8473790409643462,0.9641457066616718,0.0090789794921875,13.819597127458172,0.9849290344868726,0.4924645172434363,0.9849290344868726,0.4924645172434363
5,C+S,6,-2.0,0.24,True,q3_evidence_cs_penalty,PCS raw,pcs_raw,2,C+S,3.9867651399345525,0.14527701059129722,3.8414881293432552,3.8414881293432552,0.9636807473521757,0.0095367431640625,13.758810257129003,0.9834209611118734,0.4917104805559367,0.9834209611118734,0.4917104805559367
5,C+S,6,-2.0,0.28,True,q3_evidence_cs_penalty,PCS raw,pcs_raw,2,C+S,3.982015709386646,0.136162976405734,3.8458527329809122,3.8458527329809122,0.9659592558985666,0.0086669921875,13.727924967072411,0.9845382996431135,0.49226914982155673,0.9845382996431135,0.49226914982155673
5,C+S,6,-2.0,0.32,True,q3_evidence_cs_penalty,PCS raw,pcs_raw,2,C+S,3.976555119443372,0.13591951249371745,3.8406356069496543,3.8406356069496543,0.9660201218765706,0.00885009765625,13.686948767684205,0.9832027153791115,0.49160135768955576,0.9832027153791115,0.49160135768955576
5,C+S,6,-2.0,0.36,True,q3_evidence_cs_penalty,PCS raw,pcs_raw,2,C+S,3.970391608345835,0.13983035712568473,3.83056125122015,3.83056125122015,0.9650424107185789,0.0091705322265625,13.71353785520451,0.9806236803123585,0.49031184015617923,0.9806236803123585,0.49031184015617923
5,C+S,6,0.0,0.0,False,q3_evidence_cs_penalty,Uniform raw,uniform_raw,2,C+S,4.0,0.19435937070211287,3.805640629297887,3.805640629297887,0.9514101573244718,0.0124053955078125,13.64315872525109,0.9742440011002591,0.48712200055012955,0.9742440011002591,0.48712200055012955
5,C+S,6,0.0,0.12,True,q3_evidence_cs_penalty,PCS raw,pcs_raw,2,C+S,3.996679855921233,0.18162116820362356,3.8150586877176096,3.8150586877176096,0.9545947079490942,0.0115966796875,13.509026134002703,0.976655024055708,0.488327512027854,0.976655024055708,0.488327512027854
5,C+S,6,0.0,0.16,True,q3_evidence_cs_penalty,PCS raw,pcs_raw,2,C+S,3.9941028013225788,0.1858979232377671,3.808204878084812,3.808204878084812,0.9535255191905583,0.0118255615234375,13.520175214328333,0.9749004487897117,0.48745022439485586,0.9749004487897117,0.48745022439485586
5,C+S,6,0.0,0.2,True,q3_evidence_cs_penalty,PCS raw,pcs_raw,2,C+S,3.990796214317659,0.17056008027342145,3.8202361340442375,3.8202361340442375,0.9573599799316446,0.0105438232421875,13.557580914660331,0.9779804503153249,0.48899022515766244,0.9779804503153249,0.48899022515766244
5,C+S,6,0.0,0.24,True,q3_evidence_cs_penalty,PCS raw,pcs_raw,2,C+S,3.9867651399345525,0.15738537185663443,3.829379768077918,3.829379768077918,0.9606536570358414,0.0101470947265625,13.603244625698004,0.980321220627947,0.4901606103139735,0.980321220627947,0.4901606103139735
5,C+S,6,0.0,0.28,True,q3_evidence_cs_penalty,PCS raw,pcs_raw,2,C+S,3.982015709386646,0.15360980833315907,3.828405901053487,3.828405901053487,0.9615975479167103,0.0097808837890625,13.547884060121007,0.9800719106696927,0.49003595533484634,0.9800719106696927,0.49003595533484634
5,C+S,6,0.0,0.32,True,q3_evidence_cs_penalty,PCS raw,pcs_raw,2,C+S,3.976555119443372,0.15678388041315178,3.81977123903022,3.81977123903022,0.960804029896712,0.0105438232421875,13.523311022672729,0.9778614371917363,0.4889307185958682,0.9778614371917363,0.4889307185958682
5,C+S,6,0.0,0.36,True,q3_evidence_cs_penalty,PCS raw,pcs_raw,2,C+S,3.970391608345835,0.15179218419361135,3.8185994241522234,3.8185994241522234,0.9620519539515971,0.01025390625,13.49437462437243,0.9775614525829692,0.4887807262914846,0.9775614525829692,0.4887807262914846
5,C+S,6,2.0,0.0,False,q3_evidence_cs_penalty,Uniform raw,uniform_raw,2,C+S,4.0,0.25627041047354593,3.7437295895264544,3.7437295895264544,0.9359323973816136,0.016571044921875,13.173893048614165,0.9583947749187722,0.4791973874593861,0.9583947749187722,0.4791973874593861
5,C+S,6,2.0,0.12,True,q3_evidence_cs_penalty,PCS raw,pcs_raw,2,C+S,3.996679855921233,0.23652041734788426,3.7601594385733486,3.7601594385733486,0.9408698956630289,0.01556396484375,13.103753696238863,0.9626008162747772,0.4813004081373886,0.9626008162747772,0.4813004081373886
5,C+S,6,2.0,0.16,True,q3_evidence_cs_penalty,PCS raw,pcs_raw,2,C+S,3.9941028013225788,0.23073331330087848,3.7633694880217003,3.7633694880217003,0.9423166716747804,0.014984130859375,13.074983982764815,0.9634225889335553,0.48171129446677763,0.9634225889335553,0.48171129446677763
5,C+S,6,2.0,0.2,True,q3_evidence_cs_penalty,PCS raw,pcs_raw,2,C+S,3.990796214317659,0.22143192790869115,3.769364286408968,3.769364286408968,0.9446420180228272,0.0138092041015625,13.100667780233604,0.9649572573206959,0.48247862866034796,0.9649572573206959,0.48247862866034796
5,C+S,6,2.0,0.24,True,q3_evidence_cs_penalty,PCS raw,pcs_raw,2,C+S,3.9867651399345525,0.2160085655060191,3.7707565744285336,3.7707565744285336,0.9459978586234952,0.01385498046875,13.077033956760616,0.9653136830537046,0.4826568415268523,0.9653136830537046,0.4826568415268523
5,C+S,6,2.0,0.28,True,q3_evidence_cs_penalty,PCS raw,pcs_raw,2,C+S,3.982015709386646,0.2231513885867324,3.7588643207999137,3.7588643207999137,0.9442121528533169,0.0143585205078125,12.990642175285984,0.9622692661247778,0.4811346330623889,0.9622692661247778,0.4811346330623889
5,C+S,6,2.0,0.32,True,q3_evidence_cs_penalty,PCS raw,pcs_raw,2,C+S,3.976555119443372,0.20462001322354878,3.771935106219823,3.771935106219823,0.9488449966941128,0.0133209228515625,13.004572561463526,0.9656153871922747,0.48280769359613734,0.9656153871922747,0.48280769359613734
5,C+S,6,2.0,0.36,True,q3_evidence_cs_penalty,PCS raw,pcs_raw,2,C+S,3.970391608345835,0.20959061798181783,3.760800990364017,3.760800990364017,0.9476023455045455,0.01336669921875,13.038295217991617,0.9627650535331884,0.4813825267665942,0.9627650535331884,0.4813825267665942
5,C+S,6,4.0,0.0,False,q3_evidence_cs_penalty,Uniform raw,uniform_raw,2,C+S,4.0,0.429412183393849,3.570587816606151,3.570587816606151,0.8926469541515377,0.0269775390625,12.231065176446087,0.9140704810511746,0.4570352405255873,0.9140704810511746,0.4570352405255873
5,C+S,6,4.0,0.12,True,q3_evidence_cs_penalty,PCS raw,pcs_raw,2,C+S,3.996679855921233,0.4045930192123012,3.5920868367089316,3.5920868367089316,0.8988517451969247,0.02557373046875,12.06587298296104,0.9195742301974865,0.45978711509874326,0.9195742301974865,0.45978711509874326
5,C+S,6,4.0,0.16,True,q3_evidence_cs_penalty,PCS raw,pcs_raw,2,C+S,3.9941028013225788,0.4012334181029996,3.592869383219579,3.592869383219579,0.8996916454742501,0.024658203125,12.124726908558333,0.9197745621042122,0.4598872810521061,0.9197745621042122,0.4598872810521061
5,C+S,6,4.0,0.2,True,q3_evidence_cs_penalty,PCS raw,pcs_raw,2,C+S,3.990796214317659,0.38734784029180536,3.603448374025854,3.603448374025854,0.9031630399270487,0.02490234375,12.073760665714358,0.9224827837506187,0.4612413918753093,0.9224827837506187,0.4612413918753093
5,C+S,6,4.0,0.24,True,q3_evidence_cs_penalty,PCS raw,pcs_raw,2,C+S,3.9867651399345525,0.39123825459901446,3.5955268853355378,3.5955268853355378,0.9021904363502464,0.025177001953125,12.046702200498295,0.9204548826458977,0.46022744132294885,0.9204548826458977,0.46022744132294885
5,C+S,6,4.0,0.28,True,q3_evidence_cs_penalty,PCS raw,pcs_raw,2,C+S,3.982015709386646,0.38636628277783225,3.595649426608814,3.595649426608814,0.903408429305542,0.024200439453125,11.962550263702832,0.9204862532118563,0.46024312660592814,0.9204862532118563,0.46024312660592814
5,C+S,6,4.0,0.32,True,q3_evidence_cs_penalty,PCS raw,pcs_raw,2,C+S,3.976555119443372,0.36647679167181313,3.610078327771559,3.610078327771559,0.9083808020820467,0.023040771484375,12.029567815179057,0.9241800519095191,0.46209002595475956,0.9241800519095191,0.46209002595475956
5,C+S,6,4.0,0.36,True,q3_evidence_cs_penalty,PCS raw,pcs_raw,2,C+S,3.970391608345835,0.3786166465301792,3.5917749618156556,3.5917749618156556,0.9053458383674552,0.0233154296875,11.972092927741002,0.9194943902248078,0.4597471951124039,0.9194943902248078,0.4597471951124039
5,C+S,6,6.0,0.0,False,q3_evidence_cs_penalty,Uniform raw,uniform_raw,2,C+S,4.0,0.8155648490236407,3.184435150976359,3.184435150976359,0.7961087877440898,0.0535430908203125,10.50073438318908,0.815215398649948,0.407607699324974,0.815215398649948,0.407607699324974
5,C+S,6,6.0,0.12,True,q3_evidence_cs_penalty,PCS raw,pcs_raw,2,C+S,3.996679855921233,0.8237681695668299,3.172911686354403,3.172911686354403,0.7940579576082926,0.0522918701171875,10.35389914728897,0.8122653917067273,0.40613269585336365,0.8122653917067273,0.40613269585336365
5,C+S,6,6.0,0.16,True,q3_evidence_cs_penalty,PCS raw,pcs_raw,2,C+S,3.9941028013225788,0.826460510752486,3.1676422905700927,3.1676422905700927,0.7933848723118785,0.0522918701171875,10.294858866827921,0.8109164263859437,0.4054582131929719,0.8109164263859437,0.4054582131929719
5,C+S,6,6.0,0.2,True,q3_evidence_cs_penalty,PCS raw,pcs_raw,2,C+S,3.990796214317659,0.8372656543610184,3.153530559956641,3.153530559956641,0.7906835864097455,0.0519866943359375,10.164577192250281,0.8073038233489,0.40365191167445,0.8073038233489,0.40365191167445
5,C+S,6,6.0,0.24,True,q3_evidence_cs_penalty,PCS raw,pcs_raw,2,C+S,3.9867651399345525,0.8416966681194915,3.145068471815061,3.145068471815061,0.7895758329701271,0.053253173828125,10.022694488742324,0.8051375287846556,0.4025687643923278,0.8051375287846556,0.4025687643923278
5,C+S,6,6.0,0.28,True,q3_evidence_cs_penalty,PCS raw,pcs_raw,2,C+S,3.982015709386646,0.8182690842211144,3.1637466251655315,3.1637466251655315,0.7954327289447214,0.051116943359375,10.069274475874641,0.8099191360423761,0.40495956802118804,0.8099191360423761,0.40495956802118804
5,C+S,6,6.0,0.32,True,q3_evidence_cs_penalty,PCS raw,pcs_raw,2,C+S,3.976555119443372,0.8152935113622264,3.1612616080811455,3.1612616080811455,0.7961766221594434,0.0507659912109375,10.071998608140081,0.8092829716687733,0.40464148583438664,0.8092829716687733,0.40464148583438664
5,C+S,6,6.0,0.36,True,q3_evidence_cs_penalty,PCS raw,pcs_raw,2,C+S,3.970391608345835,0.8125979496746569,3.157793658671178,3.157793658671178,0.7968505125813358,0.0507049560546875,9.988050922798148,0.8083951766198216,0.4041975883099108,0.8083951766198216,0.4041975883099108
5,C+S,8,-2.0,0.0,False,q3_evidence_cs_penalty,Uniform raw,uniform_raw,2,C+S,4.0,0.20961401048417652,3.7903859895158236,3.7903859895158236,0.9475964973789559,0.0133209228515625,13.557441571779457,0.9703388133160509,0.48516940665802544,0.9703388133160509,0.48516940665802544
5,C+S,8,-2.0,0.12,True,q3_evidence_cs_penalty,PCS raw,pcs_raw,2,C+S,3.996679855921233,0.17431772393862616,3.8223621319826067,3.8223621319826067,0.9564205690153434,0.011138916015625,13.614712855359652,0.9785247057875472,0.4892623528937736,0.9785247057875472,0.4892623528937736
5,C+S,8,-2.0,0.16,True,q3_evidence_cs_penalty,PCS raw,pcs_raw,2,C+S,3.9941028013225788,0.17139290134766588,3.822709899974913,3.822709899974913,0.9571517746630835,0.01055908203125,13.566948646833865,0.9786137343935777,0.48930686719678884,0.9786137343935777,0.48930686719678884
5,C+S,8,-2.0,0.2,True,q3_evidence_cs_penalty,PCS raw,pcs_raw,2,C+S,3.990796214317659,0.17523378318754013,3.815562431130119,3.815562431130119,0.956191554203115,0.0111846923828125,13.543542281817842,0.9767839823693105,0.48839199118465526,0.9767839823693105,0.48839199118465526
5,C+S,8,-2.0,0.24,True,q3_evidence_cs_penalty,PCS raw,pcs_raw,2,C+S,3.9867651399345525,0.1618744213110364,3.824890718623516,3.824890718623516,0.9595313946722409,0.0101776123046875,13.554118758932104,0.9791720239676202,0.4895860119838101,0.9791720239676202,0.4895860119838101
5,C+S,8,-2.0,0.28,True,q3_evidence_cs_penalty,PCS raw,pcs_raw,2,C+S,3.982015709386646,0.1615273837889238,3.8204883255977222,3.8204883255977222,0.9596181540527691,0.0105743408203125,13.51470493570556,0.9780450113530169,0.48902250567650846,0.9780450113530169,0.48902250567650846
5,C+S,8,-2.0,0.32,True,q3_evidence_cs_penalty,PCS raw,pcs_raw,2,C+S,3.976555119443372,0.1567765471684418,3.81977857227493,3.81977857227493,0.9608058632078895,0.0101470947265625,13.524881361193115,0.9778633145023821,0.48893165725119103,0.9778633145023821,0.48893165725119103
5,C+S,8,-2.0,0.36,True,q3_evidence_cs_penalty,PCS raw,pcs_raw,2,C+S,3.970391608345835,0.14996479492618472,3.82042681341965,3.82042681341965,0.9625088012684537,0.0100555419921875,13.549300802213127,0.9780292642354304,0.4890146321177152,0.9780292642354304,0.4890146321177152
5,C+S,8,0.0,0.0,False,q3_evidence_cs_penalty,Uniform raw,uniform_raw,2,C+S,4.0,0.24877515857728089,3.751224841422719,3.751224841422719,0.9378062103556798,0.0161590576171875,13.249011860042382,0.960313559404216,0.480156779702108,0.960313559404216,0.480156779702108
5,C+S,8,0.0,0.12,True,q3_evidence_cs_penalty,PCS raw,pcs_raw,2,C+S,3.996679855921233,0.22464999629167423,3.7720298596295585,3.7720298596295585,0.9438375009270814,0.0143585205078125,13.225007570254386,0.9656396440651669,0.48281982203258345,0.9656396440651669,0.48281982203258345
5,C+S,8,0.0,0.16,True,q3_evidence_cs_penalty,PCS raw,pcs_raw,2,C+S,3.9941028013225788,0.21083094803073632,3.7832718532918426,3.7832718532918426,0.947292262992316,0.0133056640625,13.231481586422033,0.9685175944427117,0.48425879722135584,0.9685175944427117,0.48425879722135584
5,C+S,8,0.0,0.2,True,q3_evidence_cs_penalty,PCS raw,pcs_raw,2,C+S,3.990796214317659,0.218324095581145,3.7724721187365144,3.7724721187365144,0.9454189761047138,0.013946533203125,13.161689562806373,0.9657528623965477,0.48287643119827384,0.9657528623965477,0.48287643119827384
5,C+S,8,0.0,0.24,True,q3_evidence_cs_penalty,PCS raw,pcs_raw,2,C+S,3.9867651399345525,0.21161704466241518,3.7751480952721375,3.7751480952721375,0.9470957388343961,0.0133514404296875,13.180515317929876,0.9664379123896671,0.48321895619483357,0.9664379123896671,0.48321895619483357
5,C+S,8,0.0,0.28,True,q3_evidence_cs_penalty,PCS raw,pcs_raw,2,C+S,3.982015709386646,0.20760124811763675,3.774414461269009,3.774414461269009,0.9480996879705907,0.013092041015625,13.133117233469333,0.9662501020848664,0.4831250510424332,0.9662501020848664,0.4831250510424332
5,C+S,8,0.0,0.32,True,q3_evidence_cs_penalty,PCS raw,pcs_raw,2,C+S,3.976555119443372,0.19464154617619941,3.7819135732671727,3.7819135732671727,0.9513396134559502,0.0126190185546875,13.17272410511968,0.9681698747563962,0.4840849373781981,0.9681698747563962,0.4840849373781981
5,C+S,8,0.0,0.36,True,q3_evidence_cs_penalty,PCS raw,pcs_raw,2,C+S,3.970391608345835,0.19299711742954026,3.7773944909162944,3.7773944909162944,0.9517507206426149,0.012451171875,13.163999495123141,0.9670129896745714,0.4835064948372857,0.9670129896745714,0.4835064948372857
5,C+S,8,2.0,0.0,False,q3_evidence_cs_penalty,Uniform raw,uniform_raw,2,C+S,4.0,0.37888803820032063,3.6211119617996794,3.6211119617996794,0.9052779904499199,0.0248565673828125,12.465904636481987,0.9270046622207179,0.46350233111035893,0.9270046622207179,0.46350233111035893
5,C+S,8,2.0,0.12,True,q3_evidence_cs_penalty,PCS raw,pcs_raw,2,C+S,3.996679855921233,0.3489868546513192,3.6476930012699134,3.6476930012699134,0.9127532863371701,0.02191162109375,12.436473599959282,0.9338094083250978,0.4669047041625489,0.9338094083250978,0.4669047041625489
5,C+S,8,2.0,0.16,True,q3_evidence_cs_penalty,PCS raw,pcs_raw,2,C+S,3.9941028013225788,0.34757913216060227,3.6465236691619767,3.6465236691619767,0.9131052169598495,0.021575927734375,12.42205515366475,0.9335100593054659,0.46675502965273297,0.9335100593054659,0.46675502965273297
5,C+S,8,2.0,0.2,True,q3_evidence_cs_penalty,PCS raw,pcs_raw,2,C+S,3.990796214317659,0.3284483066868091,3.66234790763085,3.66234790763085,0.9178879233282977,0.020172119140625,12.413030442370397,0.9375610643534977,0.46878053217674887,0.9375610643534977,0.46878053217674887
5,C+S,8,2.0,0.24,True,q3_evidence_cs_penalty,PCS raw,pcs_raw,2,C+S,3.9867651399345525,0.3349648026485982,3.6518003372859544,3.6518003372859544,0.9162587993378504,0.0211334228515625,12.411633414993632,0.9348608863452041,0.4674304431726021,0.9348608863452041,0.4674304431726021
5,C+S,8,2.0,0.28,True,q3_evidence_cs_penalty,PCS raw,pcs_raw,2,C+S,3.982015709386646,0.34808275531155936,3.6339329540750867,3.6339329540750867,0.9129793111721102,0.02093505859375,12.295586683293505,0.9302868362432222,0.4651434181216111,0.9302868362432222,0.4651434181216111
5,C+S,8,2.0,0.32,True,q3_evidence_cs_penalty,PCS raw,pcs_raw,2,C+S,3.976555119443372,0.31628493350898057,3.660270185934391,3.660270185934391,0.9209287666227548,0.02008056640625,12.327939709935102,0.9370291675992042,0.4685145837996021,0.9370291675992042,0.4685145837996021
5,C+S,8,2.0,0.36,True,q3_evidence_cs_penalty,PCS raw,pcs_raw,2,C+S,3.970391608345835,0.30653706373908784,3.663854544606747,3.663854544606747,0.923365734065228,0.0189361572265625,12.328447549038373,0.9379467634193273,0.46897338170966363,0.9379467634193273,0.46897338170966363
5,C+S,8,4.0,0.0,False,q3_evidence_cs_penalty,Uniform raw,uniform_raw,2,C+S,4.0,0.7122460221714806,3.287753977828519,3.287753977828519,0.8219384944571297,0.0457305908203125,10.949846089369066,0.8416650183241009,0.42083250916205045,0.8416650183241009,0.42083250916205045
5,C+S,8,4.0,0.12,True,q3_evidence_cs_penalty,PCS raw,pcs_raw,2,C+S,3.996679855921233,0.6844006466774966,3.3122792092437363,3.3122792092437363,0.8288998383306259,0.042083740234375,10.902646136448443,0.8479434775663965,0.42397173878319827,0.8479434775663965,0.42397173878319827
5,C+S,8,4.0,0.16,True,q3_evidence_cs_penalty,PCS raw,pcs_raw,2,C+S,3.9941028013225788,0.6776436344067992,3.31645916691578,3.31645916691578,0.8305890913983003,0.042510986328125,10.821783837362098,0.8490135467304396,0.4245067733652198,0.8490135467304396,0.4245067733652198
5,C+S,8,4.0,0.2,True,q3_evidence_cs_penalty,PCS raw,pcs_raw,2,C+S,3.990796214317659,0.6905080666499178,3.3002881476677413,3.3002881476677413,0.8273729833375205,0.0417633056640625,10.730289687826312,0.8448737658029418,0.4224368829014709,0.8448737658029418,0.4224368829014709
5,C+S,8,4.0,0.24,True,q3_evidence_cs_penalty,PCS raw,pcs_raw,2,C+S,3.9867651399345525,0.6932742407628775,3.293490899171675,3.293490899171675,0.8266814398092805,0.0430908203125,10.6569146515599,0.8431336701879487,0.42156683509397436,0.8431336701879487,0.42156683509397436
5,C+S,8,4.0,0.28,True,q3_evidence_cs_penalty,PCS raw,pcs_raw,2,C+S,3.982015709386646,0.6889776190888905,3.293038090297755,3.293038090297755,0.8277555952277773,0.0418243408203125,10.661692855903642,0.8430177511162253,0.4215088755581127,0.8430177511162253,0.4215088755581127
5,C+S,8,4.0,0.32,True,q3_evidence_cs_penalty,PCS raw,pcs_raw,2,C+S,3.976555119443372,0.6794533743022024,3.2971017451411697,3.2971017451411697,0.8301366564244494,0.0417022705078125,10.586715184271217,0.8440580467561394,0.4220290233780697,0.8440580467561394,0.4220290233780697
5,C+S,8,4.0,0.36,True,q3_evidence_cs_penalty,PCS raw,pcs_raw,2,C+S,3.970391608345835,0.6789367463427659,3.291454862003069,3.291454862003069,0.8302658134143086,0.04180908203125,10.543297986817358,0.8426124446727856,0.4213062223363928,0.8426124446727856,0.4213062223363928
5,C+S,8,6.0,0.0,False,q3_evidence_cs_penalty,Uniform raw,uniform_raw,2,C+S,4.0,1.4070964076391341,2.592903592360866,2.592903592360866,0.6482258980902165,0.096771240234375,8.331630513270671,0.6637833196443816,0.3318916598221908,0.6637833196443816,0.3318916598221908
5,C+S,8,6.0,0.12,True,q3_evidence_cs_penalty,PCS raw,pcs_raw,2,C+S,3.996679855921233,1.4371995256022234,2.5594803303190097,2.5594803303190097,0.6407001185994442,0.0973968505859375,8.061928269171382,0.6552269645616664,0.3276134822808332,0.6552269645616664,0.3276134822808332
5,C+S,8,6.0,0.16,True,q3_evidence_cs_penalty,PCS raw,pcs_raw,2,C+S,3.9941028013225788,1.4339488809176808,2.5601539204048978,2.5601539204048978,0.6415127797705797,0.0954437255859375,8.025090203466295,0.6553994036236539,0.32769970181182695,0.6553994036236539,0.32769970181182695
5,C+S,8,6.0,0.2,True,q3_evidence_cs_penalty,PCS raw,pcs_raw,2,C+S,3.990796214317659,1.424975134687263,2.565821079630396,2.565821079630396,0.6437562163281842,0.0954437255859375,8.024743788507395,0.6568501963853814,0.3284250981926907,0.6568501963853814,0.3284250981926907
5,C+S,8,6.0,0.24,True,q3_evidence_cs_penalty,PCS raw,pcs_raw,2,C+S,3.9867651399345525,1.446589752252776,2.5401753876817765,2.5401753876817765,0.638352561936806,0.097076416015625,7.935750234221997,0.6502848992465348,0.3251424496232674,0.6502848992465348,0.3251424496232674
5,C+S,8,6.0,0.28,True,q3_evidence_cs_penalty,PCS raw,pcs_raw,2,C+S,3.982015709386646,1.4596703574216583,2.5223453519649874,2.5223453519649874,0.6350824106445854,0.097808837890625,7.7715720373869415,0.6457204101030368,0.3228602050515184,0.6457204101030368,0.3228602050515184
5,C+S,8,6.0,0.32,True,q3_evidence_cs_penalty,PCS raw,pcs_raw,2,C+S,3.976555119443372,1.4391818205664424,2.5373732988769295,2.5373732988769295,0.6402045448583894,0.095184326171875,7.82350435683057,0.6495675645124939,0.32478378225624693,0.6495675645124939,0.32478378225624693
5,C+S,8,6.0,0.36,True,q3_evidence_cs_penalty,PCS raw,pcs_raw,2,C+S,3.970391608345835,1.4542228261478425,2.516168782197992,2.516168782197992,0.6364442934630394,0.095794677734375,7.769339772232948,0.644139208242686,0.322069604121343,0.644139208242686,0.322069604121343
5,C+S,10,-2.0,0.0,False,q3_evidence_cs_penalty,Uniform raw,uniform_raw,2,C+S,4.0,0.2407492970464944,3.7592507029535054,3.7592507029535054,0.9398126757383763,0.0156707763671875,13.282764629806106,0.9623681799560972,0.4811840899780486,0.9623681799560972,0.4811840899780486
5,C+S,10,-2.0,0.12,True,q3_evidence_cs_penalty,PCS raw,pcs_raw,2,C+S,3.996679855921233,0.21354402369392694,3.783135832227306,3.783135832227306,0.9466139940765183,0.0131378173828125,13.30780235185485,0.9684827730501904,0.4842413865250952,0.9684827730501904,0.4842413865250952
5,C+S,10,-2.0,0.16,True,q3_evidence_cs_penalty,PCS raw,pcs_raw,2,C+S,3.9941028013225788,0.20091710634179533,3.7931856949807834,3.7931856949807834,0.9497707234145512,0.012664794921875,13.341589173613054,0.9710555379150805,0.48552776895754024,0.9710555379150805,0.48552776895754024
5,C+S,10,-2.0,0.2,True,q3_evidence_cs_penalty,PCS raw,pcs_raw,2,C+S,3.990796214317659,0.205882655705533,3.7849135586121263,3.7849135586121263,0.9485293360736168,0.012786865234375,13.321076732710246,0.9689378710047043,0.48446893550235215,0.9689378710047043,0.48446893550235215
5,C+S,10,-2.0,0.24,True,q3_evidence_cs_penalty,PCS raw,pcs_raw,2,C+S,3.9867651399345525,0.19366288552361022,3.7931022544109423,3.7931022544109423,0.9515842786190974,0.0124359130859375,13.253698919694997,0.9710341771292013,0.48551708856460063,0.9710341771292013,0.48551708856460063
5,C+S,10,-2.0,0.28,True,q3_evidence_cs_penalty,PCS raw,pcs_raw,2,C+S,3.982015709386646,0.184634658461348,3.797381050925298,3.797381050925298,0.953841335384663,0.0118865966796875,13.302627662263351,0.9721295490368762,0.4860647745184381,0.9721295490368762,0.4860647745184381
5,C+S,10,-2.0,0.32,True,q3_evidence_cs_penalty,PCS raw,pcs_raw,2,C+S,3.976555119443372,0.19462416117824222,3.7819309582651295,3.7819309582651295,0.9513439597054394,0.012298583984375,13.254737189544494,0.9681743253158732,0.4840871626579366,0.9681743253158732,0.4840871626579366
5,C+S,10,-2.0,0.36,True,q3_evidence_cs_penalty,PCS raw,pcs_raw,2,C+S,3.970391608345835,0.17964867798162087,3.790742930364214,3.790742930364214,0.9550878305045948,0.011688232421875,13.263303905137636,0.9704301901732388,0.4852150950866194,0.9704301901732388,0.4852150950866194
5,C+S,10,0.0,0.0,False,q3_evidence_cs_penalty,Uniform raw,uniform_raw,2,C+S,4.0,0.32492064746314586,3.675079352536854,3.675079352536854,0.9187698381342135,0.0208282470703125,12.824331911335818,0.9408203142494347,0.47041015712471734,0.9408203142494347,0.47041015712471734
5,C+S,10,0.0,0.12,True,q3_evidence_cs_penalty,PCS raw,pcs_raw,2,C+S,3.996679855921233,0.30617256477207694,3.690507291149156,3.690507291149156,0.9234568588069808,0.0195465087890625,12.720031682927079,0.9447698665341839,0.47238493326709197,0.9447698665341839,0.47238493326709197
5,C+S,10,0.0,0.16,True,q3_evidence_cs_penalty,PCS raw,pcs_raw,2,C+S,3.9941028013225788,0.27802407597942647,3.716078725343152,3.716078725343152,0.9304939810051434,0.0171966552734375,12.806121275535169,0.9513161536878469,0.47565807684392347,0.9513161536878469,0.47565807684392347
5,C+S,10,0.0,0.2,True,q3_evidence_cs_penalty,PCS raw,pcs_raw,2,C+S,3.990796214317659,0.2664623031110019,3.7243339112066574,3.7243339112066574,0.9333844242222495,0.0167388916015625,12.79992823145464,0.9534294812689044,0.4767147406344522,0.9534294812689044,0.4767147406344522
5,C+S,10,0.0,0.24,True,q3_evidence_cs_penalty,PCS raw,pcs_raw,2,C+S,3.9867651399345525,0.2576218013043897,3.7291433386301627,3.7291433386301627,0.9355945496739027,0.0161590576171875,12.746423151143677,0.9546606946893217,0.47733034734466084,0.9546606946893217,0.47733034734466084
5,C+S,10,0.0,0.28,True,q3_evidence_cs_penalty,PCS raw,pcs_raw,2,C+S,3.982015709386646,0.2584247168378374,3.723590992548808,3.723590992548808,0.9353938207905406,0.016937255859375,12.717893126903638,0.953239294092495,0.4766196470462475,0.953239294092495,0.4766196470462475
5,C+S,10,0.0,0.32,True,q3_evidence_cs_penalty,PCS raw,pcs_raw,2,C+S,3.976555119443372,0.2503658403560934,3.7261892790872784,3.7261892790872784,0.9374085399109766,0.0160064697265625,12.751409202472047,0.9539044554463433,0.47695222772317164,0.9539044554463433,0.47695222772317164
5,C+S,10,0.0,0.36,True,q3_evidence_cs_penalty,PCS raw,pcs_raw,2,C+S,3.970391608345835,0.2626348448224916,3.707756763523343,3.707756763523343,0.9343412887943771,0.01641845703125,12.676422853627194,0.9491857314619758,0.4745928657309879,0.9491857314619758,0.4745928657309879
5,C+S,10,2.0,0.0,False,q3_evidence_cs_penalty,Uniform raw,uniform_raw,2,C+S,4.0,0.5328585633991079,3.467141436600892,3.467141436600892,0.866785359150223,0.03369140625,11.692382138071931,0.8875882077698283,0.44379410388491414,0.8875882077698283,0.44379410388491414
5,C+S,10,2.0,0.12,True,q3_evidence_cs_penalty,PCS raw,pcs_raw,2,C+S,3.996679855921233,0.5091775636827672,3.4875022922384655,3.4875022922384655,0.8727056090793082,0.031829833984375,11.622347669528345,0.8928005868130473,0.44640029340652365,0.8928005868130473,0.44640029340652365
5,C+S,10,2.0,0.16,True,q3_evidence_cs_penalty,PCS raw,pcs_raw,2,C+S,3.9941028013225788,0.5261822300624621,3.467920571260117,3.467920571260117,0.8684544424843845,0.031341552734375,11.545418834429256,0.8877876662425899,0.44389383312129493,0.8877876662425899,0.44389383312129493
5,C+S,10,2.0,0.2,True,q3_evidence_cs_penalty,PCS raw,pcs_raw,2,C+S,3.990796214317659,0.4936116288205823,3.497184585497077,3.497184585497077,0.8765970927948544,0.0301971435546875,11.569255476793096,0.8952792538872516,0.4476396269436258,0.8952792538872516,0.4476396269436258
5,C+S,10,2.0,0.24,True,q3_evidence_cs_penalty,PCS raw,pcs_raw,2,C+S,3.9867651399345525,0.5151357937955862,3.4716293461389665,3.4716293461389665,0.8712160515511035,0.0317840576171875,11.441642387498272,0.8887371126115755,0.44436855630578775,0.8887371126115755,0.44436855630578775
5,C+S,10,2.0,0.28,True,q3_evidence_cs_penalty,PCS raw,pcs_raw,2,C+S,3.982015709386646,0.501550054558404,3.480465654828242,3.480465654828242,0.874612486360399,0.030120849609375,11.403665596494541,0.8909992076360299,0.44549960381801496,0.8909992076360299,0.44549960381801496
5,C+S,10,2.0,0.32,True,q3_evidence_cs_penalty,PCS raw,pcs_raw,2,C+S,3.976555119443372,0.49953886514958035,3.4770162542937912,3.4770162542937912,0.8751152837126048,0.0308380126953125,11.399896051349259,0.8901161610992105,0.4450580805496053,0.8901161610992105,0.4450580805496053
5,C+S,10,2.0,0.36,True,q3_evidence_cs_penalty,PCS raw,pcs_raw,2,C+S,3.970391608345835,0.4925789378912472,3.477812670454588,3.477812670454588,0.8768552655271882,0.0296173095703125,11.402051678801374,0.8903200436363745,0.44516002181818726,0.8903200436363745,0.44516002181818726
5,C+S,10,4.0,0.0,False,q3_evidence_cs_penalty,Uniform raw,uniform_raw,2,C+S,4.0,1.0597126354008246,2.9402873645991754,2.9402873645991754,0.7350718411497938,0.0680389404296875,9.571747945964706,0.7527135653373889,0.37635678266869443,0.7527135653373889,0.37635678266869443
5,C+S,10,4.0,0.12,True,q3_evidence_cs_penalty,PCS raw,pcs_raw,2,C+S,3.996679855921233,1.099866231557388,2.896813624363845,2.896813624363845,0.725033442110653,0.0702056884765625,9.2866681482874,0.7415842878371444,0.3707921439185722,0.7415842878371444,0.3707921439185722
5,C+S,10,4.0,0.16,True,q3_evidence_cs_penalty,PCS raw,pcs_raw,2,C+S,3.9941028013225788,1.0675520019031435,2.9265507994194353,2.9265507994194353,0.7331119995242141,0.066650390625,9.335973459233944,0.7491970046513754,0.3745985023256877,0.7491970046513754,0.3745985023256877
5,C+S,10,4.0,0.2,True,q3_evidence_cs_penalty,PCS raw,pcs_raw,2,C+S,3.990796214317659,1.0632855405527721,2.9275106737648873,2.9275106737648873,0.734178614861807,0.06719970703125,9.34826597610884,0.7494427324838111,0.37472136624190555,0.7494427324838111,0.37472136624190555
5,C+S,10,4.0,0.24,True,q3_evidence_cs_penalty,PCS raw,pcs_raw,2,C+S,3.9867651399345525,1.091744502016087,2.8950206379184653,2.8950206379184653,0.7270638744959783,0.069366455078125,9.101043529748626,0.7411252833071271,0.37056264165356356,0.7411252833071271,0.37056264165356356
5,C+S,10,4.0,0.28,True,q3_evidence_cs_penalty,PCS raw,pcs_raw,2,C+S,3.982015709386646,1.0749693624847159,2.90704634690193,2.90704634690193,0.731257659378821,0.0679931640625,9.154386360359474,0.744203864806894,0.372101932403447,0.744203864806894,0.372101932403447
5,C+S,10,4.0,0.32,True,q3_evidence_cs_penalty,PCS raw,pcs_raw,2,C+S,3.976555119443372,1.1003464878951679,2.876208631548204,2.876208631548204,0.724913378026208,0.069427490234375,9.06072261174323,0.7363094096763403,0.36815470483817014,0.7363094096763403,0.36815470483817014
5,C+S,10,4.0,0.36,True,q3_evidence_cs_penalty,PCS raw,pcs_raw,2,C+S,3.970391608345835,1.0771361961589383,2.8932554121868965,2.8932554121868965,0.7307159509602654,0.067169189453125,9.04005808876655,0.7406733855198455,0.37033669275992276,0.7406733855198455,0.37033669275992276
5,C+S,10,6.0,0.0,False,q3_evidence_cs_penalty,Uniform raw,uniform_raw,2,C+S,4.0,2.0371484972248526,1.9628515027751476,1.9628515027751476,0.4907128756937869,0.15411376953125,6.204318801915061,0.5024899847104378,0.2512449923552189,0.5024899847104378,0.2512449923552189
5,C+S,10,6.0,0.12,True,q3_evidence_cs_penalty,PCS raw,pcs_raw,2,C+S,3.996679855921233,2.0723163933075717,1.9243634626136612,1.9243634626136612,0.4819209016731071,0.1546478271484375,5.986008690956757,0.4926370464290973,0.24631852321454864,0.4926370464290973,0.24631852321454864
5,C+S,10,6.0,0.16,True,q3_evidence_cs_penalty,PCS raw,pcs_raw,2,C+S,3.9941028013225788,2.092023057894025,1.9020797434285537,1.9020797434285537,0.4769942355264937,0.154510498046875,5.869189020550719,0.4869324143177097,0.24346620715885486,0.4869324143177097,0.24346620715885486
5,C+S,10,6.0,0.2,True,q3_evidence_cs_penalty,PCS raw,pcs_raw,2,C+S,3.990796214317659,2.0991014719705667,1.8916947423470927,1.8916947423470927,0.47522463200735837,0.1534271240234375,5.724631276438213,0.48427385404085577,0.24213692702042788,0.48427385404085577,0.24213692702042788
5,C+S,10,6.0,0.24,True,q3_evidence_cs_penalty,PCS raw,pcs_raw,2,C+S,3.9867651399345525,2.1085031442710536,1.8782619956634992,1.8782619956634992,0.47287421393223666,0.1536407470703125,5.695971132007269,0.4808350708898558,0.2404175354449279,0.4808350708898558,0.2404175354449279
5,C+S,10,6.0,0.28,True,q3_evidence_cs_penalty,PCS raw,pcs_raw,2,C+S,3.982015709386646,2.0814330359967417,1.9005826733899043,1.9005826733899043,0.4796417410008146,0.1527862548828125,5.7661398859359805,0.4865491643878155,0.24327458219390774,0.4865491643878155,0.24327458219390774
5,C+S,10,6.0,0.32,True,q3_evidence_cs_penalty,PCS raw,pcs_raw,2,C+S,3.976555119443372,2.0790293018857198,1.8975258175576522,1.8975258175576522,0.48024267452857,0.1487884521484375,5.688031210220522,0.4857666092947589,0.24288330464737945,0.4857666092947589,0.24288330464737945
5,C+S,10,6.0,0.36,True,q3_evidence_cs_penalty,PCS raw,pcs_raw,2,C+S,3.970391608345835,2.1348102314071475,1.8355813769386873,1.8355813769386873,0.4662974421482131,0.154541015625,5.453549414671722,0.4699088324963039,0.23495441624815194,0.4699088324963039,0.23495441624815194
5,C+S,12,-2.0,0.0,False,q3_evidence_cs_penalty,Uniform raw,uniform_raw,2,C+S,4.0,0.2743297873773828,3.7256702126226173,3.7256702126226173,0.9314175531556543,0.0177154541015625,13.0911082886878,0.9537715744313899,0.47688578721569497,0.9537715744313899,0.47688578721569497
5,C+S,12,-2.0,0.12,True,q3_evidence_cs_penalty,PCS raw,pcs_raw,2,C+S,3.996679855921233,0.24104232675792966,3.7556375291633035,3.7556375291633035,0.9397394183105177,0.0153350830078125,13.058101432177828,0.9614432074658057,0.48072160373290285,0.9614432074658057,0.48072160373290285
5,C+S,12,-2.0,0.16,True,q3_evidence_cs_penalty,PCS raw,pcs_raw,2,C+S,3.9941028013225788,0.25024243094223875,3.7438603703803404,3.7438603703803404,0.9374393922644404,0.0157623291015625,13.00069235507883,0.958428254817367,0.4792141274086835,0.958428254817367,0.4792141274086835
5,C+S,12,-2.0,0.2,True,q3_evidence_cs_penalty,PCS raw,pcs_raw,2,C+S,3.990796214317659,0.23237428735360888,3.7584219269640506,3.7584219269640506,0.9419064281615979,0.014862060546875,13.018119974040312,0.9621560133027969,0.48107800665139844,0.9621560133027969,0.48107800665139844
5,C+S,12,-2.0,0.24,True,q3_evidence_cs_penalty,PCS raw,pcs_raw,2,C+S,3.9867651399345525,0.23557533214867152,3.751189807785881,3.751189807785881,0.9411061669628321,0.015106201171875,13.013443969247334,0.9603045907931855,0.48015229539659277,0.9603045907931855,0.48015229539659277
5,C+S,12,-2.0,0.28,True,q3_evidence_cs_penalty,PCS raw,pcs_raw,2,C+S,3.982015709386646,0.23560352743747448,3.7464121819491716,3.7464121819491716,0.9410991181406314,0.015106201171875,12.987052565247124,0.9590815185789878,0.4795407592894939,0.9590815185789878,0.4795407592894939
5,C+S,12,-2.0,0.32,True,q3_evidence_cs_penalty,PCS raw,pcs_raw,2,C+S,3.976555119443372,0.21292877240806451,3.7636263470353075,3.7636263470353075,0.9467678068979839,0.013580322265625,13.012274314835066,0.9634883448410387,0.48174417242051937,0.9634883448410387,0.48174417242051937
5,C+S,12,-2.0,0.36,True,q3_evidence_cs_penalty,PCS raw,pcs_raw,2,C+S,3.970391608345835,0.21222734464454623,3.7581642637012886,3.7581642637012886,0.9469431638388635,0.0133056640625,13.021116259678795,0.9620900515075299,0.48104502575376495,0.9620900515075299,0.48104502575376495
5,C+S,12,0.0,0.0,False,q3_evidence_cs_penalty,Uniform raw,uniform_raw,2,C+S,4.0,0.41980990361860016,3.5801900963813997,3.5801900963813997,0.8950475240953499,0.026397705078125,12.251039326852712,0.9165286646736384,0.4582643323368192,0.9165286646736384,0.4582643323368192
5,C+S,12,0.0,0.12,True,q3_evidence_cs_penalty,PCS raw,pcs_raw,2,C+S,3.996679855921233,0.3725194798533849,3.624160376067848,3.624160376067848,0.9068701300366537,0.023040771484375,12.289653485042802,0.9277850562733692,0.4638925281366846,0.9277850562733692,0.4638925281366846
5,C+S,12,0.0,0.16,True,q3_evidence_cs_penalty,PCS raw,pcs_raw,2,C+S,3.9941028013225788,0.36685546417641834,3.6272473371461604,3.6272473371461604,0.9082861339558954,0.0228118896484375,12.304497941214684,0.928575318309417,0.4642876591547085,0.928575318309417,0.4642876591547085
5,C+S,12,0.0,0.2,True,q3_evidence_cs_penalty,PCS raw,pcs_raw,2,C+S,3.990796214317659,0.3758170852161119,3.614979129101547,3.614979129101547,0.906045728695972,0.0236053466796875,12.249097854253748,0.9254346570499961,0.46271732852499803,0.9254346570499961,0.46271732852499803
5,C+S,12,0.0,0.24,True,q3_evidence_cs_penalty,PCS raw,pcs_raw,2,C+S,3.9867651399345525,0.36924944913456564,3.617515690799987,3.617515690799987,0.9076876377163586,0.0230712890625,12.164172008097394,0.9260840168447967,0.46304200842239834,0.9260840168447967,0.46304200842239834
5,C+S,12,0.0,0.28,True,q3_evidence_cs_penalty,PCS raw,pcs_raw,2,C+S,3.982015709386646,0.3556396141672993,3.6263760952193467,3.6263760952193467,0.9110900964581752,0.0221405029296875,12.198176697326709,0.9283522803761527,0.46417614018807635,0.9283522803761527,0.46417614018807635
5,C+S,12,0.0,0.32,True,q3_evidence_cs_penalty,PCS raw,pcs_raw,2,C+S,3.976555119443372,0.36370494417016,3.612850175273212,3.612850175273212,0.90907376395746,0.02294921875,12.151088995063892,0.9248896448699422,0.4624448224349711,0.9248896448699422,0.4624448224349711
5,C+S,12,0.0,0.36,True,q3_evidence_cs_penalty,PCS raw,pcs_raw,2,C+S,3.970391608345835,0.3247482320244045,3.6456433763214307,3.6456433763214307,0.9188129419938988,0.0201416015625,12.229806700076315,0.9332847043382861,0.46664235216914307,0.9332847043382861,0.46664235216914307
5,C+S,12,2.0,0.0,False,q3_evidence_cs_penalty,Uniform raw,uniform_raw,2,C+S,4.0,0.7580373255831439,3.241962674416856,3.241962674416856,0.810490668604214,0.047576904296875,10.786674195593523,0.8299424446507151,0.41497122232535755,0.8299424446507151,0.41497122232535755
5,C+S,12,2.0,0.12,True,q3_evidence_cs_penalty,PCS raw,pcs_raw,2,C+S,3.996679855921233,0.7564305066410482,3.2402493492801847,3.2402493492801847,0.810892373339738,0.0456085205078125,10.628647357766493,0.8295038334157272,0.4147519167078636,0.8295038334157272,0.4147519167078636
5,C+S,12,2.0,0.16,True,q3_evidence_cs_penalty,PCS raw,pcs_raw,2,C+S,3.9941028013225788,0.7157031978918861,3.278399603430693,3.278399603430693,0.8210742005270285,0.043548583984375,10.676607722774861,0.8392702984782574,0.4196351492391287,0.8392702984782574,0.4196351492391287
5,C+S,12,2.0,0.2,True,q3_evidence_cs_penalty,PCS raw,pcs_raw,2,C+S,3.990796214317659,0.7335009892161926,3.2572952251014664,3.2572952251014664,0.8166247526959518,0.0440826416015625,10.630512315845332,0.8338675776259754,0.4169337888129877,0.8338675776259754,0.4169337888129877
5,C+S,12,2.0,0.24,True,q3_evidence_cs_penalty,PCS raw,pcs_raw,2,C+S,3.9867651399345525,0.7562804433400454,3.230484696594507,3.230484696594507,0.8109298891649886,0.04522705078125,10.46653243729278,0.8270040823281939,0.41350204116409695,0.8270040823281939,0.41350204116409695
5,C+S,12,2.0,0.28,True,q3_evidence_cs_penalty,PCS raw,pcs_raw,2,C+S,3.982015709386646,0.6951195792494332,3.2868961301372126,3.2868961301372126,0.8262201051876417,0.0427703857421875,10.59992256125797,0.8414454093151265,0.42072270465756323,0.8414454093151265,0.42072270465756323
5,C+S,12,2.0,0.32,True,q3_evidence_cs_penalty,PCS raw,pcs_raw,2,C+S,3.976555119443372,0.7193601632184594,3.2571949562249123,3.2571949562249123,0.8201599591953851,0.042999267578125,10.431119522476234,0.8338419087935776,0.4169209543967888,0.8338419087935776,0.4169209543967888
5,C+S,12,2.0,0.36,True,q3_evidence_cs_penalty,PCS raw,pcs_raw,2,C+S,3.970391608345835,0.7299196532289023,3.2404719551169325,3.2404719551169325,0.8175200866927744,0.0444488525390625,10.344221702342434,0.8295608205099347,0.41478041025496737,0.8295608205099347,0.41478041025496737
5,C+S,12,4.0,0.0,False,q3_evidence_cs_penalty,Uniform raw,uniform_raw,2,C+S,4.0,1.4910975800812043,2.5089024199187957,2.5089024199187957,0.6272256049796989,0.1025238037109375,7.997362646803751,0.6422790194992116,0.3211395097496058,0.6422790194992116,0.3211395097496058
5,C+S,12,4.0,0.12,True,q3_evidence_cs_penalty,PCS raw,pcs_raw,2,C+S,3.996679855921233,1.4911923322524023,2.5054875236688305,2.5054875236688305,0.6272019169368994,0.098724365234375,7.834172568031119,0.6414048060592207,0.32070240302961034,0.6414048060592207,0.32070240302961034
5,C+S,12,4.0,0.16,True,q3_evidence_cs_penalty,PCS raw,pcs_raw,2,C+S,3.9941028013225788,1.4855776216169216,2.508525179705657,2.508525179705657,0.6286055945957696,0.099334716796875,7.786857349880715,0.6421824460046484,0.3210912230023242,0.6421824460046484,0.3210912230023242
5,C+S,12,4.0,0.2,True,q3_evidence_cs_penalty,PCS raw,pcs_raw,2,C+S,3.990796214317659,1.5280550179597747,2.462741196357884,2.462741196357884,0.6179862455100562,0.1026458740234375,7.601536896531416,0.6304617462676183,0.31523087313380915,0.6304617462676183,0.31523087313380915
5,C+S,12,4.0,0.24,True,q3_evidence_cs_penalty,PCS raw,pcs_raw,2,C+S,3.9867651399345525,1.5307420522219921,2.4560230877125604,2.4560230877125604,0.617314486944502,0.1014862060546875,7.5613167365805625,0.6287419104544154,0.3143709552272077,0.6287419104544154,0.3143709552272077
5,C+S,12,4.0,0.28,True,q3_evidence_cs_penalty,PCS raw,pcs_raw,2,C+S,3.982015709386646,1.527720030935669,2.4542956784509773,2.4542956784509773,0.6180699922660828,0.1000823974609375,7.469520846756655,0.6282996936834502,0.3141498468417251,0.6282996936834502,0.3141498468417251
5,C+S,12,4.0,0.32,True,q3_evidence_cs_penalty,PCS raw,pcs_raw,2,C+S,3.976555119443372,1.5053568215686697,2.471198297874702,2.471198297874702,0.6236607946078325,0.098663330078125,7.534430882069129,0.6326267642559238,0.3163133821279619,0.6326267642559238,0.3163133821279619
5,C+S,12,4.0,0.36,True,q3_evidence_cs_penalty,PCS raw,pcs_raw,2,C+S,3.970391608345835,1.542535152928464,2.4278564554173707,2.4278564554173707,0.614366211767884,0.1016387939453125,7.356558202427911,0.6215312525868468,0.3107656262934234,0.6215312525868468,0.3107656262934234
5,C+S,12,6.0,0.0,False,q3_evidence_cs_penalty,Uniform raw,uniform_raw,2,C+S,4.0,2.6789875253598217,1.3210124746401786,1.3210124746401786,0.33025311866004464,0.218902587890625,4.145992550263044,0.3381791935078857,0.16908959675394286,0.3381791935078857,0.16908959675394286
5,C+S,12,6.0,0.12,True,q3_evidence_cs_penalty,PCS raw,pcs_raw,2,C+S,3.996679855921233,2.6685595023183297,1.3281203536029031,1.3281203536029031,0.33286012442041757,0.212005615234375,4.137252115838961,0.33999881052234315,0.16999940526117158,0.33999881052234315,0.16999940526117158
5,C+S,12,6.0,0.16,True,q3_evidence_cs_penalty,PCS raw,pcs_raw,2,C+S,3.9941028013225788,2.6916767734950473,1.3024260278275315,1.3024260278275315,0.3270808066262382,0.21380615234375,4.030971148483802,0.333421063123848,0.166710531561924,0.333421063123848,0.166710531561924
5,C+S,12,6.0,0.2,True,q3_evidence_cs_penalty,PCS raw,pcs_raw,2,C+S,3.990796214317659,2.7067609746428283,1.284035239674831,1.284035239674831,0.32330975633929293,0.215179443359375,3.9746189375756122,0.32871302135675673,0.16435651067837836,0.32871302135675673,0.16435651067837836
5,C+S,12,6.0,0.24,True,q3_evidence_cs_penalty,PCS raw,pcs_raw,2,C+S,3.9867651399345525,2.733511107173543,1.2532540327610096,1.2532540327610096,0.31662222320661426,0.215301513671875,3.805932200279077,0.32083303238681843,0.16041651619340921,0.32083303238681843,0.16041651619340921
5,C+S,12,6.0,0.28,True,q3_evidence_cs_penalty,PCS raw,pcs_raw,2,C+S,3.982015709386646,2.6870083177646875,1.2950073916219584,1.2950073916219584,0.3282479205588281,0.2086334228515625,3.9312504539836066,0.3315218922552214,0.1657609461276107,0.3315218922552214,0.1657609461276107
5,C+S,12,6.0,0.32,True,q3_evidence_cs_penalty,PCS raw,pcs_raw,2,C+S,3.976555119443372,2.733167875146428,1.2433872442969436,1.2433872442969436,0.3167080312133929,0.212066650390625,3.800147544333113,0.3183071345400176,0.1591535672700088,0.3183071345400176,0.1591535672700088
5,C+S,12,6.0,0.36,True,q3_evidence_cs_penalty,PCS raw,pcs_raw,2,C+S,3.970391608345835,2.7658872025841674,1.2045044057616672,1.2045044057616672,0.3085281993539581,0.2149810791015625,3.665732369730866,0.3083531278749868,0.1541765639374934,0.3083531278749868,0.1541765639374934
5,S,6,-2.0,0.0,False,q3_evidence,Uniform raw,uniform_raw,1,S,4.0,0.17121072183290187,3.8287892781670982,3.8287892781670982,0.9571973195417746,0.010955810546875,13.92940673813012,0.4900850276053885,0.4900850276053885,0.4900850276053885,0.4900850276053885
5,S,6,-2.0,0.12,True,q3_evidence,PCS raw,pcs_raw,1,S,3.996679855921233,0.15173923472208756,3.8449406211991453,3.8449406211991453,0.9620651913194781,0.009552001953125,13.993799185048879,0.4921523995134906,0.4921523995134906,0.4921523995134906,0.4921523995134906
5,S,6,-2.0,0.16,True,q3_evidence,PCS raw,pcs_raw,1,S,3.9941028013225788,0.16779341078584448,3.8263093905367342,3.8263093905367342,0.9580516473035389,0.010955810546875,13.918429120716688,0.48976760198870195,0.48976760198870195,0.48976760198870195,0.48976760198870195
5,S,6,-2.0,0.2,True,q3_evidence,PCS raw,pcs_raw,1,S,3.990796214317659,0.14354535000222146,3.8472508643154377,3.8472508643154377,0.9641136624994446,0.009002685546875,13.999374479686235,0.49244811063237603,0.49244811063237603,0.49244811063237603,0.49244811063237603
5,S,6,-2.0,0.24,True,q3_evidence,PCS raw,pcs_raw,1,S,3.9867651399345525,0.13953981533020163,3.847225324604351,3.847225324604351,0.9651150461674496,0.0084228515625,13.969291437427083,0.4924448415493569,0.4924448415493569,0.4924448415493569,0.4924448415493569
5,S,6,-2.0,0.28,True,q3_evidence,PCS raw,pcs_raw,1,S,3.982015709386646,0.12485656510893411,3.857159144277712,3.857159144277712,0.9687858587227665,0.007843017578125,14.006808512719036,0.4937163704675471,0.4937163704675471,0.4937163704675471,0.4937163704675471
5,S,6,-2.0,0.32,True,q3_evidence,PCS raw,pcs_raw,1,S,3.976555119443372,0.12498095914280319,3.8515741603005686,3.8515741603005686,0.9687547602142992,0.007720947265625,13.972733861057398,0.4930014925184728,0.4930014925184728,0.4930014925184728,0.4930014925184728
5,S,6,-2.0,0.36,True,q3_evidence,PCS raw,pcs_raw,1,S,3.970391608345835,0.13109802318844066,3.839293585157394,3.839293585157394,0.9672254942028898,0.008514404296875,13.914419474392577,0.49142957890014644,0.49142957890014644,0.49142957890014644,0.49142957890014644
5,S,6,0.0,0.0,False,q3_evidence,Uniform raw,uniform_raw,1,S,4.0,0.19200750246579967,3.8079924975342,3.8079924975342,0.95199812438355,0.012481689453125,13.871287017687742,0.4874230396843776,0.4874230396843776,0.4874230396843776,0.4874230396843776
5,S,6,0.0,0.12,True,q3_evidence,PCS raw,pcs_raw,1,S,3.996679855921233,0.15787461360606475,3.838805242315168,3.838805242315168,0.9605313465984838,0.009552001953125,13.853445956321803,0.49136707101634153,0.49136707101634153,0.49136707101634153,0.49136707101634153
5,S,6,0.0,0.16,True,q3_evidence,PCS raw,pcs_raw,1,S,3.9941028013225788,0.16557701959334284,3.828525781729236,3.828525781729236,0.9586057451016643,0.010589599609375,13.791794625917744,0.49005130006134223,0.49005130006134223,0.49005130006134223,0.49005130006134223
5,S,6,0.0,0.2,True,q3_evidence,PCS raw,pcs_raw,1,S,3.990796214317659,0.14267868981599333,3.848117524501666,3.848117524501666,0.9643303275460017,0.008636474609375,13.85631426241505,0.49255904313621324,0.49255904313621324,0.49255904313621324,0.49255904313621324
5,S,6,0.0,0.24,True,q3_evidence,PCS raw,pcs_raw,1,S,3.9867651399345525,0.15261404587213612,3.8341510940624164,3.8341510940624164,0.961846488531966,0.009490966796875,13.810962704851113,0.49077134003998935,0.49077134003998935,0.49077134003998935,0.49077134003998935
5,S,6,0.0,0.28,True,q3_evidence,PCS raw,pcs_raw,1,S,3.982015709386646,0.14556044061252887,3.836455268774117,3.836455268774117,0.9636098898468678,0.00921630859375,13.793725558548871,0.491066274403087,0.491066274403087,0.491066274403087,0.491066274403087
5,S,6,0.0,0.32,True,q3_evidence,PCS raw,pcs_raw,1,S,3.976555119443372,0.13661869669677787,3.839936422746594,3.839936422746594,0.9658453258258055,0.008941650390625,13.91081928910606,0.491511862111564,0.491511862111564,0.491511862111564,0.491511862111564
5,S,6,0.0,0.36,True,q3_evidence,PCS raw,pcs_raw,1,S,3.970391608345835,0.1393220864018221,3.8310695219440127,3.8310695219440127,0.9651694783995445,0.00897216796875,13.791005411717617,0.4903768988088336,0.4903768988088336,0.4903768988088336,0.4903768988088336
5,S,6,2.0,0.0,False,q3_evidence,Uniform raw,uniform_raw,1,S,4.0,0.20915382187365328,3.7908461781263467,3.7908461781263467,0.9477115445315867,0.0135498046875,13.573700126513216,0.48522831080017237,0.48522831080017237,0.48522831080017237,0.48522831080017237
5,S,6,2.0,0.12,True,q3_evidence,PCS raw,pcs_raw,1,S,3.996679855921233,0.20126311020674142,3.7954167457144914,3.7954167457144914,0.9496842224483146,0.012725830078125,13.611200146942979,0.4858133434514549,0.4858133434514549,0.4858133434514549,0.4858133434514549
5,S,6,2.0,0.16,True,q3_evidence,PCS raw,pcs_raw,1,S,3.9941028013225788,0.20022968204426525,3.7938731192783135,3.7938731192783135,0.9499425794889337,0.01275634765625,13.48714269431634,0.4856157592676241,0.4856157592676241,0.4856157592676241,0.4856157592676241
5,S,6,2.0,0.2,True,q3_evidence,PCS raw,pcs_raw,1,S,3.990796214317659,0.19413031934202732,3.796665894975632,3.796665894975632,0.9514674201644931,0.0120849609375,13.498253287349954,0.48597323455688085,0.48597323455688085,0.48597323455688085,0.48597323455688085
5,S,6,2.0,0.24,True,q3_evidence,PCS raw,pcs_raw,1,S,3.9867651399345525,0.1859351182642645,3.800830021670288,3.800830021670288,0.9535162204339339,0.012237548828125,13.445466192465428,0.4865062427737969,0.4865062427737969,0.4865062427737969,0.4865062427737969
5,S,6,2.0,0.28,True,q3_evidence,PCS raw,pcs_raw,1,S,3.982015709386646,0.18206740263321983,3.7999483067534263,3.7999483067534263,0.9544831493416951,0.011810302734375,13.502667736166735,0.4863933832644386,0.4863933832644386,0.4863933832644386,0.4863933832644386
5,S,6,2.0,0.32,True,q3_evidence,PCS raw,pcs_raw,1,S,3.976555119443372,0.17156778573241532,3.8049873337109568,3.8049873337109568,0.9571080535668962,0.011383056640625,13.515920985121195,0.48703837871500244,0.48703837871500244,0.48703837871500244,0.48703837871500244
5,S,6,2.0,0.36,True,q3_evidence,PCS raw,pcs_raw,1,S,3.970391608345835,0.1760280070686932,3.7943636012771416,3.7943636012771416,0.9559929982328267,0.01116943359375,13.548537693731307,0.4856785409634741,0.4856785409634741,0.4856785409634741,0.4856785409634741
5,S,6,4.0,0.0,False,q3_evidence,Uniform raw,uniform_raw,1,S,4.0,0.34277533377278596,3.657224666227214,3.657224666227214,0.9143061665568035,0.022247314453125,12.836228566317356,0.46812475727708336,0.46812475727708336,0.46812475727708336,0.46812475727708336
5,S,6,4.0,0.12,True,q3_evidence,PCS raw,pcs_raw,1,S,3.996679855921233,0.31050923866363345,3.6861706172575994,3.6861706172575994,0.9223726903340916,0.01983642578125,12.872473004151075,0.47182983900897274,0.47182983900897274,0.47182983900897274,0.47182983900897274
5,S,6,4.0,0.16,True,q3_evidence,PCS raw,pcs_raw,1,S,3.9941028013225788,0.3127775523769152,3.6813252489456634,3.6813252489456634,0.9218056119057711,0.02032470703125,12.858549991091381,0.47120963186504494,0.47120963186504494,0.47120963186504494,0.47120963186504494
5,S,6,4.0,0.2,True,q3_evidence,PCS raw,pcs_raw,1,S,3.990796214317659,0.28777974794921196,3.7030164663684473,3.7030164663684473,0.928055063012697,0.01861572265625,12.834144968737213,0.47398610769516125,0.47398610769516125,0.47398610769516125,0.47398610769516125
5,S,6,4.0,0.24,True,q3_evidence,PCS raw,pcs_raw,1,S,3.9867651399345525,0.28404096442402427,3.7027241755105282,3.7027241755105282,0.9289897588939939,0.01763916015625,12.842357107348972,0.4739486944653476,0.4739486944653476,0.4739486944653476,0.4739486944653476
5,S,6,4.0,0.28,True,q3_evidence,PCS raw,pcs_raw,1,S,3.982015709386646,0.29495780740178046,3.6870579019848657,3.6870579019848657,0.9262605481495549,0.01837158203125,12.637524822919687,0.4719434114540628,0.4719434114540628,0.4719434114540628,0.4719434114540628
5,S,6,4.0,0.32,True,q3_evidence,PCS raw,pcs_raw,1,S,3.976555119443372,0.28081703390156737,3.6957380855418047,3.6957380855418047,0.9297957415246082,0.017242431640625,12.697156897541795,0.473054474949351,0.473054474949351,0.473054474949351,0.473054474949351
5,S,6,4.0,0.36,True,q3_evidence,PCS raw,pcs_raw,1,S,3.970391608345835,0.28504621712543277,3.685345391220402,3.685345391220402,0.9287384457186418,0.017791748046875,12.63053537164482,0.4717242100762115,0.4717242100762115,0.4717242100762115,0.4717242100762115
5,S,6,6.0,0.0,False,q3_evidence,Uniform raw,uniform_raw,1,S,4.0,0.6347384581937077,3.3652615418062926,3.3652615418062926,0.8413153854515731,0.039794921875,11.473981435649378,0.43075347735120545,0.43075347735120545,0.43075347735120545,0.43075347735120545
5,S,6,6.0,0.12,True,q3_evidence,PCS raw,pcs_raw,1,S,3.996679855921233,0.6099371784034335,3.386742677517799,3.386742677517799,0.8475157053991416,0.03765869140625,11.374304635513447,0.43350306272227823,0.43350306272227823,0.43350306272227823,0.43350306272227823
5,S,6,6.0,0.16,True,q3_evidence,PCS raw,pcs_raw,1,S,3.9941028013225788,0.6097607496039102,3.3843420517186686,3.3843420517186686,0.8475598125990225,0.03900146484375,11.342542419908646,0.4331957826199896,0.4331957826199896,0.4331957826199896,0.4331957826199896
5,S,6,6.0,0.2,True,q3_evidence,PCS raw,pcs_raw,1,S,3.990796214317659,0.5806742117025661,3.4101220026150934,3.4101220026150934,0.8548314470743585,0.036041259765625,11.328939105629555,0.43649561633473194,0.43649561633473194,0.43649561633473194,0.43649561633473194
5,S,6,6.0,0.24,True,q3_evidence,PCS raw,pcs_raw,1,S,3.9867651399345525,0.6118258993455576,3.374939240588995,3.374939240588995,0.8470435251636106,0.03839111328125,11.186956480942348,0.43199222279539135,0.43199222279539135,0.43199222279539135,0.43199222279539135
5,S,6,6.0,0.28,True,q3_evidence,PCS raw,pcs_raw,1,S,3.982015709386646,0.5775241536523847,3.4044915557342614,3.4044915557342614,0.8556189615869039,0.03570556640625,11.234906764969846,0.43577491913398547,0.43577491913398547,0.43577491913398547,0.43577491913398547
5,S,6,6.0,0.32,True,q3_evidence,PCS raw,pcs_raw,1,S,3.976555119443372,0.5729128885031011,3.403642230940271,3.403642230940271,0.8567717778742248,0.035919189453125,11.235667637846266,0.4356662055603547,0.4356662055603547,0.4356662055603547,0.4356662055603547
5,S,6,6.0,0.36,True,q3_evidence,PCS raw,pcs_raw,1,S,3.970391608345835,0.5941274018813049,3.37626420646453,3.37626420646453,0.8514681495296738,0.03607177734375,11.112882154058315,0.4321618184274598,0.4321618184274598,0.4321618184274598,0.4321618184274598
5,S,8,-2.0,0.0,False,q3_evidence,Uniform raw,uniform_raw,1,S,4.0,0.19499452717346025,3.8050054728265397,3.8050054728265397,0.9512513682066349,0.0123291015625,13.857253226461733,0.48704070052179704,0.48704070052179704,0.48704070052179704,0.48704070052179704
5,S,8,-2.0,0.12,True,q3_evidence,PCS raw,pcs_raw,1,S,3.996679855921233,0.17952796036706947,3.8171518955541632,3.8171518955541632,0.9551180099082326,0.011383056640625,13.80446901942677,0.4885954426309329,0.4885954426309329,0.4885954426309329,0.4885954426309329
5,S,8,-2.0,0.16,True,q3_evidence,PCS raw,pcs_raw,1,S,3.9941028013225788,0.16785068775044293,3.826252113572136,3.826252113572136,0.9580373280623893,0.010528564453125,13.824691849704447,0.4897602705372334,0.4897602705372334,0.4897602705372334,0.4897602705372334
5,S,8,-2.0,0.2,True,q3_evidence,PCS raw,pcs_raw,1,S,3.990796214317659,0.15295511804682851,3.8378410962708305,3.8378410962708305,0.9617612204882928,0.0091552734375,13.751826549422576,0.4912436603226663,0.4912436603226663,0.4912436603226663,0.4912436603226663
5,S,8,-2.0,0.24,True,q3_evidence,PCS raw,pcs_raw,1,S,3.9867651399345525,0.15512723004397755,3.831637909890575,3.831637909890575,0.9612181924890056,0.009796142578125,13.763553380009787,0.4904496524659936,0.4904496524659936,0.4904496524659936,0.4904496524659936
5,S,8,-2.0,0.28,True,q3_evidence,PCS raw,pcs_raw,1,S,3.982015709386646,0.15710556368670686,3.8249101456999393,3.8249101456999393,0.9607236090783233,0.00958251953125,13.792364190958978,0.4895884986495922,0.4895884986495922,0.4895884986495922,0.4895884986495922
5,S,8,-2.0,0.32,True,q3_evidence,PCS raw,pcs_raw,1,S,3.976555119443372,0.15090738578861548,3.8256477336547565,3.8256477336547565,0.9622731535528461,0.009613037109375,13.753742597155645,0.4896829099078088,0.4896829099078088,0.4896829099078088,0.4896829099078088
5,S,8,-2.0,0.36,True,q3_evidence,PCS raw,pcs_raw,1,S,3.970391608345835,0.1389167164279033,3.8314748919179316,3.8314748919179316,0.9652708208930242,0.00897216796875,13.848430349477079,0.49042878616549523,0.49042878616549523,0.49042878616549523,0.49042878616549523
5,S,8,0.0,0.0,False,q3_evidence,Uniform raw,uniform_raw,1,S,4.0,0.20834166590256137,3.7916583340974386,3.7916583340974386,0.9479145835243596,0.013031005859375,13.577802380679687,0.48533226676447216,0.48533226676447216,0.48533226676447216,0.48533226676447216
5,S,8,0.0,0.12,True,q3_evidence,PCS raw,pcs_raw,1,S,3.996679855921233,0.20865558781862278,3.78802426810261,3.78802426810261,0.9478361030453443,0.013824462890625,13.540384253699841,0.4848671063171341,0.4848671063171341,0.4848671063171341,0.4848671063171341
5,S,8,0.0,0.16,True,q3_evidence,PCS raw,pcs_raw,1,S,3.9941028013225788,0.18581650745776176,3.808286293864817,3.808286293864817,0.9535458731355596,0.0115966796875,13.627953560942391,0.4874606456146966,0.4874606456146966,0.4874606456146966,0.4874606456146966
5,S,8,0.0,0.2,True,q3_evidence,PCS raw,pcs_raw,1,S,3.990796214317659,0.1670469702992547,3.8237492440184044,3.8237492440184044,0.9582382574251863,0.01031494140625,13.599700244123365,0.48943990323435577,0.48943990323435577,0.48943990323435577,0.48943990323435577
5,S,8,0.0,0.24,True,q3_evidence,PCS raw,pcs_raw,1,S,3.9867651399345525,0.21128982863694684,3.7754753112976056,3.7754753112976056,0.9471775428407633,0.013031005859375,13.38916397050034,0.4832608398460935,0.4832608398460935,0.4832608398460935,0.4832608398460935
5,S,8,0.0,0.28,True,q3_evidence,PCS raw,pcs_raw,1,S,3.982015709386646,0.17518959670912426,3.8068261126775216,3.8068261126775216,0.9562026008227189,0.011199951171875,13.538454276264758,0.48727374242272276,0.48727374242272276,0.48727374242272276,0.48727374242272276
5,S,8,0.0,0.32,True,q3_evidence,PCS raw,pcs_raw,1,S,3.976555119443372,0.15786051521662964,3.8186946042267422,3.8186946042267422,0.9605348711958426,0.01025390625,13.572408330650262,0.488792909341023,0.488792909341023,0.488792909341023,0.488792909341023
5,S,8,0.0,0.36,True,q3_evidence,PCS raw,pcs_raw,1,S,3.970391608345835,0.17672109637656588,3.793670511969269,3.793670511969269,0.9558197259058585,0.012115478515625,13.39648401185503,0.4855898255320664,0.4855898255320664,0.4855898255320664,0.4855898255320664
5,S,8,2.0,0.0,False,q3_evidence,Uniform raw,uniform_raw,1,S,4.0,0.28509168110118716,3.714908318898813,3.714908318898813,0.9287270797247033,0.018768310546875,13.125141134154077,0.4755082648190481,0.4755082648190481,0.4755082648190481,0.4755082648190481
5,S,8,2.0,0.12,True,q3_evidence,PCS raw,pcs_raw,1,S,3.996679855921233,0.27587718262127847,3.7208026732999544,3.7208026732999544,0.9310307043446804,0.017822265625,12.993728967022655,0.47626274218239417,0.47626274218239417,0.47626274218239417,0.47626274218239417
5,S,8,2.0,0.16,True,q3_evidence,PCS raw,pcs_raw,1,S,3.9941028013225788,0.2879115133162387,3.70619128800634,3.70619128800634,0.9280221216709403,0.018646240234375,12.873439512262566,0.4743924848648115,0.4743924848648115,0.4743924848648115,0.4743924848648115
5,S,8,2.0,0.2,True,q3_evidence,PCS raw,pcs_raw,1,S,3.990796214317659,0.2805518123225723,3.710244401995087,3.710244401995087,0.9298620469193569,0.017547607421875,12.968111911305156,0.4749112834553711,0.4749112834553711,0.4749112834553711,0.4749112834553711
5,S,8,2.0,0.24,True,q3_evidence,PCS raw,pcs_raw,1,S,3.9867651399345525,0.2569909802638321,3.7297741596707206,3.7297741596707206,0.935752254934042,0.016571044921875,12.985085507190295,0.47741109243785224,0.47741109243785224,0.47741109243785224,0.47741109243785224
5,S,8,2.0,0.28,True,q3_evidence,PCS raw,pcs_raw,1,S,3.982015709386646,0.2585672573838913,3.7234484520027546,3.7234484520027546,0.9353581856540272,0.0157470703125,12.915896260641537,0.4766014018563526,0.4766014018563526,0.4766014018563526,0.4766014018563526
5,S,8,2.0,0.32,True,q3_evidence,PCS raw,pcs_raw,1,S,3.976555119443372,0.254892512819144,3.721662606624228,3.721662606624228,0.936276871795214,0.016815185546875,12.834955178237028,0.4763728136479012,0.4763728136479012,0.4763728136479012,0.4763728136479012
5,S,8,2.0,0.36,True,q3_evidence,PCS raw,pcs_raw,1,S,3.970391608345835,0.2583690076706303,3.7120226006752044,3.7120226006752044,0.9354077480823424,0.01568603515625,12.902676684913077,0.47513889288642613,0.47513889288642613,0.47513889288642613,0.47513889288642613
5,S,8,4.0,0.0,False,q3_evidence,Uniform raw,uniform_raw,1,S,4.0,0.5534713306868781,3.446528669313122,3.446528669313122,0.8616321673282805,0.034759521484375,11.86821724496217,0.44115566967207964,0.44115566967207964,0.44115566967207964,0.44115566967207964
5,S,8,4.0,0.12,True,q3_evidence,PCS raw,pcs_raw,1,S,3.996679855921233,0.5066547183126991,3.4900251376085336,3.4900251376085336,0.8733363204218252,0.031158447265625,11.75084798946192,0.4467232176138923,0.4467232176138923,0.4467232176138923,0.4467232176138923
5,S,8,4.0,0.16,True,q3_evidence,PCS raw,pcs_raw,1,S,3.9941028013225788,0.5209542715736981,3.4731485297488804,3.4731485297488804,0.8697614321065754,0.0321044921875,11.809183556128778,0.4445630118078567,0.4445630118078567,0.4445630118078567,0.4445630118078567
5,S,8,4.0,0.2,True,q3_evidence,PCS raw,pcs_raw,1,S,3.990796214317659,0.501243547987106,3.489552666330553,3.489552666330553,0.8746891130032235,0.031829833984375,11.689471174183685,0.4466627412903108,0.4466627412903108,0.4466627412903108,0.4466627412903108
5,S,8,4.0,0.24,True,q3_evidence,PCS raw,pcs_raw,1,S,3.9867651399345525,0.4908517943583952,3.4959133455761573,3.4959133455761573,0.8772870514104012,0.030120849609375,11.72689185850627,0.4474769082337481,0.4474769082337481,0.4474769082337481,0.4474769082337481
5,S,8,4.0,0.28,True,q3_evidence,PCS raw,pcs_raw,1,S,3.982015709386646,0.5124997147982571,3.469515994588389,3.469515994588389,0.8718750713004357,0.030792236328125,11.549849506144499,0.4440980473073138,0.4440980473073138,0.4440980473073138,0.4440980473073138
5,S,8,4.0,0.32,True,q3_evidence,PCS raw,pcs_raw,1,S,3.976555119443372,0.4636078509107179,3.512947268532654,3.512947268532654,0.8840980372723205,0.0289306640625,11.780255628943802,0.4496572503721797,0.4496572503721797,0.4496572503721797,0.4496572503721797
5,S,8,4.0,0.36,True,q3_evidence,PCS raw,pcs_raw,1,S,3.970391608345835,0.4526505041392483,3.5177411042065865,3.5177411042065865,0.8868373739651879,0.028717041015625,11.721779265620622,0.4502708613384431,0.4502708613384431,0.4502708613384431,0.4502708613384431
5,S,8,6.0,0.0,False,q3_evidence,Uniform raw,uniform_raw,1,S,4.0,1.0468516780112533,2.9531483219887464,2.9531483219887464,0.7382870804971866,0.068450927734375,9.783732041512911,0.37800298521455955,0.37800298521455955,0.37800298521455955,0.37800298521455955
5,S,8,6.0,0.12,True,q3_evidence,PCS raw,pcs_raw,1,S,3.996679855921233,1.036625730681136,2.960054125240097,2.960054125240097,0.740843567329716,0.066741943359375,9.76526088861323,0.37888692803073243,0.37888692803073243,0.37888692803073243,0.37888692803073243
5,S,8,6.0,0.16,True,q3_evidence,PCS raw,pcs_raw,1,S,3.9941028013225788,1.002010634617406,2.9920921667051728,2.9920921667051728,0.7494973413456485,0.064971923828125,9.83422156901311,0.3829877973382621,0.3829877973382621,0.3829877973382621,0.3829877973382621
5,S,8,6.0,0.2,True,q3_evidence,PCS raw,pcs_raw,1,S,3.990796214317659,1.0664005268612062,2.924395687456453,2.924395687456453,0.7333998682846985,0.068389892578125,9.529302206957023,0.37432264799442605,0.37432264799442605,0.37432264799442605,0.37432264799442605
5,S,8,6.0,0.24,True,q3_evidence,PCS raw,pcs_raw,1,S,3.9867651399345525,1.0257873094973275,2.960977830437225,2.960977830437225,0.7435531726256681,0.065155029296875,9.559624665020417,0.37900516229596476,0.37900516229596476,0.37900516229596476,0.37900516229596476
5,S,8,6.0,0.28,True,q3_evidence,PCS raw,pcs_raw,1,S,3.982015709386646,1.0353350787963431,2.946680630590303,2.946680630590303,0.7411662303009142,0.066650390625,9.535426528950651,0.37717512071555875,0.37717512071555875,0.37717512071555875,0.37717512071555875
5,S,8,6.0,0.32,True,q3_evidence,PCS raw,pcs_raw,1,S,3.976555119443372,1.0179958750894915,2.9585592443538804,2.9585592443538804,0.7455010312276271,0.06365966796875,9.521586641951679,0.3786955832772967,0.3786955832772967,0.3786955832772967,0.3786955832772967
5,S,8,6.0,0.36,True,q3_evidence,PCS raw,pcs_raw,1,S,3.970391608345835,1.0401664112354685,2.9302251971103663,2.9302251971103663,0.7399583971911329,0.0662841796875,9.451601632554702,0.3750688252301269,0.3750688252301269,0.3750688252301269,0.3750688252301269
5,S,10,-2.0,0.0,False,q3_evidence,Uniform raw,uniform_raw,1,S,4.0,0.20956718179326364,3.790432818206736,3.790432818206736,0.947608204551684,0.013671875,13.67194032126186,0.4851754007304622,0.4851754007304622,0.4851754007304622,0.4851754007304622
5,S,10,-2.0,0.12,True,q3_evidence,PCS raw,pcs_raw,1,S,3.996679855921233,0.19972785334356516,3.7969520025776675,3.7969520025776675,0.9500680366641087,0.01336669921875,13.598489757718271,0.4860098563299415,0.4860098563299415,0.4860098563299415,0.4860098563299415
5,S,10,-2.0,0.16,True,q3_evidence,PCS raw,pcs_raw,1,S,3.9941028013225788,0.18427550946451376,3.809827291858065,3.809827291858065,0.9539311226338716,0.011383056640625,13.693422242250719,0.48765789335783233,0.48765789335783233,0.48765789335783233,0.48765789335783233
5,S,10,-2.0,0.2,True,q3_evidence,PCS raw,pcs_raw,1,S,3.990796214317659,0.1828966948198396,3.80789951949782,3.80789951949782,0.9542758262950402,0.01141357421875,13.571371458579947,0.48741113849572093,0.48741113849572093,0.48741113849572093,0.48741113849572093
5,S,10,-2.0,0.24,True,q3_evidence,PCS raw,pcs_raw,1,S,3.9867651399345525,0.15201658820438074,3.8347485517301716,3.8347485517301716,0.9619958529489048,0.00927734375,13.74062778446611,0.490847814621462,0.490847814621462,0.490847814621462,0.490847814621462
5,S,10,-2.0,0.28,True,q3_evidence,PCS raw,pcs_raw,1,S,3.982015709386646,0.1626646315924211,3.819351077794225,3.819351077794225,0.9593338421018948,0.01068115234375,13.673050780055874,0.48887693795766085,0.48887693795766085,0.48887693795766085,0.48887693795766085
5,S,10,-2.0,0.32,True,q3_evidence,PCS raw,pcs_raw,1,S,3.976555119443372,0.16625912761147904,3.810295991831893,3.810295991831893,0.9584352180971303,0.010711669921875,13.624212548827712,0.4877178869544823,0.4877178869544823,0.4877178869544823,0.4877178869544823
5,S,10,-2.0,0.36,True,q3_evidence,PCS raw,pcs_raw,1,S,3.970391608345835,0.15647816259826935,3.8139134457475654,3.8139134457475654,0.9608804593504326,0.01019287109375,13.63545391032093,0.48818092105568833,0.48818092105568833,0.48818092105568833,0.48818092105568833
5,S,10,0.0,0.0,False,q3_evidence,Uniform raw,uniform_raw,1,S,4.0,0.27531431375237336,3.7246856862476267,3.7246856862476267,0.9311714215619067,0.017791748046875,13.241234318155737,0.4767597678396962,0.4767597678396962,0.4767597678396962,0.4767597678396962
5,S,10,0.0,0.12,True,q3_evidence,PCS raw,pcs_raw,1,S,3.996679855921233,0.23071237793263527,3.7659674779885974,3.7659674779885974,0.9423219055168411,0.015045166015625,13.284274011337214,0.48204383718254046,0.48204383718254046,0.48204383718254046,0.48204383718254046
5,S,10,0.0,0.16,True,q3_evidence,PCS raw,pcs_raw,1,S,3.9941028013225788,0.22774286511937317,3.7663599362032056,3.7663599362032056,0.9430642837201567,0.014251708984375,13.279571980854353,0.4820940718340103,0.4820940718340103,0.4820940718340103,0.4820940718340103
5,S,10,0.0,0.2,True,q3_evidence,PCS raw,pcs_raw,1,S,3.990796214317659,0.23819099960689824,3.752605214710761,3.752605214710761,0.9404522500982755,0.0146484375,13.206699541739553,0.4803334674829774,0.4803334674829774,0.4803334674829774,0.4803334674829774
5,S,10,0.0,0.24,True,q3_evidence,PCS raw,pcs_raw,1,S,3.9867651399345525,0.21503922145761467,3.771725918476938,3.771725918476938,0.9462401946355964,0.013214111328125,13.294616121374913,0.4827809175650481,0.4827809175650481,0.4827809175650481,0.4827809175650481
5,S,10,0.0,0.28,True,q3_evidence,PCS raw,pcs_raw,1,S,3.982015709386646,0.21604717454379713,3.7659685348428487,3.7659685348428487,0.9459882063640507,0.014007568359375,13.29511778825984,0.4820439724598846,0.4820439724598846,0.4820439724598846,0.4820439724598846
5,S,10,0.0,0.32,True,q3_evidence,PCS raw,pcs_raw,1,S,3.976555119443372,0.20509829053501846,3.7714568289083537,3.7714568289083537,0.9487254273662454,0.0135498046875,13.20296322596316,0.4827464741002693,0.4827464741002693,0.4827464741002693,0.4827464741002693
5,S,10,0.0,0.36,True,q3_evidence,PCS raw,pcs_raw,1,S,3.970391608345835,0.2118608748649066,3.7585307334809284,3.7585307334809284,0.9470347812837734,0.01300048828125,13.162113602099215,0.4810919338855588,0.4810919338855588,0.4810919338855588,0.4810919338855588
5,S,10,2.0,0.0,False,q3_evidence,Uniform raw,uniform_raw,1,S,4.0,0.42881264297735955,3.5711873570226405,3.5711873570226405,0.8927968392556601,0.02813720703125,12.440497296093856,0.45711198169889794,0.45711198169889794,0.45711198169889794,0.45711198169889794
5,S,10,2.0,0.12,True,q3_evidence,PCS raw,pcs_raw,1,S,3.996679855921233,0.3835636639209976,3.613116192000235,3.613116192000235,0.9041090840197505,0.0250244140625,12.414598117511499,0.4624788725760301,0.4624788725760301,0.4624788725760301,0.4624788725760301
5,S,10,2.0,0.16,True,q3_evidence,PCS raw,pcs_raw,1,S,3.9941028013225788,0.3945456556581095,3.5995571456644693,3.5995571456644693,0.9013635860854726,0.0244140625,12.351065335112475,0.4607433146450521,0.4607433146450521,0.4607433146450521,0.4607433146450521
5,S,10,2.0,0.2,True,q3_evidence,PCS raw,pcs_raw,1,S,3.990796214317659,0.38382019091435154,3.6069760234033077,3.6069760234033077,0.9040449522714121,0.023345947265625,12.312264988942223,0.4616929309956234,0.4616929309956234,0.4616929309956234,0.4616929309956234
5,S,10,2.0,0.24,True,q3_evidence,PCS raw,pcs_raw,1,S,3.9867651399345525,0.36771294919240244,3.61905219074215,3.61905219074215,0.9080717627018994,0.02325439453125,12.371779083922407,0.46323868041499516,0.46323868041499516,0.46323868041499516,0.46323868041499516
5,S,10,2.0,0.28,True,q3_evidence,PCS raw,pcs_raw,1,S,3.982015709386646,0.35614728691590725,3.625868422470739,3.625868422470739,0.9109631782710232,0.022216796875,12.363493207671306,0.4641111580762546,0.4641111580762546,0.4641111580762546,0.4641111580762546
5,S,10,2.0,0.32,True,q3_evidence,PCS raw,pcs_raw,1,S,3.976555119443372,0.36135485718926075,3.615200262254111,3.615200262254111,0.9096612857026848,0.02252197265625,12.373022722808393,0.46274563356852627,0.46274563356852627,0.46274563356852627,0.46274563356852627
5,S,10,2.0,0.36,True,q3_evidence,PCS raw,pcs_raw,1,S,3.970391608345835,0.3278240876660396,3.6425675206797954,3.6425675206797954,0.9180439780834901,0.0211181640625,12.395240365011826,0.46624864264701377,0.46624864264701377,0.46624864264701377,0.46624864264701377
5,S,10,4.0,0.0,False,q3_evidence,Uniform raw,uniform_raw,1,S,4.0,0.8177151600801122,3.1822848399198875,3.1822848399198875,0.7955712099799719,0.05029296875,10.743802859635101,0.4073324595097456,0.4073324595097456,0.4073324595097456,0.4073324595097456
5,S,10,4.0,0.12,True,q3_evidence,PCS raw,pcs_raw,1,S,3.996679855921233,0.7718309431514144,3.2248489127698186,3.2248489127698186,0.8070422642121464,0.0477294921875,10.802431072521394,0.4127806608345368,0.4127806608345368,0.4127806608345368,0.4127806608345368
5,S,10,4.0,0.16,True,q3_evidence,PCS raw,pcs_raw,1,S,3.9941028013225788,0.7502227034352831,3.2438800978872955,3.2438800978872955,0.8124443241411792,0.048126220703125,10.784368109048161,0.4152166525295738,0.4152166525295738,0.4152166525295738,0.4152166525295738
5,S,10,4.0,0.2,True,q3_evidence,PCS raw,pcs_raw,1,S,3.990796214317659,0.7526240261284012,3.238172188189258,3.238172188189258,0.8118439934678997,0.04638671875,10.713534609469455,0.41448604008822504,0.41448604008822504,0.41448604008822504,0.41448604008822504
5,S,10,4.0,0.24,True,q3_evidence,PCS raw,pcs_raw,1,S,3.9867651399345525,0.7923941870809954,3.194370952853557,3.194370952853557,0.8019014532297511,0.049530029296875,10.44108016991837,0.4088794819652553,0.4088794819652553,0.4088794819652553,0.4088794819652553
5,S,10,4.0,0.28,True,q3_evidence,PCS raw,pcs_raw,1,S,3.982015709386646,0.7645553288402749,3.2174603805463713,3.2174603805463713,0.8088611677899313,0.0469970703125,10.523764697253753,0.41183492870993554,0.41183492870993554,0.41183492870993554,0.41183492870993554
5,S,10,4.0,0.32,True,q3_evidence,PCS raw,pcs_raw,1,S,3.976555119443372,0.775609846996629,3.200945272446743,3.200945272446743,0.8060975382508427,0.047149658203125,10.483083878472701,0.4097209948731831,0.4097209948731831,0.4097209948731831,0.4097209948731831
5,S,10,4.0,0.36,True,q3_evidence,PCS raw,pcs_raw,1,S,3.970391608345835,0.7260197865010862,3.244371821844749,3.244371821844749,0.8184950533747285,0.04364013671875,10.533542068373926,0.4152795931961279,0.4152795931961279,0.4152795931961279,0.4152795931961279
5,S,10,6.0,0.0,False,q3_evidence,Uniform raw,uniform_raw,1,S,4.0,1.514940727115032,2.485059272884968,2.485059272884968,0.621264818221242,0.105010986328125,8.19204687599398,0.31808758692927597,0.31808758692927597,0.31808758692927597,0.31808758692927597
5,S,10,6.0,0.12,True,q3_evidence,PCS raw,pcs_raw,1,S,3.996679855921233,1.5414684398544647,2.455211416066768,2.455211416066768,0.6146328900363838,0.10528564453125,7.998081436931069,0.3142670612565463,0.3142670612565463,0.3142670612565463,0.3142670612565463
5,S,10,6.0,0.16,True,q3_evidence,PCS raw,pcs_raw,1,S,3.9941028013225788,1.5384408471324265,2.4556619541901523,2.4556619541901523,0.6153897882168934,0.106201171875,7.870357723458444,0.3143247301363395,0.3143247301363395,0.3143247301363395,0.3143247301363395
5,S,10,6.0,0.2,True,q3_evidence,PCS raw,pcs_raw,1,S,3.990796214317659,1.5982374435412867,2.3925587707763727,2.3925587707763727,0.6004406391146784,0.10809326171875,7.61338217163165,0.3062475226593757,0.3062475226593757,0.3062475226593757,0.3062475226593757
5,S,10,6.0,0.24,True,q3_evidence,PCS raw,pcs_raw,1,S,3.9867651399345525,1.5681515839581328,2.4186135559764197,2.4186135559764197,0.6079621040104668,0.106842041015625,7.71549325119237,0.30958253516498174,0.30958253516498174,0.30958253516498174,0.30958253516498174
5,S,10,6.0,0.28,True,q3_evidence,PCS raw,pcs_raw,1,S,3.982015709386646,1.5812991620063923,2.4007165473802536,2.4007165473802536,0.6046752094984019,0.10565185546875,7.611671924480144,0.3072917180646725,0.3072917180646725,0.3072917180646725,0.3072917180646725
5,S,10,6.0,0.32,True,q3_evidence,PCS raw,pcs_raw,1,S,3.976555119443372,1.576527633846984,2.4000274855963877,2.4000274855963877,0.6058680915382539,0.10443115234375,7.567686276647187,0.3072035181563377,0.3072035181563377,0.3072035181563377,0.3072035181563377
5,S,10,6.0,0.36,True,q3_evidence,PCS raw,pcs_raw,1,S,3.970391608345835,1.5633535446777784,2.4070380636680566,2.4070380636680566,0.6091616138305554,0.10528564453125,7.6021537636991745,0.3081008721495112,0.3081008721495112,0.3081008721495112,0.3081008721495112
5,S,12,-2.0,0.0,False,q3_evidence,Uniform raw,uniform_raw,1,S,4.0,0.2560100129465676,3.7439899870534323,3.7439899870534323,0.9359974967633581,0.015777587890625,13.437345187175332,0.47923071834283937,0.47923071834283937,0.47923071834283937,0.47923071834283937
5,S,12,-2.0,0.12,True,q3_evidence,PCS raw,pcs_raw,1,S,3.996679855921233,0.20381302640274512,3.7928668295184877,3.7928668295184877,0.9490467433993137,0.012786865234375,13.493438525123661,0.48548695417836646,0.48548695417836646,0.48548695417836646,0.48548695417836646
5,S,12,-2.0,0.16,True,q3_evidence,PCS raw,pcs_raw,1,S,3.9941028013225788,0.2118554293942817,3.782247371928297,3.782247371928297,0.9470361426514295,0.013885498046875,13.378631238444129,0.484127663606822,0.484127663606822,0.484127663606822,0.484127663606822
5,S,12,-2.0,0.2,True,q3_evidence,PCS raw,pcs_raw,1,S,3.990796214317659,0.2057828255696977,3.7850133887479616,3.7850133887479616,0.9485542936075756,0.013275146484375,13.368740741344299,0.4844817137597391,0.4844817137597391,0.4844817137597391,0.4844817137597391
5,S,12,-2.0,0.24,True,q3_evidence,PCS raw,pcs_raw,1,S,3.9867651399345525,0.1975606931761945,3.789204446758358,3.789204446758358,0.9506098267059514,0.012054443359375,13.422115143474338,0.48501816918506985,0.48501816918506985,0.48501816918506985,0.48501816918506985
5,S,12,-2.0,0.28,True,q3_evidence,PCS raw,pcs_raw,1,S,3.982015709386646,0.1974567607068886,3.7845589486797575,3.7845589486797575,0.9506358098232779,0.0128173828125,13.433832481109695,0.48442354543100896,0.48442354543100896,0.48442354543100896,0.48442354543100896
5,S,12,-2.0,0.32,True,q3_evidence,PCS raw,pcs_raw,1,S,3.976555119443372,0.1839369472184696,3.7926181722249024,3.7926181722249024,0.9540157631953826,0.01202392578125,13.423065344971798,0.48545512604478747,0.48545512604478747,0.48545512604478747,0.48545512604478747
5,S,12,-2.0,0.36,True,q3_evidence,PCS raw,pcs_raw,1,S,3.970391608345835,0.1683141128918072,3.8020774954540277,3.8020774954540277,0.9579214717770482,0.01129150390625,13.46714548202467,0.48666591941811554,0.48666591941811554,0.48666591941811554,0.48666591941811554
5,S,12,0.0,0.0,False,q3_evidence,Uniform raw,uniform_raw,1,S,4.0,0.3259122506795097,3.67408774932049,3.67408774932049,0.9185219373301226,0.02178955078125,12.901363366250669,0.4702832319130228,0.4702832319130228,0.4702832319130228,0.4702832319130228
5,S,12,0.0,0.12,True,q3_evidence,PCS raw,pcs_raw,1,S,3.996679855921233,0.30111526370866865,3.6955645922125644,3.6955645922125644,0.9247211840728329,0.0194091796875,12.899611079147427,0.47303226780320823,0.47303226780320823,0.47303226780320823,0.47303226780320823
5,S,12,0.0,0.16,True,q3_evidence,PCS raw,pcs_raw,1,S,3.9941028013225788,0.27290264573730183,3.7212001555852767,3.7212001555852767,0.9317743385656745,0.01751708984375,12.915259959338385,0.4763136199149154,0.4763136199149154,0.4763136199149154,0.4763136199149154
5,S,12,0.0,0.2,True,q3_evidence,PCS raw,pcs_raw,1,S,3.990796214317659,0.31478787994445745,3.6760083343732015,3.6760083343732015,0.9213030300138856,0.0194091796875,12.772116408981425,0.4705290667997698,0.4705290667997698,0.4705290667997698,0.4705290667997698
5,S,12,0.0,0.24,True,q3_evidence,PCS raw,pcs_raw,1,S,3.9867651399345525,0.27127803155224695,3.7154871083823053,3.7154871083823053,0.9321804921119382,0.017242431640625,12.869921773741755,0.4755823498729351,0.4755823498729351,0.4755823498729351,0.4755823498729351
5,S,12,0.0,0.28,True,q3_evidence,PCS raw,pcs_raw,1,S,3.982015709386646,0.2595519456589724,3.7224637637276734,3.7224637637276734,0.9351120135852569,0.016510009765625,12.834622354938464,0.4764753617571422,0.4764753617571422,0.4764753617571422,0.4764753617571422
5,S,12,0.0,0.32,True,q3_evidence,PCS raw,pcs_raw,1,S,3.976555119443372,0.2931807287870014,3.6833743906563705,3.6833743906563705,0.9267048178032496,0.01849365234375,12.663575894779663,0.47147192200401544,0.47147192200401544,0.47147192200401544,0.47147192200401544
5,S,12,0.0,0.36,True,q3_evidence,PCS raw,pcs_raw,1,S,3.970391608345835,0.2681367366351287,3.702254871710706,3.702254871710706,0.9329658158412178,0.01617431640625,12.793641935470152,0.4738886235789704,0.4738886235789704,0.4738886235789704,0.4738886235789704
5,S,12,2.0,0.0,False,q3_evidence,Uniform raw,uniform_raw,1,S,4.0,0.5893006290695681,3.410699370930432,3.410699370930432,0.852674842732608,0.038299560546875,11.716575952119413,0.4365695194790953,0.4365695194790953,0.4365695194790953,0.4365695194790953
5,S,12,2.0,0.12,True,q3_evidence,PCS raw,pcs_raw,1,S,3.996679855921233,0.5725362636698988,3.424143592251334,3.424143592251334,0.8568659340825253,0.036834716796875,11.54000488380577,0.43829037980817076,0.43829037980817076,0.43829037980817076,0.43829037980817076
5,S,12,2.0,0.16,True,q3_evidence,PCS raw,pcs_raw,1,S,3.9941028013225788,0.5597954681828293,3.4343073331397496,3.4343073331397496,0.8600511329542927,0.032928466796875,11.599148531263994,0.43959133864188793,0.43959133864188793,0.43959133864188793,0.43959133864188793
5,S,12,2.0,0.2,True,q3_evidence,PCS raw,pcs_raw,1,S,3.990796214317659,0.5445269693257253,3.446269244991934,3.446269244991934,0.8638682576685687,0.033538818359375,11.660134273857318,0.44112246335896754,0.44112246335896754,0.44112246335896754,0.44112246335896754
5,S,12,2.0,0.24,True,q3_evidence,PCS raw,pcs_raw,1,S,3.9867651399345525,0.5233582052553403,3.4634069346792122,3.4634069346792122,0.8691604486861649,0.031280517578125,11.621947981306153,0.44331608763893915,0.44331608763893915,0.44331608763893915,0.44331608763893915
5,S,12,2.0,0.28,True,q3_evidence,PCS raw,pcs_raw,1,S,3.982015709386646,0.5173779454602069,3.464637763926439,3.464637763926439,0.8706555136349483,0.0321044921875,11.50327215362956,0.44347363378258425,0.44347363378258425,0.44347363378258425,0.44347363378258425
5,S,12,2.0,0.32,True,q3_evidence,PCS raw,pcs_raw,1,S,3.976555119443372,0.5321028404156849,3.4444522790276872,3.4444522790276872,0.8669742898960788,0.031219482421875,11.507683990254023,0.44088989171554394,0.44088989171554394,0.44088989171554394,0.44088989171554394
5,S,12,2.0,0.36,True,q3_evidence,PCS raw,pcs_raw,1,S,3.970391608345835,0.5202986805139771,3.4500929278318577,3.4500929278318577,0.8699253298715057,0.031707763671875,11.39529933677806,0.4416118947624778,0.4416118947624778,0.4416118947624778,0.4416118947624778
5,S,12,4.0,0.0,False,q3_evidence,Uniform raw,uniform_raw,1,S,4.0,1.1280778676487193,2.8719221323512807,2.8719221323512807,0.7179805330878202,0.075225830078125,9.639151088177092,0.36760603294096394,0.36760603294096394,0.36760603294096394,0.36760603294096394
5,S,12,4.0,0.12,True,q3_evidence,PCS raw,pcs_raw,1,S,3.996679855921233,1.1313179618572613,2.8653618940639713,2.8653618940639713,0.7171705095356846,0.07281494140625,9.378648615304655,0.36676632244018836,0.36676632244018836,0.36676632244018836,0.36676632244018836
5,S,12,4.0,0.16,True,q3_evidence,PCS raw,pcs_raw,1,S,3.9941028013225788,1.1223929808367186,2.87170982048586,2.87170982048586,0.7194017547908204,0.07177734375,9.260022321184636,0.3675788570221901,0.3675788570221901,0.3675788570221901,0.3675788570221901
5,S,12,4.0,0.2,True,q3_evidence,PCS raw,pcs_raw,1,S,3.990796214317659,1.1214364603068585,2.8693597540108007,2.8693597540108007,0.7196408849232854,0.07159423828125,9.315129906930235,0.3672780485133825,0.3672780485133825,0.3672780485133825,0.3672780485133825
5,S,12,4.0,0.24,True,q3_evidence,PCS raw,pcs_raw,1,S,3.9867651399345525,1.1772667366687517,2.809498403265801,2.809498403265801,0.7056833158328121,0.072174072265625,8.919912253770487,0.35961579561802254,0.35961579561802254,0.35961579561802254,0.35961579561802254
5,S,12,4.0,0.28,True,q3_evidence,PCS raw,pcs_raw,1,S,3.982015709386646,1.1139982451628976,2.8680174642237484,2.8680174642237484,0.7215004387092756,0.068450927734375,9.248281636843902,0.36710623542063975,0.36710623542063975,0.36710623542063975,0.36710623542063975
5,S,12,4.0,0.32,True,q3_evidence,PCS raw,pcs_raw,1,S,3.976555119443372,1.0730890888735551,2.903466030569817,2.903466030569817,0.7317277277816112,0.066680908203125,9.290376350538383,0.3716436519129365,0.3716436519129365,0.3716436519129365,0.3716436519129365
5,S,12,4.0,0.36,True,q3_evidence,PCS raw,pcs_raw,1,S,3.970391608345835,1.112761185103091,2.857630423242744,2.857630423242744,0.7218097037242273,0.06939697265625,9.103249971195174,0.36577669417507125,0.36577669417507125,0.36577669417507125,0.36577669417507125
5,S,12,6.0,0.0,False,q3_evidence,Uniform raw,uniform_raw,1,S,4.0,2.089368822533058,1.910631177466942,1.910631177466942,0.4776577943667355,0.158447265625,6.216883540950821,0.24456079071576858,0.24456079071576858,0.24456079071576858,0.24456079071576858
5,S,12,6.0,0.12,True,q3_evidence,PCS raw,pcs_raw,1,S,3.996679855921233,2.0839480299118094,1.9127318260094235,1.9127318260094235,0.47901299252204765,0.152679443359375,6.11327206660055,0.24482967372920622,0.24482967372920622,0.24482967372920622,0.24482967372920622
5,S,12,6.0,0.16,True,q3_evidence,PCS raw,pcs_raw,1,S,3.9941028013225788,2.13051677949145,1.8635860218311286,1.8635860218311286,0.46737080512713747,0.157684326171875,5.944536568948887,0.23853901079438447,0.23853901079438447,0.23853901079438447,0.23853901079438447
5,S,12,6.0,0.2,True,q3_evidence,PCS raw,pcs_raw,1,S,3.990796214317659,2.110595046917914,1.8802011673997452,1.8802011673997452,0.4723512382705215,0.154205322265625,5.913803785327943,0.2406657494271674,0.2406657494271674,0.2406657494271674,0.2406657494271674
5,S,12,6.0,0.24,True,q3_evidence,PCS raw,pcs_raw,1,S,3.9867651399345525,2.1560948012292784,1.830670338705274,1.830670338705274,0.4609762996926804,0.157135009765625,5.76273540481999,0.23432580335427508,0.23432580335427508,0.23432580335427508,0.23432580335427508
5,S,12,6.0,0.28,True,q3_evidence,PCS raw,pcs_raw,1,S,3.982015709386646,2.1421387608217395,1.8398769485649065,1.8398769485649065,0.46446530979456513,0.155975341796875,5.806981598803037,0.23550424941630801,0.23550424941630801,0.23550424941630801,0.23550424941630801
5,S,12,6.0,0.32,True,q3_evidence,PCS raw,pcs_raw,1,S,3.976555119443372,2.1248991085928086,1.8516560108505633,1.8516560108505633,0.46877522285179785,0.15484619140625,5.839843704329328,0.2370119693888721,0.2370119693888721,0.2370119693888721,0.2370119693888721
5,S,12,6.0,0.36,True,q3_evidence,PCS raw,pcs_raw,1,S,3.970391608345835,2.255401092381004,1.7149905159648307,1.7149905159648307,0.43614972690474896,0.1636962890625,5.357632229108923,0.2195187860434983,0.2195187860434983,0.2195187860434983,0.2195187860434983
6,C,6,-2.0,0.0,False,q3_evidence,Uniform raw,uniform_raw,1,C,4.0,0.10642847796171213,3.893571522038288,3.893571522038288,0.973392880509572,0.00689697265625,14.82901327161474,0.49837715482090084,0.49837715482090084,0.49837715482090084,0.49837715482090084
6,C,6,-2.0,0.12,True,q3_evidence,PCS raw,pcs_raw,1,C,3.996679855921233,0.08863746017224877,3.9080423957489843,3.9080423957489843,0.9778406349569378,0.005340576171875,14.778118144491529,0.50022942665587,0.50022942665587,0.50022942665587,0.50022942665587
6,C,6,-2.0,0.16,True,q3_evidence,PCS raw,pcs_raw,1,C,3.9941028013225788,0.08010555877263789,3.9139972425499407,3.9139972425499407,0.9799736103068405,0.0048828125,14.785350733138888,0.5009916470463924,0.5009916470463924,0.5009916470463924,0.5009916470463924
6,C,6,-2.0,0.2,True,q3_evidence,PCS raw,pcs_raw,1,C,3.990796214317659,0.07967007697277781,3.9111261373448816,3.9111261373448816,0.9800824807568056,0.005218505859375,14.795321201408584,0.5006241455801448,0.5006241455801448,0.5006241455801448,0.5006241455801448
6,C,6,-2.0,0.24,True,q3_evidence,PCS raw,pcs_raw,1,C,3.9867651399345525,0.07080707041776145,3.9159580695167913,3.9159580695167913,0.9822982323955597,0.00439453125,14.873739124335634,0.5012426328981493,0.5012426328981493,0.5012426328981493,0.5012426328981493
6,C,6,-2.0,0.28,True,q3_evidence,PCS raw,pcs_raw,1,C,3.982015709386646,0.07438670007806322,3.907629009308583,3.907629009308583,0.9814033249804842,0.004547119140625,14.809191184728316,0.5001765131914986,0.5001765131914986,0.5001765131914986,0.5001765131914986
6,C,6,-2.0,0.32,True,q3_evidence,PCS raw,pcs_raw,1,C,3.976555119443372,0.06470357516061999,3.9118515442827517,3.9118515442827517,0.983824106209845,0.0040283203125,14.855423767727128,0.5007169976681922,0.5007169976681922,0.5007169976681922,0.5007169976681922
6,C,6,-2.0,0.36,True,q3_evidence,PCS raw,pcs_raw,1,C,3.970391608345835,0.06873964694658177,3.901651961399253,3.901651961399253,0.9828150882633545,0.004425048828125,14.778668940141355,0.4994114510591044,0.4994114510591044,0.4994114510591044,0.4994114510591044
6,C,6,0.0,0.0,False,q3_evidence,Uniform raw,uniform_raw,1,C,4.0,0.11218374966551801,3.887816250334482,3.887816250334482,0.9719540625836205,0.007171630859375,14.65046644207189,0.4976404800428137,0.4976404800428137,0.4976404800428137,0.4976404800428137
6,C,6,0.0,0.12,True,q3_evidence,PCS raw,pcs_raw,1,C,3.996679855921233,0.0889700844761627,3.90770977144507,3.90770977144507,0.9777574788809593,0.00537109375,14.671894410072357,0.500186850744969,0.500186850744969,0.500186850744969,0.500186850744969
6,C,6,0.0,0.16,True,q3_evidence,PCS raw,pcs_raw,1,C,3.9941028013225788,0.09773171648224556,3.8963710848403332,3.8963710848403332,0.9755670708794386,0.006072998046875,14.624619318585296,0.4987354988595627,0.4987354988595627,0.4987354988595627,0.4987354988595627
6,C,6,0.0,0.2,True,q3_evidence,PCS raw,pcs_raw,1,C,3.990796214317659,0.09860096356506878,3.8921952507525903,3.8921952507525903,0.9753497591087328,0.006011962890625,14.612897137984895,0.49820099209633156,0.49820099209633156,0.49820099209633156,0.49820099209633156
6,C,6,0.0,0.24,True,q3_evidence,PCS raw,pcs_raw,1,C,3.9867651399345525,0.08452562612029457,3.902239513814258,3.902239513814258,0.9788685934699264,0.005523681640625,14.59784562399614,0.49948665776822504,0.49948665776822504,0.49948665776822504,0.49948665776822504
6,C,6,0.0,0.28,True,q3_evidence,PCS raw,pcs_raw,1,C,3.982015709386646,0.078014823338008,3.904000886048638,3.904000886048638,0.980496294165498,0.005218505859375,14.640873686219951,0.49971211341422567,0.49971211341422567,0.49971211341422567,0.49971211341422567
6,C,6,0.0,0.32,True,q3_evidence,PCS raw,pcs_raw,1,C,3.976555119443372,0.08876618956818128,3.8877889298751906,3.8877889298751906,0.9778084526079547,0.00537109375,14.635647987056135,0.4976369830240244,0.4976369830240244,0.4976369830240244,0.4976369830240244
6,C,6,0.0,0.36,True,q3_evidence,PCS raw,pcs_raw,1,C,3.970391608345835,0.07192865883846832,3.8984629495073664,3.8984629495073664,0.9820178352903829,0.00457763671875,14.609100592566307,0.49900325753694286,0.49900325753694286,0.49900325753694286,0.49900325753694286
6,C,6,2.0,0.0,False,q3_evidence,Uniform raw,uniform_raw,1,C,4.0,0.15271262063106902,3.847287379368931,3.847287379368931,0.9618218448422328,0.009429931640625,14.269436586610603,0.4924527845592232,0.4924527845592232,0.4924527845592232,0.4924527845592232
6,C,6,2.0,0.12,True,q3_evidence,PCS raw,pcs_raw,1,C,3.996679855921233,0.13884049213350297,3.85783936378773,3.85783936378773,0.9652898769666243,0.008636474609375,14.297862846080056,0.4938034385648294,0.4938034385648294,0.4938034385648294,0.4938034385648294
6,C,6,2.0,0.16,True,q3_evidence,PCS raw,pcs_raw,1,C,3.9941028013225788,0.11727475990785283,3.876828041414726,3.876828041414726,0.9706813100230368,0.0074462890625,14.240930168401775,0.496233989301085,0.496233989301085,0.496233989301085,0.496233989301085
6,C,6,2.0,0.2,True,q3_evidence,PCS raw,pcs_raw,1,C,3.990796214317659,0.11151813235193114,3.879278081965728,3.879278081965728,0.9721204669120173,0.00677490234375,14.290294466270634,0.49654759449161323,0.49654759449161323,0.49654759449161323,0.49654759449161323
6,C,6,2.0,0.24,True,q3_evidence,PCS raw,pcs_raw,1,C,3.9867651399345525,0.11382499527187649,3.872940144662676,3.872940144662676,0.9715437511820308,0.00714111328125,14.24101061518865,0.49573633851682253,0.49573633851682253,0.49573633851682253,0.49573633851682253
6,C,6,2.0,0.28,True,q3_evidence,PCS raw,pcs_raw,1,C,3.982015709386646,0.10624110290931033,3.8757746064773357,3.8757746064773357,0.9734397242726724,0.006927490234375,14.204741829699042,0.496099149629099,0.496099149629099,0.496099149629099,0.496099149629099
6,C,6,2.0,0.32,True,q3_evidence,PCS raw,pcs_raw,1,C,3.976555119443372,0.10383485829622757,3.8727202611471445,3.8727202611471445,0.9740412854259431,0.006591796875,14.181468525906393,0.4957081934268345,0.4957081934268345,0.4957081934268345,0.4957081934268345
6,C,6,2.0,0.36,True,q3_evidence,PCS raw,pcs_raw,1,C,3.970391608345835,0.11889233113811157,3.8514992772077234,3.8514992772077234,0.9702769172154722,0.007720947265625,14.141645465222831,0.49299190748258864,0.49299190748258864,0.49299190748258864,0.49299190748258864
6,C,6,4.0,0.0,False,q3_evidence,Uniform raw,uniform_raw,1,C,4.0,0.250554503306958,3.749445496693042,3.749445496693042,0.9373613741732605,0.014617919921875,13.485797820445187,0.47992902357670936,0.47992902357670936,0.47992902357670936,0.47992902357670936
6,C,6,4.0,0.12,True,q3_evidence,PCS raw,pcs_raw,1,C,3.996679855921233,0.2427566002362662,3.753923255684967,3.753923255684967,0.9393108499409335,0.014068603515625,13.29501682425834,0.48050217672767576,0.48050217672767576,0.48050217672767576,0.48050217672767576
6,C,6,4.0,0.16,True,q3_evidence,PCS raw,pcs_raw,1,C,3.9941028013225788,0.24152740347225665,3.7525753978503222,3.7525753978503222,0.9396181491319359,0.0137939453125,13.312927857498192,0.48032965092484126,0.48032965092484126,0.48032965092484126,0.48032965092484126
6,C,6,4.0,0.2,True,q3_evidence,PCS raw,pcs_raw,1,C,3.990796214317659,0.21612606476587193,3.7746701495517874,3.7746701495517874,0.945968483808532,0.012908935546875,13.380381181915856,0.4831577791426288,0.4831577791426288,0.4831577791426288,0.4831577791426288
6,C,6,4.0,0.24,True,q3_evidence,PCS raw,pcs_raw,1,C,3.9867651399345525,0.21832756720787155,3.768437572726681,3.768437572726681,0.9454181081980321,0.0137939453125,13.20685076983011,0.4823600093090151,0.4823600093090151,0.4823600093090151,0.4823600093090151
6,C,6,4.0,0.28,True,q3_evidence,PCS raw,pcs_raw,1,C,3.982015709386646,0.21639090069181888,3.765624808694827,3.765624808694827,0.9459022748270453,0.013458251953125,13.24688185953983,0.4819999755129379,0.4819999755129379,0.4819999755129379,0.4819999755129379
6,C,6,4.0,0.32,True,q3_evidence,PCS raw,pcs_raw,1,C,3.976555119443372,0.21210964927170622,3.764445470171666,3.764445470171666,0.9469725876820735,0.01263427734375,13.240656302774369,0.48184902018197323,0.48184902018197323,0.48184902018197323,0.48184902018197323
6,C,6,4.0,0.36,True,q3_evidence,PCS raw,pcs_raw,1,C,3.970391608345835,0.2274471047224997,3.742944503623335,3.742944503623335,0.9431382238193751,0.013397216796875,13.139213980028037,0.4790968964637869,0.4790968964637869,0.4790968964637869,0.4790968964637869
6,C,6,6.0,0.0,False,q3_evidence,Uniform raw,uniform_raw,1,C,4.0,0.5598398420868753,3.440160157913125,3.440160157913125,0.8600400394782812,0.0338134765625,11.8042406640157,0.44034050021288,0.44034050021288,0.44034050021288,0.44034050021288
6,C,6,6.0,0.12,True,q3_evidence,PCS raw,pcs_raw,1,C,3.996679855921233,0.5602457297445802,3.4364341261766524,3.4364341261766524,0.8599385675638549,0.0335693359375,11.609564813698707,0.4398635681506115,0.4398635681506115,0.4398635681506115,0.4398635681506115
6,C,6,6.0,0.16,True,q3_evidence,PCS raw,pcs_raw,1,C,3.9941028013225788,0.6020541844067671,3.3920486169158117,3.3920486169158117,0.8494864538983082,0.034912109375,11.42953507838511,0.43418222296522385,0.43418222296522385,0.43418222296522385,0.43418222296522385
6,C,6,6.0,0.2,True,q3_evidence,PCS raw,pcs_raw,1,C,3.990796214317659,0.5667803932843909,3.4240158210332683,3.4240158210332683,0.8583049016789023,0.0345458984375,11.496933572114463,0.4382740250922584,0.4382740250922584,0.4382740250922584,0.4382740250922584
6,C,6,6.0,0.24,True,q3_evidence,PCS raw,pcs_raw,1,C,3.9867651399345525,0.5428735647082316,3.443891575226321,3.443891575226321,0.8642816088229421,0.03265380859375,11.544526853350472,0.4408181216289691,0.4408181216289691,0.4408181216289691,0.4408181216289691
6,C,6,6.0,0.28,True,q3_evidence,PCS raw,pcs_raw,1,C,3.982015709386646,0.564149975342257,3.4178657340443888,3.4178657340443888,0.8589625061644357,0.03302001953125,11.366281955341549,0.43748681395768174,0.43748681395768174,0.43748681395768174,0.43748681395768174
6,C,6,6.0,0.32,True,q3_evidence,PCS raw,pcs_raw,1,C,3.976555119443372,0.5750987303920694,3.4014563890513028,3.4014563890513028,0.8562253174019827,0.03485107421875,11.27672944806749,0.4353864177985668,0.4353864177985668,0.4353864177985668,0.4353864177985668
6,C,6,6.0,0.36,True,q3_evidence,PCS raw,pcs_raw,1,C,3.970391608345835,0.5250107921287119,3.445380816217123,3.445380816217123,0.868747301967822,0.031646728515625,11.375838926716868,0.44100874447579175,0.44100874447579175,0.44100874447579175,0.44100874447579175
6,C,8,-2.0,0.0,False,q3_evidence,Uniform raw,uniform_raw,1,C,4.0,0.12053232744888935,3.879467672551111,3.879467672551111,0.9698669181377777,0.0084228515625,14.503948354734575,0.4965718620865422,0.4965718620865422,0.4965718620865422,0.4965718620865422
6,C,8,-2.0,0.12,True,q3_evidence,PCS raw,pcs_raw,1,C,3.996679855921233,0.10770938951031515,3.888970466410918,3.888970466410918,0.9730726526224213,0.00701904296875,14.572984397287312,0.4977882197005975,0.4977882197005975,0.4977882197005975,0.4977882197005975
6,C,8,-2.0,0.16,True,q3_evidence,PCS raw,pcs_raw,1,C,3.9941028013225788,0.09689794129639104,3.897204860026188,3.897204860026188,0.9757755146759023,0.005889892578125,14.651757876684675,0.49884222208335205,0.49884222208335205,0.49884222208335205,0.49884222208335205
6,C,8,-2.0,0.2,True,q3_evidence,PCS raw,pcs_raw,1,C,3.990796214317659,0.08843230150692774,3.9023639128107313,3.9023639128107313,0.977891924623268,0.006011962890625,14.644893893734158,0.4995025808397736,0.4995025808397736,0.4995025808397736,0.4995025808397736
6,C,8,-2.0,0.24,True,q3_evidence,PCS raw,pcs_raw,1,C,3.9867651399345525,0.0857857051289819,3.9009794348055706,3.9009794348055706,0.9785535737177545,0.005218505859375,14.65145749635656,0.49932536765511304,0.49932536765511304,0.49932536765511304,0.49932536765511304
6,C,8,-2.0,0.28,True,q3_evidence,PCS raw,pcs_raw,1,C,3.982015709386646,0.07847632622418872,3.903539383162457,3.903539383162457,0.9803809184439528,0.004852294921875,14.672891068808001,0.4996530410447945,0.4996530410447945,0.4996530410447945,0.4996530410447945
6,C,8,-2.0,0.32,True,q3_evidence,PCS raw,pcs_raw,1,C,3.976555119443372,0.07680830036780856,3.8997468190755633,3.8997468190755633,0.9807979249080478,0.005157470703125,14.630407856759028,0.4991675928416721,0.4991675928416721,0.4991675928416721,0.4991675928416721
6,C,8,-2.0,0.36,True,q3_evidence,PCS raw,pcs_raw,1,C,3.970391608345835,0.08912490945041983,3.881266698895415,3.881266698895415,0.977718772637395,0.0059814453125,14.546882250984577,0.4968021374586131,0.4968021374586131,0.4968021374586131,0.4968021374586131
6,C,8,0.0,0.0,False,q3_evidence,Uniform raw,uniform_raw,1,C,4.0,0.13893312521024864,3.8610668747897514,3.8610668747897514,0.9652667186974379,0.00897216796875,14.379940918138047,0.4942165599730882,0.4942165599730882,0.4942165599730882,0.4942165599730882
6,C,8,0.0,0.12,True,q3_evidence,PCS raw,pcs_raw,1,C,3.996679855921233,0.11774296510364454,3.8789368908175885,3.8789368908175885,0.9705642587240889,0.0074462890625,14.352521214037937,0.4965039220246513,0.4965039220246513,0.4965039220246513,0.4965039220246513
6,C,8,0.0,0.16,True,q3_evidence,PCS raw,pcs_raw,1,C,3.9941028013225788,0.12930882779850494,3.864793973524074,3.864793973524074,0.9676727930503738,0.007965087890625,14.225166038740976,0.49469362861108146,0.49469362861108146,0.49469362861108146,0.49469362861108146
6,C,8,0.0,0.2,True,q3_evidence,PCS raw,pcs_raw,1,C,3.990796214317659,0.12072596699351745,3.8700702473241417,3.8700702473241417,0.9698185082516206,0.007781982421875,14.211548572477826,0.4953689916574901,0.4953689916574901,0.4953689916574901,0.4953689916574901
6,C,8,0.0,0.24,True,q3_evidence,PCS raw,pcs_raw,1,C,3.9867651399345525,0.12344027576635723,3.863324864168195,3.863324864168195,0.9691399310584107,0.00787353515625,14.277048830954682,0.494505582613529,0.494505582613529,0.494505582613529,0.494505582613529
6,C,8,0.0,0.28,True,q3_evidence,PCS raw,pcs_raw,1,C,3.982015709386646,0.10739754858720754,3.8746181607994385,3.8746181607994385,0.9731506128531981,0.00634765625,14.24622208910916,0.49595112458232815,0.49595112458232815,0.49595112458232815,0.49595112458232815
6,C,8,0.0,0.32,True,q3_evidence,PCS raw,pcs_raw,1,C,3.976555119443372,0.10380479345415897,3.872750325989213,3.872750325989213,0.9740488016364602,0.0067138671875,14.31722211911989,0.49571204172661926,0.49571204172661926,0.49571204172661926,0.49571204172661926
6,C,8,0.0,0.36,True,q3_evidence,PCS raw,pcs_raw,1,C,3.970391608345835,0.09462249569450529,3.8757691126513296,3.8757691126513296,0.9763443760763737,0.006134033203125,14.317141956373558,0.4960984464193702,0.4960984464193702,0.4960984464193702,0.4960984464193702
6,C,8,2.0,0.0,False,q3_evidence,Uniform raw,uniform_raw,1,C,4.0,0.23474127034518533,3.7652587296548146,3.7652587296548146,0.9413146824137036,0.014434814453125,13.61184209467708,0.4819531173958163,0.4819531173958163,0.4819531173958163,0.4819531173958163
6,C,8,2.0,0.12,True,q3_evidence,PCS raw,pcs_raw,1,C,3.996679855921233,0.19750672388548338,3.7991731320357496,3.7991731320357496,0.9506233190286292,0.01226806640625,13.680169072216932,0.4862941609005759,0.4862941609005759,0.4862941609005759,0.4862941609005759
6,C,8,2.0,0.16,True,q3_evidence,PCS raw,pcs_raw,1,C,3.9941028013225788,0.19990306493371704,3.7941997363888618,3.7941997363888618,0.9500242337665707,0.01214599609375,13.634881247466822,0.4856575662577743,0.4856575662577743,0.4856575662577743,0.4856575662577743
6,C,8,2.0,0.2,True,q3_evidence,PCS raw,pcs_raw,1,C,3.990796214317659,0.19733161535643706,3.793464598961222,3.793464598961222,0.9506670961608907,0.012298583984375,13.53755962852463,0.4855634686670364,0.4855634686670364,0.4855634686670364,0.4855634686670364
6,C,8,2.0,0.24,True,q3_evidence,PCS raw,pcs_raw,1,C,3.9867651399345525,0.21037663361796552,3.776388506316587,3.776388506316587,0.9474058415955087,0.012115478515625,13.524861566348434,0.48337772880852314,0.48337772880852314,0.48337772880852314,0.48337772880852314
6,C,8,2.0,0.28,True,q3_evidence,PCS raw,pcs_raw,1,C,3.982015709386646,0.19727963119757286,3.784736078189073,3.784736078189073,0.9506800922006068,0.01165771484375,13.498652498381468,0.48444621800820137,0.48444621800820137,0.48444621800820137,0.48444621800820137
6,C,8,2.0,0.32,True,q3_evidence,PCS raw,pcs_raw,1,C,3.976555119443372,0.18302489121032775,3.793530228233044,3.793530228233044,0.954243777197418,0.010894775390625,13.564694613414412,0.48557186921382967,0.48557186921382967,0.48557186921382967,0.48557186921382967
6,C,8,2.0,0.36,True,q3_evidence,PCS raw,pcs_raw,1,C,3.970391608345835,0.1694613854985481,3.8009302228472865,3.8009302228472865,0.9576346536253629,0.010345458984375,13.534338198163738,0.4865190685244527,0.4865190685244527,0.4865190685244527,0.4865190685244527
6,C,8,4.0,0.0,False,q3_evidence,Uniform raw,uniform_raw,1,C,4.0,0.481777942933457,3.5182220570665432,3.5182220570665432,0.8795555142666358,0.029052734375,12.20594265246012,0.4503324233045175,0.4503324233045175,0.4503324233045175,0.4503324233045175
6,C,8,4.0,0.12,True,q3_evidence,PCS raw,pcs_raw,1,C,3.996679855921233,0.4515809895825253,3.5450988663387077,3.5450988663387077,0.8871047526043687,0.02593994140625,12.205268712550003,0.4537726548913546,0.4537726548913546,0.4537726548913546,0.4537726548913546
6,C,8,4.0,0.16,True,q3_evidence,PCS raw,pcs_raw,1,C,3.9941028013225788,0.4465585850678486,3.54754421625473,3.54754421625473,0.8883603537330378,0.026458740234375,12.084997236631827,0.4540856596806054,0.4540856596806054,0.4540856596806054,0.4540856596806054
6,C,8,4.0,0.2,True,q3_evidence,PCS raw,pcs_raw,1,C,3.990796214317659,0.4570563289153151,3.533739885402344,3.533739885402344,0.8857359177711712,0.026641845703125,12.002231284188703,0.45231870533150004,0.45231870533150004,0.45231870533150004,0.45231870533150004
6,C,8,4.0,0.24,True,q3_evidence,PCS raw,pcs_raw,1,C,3.9867651399345525,0.47167597501816505,3.5150891649163873,3.5150891649163873,0.8820810062454587,0.02740478515625,11.906215999215872,0.44993141310929763,0.44993141310929763,0.44993141310929763,0.44993141310929763
6,C,8,4.0,0.28,True,q3_evidence,PCS raw,pcs_raw,1,C,3.982015709386646,0.46088483091610805,3.521130878470538,3.521130878470538,0.884778792270973,0.026641845703125,11.911449157026226,0.45070475244422886,0.45070475244422886,0.45070475244422886,0.45070475244422886
6,C,8,4.0,0.32,True,q3_evidence,PCS raw,pcs_raw,1,C,3.976555119443372,0.478893998929361,3.497661120514011,3.497661120514011,0.8802765002676598,0.02716064453125,11.806710490590007,0.4477006234257934,0.4477006234257934,0.4477006234257934,0.4477006234257934
6,C,8,4.0,0.36,True,q3_evidence,PCS raw,pcs_raw,1,C,3.970391608345835,0.4471517509677739,3.523239857378061,3.523239857378061,0.8882120622580565,0.02630615234375,11.835491420959222,0.4509747017443918,0.4509747017443918,0.4509747017443918,0.4509747017443918
6,C,8,6.0,0.0,False,q3_evidence,Uniform raw,uniform_raw,1,C,4.0,1.1007219186919386,2.8992780813080614,2.8992780813080614,0.7248195203270154,0.0687255859375,9.605792626005098,0.3711075944074319,0.3711075944074319,0.3711075944074319,0.3711075944074319
6,C,8,6.0,0.12,True,q3_evidence,PCS raw,pcs_raw,1,C,3.996679855921233,1.126160868836332,2.8705189870849006,2.8705189870849006,0.7184597827909169,0.071563720703125,9.457883914651525,0.3674264303468672,0.3674264303468672,0.3674264303468672,0.3674264303468672
6,C,8,6.0,0.16,True,q3_evidence,PCS raw,pcs_raw,1,C,3.9941028013225788,1.1353597430407736,2.858743058281805,2.858743058281805,0.7161600642398066,0.071197509765625,9.251544032598787,0.36591911146007106,0.36591911146007106,0.36591911146007106,0.36591911146007106
6,C,8,6.0,0.2,True,q3_evidence,PCS raw,pcs_raw,1,C,3.990796214317659,1.0926072457757754,2.898188968541884,2.898188968541884,0.7268481885560562,0.068878173828125,9.320003994393128,0.3709681879733611,0.3709681879733611,0.3709681879733611,0.3709681879733611
6,C,8,6.0,0.24,True,q3_evidence,PCS raw,pcs_raw,1,C,3.9867651399345525,1.1200602437784668,2.8667048961560857,2.8667048961560857,0.7199849390553833,0.0692138671875,9.248654635538609,0.36693822670797893,0.36693822670797893,0.36693822670797893,0.36693822670797893
6,C,8,6.0,0.28,True,q3_evidence,PCS raw,pcs_raw,1,C,3.982015709386646,1.0975385749827675,2.8844771344038787,2.8844771344038787,0.7256153562543082,0.0672607421875,9.197410100519798,0.36921307320369645,0.36921307320369645,0.36921307320369645,0.36921307320369645
6,C,8,6.0,0.32,True,q3_evidence,PCS raw,pcs_raw,1,C,3.976555119443372,1.1176792625271623,2.8588758569162094,2.8588758569162094,0.7205801843682094,0.06988525390625,9.20952314591351,0.3659361096852748,0.3659361096852748,0.3659361096852748,0.3659361096852748
6,C,8,6.0,0.36,True,q3_evidence,PCS raw,pcs_raw,1,C,3.970391608345835,1.149244063668035,2.8211475446777996,2.8211475446777996,0.7126889840829912,0.068817138671875,8.959529065969704,0.3611068857187584,0.3611068857187584,0.3611068857187584,0.3611068857187584
6,C,10,-2.0,0.0,False,q3_evidence,Uniform raw,uniform_raw,1,C,4.0,0.1405414214120126,3.8594585785879874,3.8594585785879874,0.9648646446469968,0.009246826171875,14.386482527089893,0.4940106980592624,0.4940106980592624,0.4940106980592624,0.4940106980592624
6,C,10,-2.0,0.12,True,q3_evidence,PCS raw,pcs_raw,1,C,3.996679855921233,0.1199725154017155,3.876707340519517,3.876707340519517,0.9700068711495711,0.007110595703125,14.352827244657556,0.49621853958649814,0.49621853958649814,0.49621853958649814,0.49621853958649814
6,C,10,-2.0,0.16,True,q3_evidence,PCS raw,pcs_raw,1,C,3.9941028013225788,0.11336320752738639,3.8807395937951923,3.8807395937951923,0.9716591981181534,0.006805419921875,14.388363890625893,0.4967346680057846,0.4967346680057846,0.4967346680057846,0.4967346680057846
6,C,10,-2.0,0.2,True,q3_evidence,PCS raw,pcs_raw,1,C,3.990796214317659,0.11422843899125718,3.876567775326402,3.876567775326402,0.9714428902521857,0.007171630859375,14.369015472308512,0.4962006752417794,0.4962006752417794,0.4962006752417794,0.4962006752417794
6,C,10,-2.0,0.24,True,q3_evidence,PCS raw,pcs_raw,1,C,3.9867651399345525,0.10789387323507775,3.8788712666994747,3.8788712666994747,0.9730265316912305,0.00677490234375,14.383180350631335,0.4964955221375328,0.4964955221375328,0.4964955221375328,0.4964955221375328
6,C,10,-2.0,0.28,True,q3_evidence,PCS raw,pcs_raw,1,C,3.982015709386646,0.10017242477564953,3.8818432846109965,3.8818432846109965,0.9749568938060876,0.006317138671875,14.339571468303674,0.4968759404302075,0.4968759404302075,0.4968759404302075,0.4968759404302075
6,C,10,-2.0,0.32,True,q3_evidence,PCS raw,pcs_raw,1,C,3.976555119443372,0.10241136381846443,3.8741437556249076,3.8741437556249076,0.9743971590453839,0.00714111328125,14.347223771167405,0.49589040071998813,0.49589040071998813,0.49589040071998813,0.49589040071998813
6,C,10,-2.0,0.36,True,q3_evidence,PCS raw,pcs_raw,1,C,3.970391608345835,0.10933561453202158,3.8610559938138134,3.8610559938138134,0.9726660963669946,0.007354736328125,14.269680273906587,0.4942151672081681,0.4942151672081681,0.4942151672081681,0.4942151672081681
6,C,10,0.0,0.0,False,q3_evidence,Uniform raw,uniform_raw,1,C,4.0,0.18885601705288496,3.811143982947115,3.811143982947115,0.9527859957367788,0.012176513671875,13.94631253164441,0.4878264298172308,0.4878264298172308,0.4878264298172308,0.4878264298172308
6,C,10,0.0,0.12,True,q3_evidence,PCS raw,pcs_raw,1,C,3.996679855921233,0.17812681114474094,3.818553044776492,3.818553044776492,0.9554682972138148,0.0106201171875,13.898271364131023,0.488774789731391,0.488774789731391,0.488774789731391,0.488774789731391
6,C,10,0.0,0.16,True,q3_evidence,PCS raw,pcs_raw,1,C,3.9941028013225788,0.18174650516754892,3.8123562961550297,3.8123562961550297,0.9545633737081127,0.01153564453125,13.789995671172424,0.4879816059078438,0.4879816059078438,0.4879816059078438,0.4879816059078438
6,C,10,0.0,0.2,True,q3_evidence,PCS raw,pcs_raw,1,C,3.990796214317659,0.17260684140140448,3.8181893729162546,3.8181893729162546,0.9568482896496489,0.010650634765625,13.763681494074332,0.48872823973328056,0.48872823973328056,0.48872823973328056,0.48872823973328056
6,C,10,0.0,0.24,True,q3_evidence,PCS raw,pcs_raw,1,C,3.9867651399345525,0.1648309472856922,3.82193419264886,3.82193419264886,0.9587922631785769,0.010162353515625,13.800450070808203,0.48920757665905407,0.48920757665905407,0.48920757665905407,0.48920757665905407
6,C,10,0.0,0.28,True,q3_evidence,PCS raw,pcs_raw,1,C,3.982015709386646,0.1546012501301997,3.8274144592564463,3.8274144592564463,0.9613496874674501,0.009857177734375,13.810132388951121,0.48990905078482516,0.48990905078482516,0.48990905078482516,0.48990905078482516
6,C,10,0.0,0.32,True,q3_evidence,PCS raw,pcs_raw,1,C,3.976555119443372,0.15235525192528904,3.824199867518083,3.824199867518083,0.9619111870186777,0.00946044921875,13.801553311871963,0.48949758304231455,0.48949758304231455,0.48949758304231455,0.48949758304231455
6,C,10,0.0,0.36,True,q3_evidence,PCS raw,pcs_raw,1,C,3.970391608345835,0.14643322286649157,3.8239583854793433,3.8239583854793433,0.9633916942833771,0.009246826171875,13.801091175313221,0.48946667334135596,0.48946667334135596,0.48946667334135596,0.48946667334135596
6,C,10,2.0,0.0,False,q3_evidence,Uniform raw,uniform_raw,1,C,4.0,0.356933696211458,3.643066303788542,3.643066303788542,0.9107665759471355,0.02178955078125,12.850501991298653,0.4663124868849334,0.4663124868849334,0.4663124868849334,0.4663124868849334
6,C,10,2.0,0.12,True,q3_evidence,PCS raw,pcs_raw,1,C,3.996679855921233,0.3368495736071707,3.6598302823140623,3.6598302823140623,0.9157876065982073,0.0203857421875,12.7903429434238,0.46845827613619995,0.46845827613619995,0.46845827613619995,0.46845827613619995
6,C,10,2.0,0.16,True,q3_evidence,PCS raw,pcs_raw,1,C,3.9941028013225788,0.34021185536652954,3.653890945956049,3.653890945956049,0.9149470361583676,0.0194091796875,12.734905864978959,0.4676980410823743,0.4676980410823743,0.4676980410823743,0.4676980410823743
6,C,10,2.0,0.2,True,q3_evidence,PCS raw,pcs_raw,1,C,3.990796214317659,0.3295191606368091,3.66127705368085,3.66127705368085,0.9176202098407977,0.019805908203125,12.728904642826578,0.46864346287114883,0.46864346287114883,0.46864346287114883,0.46864346287114883
6,C,10,2.0,0.24,True,q3_evidence,PCS raw,pcs_raw,1,C,3.9867651399345525,0.3159979612441172,3.6707671786904355,3.6707671786904355,0.9210005096889707,0.01959228515625,12.70371242351191,0.46985819887237573,0.46985819887237573,0.46985819887237573,0.46985819887237573
6,C,10,2.0,0.28,True,q3_evidence,PCS raw,pcs_raw,1,C,3.982015709386646,0.32352264267588704,3.6584930667107587,3.6584930667107587,0.9191193393310282,0.018402099609375,12.641017128292232,0.4682871125389771,0.4682871125389771,0.4682871125389771,0.4682871125389771
6,C,10,2.0,0.32,True,q3_evidence,PCS raw,pcs_raw,1,C,3.976555119443372,0.33291063914939345,3.6436444802939785,3.6436444802939785,0.9167723402126516,0.019622802734375,12.595683424979745,0.4663864934776293,0.4663864934776293,0.4663864934776293,0.4663864934776293
6,C,10,2.0,0.36,True,q3_evidence,PCS raw,pcs_raw,1,C,3.970391608345835,0.3172089830292737,3.6531826253165613,3.6531826253165613,0.9206977542426816,0.01861572265625,12.612971346240505,0.46760737604051983,0.46760737604051983,0.46760737604051983,0.46760737604051983
6,C,10,4.0,0.0,False,q3_evidence,Uniform raw,uniform_raw,1,C,4.0,0.8116688701189397,3.1883311298810604,3.1883311298810604,0.7970827824702651,0.04864501953125,10.719984148017875,0.4081063846247758,0.4081063846247758,0.4081063846247758,0.4081063846247758
6,C,10,4.0,0.12,True,q3_evidence,PCS raw,pcs_raw,1,C,3.996679855921233,0.7971687810075726,3.1995110749136604,3.1995110749136604,0.8007078047481069,0.047149658203125,10.654550764680092,0.40953741758894857,0.40953741758894857,0.40953741758894857,0.40953741758894857
6,C,10,4.0,0.16,True,q3_evidence,PCS raw,pcs_raw,1,C,3.9941028013225788,0.7813427006146817,3.212760100707897,3.212760100707897,0.8046643248463295,0.045806884765625,10.61873802056607,0.41123329289061084,0.41123329289061084,0.41123329289061084,0.41123329289061084
6,C,10,4.0,0.2,True,q3_evidence,PCS raw,pcs_raw,1,C,3.990796214317659,0.7883911286780634,3.2024050856395956,3.2024050856395956,0.8029022178304841,0.04620361328125,10.53999876865181,0.4099078509618682,0.4099078509618682,0.4099078509618682,0.4099078509618682
6,C,10,4.0,0.24,True,q3_evidence,PCS raw,pcs_raw,1,C,3.9867651399345525,0.8173315081538441,3.1694336317807084,3.1694336317807084,0.795667122961539,0.0460205078125,10.3490767894965,0.40568750486793065,0.40568750486793065,0.40568750486793065,0.40568750486793065
6,C,10,4.0,0.28,True,q3_evidence,PCS raw,pcs_raw,1,C,3.982015709386646,0.7782097572594013,3.2038059521272446,3.2038059521272446,0.8054475606851497,0.045806884765625,10.482042290975599,0.4100871618722873,0.4100871618722873,0.4100871618722873,0.4100871618722873
6,C,10,4.0,0.32,True,q3_evidence,PCS raw,pcs_raw,1,C,3.976555119443372,0.8278535969408632,3.148701522502509,3.148701522502509,0.7930366007647842,0.047607421875,10.207119657730022,0.4030337948803211,0.4030337948803211,0.4030337948803211,0.4030337948803211
6,C,10,4.0,0.36,True,q3_evidence,PCS raw,pcs_raw,1,C,3.970391608345835,0.7792326368193717,3.191158971526463,3.191158971526463,0.805191840795157,0.04534912109375,10.414649217829353,0.40846834835538726,0.40846834835538726,0.40846834835538726,0.40846834835538726
6,C,10,6.0,0.0,False,q3_evidence,Uniform raw,uniform_raw,1,C,4.0,1.729315862948151,2.270684137051849,2.270684137051849,0.5676710342629623,0.121002197265625,7.324308913561847,0.2906475695426367,0.2906475695426367,0.2906475695426367,0.2906475695426367
6,C,10,6.0,0.12,True,q3_evidence,PCS raw,pcs_raw,1,C,3.996679855921233,1.773343364465544,2.223336491455689,2.223336491455689,0.556664158883614,0.123016357421875,6.979785342003178,0.2845870709063282,0.2845870709063282,0.2845870709063282,0.2845870709063282
6,C,10,6.0,0.16,True,q3_evidence,PCS raw,pcs_raw,1,C,3.9941028013225788,1.7122854501662705,2.2818173511563082,2.2818173511563082,0.5719286374584324,0.118072509765625,7.244344449923079,0.29207262094800746,0.29207262094800746,0.29207262094800746,0.29207262094800746
6,C,10,6.0,0.2,True,q3_evidence,PCS raw,pcs_raw,1,C,3.990796214317659,1.6886306794796573,2.302165534838002,2.302165534838002,0.5778423301300857,0.11749267578125,7.334396332554714,0.2946771884592642,0.2946771884592642,0.2946771884592642,0.2946771884592642
6,C,10,6.0,0.24,True,q3_evidence,PCS raw,pcs_raw,1,C,3.9867651399345525,1.7438867962134494,2.2428783437211033,2.2428783437211033,0.5640283009466377,0.118438720703125,6.976362051478041,0.2870884279963012,0.2870884279963012,0.2870884279963012,0.2870884279963012
6,C,10,6.0,0.28,True,q3_evidence,PCS raw,pcs_raw,1,C,3.982015709386646,1.7615416462516542,2.2204740631349917,2.2204740631349917,0.5596145884370864,0.117767333984375,6.917641331651685,0.28422068008127893,0.28422068008127893,0.28422068008127893,0.28422068008127893
6,C,10,6.0,0.32,True,q3_evidence,PCS raw,pcs_raw,1,C,3.976555119443372,1.7306650530532162,2.2458900663901558,2.2458900663901558,0.567333736736696,0.116912841796875,6.991449487823519,0.28747392849793996,0.28747392849793996,0.28747392849793996,0.28747392849793996
6,C,10,6.0,0.36,True,q3_evidence,PCS raw,pcs_raw,1,C,3.970391608345835,1.719747081429388,2.250644526916447,2.250644526916447,0.570063229642653,0.116668701171875,6.96395857745856,0.2880824994453052,0.2880824994453052,0.2880824994453052,0.2880824994453052
6,C,12,-2.0,0.0,False,q3_evidence,Uniform raw,uniform_raw,1,C,4.0,0.18153663650853402,3.8184633634914658,3.8184633634914658,0.9546158408728664,0.0108642578125,13.991522344036715,0.4887633105269076,0.4887633105269076,0.4887633105269076,0.4887633105269076
6,C,12,-2.0,0.12,True,q3_evidence,PCS raw,pcs_raw,1,C,3.996679855921233,0.14321788635428861,3.8534619695669443,3.8534619695669443,0.9641955284114279,0.008880615234375,14.191149817006114,0.4932431321045688,0.4932431321045688,0.4932431321045688,0.4932431321045688
6,C,12,-2.0,0.16,True,q3_evidence,PCS raw,pcs_raw,1,C,3.9941028013225788,0.13894523465024142,3.855157566672337,3.855157566672337,0.9652636913374396,0.008758544921875,14.159261882182266,0.49346016853405916,0.49346016853405916,0.49346016853405916,0.49346016853405916
6,C,12,-2.0,0.2,True,q3_evidence,PCS raw,pcs_raw,1,C,3.990796214317659,0.14085304467653492,3.8499431696411244,3.8499431696411244,0.9647867388308663,0.008514404296875,14.100781750550436,0.4927927257140639,0.4927927257140639,0.4927927257140639,0.4927927257140639
6,C,12,-2.0,0.24,True,q3_evidence,PCS raw,pcs_raw,1,C,3.9867651399345525,0.12904572548933455,3.857719414445218,3.857719414445218,0.9677385686276664,0.008209228515625,14.13751207270463,0.4937880850489879,0.4937880850489879,0.4937880850489879,0.4937880850489879
6,C,12,-2.0,0.28,True,q3_evidence,PCS raw,pcs_raw,1,C,3.982015709386646,0.13018895029909647,3.8518267590875497,3.8518267590875497,0.9674527624252259,0.008148193359375,14.089746544595807,0.4930338251632064,0.4930338251632064,0.4930338251632064,0.4930338251632064
6,C,12,-2.0,0.32,True,q3_evidence,PCS raw,pcs_raw,1,C,3.976555119443372,0.12328649184404253,3.8532686275993293,3.8532686275993293,0.9691783770389893,0.007720947265625,14.115567021425022,0.4932183843327142,0.4932183843327142,0.4932183843327142,0.4932183843327142
6,C,12,-2.0,0.36,True,q3_evidence,PCS raw,pcs_raw,1,C,3.970391608345835,0.12072381349510738,3.8496677948507276,3.8496677948507276,0.9698190466262232,0.007720947265625,14.08747286261976,0.4927574777408931,0.4927574777408931,0.4927574777408931,0.4927574777408931
6,C,12,0.0,0.0,False,q3_evidence,Uniform raw,uniform_raw,1,C,4.0,0.2629665294166749,3.737033470583325,3.737033470583325,0.9342583676458313,0.01593017578125,13.480274272297947,0.47834028423466557,0.47834028423466557,0.47834028423466557,0.47834028423466557
6,C,12,0.0,0.12,True,q3_evidence,PCS raw,pcs_raw,1,C,3.996679855921233,0.2438507030732151,3.752829152848018,3.752829152848018,0.9390373242316963,0.01458740234375,13.359691390236977,0.4803621315645463,0.4803621315645463,0.4803621315645463,0.4803621315645463
6,C,12,0.0,0.16,True,q3_evidence,PCS raw,pcs_raw,1,C,3.9941028013225788,0.23405502351947866,3.7600477778031003,3.7600477778031003,0.9414862441201304,0.0140380859375,13.385528262592366,0.4812861155587968,0.4812861155587968,0.4812861155587968,0.4812861155587968
6,C,12,0.0,0.2,True,q3_evidence,PCS raw,pcs_raw,1,C,3.990796214317659,0.23156691346766284,3.7592293008499964,3.7592293008499964,0.9421082716330843,0.013916015625,13.38667123118331,0.48118135050879957,0.48118135050879957,0.48118135050879957,0.48118135050879957
6,C,12,0.0,0.24,True,q3_evidence,PCS raw,pcs_raw,1,C,3.9867651399345525,0.22428895109636934,3.7624761888381832,3.7624761888381832,0.9439277622259077,0.014068603515625,13.31271206827941,0.48159695217128745,0.48159695217128745,0.48159695217128745,0.48159695217128745
6,C,12,0.0,0.28,True,q3_evidence,PCS raw,pcs_raw,1,C,3.982015709386646,0.22419606391751554,3.7578196454691306,3.7578196454691306,0.9439509840206212,0.01385498046875,13.368698100237978,0.4810009146200487,0.4810009146200487,0.4810009146200487,0.4810009146200487
6,C,12,0.0,0.32,True,q3_evidence,PCS raw,pcs_raw,1,C,3.976555119443372,0.21977388728684508,3.756781232156527,3.756781232156527,0.9450565281782888,0.0133056640625,13.340608806575176,0.48086799771603544,0.48086799771603544,0.48086799771603544,0.48086799771603544
6,C,12,0.0,0.36,True,q3_evidence,PCS raw,pcs_raw,1,C,3.970391608345835,0.22179829796846687,3.748593310377368,3.748593310377368,0.9445504255078833,0.0130615234375,13.26633379651049,0.4798199437283031,0.4798199437283031,0.4798199437283031,0.4798199437283031
6,C,12,2.0,0.0,False,q3_evidence,Uniform raw,uniform_raw,1,C,4.0,0.5260385931057219,3.4739614068942783,3.4739614068942783,0.8684903517235696,0.031341552734375,12.042621209939917,0.44466706008246765,0.44466706008246765,0.44466706008246765,0.44466706008246765
6,C,12,2.0,0.12,True,q3_evidence,PCS raw,pcs_raw,1,C,3.996679855921233,0.5386438483411338,3.458036007580099,3.458036007580099,0.8653390379147166,0.030609130859375,11.854638492439944,0.4426286089702527,0.4426286089702527,0.4426286089702527,0.4426286089702527
6,C,12,2.0,0.16,True,q3_evidence,PCS raw,pcs_raw,1,C,3.9941028013225788,0.5091817647094767,3.484921036613102,3.484921036613102,0.8727045588226308,0.030181884765625,11.888875567695656,0.44606989268647707,0.44606989268647707,0.44606989268647707,0.44606989268647707
6,C,12,2.0,0.2,True,q3_evidence,PCS raw,pcs_raw,1,C,3.990796214317659,0.5237078986122288,3.46708831570543,3.46708831570543,0.8690730253469428,0.030517578125,11.775686221407417,0.44378730441029507,0.44378730441029507,0.44378730441029507,0.44378730441029507
6,C,12,2.0,0.24,True,q3_evidence,PCS raw,pcs_raw,1,C,3.9867651399345525,0.5088678972902427,3.4778972426443096,3.4778972426443096,0.8727830256774393,0.028350830078125,11.73709317043597,0.4451708470584716,0.4451708470584716,0.4451708470584716,0.4451708470584716
6,C,12,2.0,0.28,True,q3_evidence,PCS raw,pcs_raw,1,C,3.982015709386646,0.48649907232393286,3.495516637062713,3.495516637062713,0.8783752319190168,0.027008056640625,11.826070157683361,0.4474261295440273,0.4474261295440273,0.4474261295440273,0.4474261295440273
6,C,12,2.0,0.32,True,q3_evidence,PCS raw,pcs_raw,1,C,3.976555119443372,0.48607850994432167,3.4904766094990505,3.4904766094990505,0.8784803725139196,0.0277099609375,11.684921893935158,0.4467810060158785,0.4467810060158785,0.4467810060158785,0.4467810060158785
6,C,12,2.0,0.36,True,q3_evidence,PCS raw,pcs_raw,1,C,3.970391608345835,0.4829154628932692,3.4874761454525656,3.4874761454525656,0.8792711342766827,0.028594970703125,11.692221052430217,0.4463969466179284,0.4463969466179284,0.4463969466179284,0.4463969466179284
6,C,12,4.0,0.0,False,q3_evidence,Uniform raw,uniform_raw,1,C,4.0,1.1719967252288996,2.8280032747711004,2.8280032747711004,0.7070008186927751,0.074005126953125,9.310774033299447,0.36198441917070084,0.36198441917070084,0.36198441917070084,0.36198441917070084
6,C,12,4.0,0.12,True,q3_evidence,PCS raw,pcs_raw,1,C,3.996679855921233,1.155339692462071,2.841340163459162,2.841340163459162,0.7111650768844823,0.0712890625,9.127744730636687,0.3636915409227727,0.3636915409227727,0.3636915409227727,0.3636915409227727
6,C,12,4.0,0.16,True,q3_evidence,PCS raw,pcs_raw,1,C,3.9941028013225788,1.170512722646383,2.8235900786761956,2.8235900786761956,0.7073718193384042,0.07257080078125,9.06239700491885,0.36141953007055305,0.36141953007055305,0.36141953007055305,0.36141953007055305
6,C,12,4.0,0.2,True,q3_evidence,PCS raw,pcs_raw,1,C,3.990796214317659,1.1631538227255591,2.8276423915921,2.8276423915921,0.7092115443186102,0.072113037109375,9.085180972723277,0.36193822612378884,0.36193822612378884,0.36193822612378884,0.36193822612378884
6,C,12,4.0,0.24,True,q3_evidence,PCS raw,pcs_raw,1,C,3.9867651399345525,1.1908595389754701,2.7959056009590824,2.7959056009590824,0.7022851152561325,0.072845458984375,8.919672955611643,0.3578759169227625,0.3578759169227625,0.3578759169227625,0.3578759169227625
6,C,12,4.0,0.28,True,q3_evidence,PCS raw,pcs_raw,1,C,3.982015709386646,1.2131756720164153,2.7688400373702304,2.7688400373702304,0.6967060819958961,0.073944091796875,8.823019805475377,0.35441152478338944,0.35441152478338944,0.35441152478338944,0.35441152478338944
6,C,12,4.0,0.32,True,q3_evidence,PCS raw,pcs_raw,1,C,3.976555119443372,1.1275792572567824,2.8489758621865895,2.8489758621865895,0.7181051856858044,0.069671630859375,9.020181727675846,0.36466891035988347,0.36466891035988347,0.36466891035988347,0.36466891035988347
6,C,12,4.0,0.36,True,q3_evidence,PCS raw,pcs_raw,1,C,3.970391608345835,1.1582828229855622,2.8121087853602726,2.8121087853602726,0.7104292942536095,0.070648193359375,8.81728179861784,0.35994992452611485,0.35994992452611485,0.35994992452611485,0.35994992452611485
6,C,12,6.0,0.0,False,q3_evidence,Uniform raw,uniform_raw,1,C,4.0,2.2565914024305496,1.7434085975694504,1.7434085975694504,0.4358521493923626,0.174468994140625,5.617387127455875,0.22315630048888965,0.22315630048888965,0.22315630048888965,0.22315630048888965
6,C,12,6.0,0.12,True,q3_evidence,PCS raw,pcs_raw,1,C,3.996679855921233,2.2674148003147154,1.7292650556065174,1.7292650556065174,0.43314629992132114,0.17047119140625,5.465766726722431,0.22134592711763423,0.22134592711763423,0.22134592711763423,0.22134592711763423
6,C,12,6.0,0.16,True,q3_evidence,PCS raw,pcs_raw,1,C,3.9941028013225788,2.2337669702128817,1.760335831109697,1.760335831109697,0.44155825744677957,0.16644287109375,5.497177079300695,0.22532298638204123,0.22532298638204123,0.22532298638204123,0.22532298638204123
6,C,12,6.0,0.2,True,q3_evidence,PCS raw,pcs_raw,1,C,3.990796214317659,2.2884776893632233,1.702318524954436,1.702318524954436,0.4278805776591942,0.172515869140625,5.410205897604356,0.21789677119416778,0.21789677119416778,0.21789677119416778,0.21789677119416778
6,C,12,6.0,0.24,True,q3_evidence,PCS raw,pcs_raw,1,C,3.9867651399345525,2.2655639423233276,1.721201197611225,1.721201197611225,0.4336090144191681,0.165802001953125,5.342250954487082,0.22031375329423677,0.22031375329423677,0.22031375329423677,0.22031375329423677
6,C,12,6.0,0.28,True,q3_evidence,PCS raw,pcs_raw,1,C,3.982015709386646,2.290829819809137,1.691185889577509,1.691185889577509,0.42729254504771574,0.170379638671875,5.329781212252244,0.21647179386592114,0.21647179386592114,0.21647179386592114,0.21647179386592114
6,C,12,6.0,0.32,True,q3_evidence,PCS raw,pcs_raw,1,C,3.976555119443372,2.324422450622532,1.65213266882084,1.65213266882084,0.418894387344367,0.169342041015625,5.111221508162105,0.2114729816090675,0.2114729816090675,0.2114729816090675,0.2114729816090675
6,C,12,6.0,0.36,True,q3_evidence,PCS raw,pcs_raw,1,C,3.970391608345835,2.309411906917783,1.6609797014280518,1.6609797014280518,0.42264702327055426,0.16748046875,5.165624772019885,0.21260540178279064,0.21260540178279064,0.21260540178279064,0.21260540178279064
6,C+S,6,-2.0,0.0,False,q3_evidence_cs_penalty,Uniform raw,uniform_raw,2,C+S,4.0,0.18585029166312972,3.8141497083368705,3.8141497083368705,0.9535374270842176,0.0123748779296875,13.763022955977304,0.9764223253342388,0.4882111626671194,0.9764223253342388,0.4882111626671194
6,C+S,6,-2.0,0.12,True,q3_evidence_cs_penalty,PCS raw,pcs_raw,2,C+S,3.996679855921233,0.15294513938369014,3.8437347165375426,3.8437347165375426,0.9617637151540774,0.0100555419921875,13.795277363608346,0.9839960874336109,0.49199804371680544,0.9839960874336109,0.49199804371680544
6,C+S,6,-2.0,0.16,True,q3_evidence_cs_penalty,PCS raw,pcs_raw,2,C+S,3.9941028013225788,0.1565723001735143,3.8375305011490646,3.8375305011490646,0.9608569249566214,0.0101470947265625,13.681758206473141,0.9824078082941605,0.49120390414708026,0.9824078082941605,0.49120390414708026
6,C+S,6,-2.0,0.2,True,q3_evidence_cs_penalty,PCS raw,pcs_raw,2,C+S,3.990796214317659,0.1578668404574809,3.8329293738601784,3.8329293738601784,0.9605332898856298,0.009857177734375,13.71561774037061,0.9812299197082056,0.4906149598541028,0.9812299197082056,0.4906149598541028
6,C+S,6,-2.0,0.24,True,q3_evidence_cs_penalty,PCS raw,pcs_raw,2,C+S,3.9867651399345525,0.14405949346398594,3.8427056464705664,3.8427056464705664,0.9639851266340036,0.009033203125,13.772413654989322,0.9837326454964651,0.49186632274823255,0.9837326454964651,0.49186632274823255
6,C+S,6,-2.0,0.28,True,q3_evidence_cs_penalty,PCS raw,pcs_raw,2,C+S,3.982015709386646,0.14962156914600622,3.8323941402406394,3.8323941402406394,0.9625946077134984,0.0094451904296875,13.697539847392491,0.9810928999016038,0.4905464499508019,0.9810928999016038,0.4905464499508019
6,C+S,6,-2.0,0.32,True,q3_evidence_cs_penalty,PCS raw,pcs_raw,2,C+S,3.976555119443372,0.1514015164417373,3.8251536030016347,3.8251536030016347,0.9621496208895657,0.009552001953125,13.6423229697068,0.9792393223684185,0.48961966118420924,0.9792393223684185,0.48961966118420924
6,C+S,6,-2.0,0.36,True,q3_evidence_cs_penalty,PCS raw,pcs_raw,2,C+S,3.970391608345835,0.12873414594344607,3.841657462402389,3.841657462402389,0.9678164635141384,0.0086669921875,13.772597217345485,0.9834643103750116,0.4917321551875058,0.9834643103750116,0.4917321551875058
6,C+S,6,0.0,0.0,False,q3_evidence_cs_penalty,Uniform raw,uniform_raw,2,C+S,4.0,0.21019844823921602,3.7898015517607844,3.7898015517607844,0.9474503879401961,0.0135345458984375,13.555403783845305,0.9701891972507608,0.4850945986253804,0.9701891972507608,0.4850945986253804
6,C+S,6,0.0,0.12,True,q3_evidence_cs_penalty,PCS raw,pcs_raw,2,C+S,3.996679855921233,0.19869489034401436,3.7979849655772187,3.7979849655772187,0.9503262774139964,0.01263427734375,13.473170898324664,0.9722841511877679,0.48614207559388395,0.9722841511877679,0.48614207559388395
6,C+S,6,0.0,0.16,True,q3_evidence_cs_penalty,PCS raw,pcs_raw,2,C+S,3.9941028013225788,0.17153668512671089,3.822566116195868,3.822566116195868,0.9571158287183223,0.010986328125,13.588083323308865,0.9785769257461423,0.48928846287307115,0.9785769257461423,0.48928846287307115
6,C+S,6,0.0,0.2,True,q3_evidence_cs_penalty,PCS raw,pcs_raw,2,C+S,3.990796214317659,0.16727960685924434,3.823516607458415,3.823516607458415,0.9581800982851889,0.01092529296875,13.563319922671969,0.9788202515093543,0.4894101257546771,0.9788202515093543,0.4894101257546771
6,C+S,6,0.0,0.24,True,q3_evidence_cs_penalty,PCS raw,pcs_raw,2,C+S,3.9867651399345525,0.15650830348208056,3.830256836452472,3.830256836452472,0.9608729241294799,0.0096588134765625,13.580872337157714,0.9805457501318329,0.49027287506591644,0.9805457501318329,0.49027287506591644
6,C+S,6,0.0,0.28,True,q3_evidence_cs_penalty,PCS raw,pcs_raw,2,C+S,3.982015709386646,0.165861250091396,3.81615445929525,3.81615445929525,0.958534687477151,0.010498046875,13.473884573739614,0.976935541579584,0.488467770789792,0.976935541579584,0.488467770789792
6,C+S,6,0.0,0.32,True,q3_evidence_cs_penalty,PCS raw,pcs_raw,2,C+S,3.976555119443372,0.15658593001320448,3.819969189430167,3.819969189430167,0.9608535174966988,0.00958251953125,13.547654425009272,0.9779121124941228,0.4889560562470614,0.9779121124941228,0.4889560562470614
6,C+S,6,0.0,0.36,True,q3_evidence_cs_penalty,PCS raw,pcs_raw,2,C+S,3.970391608345835,0.14905695309657035,3.821334655249265,3.821334655249265,0.9627357617258574,0.00927734375,13.524843449927978,0.9782616717438117,0.48913083587190587,0.9782616717438117,0.48913083587190587
6,C+S,6,2.0,0.0,False,q3_evidence_cs_penalty,Uniform raw,uniform_raw,2,C+S,4.0,0.25580264683977805,3.7441973531602217,3.7441973531602217,0.9360493382900554,0.0165863037109375,13.159001640612132,0.9585145224090168,0.4792572612045084,0.9585145224090168,0.4792572612045084
6,C+S,6,2.0,0.12,True,q3_evidence_cs_penalty,PCS raw,pcs_raw,2,C+S,3.996679855921233,0.23745551858154354,3.759224337339689,3.759224337339689,0.9406361203546141,0.01495361328125,13.145529837776264,0.9623614303589605,0.48118071517948025,0.9623614303589605,0.48118071517948025
6,C+S,6,2.0,0.16,True,q3_evidence_cs_penalty,PCS raw,pcs_raw,2,C+S,3.9941028013225788,0.23015546317328678,3.763947338149292,3.763947338149292,0.9424611342066783,0.01409912109375,13.118783966969055,0.9635705185662187,0.48178525928310934,0.9635705185662187,0.48178525928310934
6,C+S,6,2.0,0.2,True,q3_evidence_cs_penalty,PCS raw,pcs_raw,2,C+S,3.990796214317659,0.22665346091974403,3.7641427533979153,3.7641427533979153,0.943336634770064,0.0143280029296875,13.076680356837333,0.9636205448698663,0.48181027243493313,0.9636205448698663,0.48181027243493313
6,C+S,6,2.0,0.24,True,q3_evidence_cs_penalty,PCS raw,pcs_raw,2,C+S,3.9867651399345525,0.22886099452849323,3.757904145406059,3.757904145406059,0.9427847513678767,0.0149383544921875,12.993391764430024,0.9620234612239511,0.48101173061197555,0.9620234612239511,0.48101173061197555
6,C+S,6,2.0,0.28,True,q3_evidence_cs_penalty,PCS raw,pcs_raw,2,C+S,3.982015709386646,0.20033141286324369,3.7816842965234025,3.7816842965234025,0.9499171467841891,0.0126953125,13.110090251983397,0.9681111799099911,0.48405558995499554,0.9681111799099911,0.48405558995499554
6,C+S,6,2.0,0.32,True,q3_evidence_cs_penalty,PCS raw,pcs_raw,2,C+S,3.976555119443372,0.2127149321308051,3.763840187312567,3.763840187312567,0.9468212669672987,0.013427734375,13.016315796616505,0.963543087952017,0.4817715439760085,0.963543087952017,0.4817715439760085
6,C+S,6,2.0,0.36,True,q3_evidence_cs_penalty,PCS raw,pcs_raw,2,C+S,3.970391608345835,0.2023577580017613,3.7680338503440733,3.7680338503440733,0.9494105604995597,0.013427734375,13.053436048127736,0.9646166656880828,0.4823083328440414,0.9646166656880828,0.4823083328440414
6,C+S,6,4.0,0.0,False,q3_evidence_cs_penalty,Uniform raw,uniform_raw,2,C+S,4.0,0.4256097094338997,3.5743902905661002,3.5743902905661002,0.8935975726415251,0.0277099609375,12.214788184920572,0.9150439143849216,0.4575219571924608,0.9150439143849216,0.4575219571924608
6,C+S,6,4.0,0.12,True,q3_evidence_cs_penalty,PCS raw,pcs_raw,2,C+S,3.996679855921233,0.406715964633918,3.589963891287315,3.589963891287315,0.8983210088415206,0.0260467529296875,12.093588488947189,0.9190307561695525,0.45951537808477627,0.9190307561695525,0.45951537808477627
6,C+S,6,4.0,0.16,True,q3_evidence_cs_penalty,PCS raw,pcs_raw,2,C+S,3.9941028013225788,0.39036889426666443,3.603733907055914,3.603733907055914,0.9024077764333338,0.0244903564453125,12.146438981859887,0.9225558802063141,0.46127794010315704,0.9225558802063141,0.46127794010315704
6,C+S,6,4.0,0.2,True,q3_evidence_cs_penalty,PCS raw,pcs_raw,2,C+S,3.990796214317659,0.4102015099694626,3.5805947043481967,3.5805947043481967,0.8974496225076344,0.0245513916015625,12.029953257497404,0.9166322443131383,0.45831612215656914,0.9166322443131383,0.45831612215656914
6,C+S,6,4.0,0.24,True,q3_evidence_cs_penalty,PCS raw,pcs_raw,2,C+S,3.9867651399345525,0.3886329218641781,3.5981322180703748,3.5981322180703748,0.9028417695339555,0.0240325927734375,12.058120640135886,0.9211218478260159,0.46056092391300796,0.9211218478260159,0.46056092391300796
6,C+S,6,4.0,0.28,True,q3_evidence_cs_penalty,PCS raw,pcs_raw,2,C+S,3.982015709386646,0.38974357939647214,3.5922721299901736,3.5922721299901736,0.9025641051508819,0.0241851806640625,11.990454356190273,0.9196216652774845,0.45981083263874223,0.9196216652774845,0.45981083263874223
6,C+S,6,4.0,0.32,True,q3_evidence_cs_penalty,PCS raw,pcs_raw,2,C+S,3.976555119443372,0.38159891896098025,3.5949562004823914,3.5949562004823914,0.9046002702597549,0.023468017578125,11.973513078108553,0.9203087873234923,0.46015439366174615,0.9203087873234923,0.46015439366174615
6,C+S,6,4.0,0.36,True,q3_evidence_cs_penalty,PCS raw,pcs_raw,2,C+S,3.970391608345835,0.3783189421341673,3.5920726662116675,3.5920726662116675,0.9054202644664582,0.0233612060546875,11.939426929956774,0.9195706025501869,0.4597853012750934,0.9195706025501869,0.4597853012750934
6,C+S,6,6.0,0.0,False,q3_evidence_cs_penalty,Uniform raw,uniform_raw,2,C+S,4.0,0.8616815953709231,3.138318404629077,3.138318404629077,0.7845796011572692,0.05487060546875,10.370201520070225,0.8034095115850437,0.40170475579252185,0.8034095115850437,0.40170475579252185
6,C+S,6,6.0,0.12,True,q3_evidence_cs_penalty,PCS raw,pcs_raw,2,C+S,3.996679855921233,0.8223201160750992,3.1743597398461336,3.1743597398461336,0.7944199709812252,0.0515289306640625,10.301905466974993,0.8126360934006103,0.40631804670030514,0.8126360934006103,0.40631804670030514
6,C+S,6,6.0,0.16,True,q3_evidence_cs_penalty,PCS raw,pcs_raw,2,C+S,3.9941028013225788,0.8377902425824324,3.1563125587401464,3.1563125587401464,0.7905524393543919,0.0525970458984375,10.222898623772736,0.8080160150374776,0.4040080075187388,0.8080160150374776,0.4040080075187388
6,C+S,6,6.0,0.2,True,q3_evidence_cs_penalty,PCS raw,pcs_raw,2,C+S,3.990796214317659,0.826268711544425,3.1645275027732342,3.1645275027732342,0.7934328221138938,0.0529632568359375,10.224642089851065,0.8101190407099479,0.40505952035497395,0.8101190407099479,0.40505952035497395
6,C+S,6,6.0,0.24,True,q3_evidence_cs_penalty,PCS raw,pcs_raw,2,C+S,3.9867651399345525,0.8381291519018217,3.148635988032731,3.148635988032731,0.7904677120245446,0.0535888671875,10.081492582345145,0.806050812936379,0.4030254064681895,0.806050812936379,0.4030254064681895
6,C+S,6,6.0,0.28,True,q3_evidence_cs_penalty,PCS raw,pcs_raw,2,C+S,3.982015709386646,0.8286282678952523,3.1533874414913936,3.1533874414913936,0.7928429330261869,0.0519561767578125,10.066973757040186,0.8072671850217967,0.40363359251089836,0.8072671850217967,0.40363359251089836
6,C+S,6,6.0,0.32,True,q3_evidence_cs_penalty,PCS raw,pcs_raw,2,C+S,3.976555119443372,0.8370390318602647,3.1395160875831074,3.1395160875831074,0.7907402420349339,0.05157470703125,9.952523511019507,0.8037161184212754,0.4018580592106377,0.8037161184212754,0.4018580592106377
6,C+S,6,6.0,0.36,True,q3_evidence_cs_penalty,PCS raw,pcs_raw,2,C+S,3.970391608345835,0.8023658860506302,3.1680257222952046,3.1680257222952046,0.7994085284873425,0.049530029296875,10.028455011761848,0.8110145849075724,0.4055072924537862,0.8110145849075724,0.4055072924537862
6,C+S,8,-2.0,0.0,False,q3_evidence_cs_penalty,Uniform raw,uniform_raw,2,C+S,4.0,0.2105379928534334,3.7894620071465663,3.7894620071465663,0.9473655017866416,0.01336669921875,13.5476821010628,0.9701022738295211,0.48505113691476054,0.9701022738295211,0.48505113691476054
6,C+S,8,-2.0,0.12,True,q3_evidence_cs_penalty,PCS raw,pcs_raw,2,C+S,3.996679855921233,0.1869451955438931,3.80973466037734,3.80973466037734,0.9532637011140268,0.0119171142578125,13.507218999175729,0.975292073056599,0.4876460365282995,0.975292073056599,0.4876460365282995
6,C+S,8,-2.0,0.16,True,q3_evidence_cs_penalty,PCS raw,pcs_raw,2,C+S,3.9941028013225788,0.17931085407073294,3.814791947251846,3.814791947251846,0.9551722864823168,0.0116119384765625,13.522715984668526,0.9765867384964726,0.4882933692482363,0.9765867384964726,0.4882933692482363
6,C+S,8,-2.0,0.2,True,q3_evidence_cs_penalty,PCS raw,pcs_raw,2,C+S,3.990796214317659,0.17119684916256644,3.819599365155093,3.819599365155093,0.9572007877093585,0.0110015869140625,13.561671200190691,0.9778174374797037,0.48890871873985187,0.9778174374797037,0.48890871873985187
6,C+S,8,-2.0,0.24,True,q3_evidence_cs_penalty,PCS raw,pcs_raw,2,C+S,3.9867651399345525,0.16409211351823608,3.8226730264163162,3.8226730264163162,0.9589769716204409,0.0103912353515625,13.514006179076198,0.978604294762577,0.4893021473812885,0.978604294762577,0.4893021473812885
6,C+S,8,-2.0,0.28,True,q3_evidence_cs_penalty,PCS raw,pcs_raw,2,C+S,3.982015709386646,0.15320125233893228,3.828814457047714,3.828814457047714,0.961699686915267,0.0099029541015625,13.587521568878579,0.9801765010042147,0.49008825050210736,0.9801765010042147,0.49008825050210736
6,C+S,8,-2.0,0.32,True,q3_evidence_cs_penalty,PCS raw,pcs_raw,2,C+S,3.976555119443372,0.15872591746451986,3.817829201978852,3.817829201978852,0.96031852063387,0.0101165771484375,13.507851416644542,0.9773642757065861,0.48868213785329306,0.9773642757065861,0.48868213785329306
6,C+S,8,-2.0,0.36,True,q3_evidence_cs_penalty,PCS raw,pcs_raw,2,C+S,3.970391608345835,0.14528307248075908,3.8251085358650756,3.8251085358650756,0.9636792318798102,0.0092620849609375,13.580328813219346,0.9792277851814594,0.4896138925907297,0.9792277851814594,0.4896138925907297
6,C+S,8,0.0,0.0,False,q3_evidence_cs_penalty,Uniform raw,uniform_raw,2,C+S,4.0,0.24799394509921305,3.7520060549007868,3.7520060549007868,0.9380015137251967,0.016448974609375,13.273869261831269,0.9605135500546014,0.4802567750273007,0.9605135500546014,0.4802567750273007
6,C+S,8,0.0,0.12,True,q3_evidence_cs_penalty,PCS raw,pcs_raw,2,C+S,3.996679855921233,0.2250567504133902,3.7716231055078424,3.7716231055078424,0.9437358123966524,0.0140838623046875,13.18272696993101,0.9655355150100078,0.4827677575050039,0.9655355150100078,0.4827677575050039
6,C+S,8,0.0,0.16,True,q3_evidence_cs_penalty,PCS raw,pcs_raw,2,C+S,3.9941028013225788,0.20709558445018206,3.7870072168723965,3.7870072168723965,0.9482261038874544,0.0129852294921875,13.261460143201113,0.9694738475193336,0.4847369237596668,0.9694738475193336,0.4847369237596668
6,C+S,8,0.0,0.2,True,q3_evidence_cs_penalty,PCS raw,pcs_raw,2,C+S,3.990796214317659,0.21125014290368324,3.779546071413976,3.779546071413976,0.9471874642740792,0.013946533203125,13.236592536742343,0.9675637942819779,0.48378189714098896,0.9675637942819779,0.48378189714098896
6,C+S,8,0.0,0.24,True,q3_evidence_cs_penalty,PCS raw,pcs_raw,2,C+S,3.9867651399345525,0.20457275091373373,3.782192389020819,3.782192389020819,0.9488568122715666,0.0131683349609375,13.148181639081841,0.9682412515893297,0.48412062579466486,0.9682412515893297,0.48412062579466486
6,C+S,8,0.0,0.28,True,q3_evidence_cs_penalty,PCS raw,pcs_raw,2,C+S,3.982015709386646,0.19201874162644417,3.7899969677602017,3.7899969677602017,0.9519953145933889,0.01226806640625,13.20757257108059,0.9702392237466116,0.4851196118733058,0.9702392237466116,0.4851196118733058
6,C+S,8,0.0,0.32,True,q3_evidence_cs_penalty,PCS raw,pcs_raw,2,C+S,3.976555119443372,0.19227673904642306,3.784278380396949,3.784278380396949,0.9519308152383943,0.0121307373046875,13.15668427791132,0.968775265381619,0.4843876326908095,0.968775265381619,0.4843876326908095
6,C+S,8,0.0,0.36,True,q3_evidence_cs_penalty,PCS raw,pcs_raw,2,C+S,3.970391608345835,0.1817089002730748,3.78868270807276,3.78868270807276,0.9545727749317313,0.0123291015625,13.178535490354811,0.9699027732666265,0.4849513866333133,0.9699027732666265,0.4849513866333133
6,C+S,8,2.0,0.0,False,q3_evidence_cs_penalty,Uniform raw,uniform_raw,2,C+S,4.0,0.366649109953491,3.633350890046509,3.633350890046509,0.9083377225116273,0.02325439453125,12.57038060584765,0.9301378278519064,0.4650689139259532,0.9301378278519064,0.4650689139259532
6,C+S,8,2.0,0.12,True,q3_evidence_cs_penalty,PCS raw,pcs_raw,2,C+S,3.996679855921233,0.345160266924156,3.651519588997077,3.651519588997077,0.913709933268961,0.021453857421875,12.405594378109644,0.9347890147832516,0.4673945073916258,0.9347890147832516,0.4673945073916258
6,C+S,8,2.0,0.16,True,q3_evidence_cs_penalty,PCS raw,pcs_raw,2,C+S,3.9941028013225788,0.3239776916221686,3.67012510970041,3.67012510970041,0.9190055770944578,0.0210113525390625,12.447153627600104,0.939552028083305,0.4697760140416525,0.939552028083305,0.4697760140416525
6,C+S,8,2.0,0.2,True,q3_evidence_cs_penalty,PCS raw,pcs_raw,2,C+S,3.990796214317659,0.33581558799096206,3.6549806263266973,3.6549806263266973,0.9160461030022595,0.0208282470703125,12.397615214171989,0.9356750403396343,0.46783752016981717,0.9356750403396343,0.46783752016981717
6,C+S,8,2.0,0.24,True,q3_evidence_cs_penalty,PCS raw,pcs_raw,2,C+S,3.9867651399345525,0.33122535936513453,3.655539780569418,3.655539780569418,0.9171936601587163,0.0201873779296875,12.380028271403384,0.9358181838257709,0.46790909191288543,0.9358181838257709,0.46790909191288543
6,C+S,8,2.0,0.28,True,q3_evidence_cs_penalty,PCS raw,pcs_raw,2,C+S,3.982015709386646,0.32129700829665203,3.660718701089994,3.660718701089994,0.9196757479258371,0.020050048828125,12.337564459081385,0.9371439874790384,0.4685719937395192,0.9371439874790384,0.4685719937395192
6,C+S,8,2.0,0.32,True,q3_evidence_cs_penalty,PCS raw,pcs_raw,2,C+S,3.976555119443372,0.30700958469636985,3.669545534747002,3.669545534747002,0.9232476038259075,0.019561767578125,12.382571724292168,0.9394036568952324,0.4697018284476162,0.9394036568952324,0.4697018284476162
6,C+S,8,2.0,0.36,True,q3_evidence_cs_penalty,PCS raw,pcs_raw,2,C+S,3.970391608345835,0.3241571961437074,3.6462344122021273,3.6462344122021273,0.9189607009640732,0.0204925537109375,12.324080396918278,0.9334360095237446,0.4667180047618723,0.9334360095237446,0.4667180047618723
6,C+S,8,4.0,0.0,False,q3_evidence_cs_penalty,Uniform raw,uniform_raw,2,C+S,4.0,0.7087524827431237,3.2912475172568763,3.2912475172568763,0.8228118793142191,0.04473876953125,10.950370021902696,0.8425593644177602,0.4212796822088801,0.8425593644177602,0.4212796822088801
6,C+S,8,4.0,0.12,True,q3_evidence_cs_penalty,PCS raw,pcs_raw,2,C+S,3.996679855921233,0.6902579442078224,3.306421911713411,3.306421911713411,0.8274355139480445,0.043426513671875,10.881765386308388,0.8464440093986332,0.4232220046993166,0.8464440093986332,0.4232220046993166
6,C+S,8,4.0,0.16,True,q3_evidence_cs_penalty,PCS raw,pcs_raw,2,C+S,3.9941028013225788,0.6830001209775672,3.3111026803450114,3.3111026803450114,0.8292499697556082,0.0428466796875,10.86976824622858,0.847642286168323,0.4238211430841615,0.847642286168323,0.4238211430841615
6,C+S,8,4.0,0.2,True,q3_evidence_cs_penalty,PCS raw,pcs_raw,2,C+S,3.990796214317659,0.6851304124842326,3.3056658018334266,3.3056658018334266,0.8287173968789419,0.042449951171875,10.736273154315533,0.8462504452693573,0.42312522263467867,0.8462504452693573,0.42312522263467867
6,C+S,8,4.0,0.24,True,q3_evidence_cs_penalty,PCS raw,pcs_raw,2,C+S,3.9867651399345525,0.6900813131551413,3.296683826779411,3.296683826779411,0.8274796717112146,0.04290771484375,10.71026740783406,0.8439510596555292,0.4219755298277646,0.8439510596555292,0.4219755298277646
6,C+S,8,4.0,0.28,True,q3_evidence_cs_penalty,PCS raw,pcs_raw,2,C+S,3.982015709386646,0.6869329006019693,3.295082808784677,3.295082808784677,0.8282667748495077,0.0422210693359375,10.63762793165033,0.8435411990488773,0.4217705995244386,0.8435411990488773,0.4217705995244386
6,C+S,8,4.0,0.32,True,q3_evidence_cs_penalty,PCS raw,pcs_raw,2,C+S,3.976555119443372,0.7005999231454181,3.2759551962979536,3.2759551962979536,0.8248500192136454,0.0422210693359375,10.456532653337167,0.8386445302522761,0.41932226512613807,0.8386445302522761,0.41932226512613807
6,C+S,8,4.0,0.36,True,q3_evidence_cs_penalty,PCS raw,pcs_raw,2,C+S,3.970391608345835,0.6826810995936301,3.2877105087522045,3.2877105087522045,0.8293297251015925,0.0423736572265625,10.547977004424737,0.8416538902405644,0.4208269451202822,0.8416538902405644,0.4208269451202822
6,C+S,8,6.0,0.0,False,q3_evidence_cs_penalty,Uniform raw,uniform_raw,2,C+S,4.0,1.4124685108930441,2.587531489106956,2.587531489106956,0.646882872276739,0.0977783203125,8.327970160782488,0.6624080612113807,0.33120403060569037,0.6624080612113807,0.33120403060569037
6,C+S,8,6.0,0.12,True,q3_evidence_cs_penalty,PCS raw,pcs_raw,2,C+S,3.996679855921233,1.4694864065352529,2.52719344938598,2.52719344938598,0.6326283983661868,0.09857177734375,7.8821471311164775,0.646961523042811,0.3234807615214055,0.646961523042811,0.3234807615214055
6,C+S,8,6.0,0.16,True,q3_evidence_cs_penalty,PCS raw,pcs_raw,2,C+S,3.9941028013225788,1.4472123348328223,2.5468904664897565,2.5468904664897565,0.6381969162917944,0.098602294921875,8.027525531651486,0.6520039594213777,0.32600197971068884,0.6520039594213777,0.32600197971068884
6,C+S,8,6.0,0.2,True,q3_evidence_cs_penalty,PCS raw,pcs_raw,2,C+S,3.990796214317659,1.4406525423857044,2.550143671931955,2.550143671931955,0.6398368644035739,0.094879150390625,7.952106686185262,0.6528367800145805,0.3264183900072902,0.6528367800145805,0.3264183900072902
6,C+S,8,6.0,0.24,True,q3_evidence_cs_penalty,PCS raw,pcs_raw,2,C+S,3.9867651399345525,1.457986264456681,2.5287788754778715,2.5287788754778715,0.6355034338858299,0.0978851318359375,7.905862246545167,0.6473673921223351,0.32368369606116754,0.6473673921223351,0.32368369606116754
6,C+S,8,6.0,0.28,True,q3_evidence_cs_penalty,PCS raw,pcs_raw,2,C+S,3.982015709386646,1.433063468112659,2.548952241273987,2.548952241273987,0.6417341329718352,0.0954742431640625,7.919007762002334,0.6525317737661407,0.32626588688307034,0.6525317737661407,0.32626588688307034
6,C+S,8,6.0,0.32,True,q3_evidence_cs_penalty,PCS raw,pcs_raw,2,C+S,3.976555119443372,1.4201270250322624,2.5564280944111095,2.5564280944111095,0.6449682437419344,0.0935211181640625,7.921191575764819,0.654445592169244,0.327222796084622,0.654445592169244,0.327222796084622
6,C+S,8,6.0,0.36,True,q3_evidence_cs_penalty,PCS raw,pcs_raw,2,C+S,3.970391608345835,1.4761250935788515,2.4942665147669834,2.4942665147669834,0.6309687266052871,0.097625732421875,7.622008805701483,0.6385322277803478,0.3192661138901739,0.6385322277803478,0.3192661138901739
6,C+S,10,-2.0,0.0,False,q3_evidence_cs_penalty,Uniform raw,uniform_raw,2,C+S,4.0,0.23506675328239238,3.7649332467176073,3.7649332467176073,0.9412333116794018,0.015380859375,13.34828590652748,0.9638229111597075,0.48191145557985376,0.9638229111597075,0.48191145557985376
6,C+S,10,-2.0,0.12,True,q3_evidence_cs_penalty,PCS raw,pcs_raw,2,C+S,3.996679855921233,0.21969720823358174,3.7769826476876514,3.7769826476876514,0.9450756979416046,0.01385498046875,13.260324148113313,0.9669075578080387,0.48345377890401936,0.9669075578080387,0.48345377890401936
6,C+S,10,-2.0,0.16,True,q3_evidence_cs_penalty,PCS raw,pcs_raw,2,C+S,3.9941028013225788,0.2010169256503983,3.7930858756721806,3.7930858756721806,0.9497457685874005,0.0129852294921875,13.33976485374177,0.9710299841720782,0.4855149920860391,0.9710299841720782,0.4855149920860391
6,C+S,10,-2.0,0.2,True,q3_evidence_cs_penalty,PCS raw,pcs_raw,2,C+S,3.990796214317659,0.20217965298207885,3.7886165613355804,3.7886165613355804,0.9494550867544803,0.0126495361328125,13.33324249739754,0.9698858397019086,0.4849429198509543,0.9698858397019086,0.4849429198509543
6,C+S,10,-2.0,0.24,True,q3_evidence_cs_penalty,PCS raw,pcs_raw,2,C+S,3.9867651399345525,0.19612768568273342,3.790637454251819,3.790637454251819,0.9509680785793166,0.0125274658203125,13.317074180248643,0.9704031882884656,0.4852015941442328,0.9704031882884656,0.4852015941442328
6,C+S,10,-2.0,0.28,True,q3_evidence_cs_penalty,PCS raw,pcs_raw,2,C+S,3.982015709386646,0.1888674140589855,3.7931482953276605,3.7931482953276605,0.9527831464852536,0.0121917724609375,13.314005993596727,0.9710459636038811,0.48552298180194053,0.9710459636038811,0.48552298180194053
6,C+S,10,-2.0,0.32,True,q3_evidence_cs_penalty,PCS raw,pcs_raw,2,C+S,3.976555119443372,0.17698075266964203,3.79957436677373,3.79957436677373,0.9557548118325895,0.0111236572265625,13.310869815961079,0.9726910378940749,0.4863455189470374,0.9726910378940749,0.4863455189470374
6,C+S,10,-2.0,0.36,True,q3_evidence_cs_penalty,PCS raw,pcs_raw,2,C+S,3.970391608345835,0.17267074873856325,3.7977208596072716,3.7977208596072716,0.9568323128153592,0.0110321044921875,13.299708405074586,0.9722165400594615,0.4861082700297307,0.9722165400594615,0.4861082700297307
6,C+S,10,0.0,0.0,False,q3_evidence_cs_penalty,Uniform raw,uniform_raw,2,C+S,4.0,0.3187870908978927,3.6812129091021073,3.6812129091021073,0.9203032272755268,0.0204010009765625,12.85872670783326,0.9423905047301394,0.4711952523650697,0.9423905047301394,0.4711952523650697
6,C+S,10,0.0,0.12,True,q3_evidence_cs_penalty,PCS raw,pcs_raw,2,C+S,3.996679855921233,0.2891412056865198,3.7075386502347127,3.7075386502347127,0.92771469857837,0.01800537109375,12.797548050632894,0.9491298944600866,0.4745649472300433,0.9491298944600866,0.4745649472300433
6,C+S,10,0.0,0.16,True,q3_evidence_cs_penalty,PCS raw,pcs_raw,2,C+S,3.9941028013225788,0.2777959073383798,3.716306893984199,3.716306893984199,0.9305510231654051,0.017547607421875,12.775605219164895,0.951374564859955,0.4756872824299775,0.951374564859955,0.4756872824299775
6,C+S,10,0.0,0.2,True,q3_evidence_cs_penalty,PCS raw,pcs_raw,2,C+S,3.990796214317659,0.26795392251181327,3.722842291805846,3.722842291805846,0.9330115193720467,0.0165863037109375,12.766358447827113,0.9530476267022966,0.4765238133511483,0.9530476267022966,0.4765238133511483
6,C+S,10,0.0,0.24,True,q3_evidence_cs_penalty,PCS raw,pcs_raw,2,C+S,3.9867651399345525,0.27566699746635404,3.711098142468199,3.711098142468199,0.9310832506334115,0.017425537109375,12.73278546087419,0.9500411244718588,0.4750205622359294,0.9500411244718588,0.4750205622359294
6,C+S,10,0.0,0.28,True,q3_evidence_cs_penalty,PCS raw,pcs_raw,2,C+S,3.982015709386646,0.27057439140424566,3.7114413179824,3.7114413179824,0.9323564021489386,0.01727294921875,12.718514905334969,0.9501289774034944,0.4750644887017472,0.9501289774034944,0.4750644887017472
6,C+S,10,0.0,0.32,True,q3_evidence_cs_penalty,PCS raw,pcs_raw,2,C+S,3.976555119443372,0.26409356990950983,3.712461549533862,3.712461549533862,0.9339766075226226,0.016876220703125,12.673151017430424,0.9503901566806687,0.47519507834033436,0.9503901566806687,0.47519507834033436
6,C+S,10,0.0,0.36,True,q3_evidence_cs_penalty,PCS raw,pcs_raw,2,C+S,3.970391608345835,0.25020504458318316,3.7201865637626517,3.7201865637626517,0.9374487388542042,0.0162506103515625,12.689288329529685,0.9523677603232388,0.4761838801616194,0.9523677603232388,0.4761838801616194
6,C+S,10,2.0,0.0,False,q3_evidence_cs_penalty,Uniform raw,uniform_raw,2,C+S,4.0,0.5233559148731303,3.4766440851268694,3.4766440851268694,0.8691610212817173,0.0330810546875,11.699798646954967,0.8900208857924786,0.4450104428962393,0.8900208857924786,0.4450104428962393
6,C+S,10,2.0,0.12,True,q3_evidence_cs_penalty,PCS raw,pcs_raw,2,C+S,3.996679855921233,0.5184511782482533,3.4782286776729796,3.4782286776729796,0.8703872054379367,0.0323944091796875,11.62615676264931,0.8904265414842827,0.44521327074214134,0.8904265414842827,0.44521327074214134
6,C+S,10,2.0,0.16,True,q3_evidence_cs_penalty,PCS raw,pcs_raw,2,C+S,3.9941028013225788,0.5073855233682549,3.486717277954324,3.486717277954324,0.8731536191579363,0.0319671630859375,11.603334483993908,0.8925996231563069,0.44629981157815346,0.8925996231563069,0.44629981157815346
6,C+S,10,2.0,0.2,True,q3_evidence_cs_penalty,PCS raw,pcs_raw,2,C+S,3.990796214317659,0.5165238297077466,3.474272384609913,3.474272384609913,0.8708690425730634,0.03167724609375,11.50837796615685,0.8894137304601376,0.4447068652300688,0.8894137304601376,0.4447068652300688
6,C+S,10,2.0,0.24,True,q3_evidence_cs_penalty,PCS raw,pcs_raw,2,C+S,3.9867651399345525,0.499552859820483,3.4872122801140693,3.4872122801140693,0.8751117850448793,0.0306549072265625,11.519926652643218,0.8927263437092018,0.4463631718546009,0.8927263437092018,0.4463631718546009
6,C+S,10,2.0,0.28,True,q3_evidence_cs_penalty,PCS raw,pcs_raw,2,C+S,3.982015709386646,0.5128694989755528,3.4691462104110933,3.4691462104110933,0.8717826252561118,0.03155517578125,11.38139072355765,0.8881014298652399,0.44405071493261994,0.8881014298652399,0.44405071493261994
6,C+S,10,2.0,0.32,True,q3_evidence_cs_penalty,PCS raw,pcs_raw,2,C+S,3.976555119443372,0.4993684385332084,3.4771866809101635,3.4771866809101635,0.8751578903666979,0.030364990234375,11.422342056779968,0.8901597903130019,0.4450798951565009,0.8901597903130019,0.4450798951565009
6,C+S,10,2.0,0.36,True,q3_evidence_cs_penalty,PCS raw,pcs_raw,2,C+S,3.970391608345835,0.5166099554755114,3.4537816528703233,3.4537816528703233,0.8708475111311221,0.0308990478515625,11.289700128662524,0.8841681031348028,0.4420840515674014,0.8841681031348028,0.4420840515674014
6,C+S,10,4.0,0.0,False,q3_evidence_cs_penalty,Uniform raw,uniform_raw,2,C+S,4.0,1.1019637167164618,2.8980362832835382,2.8980362832835382,0.7245090708208846,0.0711669921875,9.433414690286352,0.7418972885205857,0.37094864426029284,0.7418972885205857,0.37094864426029284
6,C+S,10,4.0,0.12,True,q3_evidence_cs_penalty,PCS raw,pcs_raw,2,C+S,3.996679855921233,1.0856389129249222,2.9110409429963107,2.9110409429963107,0.7285902717687694,0.0691986083984375,9.323354755655732,0.7452264814070555,0.37261324070352775,0.7452264814070555,0.37261324070352775
6,C+S,10,4.0,0.16,True,q3_evidence_cs_penalty,PCS raw,pcs_raw,2,C+S,3.9941028013225788,1.123496315975839,2.8706064853467397,2.8706064853467397,0.7191259210060402,0.0702056884765625,9.10644181195531,0.7348752602487654,0.3674376301243827,0.7348752602487654,0.3674376301243827
6,C+S,10,4.0,0.2,True,q3_evidence_cs_penalty,PCS raw,pcs_raw,2,C+S,3.990796214317659,1.0793255372158292,2.91147067710183,2.91147067710183,0.7301686156960427,0.068389892578125,9.231319354186933,0.7453364933380684,0.3726682466690342,0.7453364933380684,0.3726682466690342
6,C+S,10,4.0,0.24,True,q3_evidence_cs_penalty,PCS raw,pcs_raw,2,C+S,3.9867651399345525,1.071523988801776,2.9152411511327765,2.9152411511327765,0.732119002799556,0.0670623779296875,9.188925523626558,0.7463017346899907,0.37315086734499536,0.7463017346899907,0.37315086734499536
6,C+S,10,4.0,0.28,True,q3_evidence_cs_penalty,PCS raw,pcs_raw,2,C+S,3.982015709386646,1.076270959851103,2.905744749535543,2.905744749535543,0.7309322600372242,0.068267822265625,9.123408883598811,0.743870655881099,0.3719353279405495,0.743870655881099,0.3719353279405495
6,C+S,10,4.0,0.32,True,q3_evidence_cs_penalty,PCS raw,pcs_raw,2,C+S,3.976555119443372,1.0940748928133797,2.8824802266299923,2.8824802266299923,0.7264812767966551,0.0677947998046875,9.02459060684766,0.737914938017278,0.368957469008639,0.737914938017278,0.368957469008639
6,C+S,10,4.0,0.36,True,q3_evidence_cs_penalty,PCS raw,pcs_raw,2,C+S,3.970391608345835,1.0891746764601882,2.8812169318856466,2.8812169318856466,0.727706330884953,0.0681610107421875,9.027925118032467,0.7375915345627255,0.36879576728136276,0.7375915345627255,0.36879576728136276
6,C+S,10,6.0,0.0,False,q3_evidence_cs_penalty,Uniform raw,uniform_raw,2,C+S,4.0,2.0433023859276536,1.9566976140723464,1.9566976140723464,0.4891744035180866,0.1544342041015625,6.167870877342178,0.5009145892025206,0.2504572946012603,0.5009145892025206,0.2504572946012603
6,C+S,10,6.0,0.12,True,q3_evidence_cs_penalty,PCS raw,pcs_raw,2,C+S,3.996679855921233,2.0923955934597824,1.9042842624614507,1.9042842624614507,0.47690110163505445,0.1563873291015625,5.9130541523216,0.48749677119013135,0.24374838559506568,0.48749677119013135,0.24374838559506568
6,C+S,10,6.0,0.16,True,q3_evidence_cs_penalty,PCS raw,pcs_raw,2,C+S,3.9941028013225788,2.0619558574386154,1.9321469438839631,1.9321469438839631,0.4845110356403461,0.1515350341796875,6.016351572393931,0.4946296176342945,0.24731480881714726,0.4946296176342945,0.24731480881714726
6,C+S,10,6.0,0.2,True,q3_evidence_cs_penalty,PCS raw,pcs_raw,2,C+S,3.990796214317659,2.1138904686403297,1.8769057456773293,1.8769057456773293,0.4715273828399175,0.1543121337890625,5.719612937314201,0.4804878708933963,0.24024393544669814,0.4804878708933963,0.24024393544669814
6,C+S,10,6.0,0.24,True,q3_evidence_cs_penalty,PCS raw,pcs_raw,2,C+S,3.9867651399345525,2.0941489263187063,1.8926162136158462,1.8926162136158462,0.4764627684203234,0.153411865234375,5.737785971197002,0.4845097506856566,0.2422548753428283,0.4845097506856566,0.2422548753428283
6,C+S,10,6.0,0.28,True,q3_evidence_cs_penalty,PCS raw,pcs_raw,2,C+S,3.982015709386646,2.11397296014531,1.868042749241336,1.868042749241336,0.47150675996367253,0.1543121337890625,5.654369334190894,0.478218943805782,0.239109471902891,0.478218943805782,0.239109471902891
6,C+S,10,6.0,0.32,True,q3_evidence_cs_penalty,PCS raw,pcs_raw,2,C+S,3.976555119443372,2.077601361507761,1.8989537579356106,1.8989537579356106,0.48059965962305967,0.148223876953125,5.694318734498291,0.4861321620315163,0.24306608101575816,0.4861321620315163,0.24306608101575816
6,C+S,10,6.0,0.36,True,q3_evidence_cs_penalty,PCS raw,pcs_raw,2,C+S,3.970391608345835,2.1102000918394497,1.8601915165063854,1.8601915165063854,0.47244997704013764,0.150177001953125,5.542902148906261,0.47620902822563466,0.23810451411281733,0.47620902822563466,0.23810451411281733
6,C+S,12,-2.0,0.0,False,q3_evidence_cs_penalty,Uniform raw,uniform_raw,2,C+S,4.0,0.2873788871048343,3.7126211128951656,3.7126211128951656,0.9281552782237914,0.0187835693359375,13.035534085277831,0.9504310049011624,0.4752155024505812,0.9504310049011624,0.4752155024505812
6,C+S,12,-2.0,0.12,True,q3_evidence_cs_penalty,PCS raw,pcs_raw,2,C+S,3.996679855921233,0.24588402384313268,3.7507958320781,3.7507958320781,0.9385289940392167,0.0154876708984375,13.023696174427576,0.9602037330119937,0.48010186650599684,0.9602037330119937,0.48010186650599684
6,C+S,12,-2.0,0.16,True,q3_evidence_cs_penalty,PCS raw,pcs_raw,2,C+S,3.9941028013225788,0.2456748102332219,3.7484279910893568,3.7484279910893568,0.9385812974416945,0.015838623046875,13.061566098979359,0.9595975657188754,0.4797987828594377,0.9595975657188754,0.4797987828594377
6,C+S,12,-2.0,0.2,True,q3_evidence_cs_penalty,PCS raw,pcs_raw,2,C+S,3.990796214317659,0.23282882293994323,3.757967391377716,3.757967391377716,0.9417927942650142,0.01483154296875,13.040240065823571,0.9620396521926953,0.48101982609634764,0.9620396521926953,0.48101982609634764
6,C+S,12,-2.0,0.24,True,q3_evidence_cs_penalty,PCS raw,pcs_raw,2,C+S,3.9867651399345525,0.2168176950831916,3.769947444851361,3.769947444851361,0.9457955762292021,0.0139312744140625,13.11365529285834,0.9651065458819483,0.48255327294097417,0.9651065458819483,0.48255327294097417
6,C+S,12,-2.0,0.28,True,q3_evidence_cs_penalty,PCS raw,pcs_raw,2,C+S,3.982015709386646,0.22111825693653023,3.7608974524501155,3.7608974524501155,0.9447204357658674,0.0137481689453125,12.996759119360714,0.9627897478272296,0.4813948739136148,0.9627897478272296,0.4813948739136148
6,C+S,12,-2.0,0.32,True,q3_evidence_cs_penalty,PCS raw,pcs_raw,2,C+S,3.976555119443372,0.21585705037218744,3.7606980690711844,3.7606980690711844,0.9460357374069531,0.013671875,13.04400346914258,0.9627387056822232,0.4813693528411116,0.9627387056822232,0.4813693528411116
6,C+S,12,-2.0,0.36,True,q3_evidence_cs_penalty,PCS raw,pcs_raw,2,C+S,3.970391608345835,0.20777020996052048,3.7626213983853143,3.7626213983853143,0.9480574475098699,0.0131988525390625,13.033532651369068,0.9632310779866404,0.4816155389933202,0.9632310779866404,0.4816155389933202
6,C+S,12,0.0,0.0,False,q3_evidence_cs_penalty,Uniform raw,uniform_raw,2,C+S,4.0,0.4031678764546051,3.5968321235453953,3.5968321235453953,0.8992080308863488,0.0255126953125,12.336286153767706,0.9207890236276212,0.4603945118138106,0.9207890236276212,0.4603945118138106
6,C+S,12,0.0,0.12,True,q3_evidence_cs_penalty,PCS raw,pcs_raw,2,C+S,3.996679855921233,0.3679481103793772,3.628731745541856,3.628731745541856,0.9080129724051558,0.02252197265625,12.333455096129864,0.9289553268587152,0.4644776634293576,0.9289553268587152,0.4644776634293576
6,C+S,12,0.0,0.16,True,q3_evidence_cs_penalty,PCS raw,pcs_raw,2,C+S,3.9941028013225788,0.3781655196359118,3.615937281686667,3.615937281686667,0.9054586200910221,0.0236358642578125,12.282679026219238,0.9256799441117867,0.46283997205589333,0.9256799441117867,0.46283997205589333
6,C+S,12,0.0,0.2,True,q3_evidence_cs_penalty,PCS raw,pcs_raw,2,C+S,3.990796214317659,0.37389803766945134,3.616898176648208,3.616898176648208,0.9065254905826372,0.023223876953125,12.191158437014206,0.9259259332219412,0.4629629666109706,0.9259259332219412,0.4629629666109706
6,C+S,12,0.0,0.24,True,q3_evidence_cs_penalty,PCS raw,pcs_raw,2,C+S,3.9867651399345525,0.3443780996754988,3.6423870402590537,3.6423870402590537,0.9139054750811253,0.02117919921875,12.294573887700107,0.9324510823063177,0.46622554115315884,0.9324510823063177,0.46622554115315884
6,C+S,12,0.0,0.28,True,q3_evidence_cs_penalty,PCS raw,pcs_raw,2,C+S,3.982015709386646,0.3328375017147156,3.6491782076719304,3.6491782076719304,0.9167906245713211,0.0205535888671875,12.229362176552298,0.9341896211640142,0.4670948105820071,0.9341896211640142,0.4670948105820071
6,C+S,12,0.0,0.32,True,q3_evidence_cs_penalty,PCS raw,pcs_raw,2,C+S,3.976555119443372,0.3478802767813128,3.6286748426620594,3.6286748426620594,0.9130299308046719,0.0212554931640625,12.17012109405338,0.9289407597214872,0.4644703798607436,0.9289407597214872,0.4644703798607436
6,C+S,12,0.0,0.36,True,q3_evidence_cs_penalty,PCS raw,pcs_raw,2,C+S,3.970391608345835,0.3502959150987529,3.620095693247082,3.620095693247082,0.9124260212253117,0.0214385986328125,12.137045582949384,0.9267444974712529,0.46337224873562644,0.9267444974712529,0.46337224873562644
6,C+S,12,2.0,0.0,False,q3_evidence_cs_penalty,Uniform raw,uniform_raw,2,C+S,4.0,0.7677377915753743,3.2322622084246255,3.2322622084246255,0.8080655521061564,0.0486297607421875,10.739576365946448,0.8274591253567042,0.4137295626783521,0.8274591253567042,0.4137295626783521
6,C+S,12,2.0,0.12,True,q3_evidence_cs_penalty,PCS raw,pcs_raw,2,C+S,3.996679855921233,0.7397098813143698,3.2569699746068634,3.2569699746068634,0.8150725296714076,0.046722412109375,10.652815658427109,0.8337843134993569,0.41689215674967844,0.8337843134993569,0.41689215674967844
6,C+S,12,2.0,0.16,True,q3_evidence_cs_penalty,PCS raw,pcs_raw,2,C+S,3.9941028013225788,0.7517393755560857,3.2423634257664933,3.2423634257664933,0.8120651561109786,0.04681396484375,10.541366635167012,0.8300450369962222,0.4150225184981111,0.8300450369962222,0.4150225184981111
6,C+S,12,2.0,0.2,True,q3_evidence_cs_penalty,PCS raw,pcs_raw,2,C+S,3.990796214317659,0.7381355563578249,3.252660657959834,3.252660657959834,0.8154661109105437,0.045074462890625,10.525919652049662,0.8326811284377176,0.4163405642188588,0.8326811284377176,0.4163405642188588
6,C+S,12,2.0,0.24,True,q3_evidence_cs_penalty,PCS raw,pcs_raw,2,C+S,3.9867651399345525,0.7433584691114201,3.2434066708231324,3.2434066708231324,0.814160382722145,0.0448150634765625,10.485858642043961,0.8303121077307218,0.4151560538653609,0.8303121077307218,0.4151560538653609
6,C+S,12,2.0,0.28,True,q3_evidence_cs_penalty,PCS raw,pcs_raw,2,C+S,3.982015709386646,0.7229961072874738,3.259019602099172,3.259019602099172,0.8192509731781316,0.04278564453125,10.475495062331696,0.834309018137388,0.417154509068694,0.834309018137388,0.417154509068694
6,C+S,12,2.0,0.32,True,q3_evidence_cs_penalty,PCS raw,pcs_raw,2,C+S,3.976555119443372,0.7347727407739175,3.2417823786694546,3.2417823786694546,0.8163068148065207,0.044708251953125,10.428231497024115,0.8298962889393804,0.4149481444696902,0.8298962889393804,0.4149481444696902
6,C+S,12,2.0,0.36,True,q3_evidence_cs_penalty,PCS raw,pcs_raw,2,C+S,3.970391608345835,0.7139421867494801,3.2564494215963546,3.2564494215963546,0.82151445331263,0.04254150390625,10.375452429442705,0.8336510519286668,0.4168255259643334,0.8336510519286668,0.4168255259643334
6,C+S,12,4.0,0.0,False,q3_evidence_cs_penalty,Uniform raw,uniform_raw,2,C+S,4.0,1.4988939134948092,2.5011060865051906,2.5011060865051906,0.6252765216262977,0.1020965576171875,7.9324700702595585,0.6402831581453288,0.3201415790726644,0.6402831581453288,0.3201415790726644
6,C+S,12,4.0,0.12,True,q3_evidence_cs_penalty,PCS raw,pcs_raw,2,C+S,3.996679855921233,1.5050348066135792,2.4916450493076536,2.4916450493076536,0.6237412983466052,0.100799560546875,7.838700768607875,0.6378611326227593,0.31893056631137967,0.6378611326227593,0.31893056631137967
6,C+S,12,4.0,0.16,True,q3_evidence_cs_penalty,PCS raw,pcs_raw,2,C+S,3.9941028013225788,1.5107935933191396,2.483309208003439,2.483309208003439,0.6223016016702151,0.10015869140625,7.736617459736236,0.6357271572488803,0.31786357862444015,0.6357271572488803,0.31786357862444015
6,C+S,12,4.0,0.2,True,q3_evidence_cs_penalty,PCS raw,pcs_raw,2,C+S,3.990796214317659,1.5068968482841787,2.48389936603348,2.48389936603348,0.6232757879289552,0.100067138671875,7.6970535754291785,0.6358782377045709,0.31793911885228543,0.6358782377045709,0.31793911885228543
6,C+S,12,4.0,0.24,True,q3_evidence_cs_penalty,PCS raw,pcs_raw,2,C+S,3.9867651399345525,1.509258335915666,2.4775068040188866,2.4775068040188866,0.6226854160210835,0.0998992919921875,7.606155958046868,0.6342417418288349,0.31712087091441743,0.6342417418288349,0.31712087091441743
6,C+S,12,4.0,0.28,True,q3_evidence_cs_penalty,PCS raw,pcs_raw,2,C+S,3.982015709386646,1.5682054818117916,2.4138102275748543,2.4138102275748543,0.6079486295470521,0.1029205322265625,7.299625769977908,0.6179354182591628,0.3089677091295814,0.6179354182591628,0.3089677091295814
6,C+S,12,4.0,0.32,True,q3_evidence_cs_penalty,PCS raw,pcs_raw,2,C+S,3.976555119443372,1.5417403555522937,2.434814763891078,2.434814763891078,0.6145649111119266,0.100982666015625,7.421785539548281,0.623312579556116,0.311656289778058,0.623312579556116,0.311656289778058
6,C+S,12,4.0,0.36,True,q3_evidence_cs_penalty,PCS raw,pcs_raw,2,C+S,3.970391608345835,1.5194606415026102,2.4509309668432246,2.4509309668432246,0.6201348396243476,0.0996246337890625,7.405286883548214,0.6274383275118656,0.3137191637559328,0.6274383275118656,0.3137191637559328
6,C+S,12,6.0,0.0,False,q3_evidence_cs_penalty,Uniform raw,uniform_raw,2,C+S,4.0,2.6463457929476033,1.3536542070523967,1.3536542070523967,0.3384135517630992,0.2156982421875,4.286542541984796,0.34653547700541354,0.17326773850270677,0.34653547700541354,0.17326773850270677
6,C+S,12,6.0,0.12,True,q3_evidence_cs_penalty,PCS raw,pcs_raw,2,C+S,3.996679855921233,2.6883126838627094,1.3083671720585237,1.3083671720585237,0.3279218290343227,0.216400146484375,4.074812429908956,0.33494199604698205,0.16747099802349102,0.33494199604698205,0.16747099802349102
6,C+S,12,6.0,0.16,True,q3_evidence_cs_penalty,PCS raw,pcs_raw,2,C+S,3.9941028013225788,2.6900469469488044,1.3040558543737741,1.3040558543737741,0.32748826326279884,0.21478271484375,4.0455658208698875,0.3338382987196862,0.1669191493598431,0.3338382987196862,0.1669191493598431
6,C+S,12,6.0,0.2,True,q3_evidence_cs_penalty,PCS raw,pcs_raw,2,C+S,3.990796214317659,2.7046596806105727,1.2861365337070862,1.2861365337070862,0.32383507984735677,0.215728759765625,3.9865554514101733,0.32925095262901405,0.16462547631450702,0.32925095262901405,0.16462547631450702
6,C+S,12,6.0,0.24,True,q3_evidence_cs_penalty,PCS raw,pcs_raw,2,C+S,3.9867651399345525,2.6963408649891365,1.2904242749454162,1.2904242749454162,0.32591478375271593,0.2119903564453125,4.011370627626581,0.33034861438602653,0.16517430719301326,0.33034861438602653,0.16517430719301326
6,C+S,12,6.0,0.28,True,q3_evidence_cs_penalty,PCS raw,pcs_raw,2,C+S,3.982015709386646,2.683957618449446,1.2980580909372004,1.2980580909372004,0.3290105953876386,0.2083892822265625,3.984119389671978,0.3323028712799233,0.16615143563996165,0.3323028712799233,0.16615143563996165
6,C+S,12,6.0,0.32,True,q3_evidence_cs_penalty,PCS raw,pcs_raw,2,C+S,3.976555119443372,2.740011698103491,1.236543421339881,1.236543421339881,0.31499707547412725,0.214111328125,3.7666382217768613,0.31655511586300955,0.15827755793150478,0.31655511586300955,0.15827755793150478
6,C+S,12,6.0,0.36,True,q3_evidence_cs_penalty,PCS raw,pcs_raw,2,C+S,3.970391608345835,2.7462142666950364,1.2241773416507984,1.2241773416507984,0.3134464333262409,0.2140350341796875,3.748973059054279,0.31338939946260436,0.15669469973130218,0.31338939946260436,0.15669469973130218
6,S,6,-2.0,0.0,False,q3_evidence,Uniform raw,uniform_raw,1,S,4.0,0.1703357463441556,3.8296642536558445,3.8296642536558445,0.9574160634139611,0.0106201171875,13.958037468949522,0.4901970244679481,0.4901970244679481,0.4901970244679481,0.4901970244679481
6,S,6,-2.0,0.12,True,q3_evidence,PCS raw,pcs_raw,1,S,3.996679855921233,0.16235207232393045,3.8343277835973026,3.8343277835973026,0.9594119819190174,0.0103759765625,13.860425088591589,0.4907939563004547,0.4907939563004547,0.4907939563004547,0.4907939563004547
6,S,6,-2.0,0.16,True,q3_evidence,PCS raw,pcs_raw,1,S,3.9941028013225788,0.15293168734364998,3.8411711139789286,3.8411711139789286,0.9617670781640875,0.010040283203125,13.97936943764202,0.4916699025893029,0.4916699025893029,0.4916699025893029,0.4916699025893029
6,S,6,-2.0,0.2,True,q3_evidence,PCS raw,pcs_raw,1,S,3.990796214317659,0.15277843215499087,3.838017782162668,3.838017782162668,0.9618053919612523,0.009490966796875,13.947121635754062,0.49126627611682155,0.49126627611682155,0.49126627611682155,0.49126627611682155
6,S,6,-2.0,0.24,True,q3_evidence,PCS raw,pcs_raw,1,S,3.9867651399345525,0.15192424900200735,3.8348408909325453,3.8348408909325453,0.9620189377494982,0.009185791015625,13.927393865107973,0.4908596340393658,0.4908596340393658,0.4908596340393658,0.4908596340393658
6,S,6,-2.0,0.28,True,q3_evidence,PCS raw,pcs_raw,1,S,3.982015709386646,0.1328151610782972,3.8492005483083487,3.8492005483083487,0.9667962097304257,0.008575439453125,13.893069635108601,0.4926976701834686,0.4926976701834686,0.4926976701834686,0.4926976701834686
6,S,6,-2.0,0.32,True,q3_evidence,PCS raw,pcs_raw,1,S,3.976555119443372,0.12428813706696085,3.852266982376411,3.852266982376411,0.9689279657332598,0.007720947265625,13.962829029646207,0.4930901737441806,0.4930901737441806,0.4930901737441806,0.4930901737441806
6,S,6,-2.0,0.36,True,q3_evidence,PCS raw,pcs_raw,1,S,3.970391608345835,0.13279972676109988,3.8375918815847347,3.8375918815847347,0.966800068309725,0.00897216796875,13.938799200678687,0.49121176084284607,0.49121176084284607,0.49121176084284607,0.49121176084284607
6,S,6,0.0,0.0,False,q3_evidence,Uniform raw,uniform_raw,1,S,4.0,0.19527893180340333,3.8047210681965966,3.8047210681965966,0.9511802670491492,0.012725830078125,13.828619945129477,0.48700429672916434,0.48700429672916434,0.48700429672916434,0.48700429672916434
6,S,6,0.0,0.12,True,q3_evidence,PCS raw,pcs_raw,1,S,3.996679855921233,0.1630442377808335,3.8336356181403994,3.8336356181403994,0.9592389405547916,0.010528564453125,13.823040912494527,0.4907053591219711,0.4907053591219711,0.4907053591219711,0.4907053591219711
6,S,6,0.0,0.16,True,q3_evidence,PCS raw,pcs_raw,1,S,3.9941028013225788,0.16969334149167603,3.824409459830903,3.824409459830903,0.957576664627081,0.011016845703125,13.807161489850944,0.4895244108583556,0.4895244108583556,0.4895244108583556,0.4895244108583556
6,S,6,0.0,0.2,True,q3_evidence,PCS raw,pcs_raw,1,S,3.990796214317659,0.1547073691211993,3.8360888451964597,3.8360888451964597,0.9613231577197001,0.009857177734375,13.874181784281953,0.49101937218514685,0.49101937218514685,0.49101937218514685,0.49101937218514685
6,S,6,0.0,0.24,True,q3_evidence,PCS raw,pcs_raw,1,S,3.9867651399345525,0.15737567099898284,3.82938946893557,3.82938946893557,0.9606560822502543,0.0098876953125,13.845252445805102,0.49016185202375295,0.49016185202375295,0.49016185202375295,0.49016185202375295
6,S,6,0.0,0.28,True,q3_evidence,PCS raw,pcs_raw,1,S,3.982015709386646,0.14637628070115333,3.8356394286854925,3.8356394286854925,0.9634059298247116,0.00946044921875,13.824600222165376,0.49096184687174305,0.49096184687174305,0.49096184687174305,0.49096184687174305
6,S,6,0.0,0.32,True,q3_evidence,PCS raw,pcs_raw,1,S,3.976555119443372,0.13183095638203465,3.844724163061337,3.844724163061337,0.9670422609044913,0.009246826171875,13.889941777805003,0.4921246928718511,0.4921246928718511,0.4921246928718511,0.4921246928718511
6,S,6,0.0,0.36,True,q3_evidence,PCS raw,pcs_raw,1,S,3.970391608345835,0.13981530229597694,3.830576306049858,3.830576306049858,0.9650461744260058,0.009735107421875,13.78068090326577,0.49031376717438185,0.49031376717438185,0.49031376717438185,0.49031376717438185
6,S,6,2.0,0.0,False,q3_evidence,Uniform raw,uniform_raw,1,S,4.0,0.2219132429023304,3.7780867570976695,3.7780867570976695,0.9445216892744174,0.01434326171875,13.5840892032869,0.4835951049085017,0.4835951049085017,0.4835951049085017,0.4835951049085017
6,S,6,2.0,0.12,True,q3_evidence,PCS raw,pcs_raw,1,S,3.996679855921233,0.19363347547082393,3.803046380450409,3.803046380450409,0.9515916311322941,0.012054443359375,13.57782078027589,0.48678993669765236,0.48678993669765236,0.48678993669765236,0.48678993669765236
6,S,6,2.0,0.16,True,q3_evidence,PCS raw,pcs_raw,1,S,3.9941028013225788,0.19959702050853811,3.7945057808140406,3.7945057808140406,0.9501007448728654,0.01239013671875,13.492480527183462,0.4856967399441972,0.4856967399441972,0.4856967399441972,0.4856967399441972
6,S,6,2.0,0.2,True,q3_evidence,PCS raw,pcs_raw,1,S,3.990796214317659,0.19910334437860905,3.79169286993905,3.79169286993905,0.9502241639053477,0.01275634765625,13.497716875350328,0.4853366873521984,0.4853366873521984,0.4853366873521984,0.4853366873521984
6,S,6,2.0,0.24,True,q3_evidence,PCS raw,pcs_raw,1,S,3.9867651399345525,0.18214681837214858,3.804618321562404,3.804618321562404,0.9544632954069628,0.01171875,13.525546391129328,0.48699114515998765,0.48699114515998765,0.48699114515998765,0.48699114515998765
6,S,6,2.0,0.28,True,q3_evidence,PCS raw,pcs_raw,1,S,3.982015709386646,0.17459829030023477,3.807417419086411,3.807417419086411,0.9563504274249413,0.0107421875,13.504510290771776,0.4873494296430606,0.4873494296430606,0.4873494296430606,0.4873494296430606
6,S,6,2.0,0.32,True,q3_evidence,PCS raw,pcs_raw,1,S,3.976555119443372,0.1746064952727749,3.801948624170597,3.801948624170597,0.9563483761818062,0.011474609375,13.45505795901868,0.4866494238938364,0.4866494238938364,0.4866494238938364,0.4866494238938364
6,S,6,2.0,0.36,True,q3_evidence,PCS raw,pcs_raw,1,S,3.970391608345835,0.17723187397677398,3.793159734369061,3.793159734369061,0.9556920315058065,0.01202392578125,13.398994190833218,0.48552444599923983,0.48552444599923983,0.48552444599923983,0.48552444599923983
6,S,6,4.0,0.0,False,q3_evidence,Uniform raw,uniform_raw,1,S,4.0,0.34435137684091305,3.655648623159087,3.655648623159087,0.9139121557897717,0.021484375,12.882504123314929,0.4679230237643631,0.4679230237643631,0.4679230237643631,0.4679230237643631
6,S,6,4.0,0.12,True,q3_evidence,PCS raw,pcs_raw,1,S,3.996679855921233,0.3143093781462512,3.6823704777749815,3.6823704777749815,0.9214226554634372,0.02020263671875,12.793915330844596,0.4713434211551976,0.4713434211551976,0.4713434211551976,0.4713434211551976
6,S,6,4.0,0.16,True,q3_evidence,PCS raw,pcs_raw,1,S,3.9941028013225788,0.311794280886303,3.6823085204362758,3.6823085204362758,0.9220514297784242,0.01971435546875,12.697991679175217,0.47133549061584334,0.47133549061584334,0.47133549061584334,0.47133549061584334
6,S,6,4.0,0.2,True,q3_evidence,PCS raw,pcs_raw,1,S,3.990796214317659,0.31525215752301283,3.6755440567946462,3.6755440567946462,0.9211869606192468,0.019317626953125,12.731813641039892,0.47046963926971475,0.47046963926971475,0.47046963926971475,0.47046963926971475
6,S,6,4.0,0.24,True,q3_evidence,PCS raw,pcs_raw,1,S,3.9867651399345525,0.30314290259976945,3.683622237334783,3.683622237334783,0.9242142743500577,0.019256591796875,12.73245192824353,0.4715036463788522,0.4715036463788522,0.4715036463788522,0.4715036463788522
6,S,6,4.0,0.28,True,q3_evidence,PCS raw,pcs_raw,1,S,3.982015709386646,0.27988085045666666,3.702134858929979,3.702134858929979,0.9300297873858333,0.018218994140625,12.729580240095723,0.47387326194303736,0.47387326194303736,0.47387326194303736,0.47387326194303736
6,S,6,4.0,0.32,True,q3_evidence,PCS raw,pcs_raw,1,S,3.976555119443372,0.2773388031026346,3.6992163163407374,3.6992163163407374,0.9306652992243414,0.01751708984375,12.750745829122923,0.4734996884916144,0.4734996884916144,0.4734996884916144,0.4734996884916144
6,S,6,4.0,0.36,True,q3_evidence,PCS raw,pcs_raw,1,S,3.970391608345835,0.27989675363478944,3.690494854711045,3.690494854711045,0.9300258115913026,0.01861572265625,12.608296015097489,0.4723833414030138,0.4723833414030138,0.4723833414030138,0.4723833414030138
6,S,6,6.0,0.0,False,q3_evidence,Uniform raw,uniform_raw,1,S,4.0,0.6332741207401259,3.366725879259874,3.366725879259874,0.8416814698149685,0.04132080078125,11.468525567154318,0.43094091254526384,0.43094091254526384,0.43094091254526384,0.43094091254526384
6,S,6,6.0,0.12,True,q3_evidence,PCS raw,pcs_raw,1,S,3.996679855921233,0.5878621150275616,3.4088177408936713,3.4088177408936713,0.8530344712431096,0.037353515625,11.443635829997756,0.43632867083439,0.43632867083439,0.43632867083439,0.43632867083439
6,S,6,6.0,0.16,True,q3_evidence,PCS raw,pcs_raw,1,S,3.9941028013225788,0.6103339185284301,3.383768882794149,3.383768882794149,0.8474165203678925,0.038238525390625,11.236749850776294,0.4331224169976511,0.4331224169976511,0.4331224169976511,0.4331224169976511
6,S,6,6.0,0.2,True,q3_evidence,PCS raw,pcs_raw,1,S,3.990796214317659,0.6184694682509595,3.3723267460666997,3.3723267460666997,0.8453826329372601,0.038848876953125,11.22746694962431,0.43165782349653753,0.43165782349653753,0.43165782349653753,0.43165782349653753
6,S,6,6.0,0.24,True,q3_evidence,PCS raw,pcs_raw,1,S,3.9867651399345525,0.5746366703188299,3.4121284696157224,3.4121284696157224,0.8563408324202925,0.03509521484375,11.319011988987839,0.43675244411081243,0.43675244411081243,0.43675244411081243,0.43675244411081243
6,S,6,6.0,0.28,True,q3_evidence,PCS raw,pcs_raw,1,S,3.982015709386646,0.5823329636029594,3.3996827457836867,3.3996827457836867,0.8544167590992602,0.0361328125,11.201096899641836,0.4351593914603119,0.4351593914603119,0.4351593914603119,0.4351593914603119
6,S,6,6.0,0.32,True,q3_evidence,PCS raw,pcs_raw,1,S,3.976555119443372,0.5891769461276029,3.387378173315769,3.387378173315769,0.8527057634680992,0.037017822265625,11.099059558101459,0.4335844061844184,0.4335844061844184,0.4335844061844184,0.4335844061844184
6,S,6,6.0,0.36,True,q3_evidence,PCS raw,pcs_raw,1,S,3.970391608345835,0.5967463420393727,3.373645266306462,3.373645266306462,0.8508134144901568,0.03570556640625,11.046062674505583,0.4318265940872271,0.4318265940872271,0.4318265940872271,0.4318265940872271
6,S,8,-2.0,0.0,False,q3_evidence,Uniform raw,uniform_raw,1,S,4.0,0.17069884173626268,3.8293011582637373,3.8293011582637373,0.9573252895659343,0.01165771484375,13.928780078523687,0.4901505482577584,0.4901505482577584,0.4901505482577584,0.4901505482577584
6,S,8,-2.0,0.12,True,q3_evidence,PCS raw,pcs_raw,1,S,3.996679855921233,0.18244698155444408,3.814232874366789,3.814232874366789,0.954388254611389,0.01129150390625,13.806407707929827,0.488221807918949,0.488221807918949,0.488221807918949,0.488221807918949
6,S,8,-2.0,0.16,True,q3_evidence,PCS raw,pcs_raw,1,S,3.9941028013225788,0.16763429489366571,3.8264685064289132,3.8264685064289132,0.9580914262765836,0.010467529296875,13.828538637630562,0.4897879688229009,0.4897879688229009,0.4897879688229009,0.4897879688229009
6,S,8,-2.0,0.2,True,q3_evidence,PCS raw,pcs_raw,1,S,3.990796214317659,0.14433116596389134,3.846465048353768,3.846465048353768,0.9639172085090272,0.008880615234375,13.863513214923689,0.4923475261892823,0.4923475261892823,0.4923475261892823,0.4923475261892823
6,S,8,-2.0,0.24,True,q3_evidence,PCS raw,pcs_raw,1,S,3.9867651399345525,0.14534121823715987,3.8414239216973924,3.8414239216973924,0.96366469544071,0.009521484375,13.854279413475643,0.49170226197726624,0.49170226197726624,0.49170226197726624,0.49170226197726624
6,S,8,-2.0,0.28,True,q3_evidence,PCS raw,pcs_raw,1,S,3.982015709386646,0.15712476844329037,3.8248909409433556,3.8248909409433556,0.9607188078891774,0.010406494140625,13.772773873431827,0.4895860404407495,0.4895860404407495,0.4895860404407495,0.4895860404407495
6,S,8,-2.0,0.32,True,q3_evidence,PCS raw,pcs_raw,1,S,3.976555119443372,0.1522772163852419,3.82427790305813,3.82427790305813,0.9619306959036895,0.0098876953125,13.75864917945298,0.4895075715914406,0.4895075715914406,0.4895075715914406,0.4895075715914406
6,S,8,-2.0,0.36,True,q3_evidence,PCS raw,pcs_raw,1,S,3.970391608345835,0.136262779264868,3.8341288290809667,3.8341288290809667,0.965934305183783,0.009307861328125,13.808525334382722,0.4907684901223638,0.4907684901223638,0.4907684901223638,0.4907684901223638
6,S,8,0.0,0.0,False,q3_evidence,Uniform raw,uniform_raw,1,S,4.0,0.20589572808940107,3.794104271910599,3.794104271910599,0.9485260679776497,0.013916015625,13.641028648642529,0.4856453468045566,0.4856453468045566,0.4856453468045566,0.4856453468045566
6,S,8,0.0,0.12,True,q3_evidence,PCS raw,pcs_raw,1,S,3.996679855921233,0.2102201646526435,3.7864596912685893,3.7864596912685893,0.9474449588368391,0.01336669921875,13.547959232608802,0.48466684048237946,0.48466684048237946,0.48466684048237946,0.48466684048237946
6,S,8,0.0,0.16,True,q3_evidence,PCS raw,pcs_raw,1,S,3.9941028013225788,0.18353499213472219,3.8105678091878565,3.8105678091878565,0.9541162519663194,0.012298583984375,13.609341647533665,0.4877526795760457,0.4877526795760457,0.4877526795760457,0.4877526795760457
6,S,8,0.0,0.2,True,q3_evidence,PCS raw,pcs_raw,1,S,3.990796214317659,0.19714624590403,3.793649968413629,3.793649968413629,0.9507134385239925,0.01275634765625,13.587234408464015,0.4855871959569445,0.4855871959569445,0.4855871959569445,0.4855871959569445
6,S,8,0.0,0.24,True,q3_evidence,PCS raw,pcs_raw,1,S,3.9867651399345525,0.17896691478487603,3.8077982251496767,3.8077982251496767,0.955258271303781,0.01123046875,13.580729808451155,0.48739817281915865,0.48739817281915865,0.48739817281915865,0.48739817281915865
6,S,8,0.0,0.28,True,q3_evidence,PCS raw,pcs_raw,1,S,3.982015709386646,0.16816178638842283,3.813853922998223,3.813853922998223,0.9579595534028943,0.0107421875,13.593516494567996,0.4881733021437726,0.4881733021437726,0.4881733021437726,0.4881733021437726
6,S,8,0.0,0.32,True,q3_evidence,PCS raw,pcs_raw,1,S,3.976555119443372,0.17905141887032727,3.7975037005730448,3.7975037005730448,0.9552371452824182,0.011810302734375,13.567860105444234,0.4860804736733497,0.4860804736733497,0.4860804736733497,0.4860804736733497
6,S,8,0.0,0.36,True,q3_evidence,PCS raw,pcs_raw,1,S,3.970391608345835,0.15460399205712985,3.8157876162887048,3.8157876162887048,0.9613490019857175,0.010467529296875,13.642950371810723,0.4884208148849542,0.4884208148849542,0.4884208148849542,0.4884208148849542
6,S,8,2.0,0.0,False,q3_evidence,Uniform raw,uniform_raw,1,S,4.0,0.3103413026635057,3.6896586973364944,3.6896586973364944,0.9224146743341236,0.01922607421875,13.125994532935174,0.47227631325907127,0.47227631325907127,0.47227631325907127,0.47227631325907127
6,S,8,2.0,0.12,True,q3_evidence,PCS raw,pcs_raw,1,S,3.996679855921233,0.2872423497573123,3.7094375061639204,3.7094375061639204,0.9281894125606719,0.01800537109375,13.087906041214325,0.47480800078898183,0.47480800078898183,0.47480800078898183,0.47480800078898183
6,S,8,2.0,0.16,True,q3_evidence,PCS raw,pcs_raw,1,S,3.9941028013225788,0.25235029880259086,3.741752502519988,3.741752502519988,0.9369124252993523,0.015899658203125,13.159311052213774,0.4789443203225584,0.4789443203225584,0.4789443203225584,0.4789443203225584
6,S,8,2.0,0.2,True,q3_evidence,PCS raw,pcs_raw,1,S,3.990796214317659,0.26351930526857353,3.7272769090490856,3.7272769090490856,0.9341201736828566,0.016632080078125,13.051393499442742,0.47709144435828293,0.47709144435828293,0.47709144435828293,0.47709144435828293
6,S,8,2.0,0.24,True,q3_evidence,PCS raw,pcs_raw,1,S,3.9867651399345525,0.25290474813429475,3.733860391800258,3.733860391800258,0.9367738129664264,0.0157470703125,13.026143256984987,0.47793413015043307,0.47793413015043307,0.47793413015043307,0.47793413015043307
6,S,8,2.0,0.28,True,q3_evidence,PCS raw,pcs_raw,1,S,3.982015709386646,0.24175166574035428,3.7402640436462917,3.7402640436462917,0.9395620835649114,0.014892578125,12.970183122851857,0.4787537975867253,0.4787537975867253,0.4787537975867253,0.4787537975867253
6,S,8,2.0,0.32,True,q3_evidence,PCS raw,pcs_raw,1,S,3.976555119443372,0.2364495261767159,3.740105593266656,3.740105593266656,0.940887618455821,0.01495361328125,12.950663458415049,0.47873351593813196,0.47873351593813196,0.47873351593813196,0.47873351593813196
6,S,8,2.0,0.36,True,q3_evidence,PCS raw,pcs_raw,1,S,3.970391608345835,0.23632962642044508,3.7340619819253895,3.7340619819253895,0.9409175933948887,0.01513671875,12.949192037437992,0.47795993368644984,0.47795993368644984,0.47795993368644984,0.47795993368644984
6,S,8,4.0,0.0,False,q3_evidence,Uniform raw,uniform_raw,1,S,4.0,0.5110896541117949,3.488910345888205,3.488910345888205,0.8722275864720512,0.032928466796875,12.038043927863626,0.44658052427369027,0.44658052427369027,0.44658052427369027,0.44658052427369027
6,S,8,4.0,0.12,True,q3_evidence,PCS raw,pcs_raw,1,S,3.996679855921233,0.49639427060739316,3.50028558531384,3.50028558531384,0.8759014323481518,0.0318603515625,11.888129081144879,0.4480365549201715,0.4480365549201715,0.4480365549201715,0.4480365549201715
6,S,8,4.0,0.16,True,q3_evidence,PCS raw,pcs_raw,1,S,3.9941028013225788,0.48136843472082347,3.512734366601755,3.512734366601755,0.8796578913197941,0.0302734375,11.867782535929003,0.44962999892502464,0.44962999892502464,0.44962999892502464,0.44962999892502464
6,S,8,4.0,0.2,True,q3_evidence,PCS raw,pcs_raw,1,S,3.990796214317659,0.49399215309153327,3.496804061226126,3.496804061226126,0.8765019617271167,0.031005859375,11.848354060812149,0.44759091983694416,0.44759091983694416,0.44759091983694416,0.44759091983694416
6,S,8,4.0,0.24,True,q3_evidence,PCS raw,pcs_raw,1,S,3.9867651399345525,0.4923960754728002,3.494369064461752,3.494369064461752,0.8769009811317999,0.029632568359375,11.722531730964029,0.4472792402511043,0.4472792402511043,0.4472792402511043,0.4472792402511043
6,S,8,4.0,0.28,True,q3_evidence,PCS raw,pcs_raw,1,S,3.982015709386646,0.4700520164113231,3.511963692975323,3.511963692975323,0.8824869958971693,0.029296875,11.747309751262804,0.4495313527008414,0.4495313527008414,0.4495313527008414,0.4495313527008414
6,S,8,4.0,0.32,True,q3_evidence,PCS raw,pcs_raw,1,S,3.976555119443372,0.509963167574385,3.466591951868987,3.466591951868987,0.8725092081064038,0.030731201171875,11.57972021428482,0.44372376983923034,0.44372376983923034,0.44372376983923034,0.44372376983923034
6,S,8,4.0,0.36,True,q3_evidence,PCS raw,pcs_raw,1,S,3.970391608345835,0.4768367330644396,3.4935548752813954,3.4935548752813954,0.8807908167338901,0.0289306640625,11.67699247482442,0.4471750240360186,0.4471750240360186,0.4471750240360186,0.4471750240360186
6,S,8,6.0,0.0,False,q3_evidence,Uniform raw,uniform_raw,1,S,4.0,1.0415192968699567,2.9584807031300433,2.9584807031300433,0.7396201757825108,0.069183349609375,9.953618366866163,0.3786855300006456,0.3786855300006456,0.3786855300006456,0.3786855300006456
6,S,8,6.0,0.12,True,q3_evidence,PCS raw,pcs_raw,1,S,3.996679855921233,1.068780175833058,2.927899680088175,2.927899680088175,0.7328049560417356,0.0703125,9.62201849941975,0.37477115905128644,0.37477115905128644,0.37477115905128644,0.37477115905128644
6,S,8,6.0,0.16,True,q3_evidence,PCS raw,pcs_raw,1,S,3.9941028013225788,1.067324304798173,2.9267784965244057,2.9267784965244057,0.7331689238004567,0.067840576171875,9.591351746910359,0.3746276475551239,0.3746276475551239,0.3746276475551239,0.3746276475551239
6,S,8,6.0,0.2,True,q3_evidence,PCS raw,pcs_raw,1,S,3.990796214317659,1.0466917969155367,2.9441044174021225,2.9441044174021225,0.7383270507711158,0.06634521484375,9.57735038160323,0.37684536542747166,0.37684536542747166,0.37684536542747166,0.37684536542747166
6,S,8,6.0,0.24,True,q3_evidence,PCS raw,pcs_raw,1,S,3.9867651399345525,0.9908428133112455,2.9959223266233073,2.9959223266233073,0.7522892966721887,0.06353759765625,9.707218481078604,0.3834780578077833,0.3834780578077833,0.3834780578077833,0.3834780578077833
6,S,8,6.0,0.28,True,q3_evidence,PCS raw,pcs_raw,1,S,3.982015709386646,1.0672079135153982,2.9148077958712477,2.9148077958712477,0.7331980216211504,0.069366455078125,9.40870520687682,0.37309539787151974,0.37309539787151974,0.37309539787151974,0.37309539787151974
6,S,8,6.0,0.32,True,q3_evidence,PCS raw,pcs_raw,1,S,3.976555119443372,1.0502798471811832,2.9262752722621888,2.9262752722621888,0.7374300382047042,0.068084716796875,9.385387630214188,0.37456323484956017,0.37456323484956017,0.37456323484956017,0.37456323484956017
6,S,8,6.0,0.36,True,q3_evidence,PCS raw,pcs_raw,1,S,3.970391608345835,1.0745247518547434,2.895866856491091,2.895866856491091,0.7313688120363141,0.0682373046875,9.281265547994698,0.37067095763085967,0.37067095763085967,0.37067095763085967,0.37067095763085967
6,S,10,-2.0,0.0,False,q3_evidence,Uniform raw,uniform_raw,1,S,4.0,0.22036465636821895,3.779635343631781,3.779635343631781,0.9449088359079453,0.014251708984375,13.637673732808548,0.48379332398486796,0.48379332398486796,0.48379332398486796,0.48379332398486796
6,S,10,-2.0,0.12,True,q3_evidence,PCS raw,pcs_raw,1,S,3.996679855921233,0.19617575452581593,3.800504101395417,3.800504101395417,0.950956061368546,0.012420654296875,13.59577311095278,0.4864645249786134,0.4864645249786134,0.4864645249786134,0.4864645249786134
6,S,10,-2.0,0.16,True,q3_evidence,PCS raw,pcs_raw,1,S,3.9941028013225788,0.19085269900154392,3.803250102321035,3.803250102321035,0.952286825249614,0.011932373046875,13.598748387160544,0.4868160130970925,0.4868160130970925,0.4868160130970925,0.4868160130970925
6,S,10,-2.0,0.2,True,q3_evidence,PCS raw,pcs_raw,1,S,3.990796214317659,0.17971760080916865,3.8110786135084904,3.8110786135084904,0.9550705997977078,0.011322021484375,13.647882196565197,0.48781806252908677,0.48781806252908677,0.48781806252908677,0.48781806252908677
6,S,10,-2.0,0.24,True,q3_evidence,PCS raw,pcs_raw,1,S,3.9867651399345525,0.16649757614572153,3.820267563788831,3.820267563788831,0.9583756059635696,0.010711669921875,13.630332656575458,0.4889942481649704,0.4889942481649704,0.4889942481649704,0.4889942481649704
6,S,10,-2.0,0.28,True,q3_evidence,PCS raw,pcs_raw,1,S,3.982015709386646,0.16824756048433337,3.8137681489023127,3.8137681489023127,0.9579381098789167,0.010528564453125,13.625986274272655,0.48816232305949603,0.48816232305949603,0.48816232305949603,0.48816232305949603
6,S,10,-2.0,0.32,True,q3_evidence,PCS raw,pcs_raw,1,S,3.976555119443372,0.17199703144871967,3.804558087994652,3.804558087994652,0.95700074213782,0.01104736328125,13.564004524595592,0.4869834352633155,0.4869834352633155,0.4869834352633155,0.4869834352633155
6,S,10,-2.0,0.36,True,q3_evidence,PCS raw,pcs_raw,1,S,3.970391608345835,0.15133831297262143,3.8190532953732133,3.8190532953732133,0.9621654217568446,0.009735107421875,13.65119985793616,0.48883882180777133,0.48883882180777133,0.48883882180777133,0.48883882180777133
6,S,10,0.0,0.0,False,q3_evidence,Uniform raw,uniform_raw,1,S,4.0,0.2613899812431505,3.7386100187568494,3.7386100187568494,0.9346525046892123,0.01715087890625,13.292404466176169,0.4785420824008767,0.4785420824008767,0.4785420824008767,0.4785420824008767
6,S,10,0.0,0.12,True,q3_evidence,PCS raw,pcs_raw,1,S,3.996679855921233,0.2501473391491901,3.7465325167720427,3.7465325167720427,0.9374631652127025,0.01593017578125,13.224010508295033,0.47955616214682145,0.47955616214682145,0.47955616214682145,0.47955616214682145
6,S,10,0.0,0.16,True,q3_evidence,PCS raw,pcs_raw,1,S,3.9941028013225788,0.2187116606213531,3.7753911407012257,3.7753911407012257,0.9453220848446617,0.013946533203125,13.317011962071426,0.4832500660097569,0.4832500660097569,0.4832500660097569,0.4832500660097569
6,S,10,0.0,0.2,True,q3_evidence,PCS raw,pcs_raw,1,S,3.990796214317659,0.22759839132265594,3.763197822995003,3.763197822995003,0.943100402169336,0.014129638671875,13.27031856978075,0.4816893213433604,0.4816893213433604,0.4816893213433604,0.4816893213433604
6,S,10,0.0,0.24,True,q3_evidence,PCS raw,pcs_raw,1,S,3.9867651399345525,0.21619953272316564,3.770565607211387,3.770565607211387,0.9459501168192086,0.013763427734375,13.270551608394,0.4826323977230575,0.4826323977230575,0.4826323977230575,0.4826323977230575
6,S,10,0.0,0.28,True,q3_evidence,PCS raw,pcs_raw,1,S,3.982015709386646,0.21083868563018912,3.771177023756457,3.771177023756457,0.9472903285924528,0.013671875,13.251221618983081,0.4827106590408265,0.4827106590408265,0.4827106590408265,0.4827106590408265
6,S,10,0.0,0.32,True,q3_evidence,PCS raw,pcs_raw,1,S,3.976555119443372,0.1991770317432022,3.77737808770017,3.77737808770017,0.9502057420641995,0.012725830078125,13.202637911175128,0.4835043952256218,0.4835043952256218,0.4835043952256218,0.4835043952256218
6,S,10,0.0,0.36,True,q3_evidence,PCS raw,pcs_raw,1,S,3.970391608345835,0.2069340056065248,3.76345760273931,3.76345760273931,0.9482664985983688,0.01312255859375,13.217041382764359,0.48172257315063166,0.48172257315063166,0.48172257315063166,0.48172257315063166
6,S,10,2.0,0.0,False,q3_evidence,Uniform raw,uniform_raw,1,S,4.0,0.4003873238213873,3.5996126761786127,3.5996126761786127,0.8999031690446532,0.025848388671875,12.527483855452283,0.4607504225508624,0.4607504225508624,0.4607504225508624,0.4607504225508624
6,S,10,2.0,0.12,True,q3_evidence,PCS raw,pcs_raw,1,S,3.996679855921233,0.3789302364931455,3.6177496194280874,3.6177496194280874,0.9052674408767136,0.023193359375,12.421558905602925,0.4630719512867952,0.4630719512867952,0.4630719512867952,0.4630719512867952
6,S,10,2.0,0.16,True,q3_evidence,PCS raw,pcs_raw,1,S,3.9941028013225788,0.3858582559536234,3.6082445453689553,3.6082445453689553,0.9035354360115941,0.024658203125,12.397702317403274,0.4618553018072263,0.4618553018072263,0.4618553018072263,0.4618553018072263
6,S,10,2.0,0.2,True,q3_evidence,PCS raw,pcs_raw,1,S,3.990796214317659,0.37316010133644095,3.6176361129812182,3.6176361129812182,0.9067099746658898,0.024688720703125,12.375778121149443,0.4630574224615959,0.4630574224615959,0.4630574224615959,0.4630574224615959
6,S,10,2.0,0.24,True,q3_evidence,PCS raw,pcs_raw,1,S,3.9867651399345525,0.36306068091916427,3.6237044590153884,3.6237044590153884,0.909234829770209,0.02252197265625,12.413344554517218,0.4638341707539697,0.4638341707539697,0.4638341707539697,0.4638341707539697
6,S,10,2.0,0.28,True,q3_evidence,PCS raw,pcs_raw,1,S,3.982015709386646,0.36551003838569995,3.616505671000946,3.616505671000946,0.908622490403575,0.022796630859375,12.29885255316129,0.4629127258881211,0.4629127258881211,0.4629127258881211,0.4629127258881211
6,S,10,2.0,0.32,True,q3_evidence,PCS raw,pcs_raw,1,S,3.976555119443372,0.37025843118313473,3.606296688260237,3.606296688260237,0.9074353922042163,0.023193359375,12.196438438634159,0.46160597609731036,0.46160597609731036,0.46160597609731036,0.46160597609731036
6,S,10,2.0,0.36,True,q3_evidence,PCS raw,pcs_raw,1,S,3.970391608345835,0.3827745157518409,3.587617092593994,3.587617092593994,0.9043063710620398,0.023956298828125,12.163123325988277,0.45921498785203124,0.45921498785203124,0.45921498785203124,0.45921498785203124
6,S,10,4.0,0.0,False,q3_evidence,Uniform raw,uniform_raw,1,S,4.0,0.7791871870575606,3.220812812942439,3.220812812942439,0.8052032032356098,0.04998779296875,10.900681366185951,0.4122640400566322,0.4122640400566322,0.4122640400566322,0.4122640400566322
6,S,10,4.0,0.12,True,q3_evidence,PCS raw,pcs_raw,1,S,3.996679855921233,0.8069261832065103,3.1897536727147227,3.1897536727147227,0.7982684541983724,0.050323486328125,10.55361528707573,0.4082884701074845,0.4082884701074845,0.4082884701074845,0.4082884701074845
6,S,10,4.0,0.16,True,q3_evidence,PCS raw,pcs_raw,1,S,3.9941028013225788,0.8070186477156145,3.187084153606964,3.187084153606964,0.7982453380710963,0.049896240234375,10.567607325151338,0.4079467716616914,0.4079467716616914,0.4079467716616914,0.4079467716616914
6,S,10,4.0,0.2,True,q3_evidence,PCS raw,pcs_raw,1,S,3.990796214317659,0.7688278168850611,3.2219683974325983,3.2219683974325983,0.8077930457787348,0.048370361328125,10.658605977649058,0.41241195487137255,0.41241195487137255,0.41241195487137255,0.41241195487137255
6,S,10,4.0,0.24,True,q3_evidence,PCS raw,pcs_raw,1,S,3.9867651399345525,0.74776462673029,3.2390005132042625,3.2390005132042625,0.8130588433174275,0.04473876953125,10.59666470177545,0.4145920656901456,0.4145920656901456,0.4145920656901456,0.4145920656901456
6,S,10,4.0,0.28,True,q3_evidence,PCS raw,pcs_raw,1,S,3.982015709386646,0.7754661270377023,3.2065495823489436,3.2065495823489436,0.8061334682405744,0.047821044921875,10.494734911410848,0.4104383465406648,0.4104383465406648,0.4104383465406648,0.4104383465406648
6,S,10,4.0,0.32,True,q3_evidence,PCS raw,pcs_raw,1,S,3.976555119443372,0.7861126912857577,3.1904424281576143,3.1904424281576143,0.8034718271785606,0.048828125,10.303479091418877,0.40837663080417463,0.40837663080417463,0.40837663080417463,0.40837663080417463
6,S,10,4.0,0.36,True,q3_evidence,PCS raw,pcs_raw,1,S,3.970391608345835,0.7891509231317857,3.181240685214049,3.181240685214049,0.8027122692170535,0.0491943359375,10.39154511710821,0.40719880770739825,0.40719880770739825,0.40719880770739825,0.40719880770739825
6,S,10,6.0,0.0,False,q3_evidence,Uniform raw,uniform_raw,1,S,4.0,1.5369642140032123,2.4630357859967877,2.4630357859967877,0.6157589464991969,0.108734130859375,8.150381744839834,0.31526858060758883,0.31526858060758883,0.31526858060758883,0.31526858060758883
6,S,10,6.0,0.12,True,q3_evidence,PCS raw,pcs_raw,1,S,3.996679855921233,1.5901437394639588,2.406536116457274,2.406536116457274,0.6024640651340103,0.110687255859375,7.70607071478087,0.30803662290653105,0.30803662290653105,0.30803662290653105,0.30803662290653105
6,S,10,6.0,0.16,True,q3_evidence,PCS raw,pcs_raw,1,S,3.9941028013225788,1.597252441909995,2.396850359412584,2.396850359412584,0.6006868895225013,0.108978271484375,7.719319966388677,0.3067968460048107,0.3067968460048107,0.3067968460048107,0.3067968460048107
6,S,10,6.0,0.2,True,q3_evidence,PCS raw,pcs_raw,1,S,3.990796214317659,1.5410979584240723,2.449698255893587,2.449698255893587,0.6147255103939819,0.10369873046875,7.845395438972709,0.3135613767543792,0.3135613767543792,0.3135613767543792,0.3135613767543792
6,S,10,6.0,0.24,True,q3_evidence,PCS raw,pcs_raw,1,S,3.9867651399345525,1.5760636355275792,2.4107015044069735,2.4107015044069735,0.6059840911181053,0.107269287109375,7.71287103598838,0.3085697925640926,0.3085697925640926,0.3085697925640926,0.3085697925640926
6,S,10,6.0,0.28,True,q3_evidence,PCS raw,pcs_raw,1,S,3.982015709386646,1.5948959271295395,2.3871197822571064,2.3871197822571064,0.6012760182176151,0.109100341796875,7.585066209726805,0.3055513321289096,0.3055513321289096,0.3055513321289096,0.3055513321289096
6,S,10,6.0,0.32,True,q3_evidence,PCS raw,pcs_raw,1,S,3.976555119443372,1.5758314298800986,2.4007236895632733,2.4007236895632733,0.6060421425299753,0.10516357421875,7.518931897664842,0.307292632264099,0.307292632264099,0.307292632264099,0.307292632264099
6,S,10,6.0,0.36,True,q3_evidence,PCS raw,pcs_raw,1,S,3.970391608345835,1.5714830420410413,2.3989085663047938,2.3989085663047938,0.6071292394897397,0.105438232421875,7.588567844254873,0.3070602964870136,0.3070602964870136,0.3070602964870136,0.3070602964870136
6,S,12,-2.0,0.0,False,q3_evidence,Uniform raw,uniform_raw,1,S,4.0,0.23870661053968456,3.7612933894603153,3.7612933894603153,0.9403233473650788,0.016448974609375,13.415367058580223,0.48144555385092036,0.48144555385092036,0.48144555385092036,0.48144555385092036
6,S,12,-2.0,0.12,True,q3_evidence,PCS raw,pcs_raw,1,S,3.996679855921233,0.23600389428349194,3.760675961637741,3.760675961637741,0.940999026429127,0.015625,13.449095651990522,0.48136652308963085,0.48136652308963085,0.48136652308963085,0.48136652308963085
6,S,12,-2.0,0.16,True,q3_evidence,PCS raw,pcs_raw,1,S,3.9941028013225788,0.2035138857155793,3.7905889156069996,3.7905889156069996,0.9491215285711052,0.012725830078125,13.465164666925688,0.4851953811976959,0.4851953811976959,0.4851953811976959,0.4851953811976959
6,S,12,-2.0,0.2,True,q3_evidence,PCS raw,pcs_raw,1,S,3.990796214317659,0.1941830670845813,3.796613147233078,3.796613147233078,0.9514542332288547,0.012481689453125,13.505441599893228,0.485966482845834,0.485966482845834,0.485966482845834,0.485966482845834
6,S,12,-2.0,0.24,True,q3_evidence,PCS raw,pcs_raw,1,S,3.9867651399345525,0.2007007568514499,3.7860643830831027,3.7860643830831027,0.9498248107871375,0.013275146484375,13.3641426878879,0.48461624103463713,0.48461624103463713,0.48461624103463713,0.48461624103463713
6,S,12,-2.0,0.28,True,q3_evidence,PCS raw,pcs_raw,1,S,3.982015709386646,0.20566262795208431,3.7763530814345616,3.7763530814345616,0.9485843430119789,0.013458251953125,13.370846287860342,0.4833731944236239,0.4833731944236239,0.4833731944236239,0.4833731944236239
6,S,12,-2.0,0.32,True,q3_evidence,PCS raw,pcs_raw,1,S,3.976555119443372,0.18571860998412176,3.79083650945925,3.79083650945925,0.9535703475039695,0.012298583984375,13.44550134862747,0.485227073210784,0.485227073210784,0.485227073210784,0.485227073210784
6,S,12,-2.0,0.36,True,q3_evidence,PCS raw,pcs_raw,1,S,3.970391608345835,0.18494015116165494,3.78545145718418,3.78545145718418,0.9537649622095863,0.011749267578125,13.466419615861838,0.484537786519575,0.484537786519575,0.484537786519575,0.484537786519575
6,S,12,0.0,0.0,False,q3_evidence,Uniform raw,uniform_raw,1,S,4.0,0.30570378905896367,3.694296210941036,3.694296210941036,0.923574052735259,0.019989013671875,13.033934410696311,0.4728699150004526,0.4728699150004526,0.4728699150004526,0.4728699150004526
6,S,12,0.0,0.12,True,q3_evidence,PCS raw,pcs_raw,1,S,3.996679855921233,0.2853731391991942,3.7113067167220386,3.7113067167220386,0.9286567152002014,0.018463134765625,12.96148725568505,0.47504725974042095,0.47504725974042095,0.47504725974042095,0.47504725974042095
6,S,12,0.0,0.16,True,q3_evidence,PCS raw,pcs_raw,1,S,3.9941028013225788,0.2966965244396972,3.6974062768828815,3.6974062768828815,0.9258258688900757,0.0185546875,12.94563847170663,0.47326800344100883,0.47326800344100883,0.47326800344100883,0.47326800344100883
6,S,12,0.0,0.2,True,q3_evidence,PCS raw,pcs_raw,1,S,3.990796214317659,0.29439761101723905,3.69639860330042,3.69639860330042,0.9264005972456902,0.018646240234375,12.888532826244086,0.47313902122245377,0.47313902122245377,0.47313902122245377,0.47313902122245377
6,S,12,0.0,0.24,True,q3_evidence,PCS raw,pcs_raw,1,S,3.9867651399345525,0.2756039722035146,3.7111611677310377,3.7111611677310377,0.9310990069491213,0.017242431640625,12.838314909510144,0.4750286294695728,0.4750286294695728,0.4750286294695728,0.4750286294695728
6,S,12,0.0,0.28,True,q3_evidence,PCS raw,pcs_raw,1,S,3.982015709386646,0.2809096777330359,3.70110603165361,3.70110603165361,0.9297725805667411,0.017791748046875,12.847028710071536,0.4737415720516621,0.4737415720516621,0.4737415720516621,0.4737415720516621
6,S,12,0.0,0.32,True,q3_evidence,PCS raw,pcs_raw,1,S,3.976555119443372,0.2532580143601628,3.7232971050832093,3.7232971050832093,0.9366854964099594,0.015625,12.93835696157628,0.4765820294506508,0.4765820294506508,0.4765820294506508,0.4765820294506508
6,S,12,0.0,0.36,True,q3_evidence,PCS raw,pcs_raw,1,S,3.970391608345835,0.2710678507237885,3.6993237576220466,3.6993237576220466,0.9322330373190529,0.016632080078125,12.795857058208973,0.4735134409756219,0.4735134409756219,0.4735134409756219,0.4735134409756219
6,S,12,2.0,0.0,False,q3_evidence,Uniform raw,uniform_raw,1,S,4.0,0.5878019046667942,3.412198095333206,3.412198095333206,0.8530495238333015,0.03717041015625,11.7371535253175,0.43676135620265033,0.43676135620265033,0.43676135620265033,0.43676135620265033
6,S,12,2.0,0.12,True,q3_evidence,PCS raw,pcs_raw,1,S,3.996679855921233,0.500437866753261,3.496241989167972,3.496241989167972,0.8748905333116848,0.030426025390625,11.874721741609706,0.44751897461350043,0.44751897461350043,0.44751897461350043,0.44751897461350043
6,S,12,2.0,0.16,True,q3_evidence,PCS raw,pcs_raw,1,S,3.9941028013225788,0.5352748179080615,3.4588279834145172,3.4588279834145172,0.8661812955229846,0.032257080078125,11.685836745504755,0.44272998187705825,0.44272998187705825,0.44272998187705825,0.44272998187705825
6,S,12,2.0,0.2,True,q3_evidence,PCS raw,pcs_raw,1,S,3.990796214317659,0.527548237388756,3.463247976928903,3.463247976928903,0.868112940652811,0.0323486328125,11.721344172530275,0.4432957410468996,0.4432957410468996,0.4432957410468996,0.4432957410468996
6,S,12,2.0,0.24,True,q3_evidence,PCS raw,pcs_raw,1,S,3.9867651399345525,0.49481301614462403,3.4919521237899285,3.4919521237899285,0.876296745963844,0.02960205078125,11.695335955927334,0.44696987184511083,0.44696987184511083,0.44696987184511083,0.44696987184511083
6,S,12,2.0,0.28,True,q3_evidence,PCS raw,pcs_raw,1,S,3.982015709386646,0.5246057130167692,3.4574099963698766,3.4574099963698766,0.8688485717458077,0.031951904296875,11.543871212485662,0.44254847953534415,0.44254847953534415,0.44254847953534415,0.44254847953534415
6,S,12,2.0,0.32,True,q3_evidence,PCS raw,pcs_raw,1,S,3.976555119443372,0.49420457738564,3.482350542057732,3.482350542057732,0.87644885565359,0.030242919921875,11.55195274726868,0.4457408693833897,0.4457408693833897,0.4457408693833897,0.4457408693833897
6,S,12,2.0,0.36,True,q3_evidence,PCS raw,pcs_raw,1,S,3.970391608345835,0.5104543015541498,3.459937306791685,3.459937306791685,0.8723864246114625,0.030670166015625,11.558547467230236,0.4428719752693357,0.4428719752693357,0.4428719752693357,0.4428719752693357
6,S,12,4.0,0.0,False,q3_evidence,Uniform raw,uniform_raw,1,S,4.0,1.133276162516146,2.866723837483854,2.866723837483854,0.7166809593709635,0.07440185546875,9.563264280451067,0.36694065119793334,0.36694065119793334,0.36694065119793334,0.36694065119793334
6,S,12,4.0,0.12,True,q3_evidence,PCS raw,pcs_raw,1,S,3.996679855921233,1.1007980851582593,2.8958817707629736,2.8958817707629736,0.7248004787104352,0.07177734375,9.45590607403209,0.37067286665766064,0.37067286665766064,0.37067286665766064,0.37067286665766064
6,S,12,4.0,0.16,True,q3_evidence,PCS raw,pcs_raw,1,S,3.9941028013225788,1.1416595223912949,2.852443278931284,2.852443278931284,0.7145851194021763,0.07159423828125,9.315070539519676,0.36511273970320435,0.36511273970320435,0.36511273970320435,0.36511273970320435
6,S,12,4.0,0.2,True,q3_evidence,PCS raw,pcs_raw,1,S,3.990796214317659,1.1067496618502422,2.8840465524674173,2.8840465524674173,0.7233125845374395,0.06988525390625,9.308141732830427,0.3691579587158294,0.3691579587158294,0.3691579587158294,0.3691579587158294
6,S,12,4.0,0.24,True,q3_evidence,PCS raw,pcs_raw,1,S,3.9867651399345525,1.1057343858258692,2.881030754108683,2.881030754108683,0.7235664035435326,0.07122802734375,9.306344336241224,0.36877193652591145,0.36877193652591145,0.36877193652591145,0.36877193652591145
6,S,12,4.0,0.28,True,q3_evidence,PCS raw,pcs_raw,1,S,3.982015709386646,1.148811039005417,2.833204670381229,2.833204670381229,0.7127972402486458,0.072174072265625,9.035074230294674,0.3626501978087973,0.3626501978087973,0.3626501978087973,0.3626501978087973
6,S,12,4.0,0.32,True,q3_evidence,PCS raw,pcs_raw,1,S,3.976555119443372,1.1230709053154158,2.853484214127956,2.853484214127956,0.7192322736711461,0.06890869140625,9.131133901442345,0.36524597940837844,0.36524597940837844,0.36524597940837844,0.36524597940837844
6,S,12,4.0,0.36,True,q3_evidence,PCS raw,pcs_raw,1,S,3.970391608345835,1.1223535143113383,2.8480380940344965,2.8480380940344965,0.7194116214221654,0.0701904296875,9.064705692054448,0.3645488760364155,0.3645488760364155,0.3645488760364155,0.3645488760364155
6,S,12,6.0,0.0,False,q3_evidence,Uniform raw,uniform_raw,1,S,4.0,2.094202631212598,1.9057973687874021,1.9057973687874021,0.47644934219685053,0.15997314453125,6.194811938315557,0.24394206320478748,0.24394206320478748,0.24394206320478748,0.24394206320478748
6,S,12,6.0,0.12,True,q3_evidence,PCS raw,pcs_raw,1,S,3.996679855921233,2.1410748677456577,1.8556049881755752,1.8556049881755752,0.4647312830635856,0.1580810546875,5.8779342762219144,0.23751743848647364,0.23751743848647364,0.23751743848647364,0.23751743848647364
6,S,12,6.0,0.16,True,q3_evidence,PCS raw,pcs_raw,1,S,3.9941028013225788,2.1443997865560744,1.8497030147665043,1.8497030147665043,0.4639000533609814,0.15863037109375,5.860146683972855,0.23676198589011255,0.23676198589011255,0.23676198589011255,0.23676198589011255
6,S,12,6.0,0.2,True,q3_evidence,PCS raw,pcs_raw,1,S,3.990796214317659,2.077957049612026,1.912839164705633,1.912839164705633,0.4805107375969935,0.15411376953125,6.025068221671801,0.24484341308232105,0.24484341308232105,0.24484341308232105,0.24484341308232105
6,S,12,6.0,0.24,True,q3_evidence,PCS raw,pcs_raw,1,S,3.9867651399345525,2.185355387239297,1.8014097526952555,1.8014097526952555,0.45366115319017575,0.15985107421875,5.70748270260847,0.2305804483449927,0.2305804483449927,0.2305804483449927,0.2305804483449927
6,S,12,6.0,0.28,True,q3_evidence,PCS raw,pcs_raw,1,S,3.982015709386646,2.1611269573325007,1.8208887520541452,1.8208887520541452,0.4597182606668748,0.158477783203125,5.659567500214332,0.2330737602629306,0.2330737602629306,0.2330737602629306,0.2330737602629306
6,S,12,6.0,0.32,True,q3_evidence,PCS raw,pcs_raw,1,S,3.976555119443372,2.232525837990092,1.74402928145328,1.74402928145328,0.44186854050247704,0.16326904296875,5.4630921065789195,0.22323574802601984,0.22323574802601984,0.22323574802601984,0.22323574802601984
6,S,12,6.0,0.36,True,q3_evidence,PCS raw,pcs_raw,1,S,3.970391608345835,2.2223031829503404,1.7480884253954945,1.7480884253954945,0.4444242042624149,0.16156005859375,5.400280020748964,0.2237553184506233,0.2237553184506233,0.2237553184506233,0.2237553184506233
7,C,6,-2.0,0.0,False,q3_evidence,Uniform raw,uniform_raw,1,C,4.0,0.10317657347513015,3.89682342652487,3.89682342652487,0.9742058566312175,0.006988525390625,14.826735673130425,0.49879339859518335,0.49879339859518335,0.49879339859518335,0.49879339859518335
7,C,6,-2.0,0.12,True,q3_evidence,PCS raw,pcs_raw,1,C,3.996679855921233,0.09564258578238455,3.9010372701388483,3.9010372701388483,0.9760893535544038,0.00592041015625,14.769533799277681,0.4993327705777726,0.4993327705777726,0.4993327705777726,0.4993327705777726
7,C,6,-2.0,0.16,True,q3_evidence,PCS raw,pcs_raw,1,C,3.9941028013225788,0.07090372137317139,3.9231990799494074,3.9231990799494074,0.9822740696567072,0.00421142578125,14.851392393621119,0.5021694822335242,0.5021694822335242,0.5021694822335242,0.5021694822335242
7,C,6,-2.0,0.2,True,q3_evidence,PCS raw,pcs_raw,1,C,3.990796214317659,0.08404412654478251,3.9067520877728765,3.9067520877728765,0.9789889683638043,0.005279541015625,14.785613098714965,0.5000642672349283,0.5000642672349283,0.5000642672349283,0.5000642672349283
7,C,6,-2.0,0.24,True,q3_evidence,PCS raw,pcs_raw,1,C,3.9867651399345525,0.07309819990742161,3.913666940027131,3.913666940027131,0.9817254500231446,0.004425048828125,14.804122553561028,0.5009493683234728,0.5009493683234728,0.5009493683234728,0.5009493683234728
7,C,6,-2.0,0.28,True,q3_evidence,PCS raw,pcs_raw,1,C,3.982015709386646,0.07730173846507037,3.9047139709215757,3.9047139709215757,0.9806745653837324,0.00506591796875,14.83538949621086,0.49980338827796167,0.49980338827796167,0.49980338827796167,0.49980338827796167
7,C,6,-2.0,0.32,True,q3_evidence,PCS raw,pcs_raw,1,C,3.976555119443372,0.06937541080149383,3.9071797086418782,3.9071797086418782,0.9826561472996266,0.00439453125,14.753650083883825,0.5001190027061604,0.5001190027061604,0.5001190027061604,0.5001190027061604
7,C,6,-2.0,0.36,True,q3_evidence,PCS raw,pcs_raw,1,C,3.970391608345835,0.07364894609025441,3.8967426622555803,3.8967426622555803,0.9815877634774364,0.004913330078125,14.719906034152455,0.4987830607687143,0.4987830607687143,0.4987830607687143,0.4987830607687143
7,C,6,0.0,0.0,False,q3_evidence,Uniform raw,uniform_raw,1,C,4.0,0.12149397423208863,3.878506025767911,3.878506025767911,0.9696265064419778,0.007720947265625,14.630622255530916,0.4964487712982926,0.4964487712982926,0.4964487712982926,0.4964487712982926
7,C,6,0.0,0.12,True,q3_evidence,PCS raw,pcs_raw,1,C,3.996679855921233,0.09118815180022566,3.9054917041210073,3.9054917041210073,0.9772029620499436,0.005767822265625,14.612705508189947,0.4999029381274889,0.4999029381274889,0.4999029381274889,0.4999029381274889
7,C,6,0.0,0.16,True,q3_evidence,PCS raw,pcs_raw,1,C,3.9941028013225788,0.10328048028931706,3.8908223210332618,3.8908223210332618,0.9741798799276707,0.00677490234375,14.564058638729875,0.49802525709225753,0.49802525709225753,0.49802525709225753,0.49802525709225753
7,C,6,0.0,0.2,True,q3_evidence,PCS raw,pcs_raw,1,C,3.990796214317659,0.07446877739974105,3.916327436917918,3.916327436917918,0.9813828056500647,0.004425048828125,14.680295286454596,0.5012899119254935,0.5012899119254935,0.5012899119254935,0.5012899119254935
7,C,6,0.0,0.24,True,q3_evidence,PCS raw,pcs_raw,1,C,3.9867651399345525,0.08810285129584466,3.898662288638708,3.898662288638708,0.9779742871760388,0.005401611328125,14.622698822370532,0.49902877294575465,0.49902877294575465,0.49902877294575465,0.49902877294575465
7,C,6,0.0,0.28,True,q3_evidence,PCS raw,pcs_raw,1,C,3.982015709386646,0.09969295362587616,3.88232275576077,3.88232275576077,0.975076761593531,0.0062255859375,14.485907878954091,0.49693731273737857,0.49693731273737857,0.49693731273737857,0.49693731273737857
7,C,6,0.0,0.32,True,q3_evidence,PCS raw,pcs_raw,1,C,3.976555119443372,0.07855627744630463,3.8979988419970675,3.8979988419970675,0.9803609306384239,0.004730224609375,14.629203801097578,0.4989438517756246,0.4989438517756246,0.4989438517756246,0.4989438517756246
7,C,6,0.0,0.36,True,q3_evidence,PCS raw,pcs_raw,1,C,3.970391608345835,0.0816075036013793,3.8887841047444556,3.8887841047444556,0.9795981240996552,0.005126953125,14.644840796034412,0.4977643654072903,0.4977643654072903,0.4977643654072903,0.4977643654072903
7,C,6,2.0,0.0,False,q3_evidence,Uniform raw,uniform_raw,1,C,4.0,0.13154899213606802,3.868451007863932,3.868451007863932,0.967112751965983,0.0084228515625,14.350023485265151,0.49516172900658334,0.49516172900658334,0.49516172900658334,0.49516172900658334
7,C,6,2.0,0.12,True,q3_evidence,PCS raw,pcs_raw,1,C,3.996679855921233,0.13077158860855942,3.8659082673126735,3.8659082673126735,0.9673071028478601,0.008056640625,14.252232065975885,0.49483625821602223,0.49483625821602223,0.49483625821602223,0.49483625821602223
7,C,6,2.0,0.16,True,q3_evidence,PCS raw,pcs_raw,1,C,3.9941028013225788,0.13062509449941984,3.8634777068231587,3.8634777068231587,0.967343726375145,0.0079345703125,14.24859579119759,0.4945251464733643,0.4945251464733643,0.4945251464733643,0.4945251464733643
7,C,6,2.0,0.2,True,q3_evidence,PCS raw,pcs_raw,1,C,3.990796214317659,0.11873647057948891,3.8720597437381703,3.8720597437381703,0.9703158823551278,0.0076904296875,14.230760391514778,0.4956236471984858,0.4956236471984858,0.4956236471984858,0.4956236471984858
7,C,6,2.0,0.24,True,q3_evidence,PCS raw,pcs_raw,1,C,3.9867651399345525,0.11768403903980373,3.869081100894749,3.869081100894749,0.9705789902400491,0.007354736328125,14.26262888513292,0.4952423809145279,0.4952423809145279,0.4952423809145279,0.4952423809145279
7,C,6,2.0,0.28,True,q3_evidence,PCS raw,pcs_raw,1,C,3.982015709386646,0.11462407291081683,3.867391636475829,3.867391636475829,0.9713439817722958,0.006927490234375,14.22506895154784,0.4950261294689061,0.4950261294689061,0.4950261294689061,0.4950261294689061
7,C,6,2.0,0.32,True,q3_evidence,PCS raw,pcs_raw,1,C,3.976555119443372,0.10731950786655414,3.869235611576818,3.869235611576818,0.9731701230333615,0.006378173828125,14.190397167323802,0.4952621582818327,0.4952621582818327,0.4952621582818327,0.4952621582818327
7,C,6,2.0,0.36,True,q3_evidence,PCS raw,pcs_raw,1,C,3.970391608345835,0.10731705641674838,3.8630745519290866,3.8630745519290866,0.9731707358958129,0.0069580078125,14.164212812410229,0.4944735426469231,0.4944735426469231,0.4944735426469231,0.4944735426469231
7,C,6,4.0,0.0,False,q3_evidence,Uniform raw,uniform_raw,1,C,4.0,0.2517216532863875,3.7482783467136125,3.7482783467136125,0.9370695866784031,0.015380859375,13.46861949764654,0.4797796283793424,0.4797796283793424,0.4797796283793424,0.4797796283793424
7,C,6,4.0,0.12,True,q3_evidence,PCS raw,pcs_raw,1,C,3.996679855921233,0.23912092983905348,3.7575589260821793,3.7575589260821793,0.9402197675402366,0.015045166015625,13.370252081317965,0.480967542538519,0.480967542538519,0.480967542538519,0.480967542538519
7,C,6,4.0,0.16,True,q3_evidence,PCS raw,pcs_raw,1,C,3.9941028013225788,0.23121287566211768,3.762889925660461,3.762889925660461,0.9421967810844706,0.01422119140625,13.32161000653391,0.481649910484539,0.481649910484539,0.481649910484539,0.481649910484539
7,C,6,4.0,0.2,True,q3_evidence,PCS raw,pcs_raw,1,C,3.990796214317659,0.23184481349483307,3.758951400822826,3.758951400822826,0.9420387966262918,0.0133056640625,13.364475689192332,0.48114577930532176,0.48114577930532176,0.48114577930532176,0.48114577930532176
7,C,6,4.0,0.24,True,q3_evidence,PCS raw,pcs_raw,1,C,3.9867651399345525,0.20399332367203366,3.782771816262519,3.782771816262519,0.9490016690819916,0.012451171875,13.368247768809836,0.4841947924816024,0.4841947924816024,0.4841947924816024,0.4841947924816024
7,C,6,4.0,0.28,True,q3_evidence,PCS raw,pcs_raw,1,C,3.982015709386646,0.23040853124036423,3.7516071781462816,3.7516071781462816,0.9423978671899089,0.0135498046875,13.30506005253902,0.48020571880272406,0.48020571880272406,0.48020571880272406,0.48020571880272406
7,C,6,4.0,0.32,True,q3_evidence,PCS raw,pcs_raw,1,C,3.976555119443372,0.22986464207277918,3.746690477370593,3.746690477370593,0.9425338394818052,0.013641357421875,13.17392009071883,0.4795763811034359,0.4795763811034359,0.4795763811034359,0.4795763811034359
7,C,6,4.0,0.36,True,q3_evidence,PCS raw,pcs_raw,1,C,3.970391608345835,0.22196754087913642,3.7484240674666984,3.7484240674666984,0.9445081147802159,0.013092041015625,13.198813623594996,0.47979828063573743,0.47979828063573743,0.47979828063573743,0.47979828063573743
7,C,6,6.0,0.0,False,q3_evidence,Uniform raw,uniform_raw,1,C,4.0,0.5809992193485196,3.4190007806514804,3.4190007806514804,0.8547501951628701,0.0343017578125,11.759937101818261,0.4376320999233895,0.4376320999233895,0.4376320999233895,0.4376320999233895
7,C,6,6.0,0.12,True,q3_evidence,PCS raw,pcs_raw,1,C,3.996679855921233,0.5869766534288947,3.409703202492338,3.409703202492338,0.8532558366427763,0.034515380859375,11.52246841977351,0.4364420099190192,0.4364420099190192,0.4364420099190192,0.4364420099190192
7,C,6,6.0,0.16,True,q3_evidence,PCS raw,pcs_raw,1,C,3.9941028013225788,0.5853993113219003,3.4087034900006783,3.4087034900006783,0.8536501721695249,0.034423828125,11.570933769032713,0.4363140467200868,0.4363140467200868,0.4363140467200868,0.4363140467200868
7,C,6,6.0,0.2,True,q3_evidence,PCS raw,pcs_raw,1,C,3.990796214317659,0.5529774976785417,3.4378187166391174,3.4378187166391174,0.8617556255803646,0.033905029296875,11.567984621691776,0.44004079572980703,0.44004079572980703,0.44004079572980703,0.44004079572980703
7,C,6,6.0,0.24,True,q3_evidence,PCS raw,pcs_raw,1,C,3.9867651399345525,0.5909532329772165,3.395811906957336,3.395811906957336,0.8522616917556959,0.035400390625,11.337780093476798,0.434663924090539,0.434663924090539,0.434663924090539,0.434663924090539
7,C,6,6.0,0.28,True,q3_evidence,PCS raw,pcs_raw,1,C,3.982015709386646,0.5433535046011858,3.43866220478546,3.43866220478546,0.8641616238497035,0.032379150390625,11.491018616287725,0.4401487622125389,0.4401487622125389,0.4401487622125389,0.4401487622125389
7,C,6,6.0,0.32,True,q3_evidence,PCS raw,pcs_raw,1,C,3.976555119443372,0.5604531931753665,3.4161019262680057,3.4161019262680057,0.8598867017061584,0.0340576171875,11.342887334926326,0.43726104656230474,0.43726104656230474,0.43726104656230474,0.43726104656230474
7,C,6,6.0,0.36,True,q3_evidence,PCS raw,pcs_raw,1,C,3.970391608345835,0.5544910984823247,3.4159005098635102,3.4159005098635102,0.8613772253794189,0.03192138671875,11.312115038937199,0.4372352652625293,0.4372352652625293,0.4372352652625293,0.4372352652625293
7,C,8,-2.0,0.0,False,q3_evidence,Uniform raw,uniform_raw,1,C,4.0,0.11645756208279179,3.883542437917208,3.883542437917208,0.970885609479302,0.007476806640625,14.606981632154554,0.4970934320534027,0.4970934320534027,0.4970934320534027,0.4970934320534027
7,C,8,-2.0,0.12,True,q3_evidence,PCS raw,pcs_raw,1,C,3.996679855921233,0.10248504075992626,3.8941948151613066,3.8941948151613066,0.9743787398100184,0.006439208984375,14.550392677829787,0.4984569363406472,0.4984569363406472,0.4984569363406472,0.4984569363406472
7,C,8,-2.0,0.16,True,q3_evidence,PCS raw,pcs_raw,1,C,3.9941028013225788,0.09317534069151688,3.900927460631062,3.900927460631062,0.9767061648271208,0.006256103515625,14.617176557165843,0.49931871496077596,0.49931871496077596,0.49931871496077596,0.49931871496077596
7,C,8,-2.0,0.2,True,q3_evidence,PCS raw,pcs_raw,1,C,3.990796214317659,0.08591110503078361,3.9048851092868757,3.9048851092868757,0.9785222237423041,0.005340576171875,14.608484563975189,0.4998252939887201,0.4998252939887201,0.4998252939887201,0.4998252939887201
7,C,8,-2.0,0.24,True,q3_evidence,PCS raw,pcs_raw,1,C,3.9867651399345525,0.08267388415293553,3.904091255781617,3.904091255781617,0.9793315289617661,0.00506591796875,14.612043131965946,0.49972368074004697,0.49972368074004697,0.49972368074004697,0.49972368074004697
7,C,8,-2.0,0.28,True,q3_evidence,PCS raw,pcs_raw,1,C,3.982015709386646,0.07531895003759223,3.9066967593490536,3.9066967593490536,0.9811702624906019,0.00506591796875,14.644902802392604,0.5000571851966789,0.5000571851966789,0.5000571851966789,0.5000571851966789
7,C,8,-2.0,0.32,True,q3_evidence,PCS raw,pcs_raw,1,C,3.976555119443372,0.08446324358424596,3.892091875859126,3.892091875859126,0.9788841891039385,0.005706787109375,14.613476247554104,0.4981877601099681,0.4981877601099681,0.4981877601099681,0.4981877601099681
7,C,8,-2.0,0.36,True,q3_evidence,PCS raw,pcs_raw,1,C,3.970391608345835,0.07548536047278188,3.894906247873053,3.894906247873053,0.9811286598818045,0.004852294921875,14.573004820284382,0.49854799972775077,0.49854799972775077,0.49854799972775077,0.49854799972775077
7,C,8,0.0,0.0,False,q3_evidence,Uniform raw,uniform_raw,1,C,4.0,0.1325796791123135,3.8674203208876863,3.8674203208876863,0.9668550802219216,0.008544921875,14.350695966755925,0.4950298010736238,0.4950298010736238,0.4950298010736238,0.4950298010736238
7,C,8,0.0,0.12,True,q3_evidence,PCS raw,pcs_raw,1,C,3.996679855921233,0.12212455000661185,3.874555305914621,3.874555305914621,0.9694688624983471,0.0074462890625,14.350115201088263,0.49594307915707153,0.49594307915707153,0.49594307915707153,0.49594307915707153
7,C,8,0.0,0.16,True,q3_evidence,PCS raw,pcs_raw,1,C,3.9941028013225788,0.11986915210516202,3.874233649217417,3.874233649217417,0.9700327119737095,0.00677490234375,14.291227435292184,0.49590190709982934,0.49590190709982934,0.49590190709982934,0.49590190709982934
7,C,8,0.0,0.2,True,q3_evidence,PCS raw,pcs_raw,1,C,3.990796214317659,0.11543161086708789,3.875364603450571,3.875364603450571,0.971142097283228,0.007415771484375,14.252872404745787,0.4960466692416731,0.4960466692416731,0.4960466692416731,0.4960466692416731
7,C,8,0.0,0.24,True,q3_evidence,PCS raw,pcs_raw,1,C,3.9867651399345525,0.1083038054882457,3.878461334446307,3.878461334446307,0.9729240486279386,0.006683349609375,14.339087322041093,0.49644305080912726,0.49644305080912726,0.49644305080912726,0.49644305080912726
7,C,8,0.0,0.28,True,q3_evidence,PCS raw,pcs_raw,1,C,3.982015709386646,0.1126895433879698,3.869326165998676,3.869326165998676,0.9718276141530076,0.007110595703125,14.284681722910552,0.4952737492478306,0.4952737492478306,0.4952737492478306,0.4952737492478306
7,C,8,0.0,0.32,True,q3_evidence,PCS raw,pcs_raw,1,C,3.976555119443372,0.10295847032410574,3.8735966491192664,3.8735966491192664,0.9742603824189736,0.00634765625,14.322823007162055,0.4958203710872661,0.4958203710872661,0.4958203710872661,0.4958203710872661
7,C,8,0.0,0.36,True,q3_evidence,PCS raw,pcs_raw,1,C,3.970391608345835,0.10612229130962791,3.864269317036207,3.864269317036207,0.973469427172593,0.00689697265625,14.234200988589382,0.49462647258063447,0.49462647258063447,0.49462647258063447,0.49462647258063447
7,C,8,2.0,0.0,False,q3_evidence,Uniform raw,uniform_raw,1,C,4.0,0.22285333496562382,3.777146665034376,3.777146665034376,0.944286666258594,0.014068603515625,13.638480638208996,0.4834747731244001,0.4834747731244001,0.4834747731244001,0.4834747731244001
7,C,8,2.0,0.12,True,q3_evidence,PCS raw,pcs_raw,1,C,3.996679855921233,0.20697494545830175,3.7897049104629312,3.7897049104629312,0.9482562636354246,0.012725830078125,13.688358335675218,0.4850822285392552,0.4850822285392552,0.4850822285392552,0.4850822285392552
7,C,8,2.0,0.16,True,q3_evidence,PCS raw,pcs_raw,1,C,3.9941028013225788,0.20737302671558072,3.786729774606998,3.786729774606998,0.9481567433211048,0.0125732421875,13.573306455671093,0.4847014111496957,0.4847014111496957,0.4847014111496957,0.4847014111496957
7,C,8,2.0,0.2,True,q3_evidence,PCS raw,pcs_raw,1,C,3.990796214317659,0.20753693911136,3.7832592752062992,3.7832592752062992,0.94811576522216,0.011993408203125,13.521821661576809,0.4842571872264063,0.4842571872264063,0.4842571872264063,0.4842571872264063
7,C,8,2.0,0.24,True,q3_evidence,PCS raw,pcs_raw,1,C,3.9867651399345525,0.199269012526744,3.7874961274078087,3.7874961274078087,0.950182746868314,0.0118408203125,13.53216323272376,0.4847995043081995,0.4847995043081995,0.4847995043081995,0.4847995043081995
7,C,8,2.0,0.28,True,q3_evidence,PCS raw,pcs_raw,1,C,3.982015709386646,0.19249962533762546,3.7895160840490205,3.7895160840490205,0.9518750936655936,0.0115966796875,13.486251474809748,0.4850580587582746,0.4850580587582746,0.4850580587582746,0.4850580587582746
7,C,8,2.0,0.32,True,q3_evidence,PCS raw,pcs_raw,1,C,3.976555119443372,0.18779231625819842,3.7887628031851737,3.7887628031851737,0.9530519209354504,0.011383056640625,13.506325585195835,0.4849616388077022,0.4849616388077022,0.4849616388077022,0.4849616388077022
7,C,8,2.0,0.36,True,q3_evidence,PCS raw,pcs_raw,1,C,3.970391608345835,0.19274534044867583,3.777646267897159,3.777646267897159,0.951813664887831,0.012115478515625,13.370266594948015,0.4835387222908364,0.4835387222908364,0.4835387222908364,0.4835387222908364
7,C,8,4.0,0.0,False,q3_evidence,Uniform raw,uniform_raw,1,C,4.0,0.4936637900563422,3.5063362099436577,3.5063362099436577,0.8765840524859144,0.028717041015625,12.19736674101581,0.44881103487278823,0.44881103487278823,0.44881103487278823,0.44881103487278823
7,C,8,4.0,0.12,True,q3_evidence,PCS raw,pcs_raw,1,C,3.996679855921233,0.4692587883027264,3.5274210676185067,3.5274210676185067,0.8826853029243185,0.028350830078125,12.102064650562752,0.4515098966551689,0.4515098966551689,0.4515098966551689,0.4515098966551689
7,C,8,4.0,0.16,True,q3_evidence,PCS raw,pcs_raw,1,C,3.9941028013225788,0.4979161522751405,3.4961866490474383,3.4961866490474383,0.8755209619312149,0.0289306640625,11.910820261786712,0.4475118910780721,0.4475118910780721,0.4475118910780721,0.4475118910780721
7,C,8,4.0,0.2,True,q3_evidence,PCS raw,pcs_raw,1,C,3.990796214317659,0.45482625338650196,3.5359699609311575,3.5359699609311575,0.8862934366533746,0.02740478515625,12.045404473126977,0.45260415499918816,0.45260415499918816,0.45260415499918816,0.45260415499918816
7,C,8,4.0,0.24,True,q3_evidence,PCS raw,pcs_raw,1,C,3.9867651399345525,0.44550456333599686,3.541260576598556,3.541260576598556,0.8886238591660008,0.026580810546875,11.931367690605747,0.45328135380461515,0.45328135380461515,0.45328135380461515,0.45328135380461515
7,C,8,4.0,0.28,True,q3_evidence,PCS raw,pcs_raw,1,C,3.982015709386646,0.4400188839077881,3.541996825478858,3.541996825478858,0.889995279023053,0.025970458984375,12.00672956473823,0.4533755936612938,0.4533755936612938,0.4533755936612938,0.4533755936612938
7,C,8,4.0,0.32,True,q3_evidence,PCS raw,pcs_raw,1,C,3.976555119443372,0.45559437236729133,3.5209607470760806,3.5209607470760806,0.8861014069081772,0.02716064453125,11.873617781770946,0.45068297562573834,0.45068297562573834,0.45068297562573834,0.45068297562573834
7,C,8,4.0,0.36,True,q3_evidence,PCS raw,pcs_raw,1,C,3.970391608345835,0.43553519690404197,3.534856411441793,3.534856411441793,0.8911162007739896,0.025726318359375,11.96328107247746,0.4524616206645495,0.4524616206645495,0.4524616206645495,0.4524616206645495
7,C,8,6.0,0.0,False,q3_evidence,Uniform raw,uniform_raw,1,C,4.0,1.1392602116224158,2.8607397883775842,2.8607397883775842,0.7151849470943961,0.073944091796875,9.497829526401146,0.3661746929123308,0.3661746929123308,0.3661746929123308,0.3661746929123308
7,C,8,6.0,0.12,True,q3_evidence,PCS raw,pcs_raw,1,C,3.996679855921233,1.1386741138268492,2.8580057420943836,2.8580057420943836,0.7153314715432877,0.070831298828125,9.31865875320024,0.3658247349880811,0.3658247349880811,0.3658247349880811,0.3658247349880811
7,C,8,6.0,0.16,True,q3_evidence,PCS raw,pcs_raw,1,C,3.9941028013225788,1.1003799651626325,2.893722836159946,2.893722836159946,0.7249050087093418,0.068817138671875,9.498257334594157,0.3703965230284731,0.3703965230284731,0.3703965230284731,0.3703965230284731
7,C,8,6.0,0.2,True,q3_evidence,PCS raw,pcs_raw,1,C,3.990796214317659,1.1208350570485432,2.869961157269116,2.869961157269116,0.7197912357378642,0.067779541015625,9.299887487374193,0.36735502813044685,0.36735502813044685,0.36735502813044685,0.36735502813044685
7,C,8,6.0,0.24,True,q3_evidence,PCS raw,pcs_raw,1,C,3.9867651399345525,1.121489973410559,2.8652751665239933,2.8652751665239933,0.7196275066473602,0.069122314453125,9.330968039712442,0.36675522131507116,0.36675522131507116,0.36675522131507116,0.36675522131507116
7,C,8,6.0,0.28,True,q3_evidence,PCS raw,pcs_raw,1,C,3.982015709386646,1.1109441374649331,2.871071571921713,2.871071571921713,0.7222639656337667,0.06915283203125,9.225526269026316,0.36749716120597925,0.36749716120597925,0.36749716120597925,0.36749716120597925
7,C,8,6.0,0.32,True,q3_evidence,PCS raw,pcs_raw,1,C,3.976555119443372,1.1237640902595039,2.852791029183868,2.852791029183868,0.719058977435124,0.067901611328125,9.062874223818039,0.3651572517355351,0.3651572517355351,0.3651572517355351,0.3651572517355351
7,C,8,6.0,0.36,True,q3_evidence,PCS raw,pcs_raw,1,C,3.970391608345835,1.1452534137078527,2.825138194637982,2.825138194637982,0.7136866465730368,0.07135009765625,8.934749311392805,0.3616176889136617,0.3616176889136617,0.3616176889136617,0.3616176889136617
7,C,10,-2.0,0.0,False,q3_evidence,Uniform raw,uniform_raw,1,C,4.0,0.14154561125076687,3.8584543887492333,3.8584543887492333,0.9646135971873083,0.009063720703125,14.403473039920922,0.49388216175990185,0.49388216175990185,0.49388216175990185,0.49388216175990185
7,C,10,-2.0,0.12,True,q3_evidence,PCS raw,pcs_raw,1,C,3.996679855921233,0.1242973253773975,3.8723825305438355,3.8723825305438355,0.9689256686556507,0.0079345703125,14.36989253861886,0.49566496390961096,0.49566496390961096,0.49566496390961096,0.49566496390961096
7,C,10,-2.0,0.16,True,q3_evidence,PCS raw,pcs_raw,1,C,3.9941028013225788,0.11117177801940062,3.882931023303178,3.882931023303178,0.9722070554951499,0.0068359375,14.398832383387719,0.49701517098280684,0.49701517098280684,0.49701517098280684,0.49701517098280684
7,C,10,-2.0,0.2,True,q3_evidence,PCS raw,pcs_raw,1,C,3.990796214317659,0.12021693307678158,3.8705792812408775,3.8705792812408775,0.9699457667308046,0.007537841796875,14.340892998107634,0.49543414799883234,0.49543414799883234,0.49543414799883234,0.49543414799883234
7,C,10,-2.0,0.24,True,q3_evidence,PCS raw,pcs_raw,1,C,3.9867651399345525,0.10277325444290514,3.8839918854916475,3.8839918854916475,0.9743066863892738,0.006561279296875,14.374623843315753,0.4971509613429309,0.4971509613429309,0.4971509613429309,0.4971509613429309
7,C,10,-2.0,0.28,True,q3_evidence,PCS raw,pcs_raw,1,C,3.982015709386646,0.10612335904131237,3.8758923503453335,3.8758923503453335,0.9734691602396719,0.006744384765625,14.36387481246992,0.4961142208442027,0.4961142208442027,0.4961142208442027,0.4961142208442027
7,C,10,-2.0,0.32,True,q3_evidence,PCS raw,pcs_raw,1,C,3.976555119443372,0.10868790261547279,3.867867216827899,3.867867216827899,0.9728280243461318,0.00689697265625,14.297882207381726,0.4950870037539711,0.4950870037539711,0.4950870037539711,0.4950870037539711
7,C,10,-2.0,0.36,True,q3_evidence,PCS raw,pcs_raw,1,C,3.970391608345835,0.09248523475436929,3.8779063735914656,3.8779063735914656,0.9768786913114077,0.00579833984375,14.398957021051713,0.4963720158197076,0.4963720158197076,0.4963720158197076,0.4963720158197076
7,C,10,0.0,0.0,False,q3_evidence,Uniform raw,uniform_raw,1,C,4.0,0.20279213400833634,3.7972078659916635,3.7972078659916635,0.9493019664979159,0.012542724609375,13.889921485882033,0.4860426068469329,0.4860426068469329,0.4860426068469329,0.4860426068469329
7,C,10,0.0,0.12,True,q3_evidence,PCS raw,pcs_raw,1,C,3.996679855921233,0.18694262251766527,3.8097372334035677,3.8097372334035677,0.9532643443705837,0.012237548828125,13.82595167305545,0.4876463658756567,0.4876463658756567,0.4876463658756567,0.4876463658756567
7,C,10,0.0,0.16,True,q3_evidence,PCS raw,pcs_raw,1,C,3.9941028013225788,0.16268364409771136,3.8314191572248673,3.8314191572248673,0.9593290889755721,0.0098876953125,13.968040623520103,0.490421652124783,0.490421652124783,0.490421652124783,0.490421652124783
7,C,10,0.0,0.2,True,q3_evidence,PCS raw,pcs_raw,1,C,3.990796214317659,0.17137949563220234,3.819416718685457,3.819416718685457,0.9571551260919494,0.010101318359375,13.848487482367823,0.48888533999173844,0.48888533999173844,0.48888533999173844,0.48888533999173844
7,C,10,0.0,0.24,True,q3_evidence,PCS raw,pcs_raw,1,C,3.9867651399345525,0.18149441854934434,3.805270721385208,3.805270721385208,0.9546263953626639,0.011199951171875,13.708703298659747,0.4870746523373066,0.4870746523373066,0.4870746523373066,0.4870746523373066
7,C,10,0.0,0.28,True,q3_evidence,PCS raw,pcs_raw,1,C,3.982015709386646,0.14277034415944995,3.839245365227196,3.839245365227196,0.9643074139601375,0.008636474609375,13.963506637554895,0.49142340674908114,0.49142340674908114,0.49142340674908114,0.49142340674908114
7,C,10,0.0,0.32,True,q3_evidence,PCS raw,pcs_raw,1,C,3.976555119443372,0.14711460349551259,3.8294405159478595,3.8294405159478595,0.9632213491261219,0.008697509765625,13.877300342126935,0.490168386041326,0.490168386041326,0.490168386041326,0.490168386041326
7,C,10,0.0,0.36,True,q3_evidence,PCS raw,pcs_raw,1,C,3.970391608345835,0.14134805729616703,3.8290435510496676,3.8290435510496676,0.9646629856759582,0.008270263671875,13.855412343049187,0.4901175745343575,0.4901175745343575,0.4901175745343575,0.4901175745343575
7,C,10,2.0,0.0,False,q3_evidence,Uniform raw,uniform_raw,1,C,4.0,0.37529014655234194,3.624709853447658,3.624709853447658,0.9061774633619145,0.02154541015625,12.795916439411135,0.4639628612413002,0.4639628612413002,0.4639628612413002,0.4639628612413002
7,C,10,2.0,0.12,True,q3_evidence,PCS raw,pcs_raw,1,C,3.996679855921233,0.34311722693465213,3.6535626289865806,3.6535626289865806,0.9142206932663369,0.019989013671875,12.81982974017454,0.46765601651028227,0.46765601651028227,0.46765601651028227,0.46765601651028227
7,C,10,2.0,0.16,True,q3_evidence,PCS raw,pcs_raw,1,C,3.9941028013225788,0.34123462378915737,3.6528681775334215,3.6528681775334215,0.9146913440527107,0.018768310546875,12.761576067478135,0.46756712672427797,0.46756712672427797,0.46756712672427797,0.46756712672427797
7,C,10,2.0,0.2,True,q3_evidence,PCS raw,pcs_raw,1,C,3.990796214317659,0.32497049124852695,3.6658257230691325,3.6658257230691325,0.9187573771878683,0.018707275390625,12.766117722622202,0.46922569255284896,0.46922569255284896,0.46922569255284896,0.46922569255284896
7,C,10,2.0,0.24,True,q3_evidence,PCS raw,pcs_raw,1,C,3.9867651399345525,0.3328063496411824,3.65395879029337,3.65395879029337,0.9167984125897044,0.018463134765625,12.603722599927883,0.4677067251575514,0.4677067251575514,0.4677067251575514,0.4677067251575514
7,C,10,2.0,0.28,True,q3_evidence,PCS raw,pcs_raw,1,C,3.982015709386646,0.30952207113676666,3.6724936382498794,3.6724936382498794,0.9226194822158084,0.017913818359375,12.705539765241982,0.47007918569598456,0.47007918569598456,0.47007918569598456,0.47007918569598456
7,C,10,2.0,0.32,True,q3_evidence,PCS raw,pcs_raw,1,C,3.976555119443372,0.3272353815674195,3.6493197378759525,3.6493197378759525,0.9181911546081452,0.0189208984375,12.59223198035238,0.46711292644812197,0.46711292644812197,0.46711292644812197,0.46711292644812197
7,C,10,2.0,0.36,True,q3_evidence,PCS raw,pcs_raw,1,C,3.970391608345835,0.32466459797392333,3.6457270103719113,3.6457270103719113,0.9188338505065191,0.01959228515625,12.614689465131718,0.4666530573276046,0.4666530573276046,0.4666530573276046,0.4666530573276046
7,C,10,4.0,0.0,False,q3_evidence,Uniform raw,uniform_raw,1,C,4.0,0.8214327399362203,3.1785672600637795,3.1785672600637795,0.7946418150159449,0.04876708984375,10.764928624412665,0.40685660928816375,0.40685660928816375,0.40685660928816375,0.40685660928816375
7,C,10,4.0,0.12,True,q3_evidence,PCS raw,pcs_raw,1,C,3.996679855921233,0.8110251752689243,3.1856546806523087,3.1856546806523087,0.797243706182769,0.04754638671875,10.544797813935713,0.40776379912349553,0.40776379912349553,0.40776379912349553,0.40776379912349553
7,C,10,4.0,0.16,True,q3_evidence,PCS raw,pcs_raw,1,C,3.9941028013225788,0.76243901603045,3.231663785292129,3.231663785292129,0.8093902459923875,0.0440673828125,10.753155844171067,0.41365296451739253,0.41365296451739253,0.41365296451739253,0.41365296451739253
7,C,10,4.0,0.2,True,q3_evidence,PCS raw,pcs_raw,1,C,3.990796214317659,0.7701442437591238,3.2206519705585355,3.2206519705585355,0.8074639390602191,0.04486083984375,10.659479428275077,0.41224345223149256,0.41224345223149256,0.41224345223149256,0.41224345223149256
7,C,10,4.0,0.24,True,q3_evidence,PCS raw,pcs_raw,1,C,3.9867651399345525,0.7842001310202531,3.2025650089142994,3.2025650089142994,0.8039499672449367,0.0460205078125,10.530683962784984,0.40992832114103034,0.40992832114103034,0.40992832114103034,0.40992832114103034
7,C,10,4.0,0.28,True,q3_evidence,PCS raw,pcs_raw,1,C,3.982015709386646,0.788248910536999,3.193766798849647,3.193766798849647,0.8029377723657503,0.0458984375,10.42188782132653,0.40880215025275485,0.40880215025275485,0.40880215025275485,0.40880215025275485
7,C,10,4.0,0.32,True,q3_evidence,PCS raw,pcs_raw,1,C,3.976555119443372,0.8251456929109975,3.1514094265323744,3.1514094265323744,0.7937135767722506,0.046844482421875,10.318552676427062,0.40338040659614394,0.40338040659614394,0.40338040659614394,0.40338040659614394
7,C,10,4.0,0.36,True,q3_evidence,PCS raw,pcs_raw,1,C,3.970391608345835,0.7819747528008023,3.1884168555450323,3.1884168555450323,0.8045063117997994,0.045166015625,10.374079887324548,0.40811735750976413,0.40811735750976413,0.40811735750976413,0.40811735750976413
7,C,10,6.0,0.0,False,q3_evidence,Uniform raw,uniform_raw,1,C,4.0,1.6504561405998674,2.3495438594001326,2.3495438594001326,0.5873859648500331,0.11468505859375,7.5773592083674774,0.300741614003217,0.300741614003217,0.300741614003217,0.300741614003217
7,C,10,6.0,0.12,True,q3_evidence,PCS raw,pcs_raw,1,C,3.996679855921233,1.7314129172302009,2.265266938691032,2.265266938691032,0.5671467706924498,0.119659423828125,7.239582348643639,0.28995416815245206,0.28995416815245206,0.28995416815245206,0.28995416815245206
7,C,10,6.0,0.16,True,q3_evidence,PCS raw,pcs_raw,1,C,3.9941028013225788,1.7217841211091005,2.2723186802134783,2.2723186802134783,0.5695539697227249,0.1177978515625,7.192347687519711,0.2908567910673252,0.2908567910673252,0.2908567910673252,0.2908567910673252
7,C,10,6.0,0.2,True,q3_evidence,PCS raw,pcs_raw,1,C,3.990796214317659,1.7514485412616265,2.2393476730560327,2.2393476730560327,0.5621378646845934,0.1199951171875,7.0747402774475585,0.2866365021511722,0.2866365021511722,0.2866365021511722,0.2866365021511722
7,C,10,6.0,0.24,True,q3_evidence,PCS raw,pcs_raw,1,C,3.9867651399345525,1.692127916287037,2.2946372236475154,2.2946372236475154,0.5769680209282407,0.11328125,7.206277391465308,0.293713564626882,0.293713564626882,0.293713564626882,0.293713564626882
7,C,10,6.0,0.28,True,q3_evidence,PCS raw,pcs_raw,1,C,3.982015709386646,1.7326935689739926,2.2493221404126533,2.2493221404126533,0.5668266077565018,0.115264892578125,7.002152530429104,0.28791323397281965,0.28791323397281965,0.28791323397281965,0.28791323397281965
7,C,10,6.0,0.32,True,q3_evidence,PCS raw,pcs_raw,1,C,3.976555119443372,1.7305573223863793,2.245997797056993,2.245997797056993,0.5673606694034052,0.116912841796875,6.984202944539536,0.2874877180232951,0.2874877180232951,0.2874877180232951,0.2874877180232951
7,C,10,6.0,0.36,True,q3_evidence,PCS raw,pcs_raw,1,C,3.970391608345835,1.7747817158495902,2.1956098924962446,2.1956098924962446,0.5563045710376024,0.119659423828125,6.787307381977343,0.28103806623951927,0.28103806623951927,0.28103806623951927,0.28103806623951927
7,C,12,-2.0,0.0,False,q3_evidence,Uniform raw,uniform_raw,1,C,4.0,0.16286789396751306,3.837132106032487,3.837132106032487,0.9592830265081217,0.009796142578125,14.076642077203365,0.49115290957215835,0.49115290957215835,0.49115290957215835,0.49115290957215835
7,C,12,-2.0,0.12,True,q3_evidence,PCS raw,pcs_raw,1,C,3.996679855921233,0.14721576700647593,3.849464088914757,3.849464088914757,0.9631960582483811,0.00860595703125,14.083838174420427,0.49273140338108895,0.49273140338108895,0.49273140338108895,0.49273140338108895
7,C,12,-2.0,0.16,True,q3_evidence,PCS raw,pcs_raw,1,C,3.9941028013225788,0.14451724821113354,3.8495855531114453,3.8495855531114453,0.9638706879472166,0.009368896484375,14.08182753629212,0.492746950798265,0.492746950798265,0.492746950798265,0.492746950798265
7,C,12,-2.0,0.2,True,q3_evidence,PCS raw,pcs_raw,1,C,3.990796214317659,0.13708188336351845,3.8537143309541406,3.8537143309541406,0.9657295291591204,0.008392333984375,14.147444000778373,0.49327543436213,0.49327543436213,0.49327543436213,0.49327543436213
7,C,12,-2.0,0.24,True,q3_evidence,PCS raw,pcs_raw,1,C,3.9867651399345525,0.13044798661344373,3.856317153321109,3.856317153321109,0.9673880033466391,0.007781982421875,14.151996339689592,0.49360859562510195,0.49360859562510195,0.49360859562510195,0.49360859562510195
7,C,12,-2.0,0.28,True,q3_evidence,PCS raw,pcs_raw,1,C,3.982015709386646,0.1381128456902068,3.843902863696439,3.843902863696439,0.9654717885774483,0.008331298828125,14.034458413391715,0.4920195665531442,0.4920195665531442,0.4920195665531442,0.4920195665531442
7,C,12,-2.0,0.32,True,q3_evidence,PCS raw,pcs_raw,1,C,3.976555119443372,0.13193966367630022,3.8446154557670718,3.8446154557670718,0.967015084080925,0.00823974609375,14.049339072853815,0.4921107783381852,0.4921107783381852,0.4921107783381852,0.4921107783381852
7,C,12,-2.0,0.36,True,q3_evidence,PCS raw,pcs_raw,1,C,3.970391608345835,0.12217930897725748,3.8482122993685772,3.8482122993685772,0.9694551727556856,0.007904052734375,14.082612957293783,0.49257117431917785,0.49257117431917785,0.49257117431917785,0.49257117431917785
7,C,12,0.0,0.0,False,q3_evidence,Uniform raw,uniform_raw,1,C,4.0,0.26308272571589825,3.7369172742841017,3.7369172742841017,0.9342293185710254,0.015350341796875,13.479342933495717,0.478325411108365,0.478325411108365,0.478325411108365,0.478325411108365
7,C,12,0.0,0.12,True,q3_evidence,PCS raw,pcs_raw,1,C,3.996679855921233,0.24254539456931748,3.7541344613519154,3.7541344613519154,0.9393636513576706,0.014404296875,13.423374539228298,0.4805292110530452,0.4805292110530452,0.4805292110530452,0.4805292110530452
7,C,12,0.0,0.16,True,q3_evidence,PCS raw,pcs_raw,1,C,3.9941028013225788,0.22867870105706556,3.765424100265513,3.765424100265513,0.9428303247357336,0.01348876953125,13.384783253810113,0.48197428483398563,0.48197428483398563,0.48197428483398563,0.48197428483398563
7,C,12,0.0,0.2,True,q3_evidence,PCS raw,pcs_raw,1,C,3.990796214317659,0.21680821523381358,3.7739879990838454,3.7739879990838454,0.9457979461915466,0.013519287109375,13.397633922616476,0.4830704638827322,0.4830704638827322,0.4830704638827322,0.4830704638827322
7,C,12,0.0,0.24,True,q3_evidence,PCS raw,pcs_raw,1,C,3.9867651399345525,0.2299115013900122,3.7568536385445404,3.7568536385445404,0.942522124652497,0.013214111328125,13.327434532450415,0.48087726573370115,0.48087726573370115,0.48087726573370115,0.48087726573370115
7,C,12,0.0,0.28,True,q3_evidence,PCS raw,pcs_raw,1,C,3.982015709386646,0.2306507990569738,3.7513649103296722,3.7513649103296722,0.9423373002357566,0.01416015625,13.312241511868644,0.48017470852219807,0.48017470852219807,0.48017470852219807,0.48017470852219807
7,C,12,0.0,0.32,True,q3_evidence,PCS raw,pcs_raw,1,C,3.976555119443372,0.22240816732682622,3.7541469521165456,3.7541469521165456,0.9443979581682934,0.012847900390625,13.297781925953625,0.48053080987091784,0.48053080987091784,0.48053080987091784,0.48053080987091784
7,C,12,0.0,0.36,True,q3_evidence,PCS raw,pcs_raw,1,C,3.970391608345835,0.2216917438926837,3.748699864453151,3.748699864453151,0.9445770640268291,0.0137939453125,13.23454536979186,0.47983358265000337,0.47983358265000337,0.47983358265000337,0.47983358265000337
7,C,12,2.0,0.0,False,q3_evidence,Uniform raw,uniform_raw,1,C,4.0,0.5347688772437811,3.4652311227562187,3.4652311227562187,0.8663077806890547,0.03173828125,11.94828649011007,0.443549583712796,0.443549583712796,0.443549583712796,0.443549583712796
7,C,12,2.0,0.12,True,q3_evidence,PCS raw,pcs_raw,1,C,3.996679855921233,0.5223113586869363,3.4743684972342965,3.4743684972342965,0.8694221603282659,0.03009033203125,11.842963087745241,0.44471916764598995,0.44471916764598995,0.44471916764598995,0.44471916764598995
7,C,12,2.0,0.16,True,q3_evidence,PCS raw,pcs_raw,1,C,3.9941028013225788,0.5285308942337417,3.465571907088837,3.465571907088837,0.8678672764415646,0.0306396484375,11.770745175320323,0.44359320410737113,0.44359320410737113,0.44359320410737113,0.44359320410737113
7,C,12,2.0,0.2,True,q3_evidence,PCS raw,pcs_raw,1,C,3.990796214317659,0.520299359535632,3.470496854782027,3.470496854782027,0.869925160116092,0.029876708984375,11.797343111767676,0.4442235974120995,0.4442235974120995,0.4442235974120995,0.4442235974120995
7,C,12,2.0,0.24,True,q3_evidence,PCS raw,pcs_raw,1,C,3.9867651399345525,0.517141016661214,3.4696241232733387,3.4696241232733387,0.8707147458346965,0.030364990234375,11.7537887845372,0.44411188777898736,0.44411188777898736,0.44411188777898736,0.44411188777898736
7,C,12,2.0,0.28,True,q3_evidence,PCS raw,pcs_raw,1,C,3.982015709386646,0.5007060717822286,3.4813096376044173,3.4813096376044173,0.8748234820544428,0.029632568359375,11.7898123852028,0.4456076336133654,0.4456076336133654,0.4456076336133654,0.4456076336133654
7,C,12,2.0,0.32,True,q3_evidence,PCS raw,pcs_raw,1,C,3.976555119443372,0.5268479385710501,3.4497071808723216,3.4497071808723216,0.8682880153572374,0.03045654296875,11.535246761693525,0.4415625191516572,0.4415625191516572,0.4415625191516572,0.4415625191516572
7,C,12,2.0,0.36,True,q3_evidence,PCS raw,pcs_raw,1,C,3.970391608345835,0.5001764040021185,3.470215204343716,3.470215204343716,0.8749558989994703,0.02996826171875,11.658419267807208,0.44418754615599565,0.44418754615599565,0.44418754615599565,0.44418754615599565
7,C,12,4.0,0.0,False,q3_evidence,Uniform raw,uniform_raw,1,C,4.0,1.179310416348718,2.8206895836512818,2.8206895836512818,0.7051723959128204,0.0755615234375,9.299013566080047,0.36104826670736406,0.36104826670736406,0.36104826670736406,0.36104826670736406
7,C,12,4.0,0.12,True,q3_evidence,PCS raw,pcs_raw,1,C,3.996679855921233,1.2134931833667155,2.7831866725545176,2.7831866725545176,0.6966267041583212,0.075103759765625,8.968620254755225,0.35624789408697827,0.35624789408697827,0.35624789408697827,0.35624789408697827
7,C,12,4.0,0.16,True,q3_evidence,PCS raw,pcs_raw,1,C,3.9941028013225788,1.186271942442537,2.807830858880042,2.807830858880042,0.7034320143893658,0.074859619140625,9.11259995641947,0.3594023499366453,0.3594023499366453,0.3594023499366453,0.3594023499366453
7,C,12,4.0,0.2,True,q3_evidence,PCS raw,pcs_raw,1,C,3.990796214317659,1.1761864671815174,2.8146097471361418,2.8146097471361418,0.7059533832046206,0.073486328125,9.001001776966884,0.3602700476334261,0.3602700476334261,0.3602700476334261,0.3602700476334261
7,C,12,4.0,0.24,True,q3_evidence,PCS raw,pcs_raw,1,C,3.9867651399345525,1.1658626715771563,2.820902468357396,2.820902468357396,0.7085343321057109,0.072235107421875,9.068376804331791,0.3610755159497467,0.3610755159497467,0.3610755159497467,0.3610755159497467
7,C,12,4.0,0.28,True,q3_evidence,PCS raw,pcs_raw,1,C,3.982015709386646,1.189819931128894,2.792195778257752,2.792195778257752,0.7025450172177765,0.07269287109375,8.856116003613373,0.35740105961699226,0.35740105961699226,0.35740105961699226,0.35740105961699226
7,C,12,4.0,0.32,True,q3_evidence,PCS raw,pcs_raw,1,C,3.976555119443372,1.134677997899654,2.841877121543718,2.841877121543718,0.7163305005250865,0.068572998046875,9.072484285425617,0.3637602715575959,0.3637602715575959,0.3637602715575959,0.3637602715575959
7,C,12,4.0,0.36,True,q3_evidence,PCS raw,pcs_raw,1,C,3.970391608345835,1.1876066423308869,2.782784966014948,2.782784966014948,0.7030983394172783,0.072662353515625,8.786802961169949,0.35619647564991336,0.35619647564991336,0.35619647564991336,0.35619647564991336
7,C,12,6.0,0.0,False,q3_evidence,Uniform raw,uniform_raw,1,C,4.0,2.2547106043035137,1.7452893956964863,1.7452893956964863,0.4363223489241216,0.175048828125,5.616919194478237,0.22339704264915025,0.22339704264915025,0.22339704264915025,0.22339704264915025
7,C,12,6.0,0.12,True,q3_evidence,PCS raw,pcs_raw,1,C,3.996679855921233,2.2328769188432678,1.763802937077965,1.763802937077965,0.44178077028918306,0.170379638671875,5.6217920452664805,0.22576677594597952,0.22576677594597952,0.22576677594597952,0.22576677594597952
7,C,12,6.0,0.16,True,q3_evidence,PCS raw,pcs_raw,1,C,3.9941028013225788,2.2929449479011317,1.701157853421447,1.701157853421447,0.4267637630247171,0.171875,5.3573509807592155,0.21774820523794522,0.21774820523794522,0.21774820523794522,0.21774820523794522
7,C,12,6.0,0.2,True,q3_evidence,PCS raw,pcs_raw,1,C,3.990796214317659,2.2965013169686577,1.6942948973490015,1.6942948973490015,0.4258746707578356,0.1708984375,5.391480409311749,0.21686974686067217,0.21686974686067217,0.21686974686067217,0.21686974686067217
7,C,12,6.0,0.24,True,q3_evidence,PCS raw,pcs_raw,1,C,3.9867651399345525,2.3123399838195944,1.6744251561149581,1.6744251561149581,0.4219150040451014,0.1693115234375,5.293723818806449,0.21432641998271462,0.21432641998271462,0.21432641998271462,0.21432641998271462
7,C,12,6.0,0.28,True,q3_evidence,PCS raw,pcs_raw,1,C,3.982015709386646,2.3232429094158045,1.6587727999708415,1.6587727999708415,0.4191892726460489,0.1712646484375,5.156519413039441,0.2123229183962677,0.2123229183962677,0.2123229183962677,0.2123229183962677
7,C,12,6.0,0.32,True,q3_evidence,PCS raw,pcs_raw,1,C,3.976555119443372,2.3068167982590015,1.6697383211843704,1.6697383211843704,0.4232958004352496,0.170806884765625,5.1949838457824935,0.2137265051115994,0.2137265051115994,0.2137265051115994,0.2137265051115994
7,C,12,6.0,0.36,True,q3_evidence,PCS raw,pcs_raw,1,C,3.970391608345835,2.350460010455628,1.619931597890207,1.619931597890207,0.412384997386093,0.171173095703125,4.948690560225358,0.20735124452994647,0.20735124452994647,0.20735124452994647,0.20735124452994647
7,C+S,6,-2.0,0.0,False,q3_evidence_cs_penalty,Uniform raw,uniform_raw,2,C+S,4.0,0.18398012174390188,3.816019878256098,3.816019878256098,0.9540049695640245,0.01190185546875,13.721340062896207,0.9769010888335611,0.48845054441678054,0.9769010888335611,0.48845054441678054
7,C+S,6,-2.0,0.12,True,q3_evidence_cs_penalty,PCS raw,pcs_raw,2,C+S,3.996679855921233,0.15384338530469596,3.842836470616537,3.842836470616537,0.961539153673826,0.009796142578125,13.769079744496207,0.9837661364778334,0.4918830682389167,0.9837661364778334,0.4918830682389167
7,C+S,6,-2.0,0.16,True,q3_evidence_cs_penalty,PCS raw,pcs_raw,2,C+S,3.9941028013225788,0.16325701043551644,3.8308457908870626,3.8308457908870626,0.959185747391121,0.0103302001953125,13.717203933581821,0.9806965224670879,0.49034826123354397,0.9806965224670879,0.49034826123354397
7,C+S,6,-2.0,0.2,True,q3_evidence_cs_penalty,PCS raw,pcs_raw,2,C+S,3.990796214317659,0.14976292391222631,3.841033290405433,3.841033290405433,0.9625592690219434,0.0098724365234375,13.759330656165037,0.9833045223437908,0.4916522611718954,0.9833045223437908,0.4916522611718954
7,C+S,6,-2.0,0.24,True,q3_evidence_cs_penalty,PCS raw,pcs_raw,2,C+S,3.9867651399345525,0.1483562984318501,3.8384088415027025,3.8384088415027025,0.9629109253920375,0.0096435546875,13.737264095682523,0.9826326634246918,0.4913163317123459,0.9826326634246918,0.4913163317123459
7,C+S,6,-2.0,0.28,True,q3_evidence_cs_penalty,PCS raw,pcs_raw,2,C+S,3.982015709386646,0.15161528467317723,3.830400424713469,3.830400424713469,0.9620961788317057,0.00933837890625,13.68545002629752,0.9805825087266481,0.49029125436332405,0.9805825087266481,0.49029125436332405
7,C+S,6,-2.0,0.32,True,q3_evidence_cs_penalty,PCS raw,pcs_raw,2,C+S,3.976555119443372,0.13579021700485477,3.840764902438517,3.840764902438517,0.9660524457487862,0.0086517333984375,13.73641422880398,0.9832358150242604,0.4916179075121302,0.9832358150242604,0.4916179075121302
7,C+S,6,-2.0,0.36,True,q3_evidence_cs_penalty,PCS raw,pcs_raw,2,C+S,3.970391608345835,0.13991357493321377,3.8304780334126214,3.8304780334126214,0.9650216062666965,0.0087890625,13.690570327301815,0.980602376553631,0.4903011882768155,0.980602376553631,0.4903011882768155
7,C+S,6,0.0,0.0,False,q3_evidence_cs_penalty,Uniform raw,uniform_raw,2,C+S,4.0,0.20255742411093064,3.7974425758890695,3.7974425758890695,0.9493606439722674,0.0134735107421875,13.589983306319189,0.9721452994276019,0.48607264971380093,0.9721452994276019,0.48607264971380093
7,C+S,6,0.0,0.12,True,q3_evidence_cs_penalty,PCS raw,pcs_raw,2,C+S,3.996679855921233,0.1759207649159676,3.8207590910052653,3.8207590910052653,0.9560198087710081,0.0111541748046875,13.558238635311863,0.9781143272973478,0.4890571636486739,0.9781143272973478,0.4890571636486739
7,C+S,6,0.0,0.16,True,q3_evidence_cs_penalty,PCS raw,pcs_raw,2,C+S,3.9941028013225788,0.18330263351111953,3.8108001678114594,3.8108001678114594,0.9541743416222201,0.0113677978515625,13.508118793290578,0.9755648429597336,0.4877824214798668,0.9755648429597336,0.4877824214798668
7,C+S,6,0.0,0.2,True,q3_evidence_cs_penalty,PCS raw,pcs_raw,2,C+S,3.990796214317659,0.1627080513358387,3.82808816298182,3.82808816298182,0.9593229871660403,0.0104522705078125,13.544727888169728,0.979990569723346,0.489995284861673,0.979990569723346,0.489995284861673
7,C+S,6,0.0,0.24,True,q3_evidence_cs_penalty,PCS raw,pcs_raw,2,C+S,3.9867651399345525,0.16542268071153987,3.8213424592230125,3.8213424592230125,0.958644329822115,0.0102996826171875,13.520453317189908,0.9782636695610911,0.48913183478054556,0.9782636695610911,0.48913183478054556
7,C+S,6,0.0,0.28,True,q3_evidence_cs_penalty,PCS raw,pcs_raw,2,C+S,3.982015709386646,0.15890290448410138,3.8231128049025447,3.8231128049025447,0.9602742738789747,0.0100555419921875,13.53953660343409,0.9787168780550514,0.4893584390275257,0.9787168780550514,0.4893584390275257
7,C+S,6,0.0,0.32,True,q3_evidence_cs_penalty,PCS raw,pcs_raw,2,C+S,3.976555119443372,0.16572914615773343,3.8108259732856387,3.8108259732856387,0.9585677134605667,0.0106048583984375,13.466134901686788,0.9755714491611236,0.4877857245805618,0.9755714491611236,0.4877857245805618
7,C+S,6,0.0,0.36,True,q3_evidence_cs_penalty,PCS raw,pcs_raw,2,C+S,3.970391608345835,0.15505261671505538,3.8153389916307794,3.8153389916307794,0.9612368458212361,0.010162353515625,13.492469919436072,0.9767267818574795,0.48836339092873976,0.9767267818574795,0.48836339092873976
7,C+S,6,2.0,0.0,False,q3_evidence_cs_penalty,Uniform raw,uniform_raw,2,C+S,4.0,0.2486917332659795,3.7513082667340205,3.7513082667340205,0.9378270666835051,0.016357421875,13.165868961152288,0.9603349162839093,0.48016745814195466,0.9603349162839093,0.48016745814195466
7,C+S,6,2.0,0.12,True,q3_evidence_cs_penalty,PCS raw,pcs_raw,2,C+S,3.996679855921233,0.2497795118612002,3.7469003440600326,3.7469003440600326,0.9375551220346999,0.0156097412109375,13.061102871738973,0.9592064880793683,0.47960324403968413,0.9592064880793683,0.47960324403968413
7,C+S,6,2.0,0.16,True,q3_evidence_cs_penalty,PCS raw,pcs_raw,2,C+S,3.9941028013225788,0.24057319639186922,3.7535296049307094,3.7535296049307094,0.9398567009020327,0.0155181884765625,13.049811894266538,0.9609035788622616,0.4804517894311308,0.9609035788622616,0.4804517894311308
7,C+S,6,2.0,0.2,True,q3_evidence_cs_penalty,PCS raw,pcs_raw,2,C+S,3.990796214317659,0.22718379038674452,3.7636124239309146,3.7636124239309146,0.9432040524033138,0.0146636962890625,13.043867154923335,0.9634847805263143,0.4817423902631571,0.9634847805263143,0.4817423902631571
7,C+S,6,2.0,0.24,True,q3_evidence_cs_penalty,PCS raw,pcs_raw,2,C+S,3.9867651399345525,0.21826311433498705,3.7685020255995654,3.7685020255995654,0.9454342214162532,0.0134429931640625,13.126905622420711,0.9647365185534886,0.4823682592767443,0.9647365185534886,0.4823682592767443
7,C+S,6,2.0,0.28,True,q3_evidence_cs_penalty,PCS raw,pcs_raw,2,C+S,3.982015709386646,0.20742314733770303,3.7745925620489427,3.7745925620489427,0.9481442131655742,0.013458251953125,13.137561385735705,0.9662956958845293,0.4831478479422647,0.9662956958845293,0.4831478479422647
7,C+S,6,2.0,0.32,True,q3_evidence_cs_penalty,PCS raw,pcs_raw,2,C+S,3.976555119443372,0.21603184651432536,3.7605232729290465,3.7605232729290465,0.9459920383714187,0.0131378173828125,13.008511348060534,0.9626939578698359,0.48134697893491796,0.9626939578698359,0.48134697893491796
7,C+S,6,2.0,0.36,True,q3_evidence_cs_penalty,PCS raw,pcs_raw,2,C+S,3.970391608345835,0.1999848372366614,3.7704067711091733,3.7704067711091733,0.9500037906908346,0.01251220703125,13.017010165453035,0.9652241334039484,0.4826120667019742,0.9652241334039484,0.4826120667019742
7,C+S,6,4.0,0.0,False,q3_evidence_cs_penalty,Uniform raw,uniform_raw,2,C+S,4.0,0.4276101521885214,3.5723898478114786,3.5723898478114786,0.8930974619528697,0.0270538330078125,12.190333105257125,0.9145318010397385,0.45726590051986926,0.9145318010397385,0.45726590051986926
7,C+S,6,4.0,0.12,True,q3_evidence_cs_penalty,PCS raw,pcs_raw,2,C+S,3.996679855921233,0.4242921500189649,3.572387705902268,3.572387705902268,0.8939269624952588,0.0265655517578125,12.085273566869652,0.9145312527109806,0.4572656263554903,0.9145312527109806,0.4572656263554903
7,C+S,6,4.0,0.16,True,q3_evidence_cs_penalty,PCS raw,pcs_raw,2,C+S,3.9941028013225788,0.39377858607542626,3.600324215247152,3.600324215247152,0.9015553534811434,0.024444580078125,12.126362237529825,0.921682999103271,0.4608414995516355,0.921682999103271,0.4608414995516355
7,C+S,6,4.0,0.2,True,q3_evidence_cs_penalty,PCS raw,pcs_raw,2,C+S,3.990796214317659,0.3931481181776461,3.597648096140013,3.597648096140013,0.9017129704555884,0.0247039794921875,12.078996874176003,0.9209979126118433,0.46049895630592164,0.9209979126118433,0.46049895630592164
7,C+S,6,4.0,0.24,True,q3_evidence_cs_penalty,PCS raw,pcs_raw,2,C+S,3.9867651399345525,0.3795935456357692,3.607171594298783,3.607171594298783,0.9051016135910577,0.0239715576171875,12.081042215895188,0.9234359281404885,0.46171796407024424,0.9234359281404885,0.46171796407024424
7,C+S,6,4.0,0.28,True,q3_evidence_cs_penalty,PCS raw,pcs_raw,2,C+S,3.982015709386646,0.38379795909519776,3.598217750291448,3.598217750291448,0.9040505102262005,0.0235137939453125,11.979698780632585,0.9211437440746106,0.4605718720373053,0.9211437440746106,0.4605718720373053
7,C+S,6,4.0,0.32,True,q3_evidence_cs_penalty,PCS raw,pcs_raw,2,C+S,3.976555119443372,0.3759460239143002,3.6006090955290717,3.6006090955290717,0.906013494021425,0.0230255126953125,11.963341618287224,0.9217559284554424,0.4608779642277212,0.9217559284554424,0.4608779642277212
7,C+S,6,4.0,0.36,True,q3_evidence_cs_penalty,PCS raw,pcs_raw,2,C+S,3.970391608345835,0.394101385043772,3.576290223302063,3.576290223302063,0.901474653739057,0.0241546630859375,11.906550592915714,0.9155302971653281,0.45776514858266404,0.9155302971653281,0.45776514858266404
7,C+S,6,6.0,0.0,False,q3_evidence_cs_penalty,Uniform raw,uniform_raw,2,C+S,4.0,0.8553367238805953,3.1446632761194047,3.1446632761194047,0.7861658190298512,0.05474853515625,10.381822651315279,0.8050337986865677,0.40251689934328383,0.8050337986865677,0.40251689934328383
7,C+S,6,6.0,0.12,True,q3_evidence_cs_penalty,PCS raw,pcs_raw,2,C+S,3.996679855921233,0.8433522430437677,3.153327612877465,3.153327612877465,0.7891619392390581,0.0523681640625,10.20767133641538,0.807251868896631,0.4036259344483155,0.807251868896631,0.4036259344483155
7,C+S,6,6.0,0.16,True,q3_evidence_cs_penalty,PCS raw,pcs_raw,2,C+S,3.9941028013225788,0.8565893811590478,3.137513420163531,3.137513420163531,0.785852654710238,0.0539398193359375,10.216318079465422,0.8032034355618639,0.40160171778093195,0.8032034355618639,0.40160171778093195
7,C+S,6,6.0,0.2,True,q3_evidence_cs_penalty,PCS raw,pcs_raw,2,C+S,3.990796214317659,0.8432588957193279,3.1475373185983315,3.1475373185983315,0.7891852760701681,0.0527801513671875,10.174193464258996,0.8057695535611729,0.40288477678058643,0.8057695535611729,0.40288477678058643
7,C+S,6,6.0,0.24,True,q3_evidence_cs_penalty,PCS raw,pcs_raw,2,C+S,3.9867651399345525,0.8193758840868091,3.1673892558477434,3.1673892558477434,0.7951560289782977,0.050048828125,10.166060138517697,0.8108516494970224,0.4054258247485112,0.8108516494970224,0.4054258247485112
7,C+S,6,6.0,0.28,True,q3_evidence_cs_penalty,PCS raw,pcs_raw,2,C+S,3.982015709386646,0.8126333330285661,3.1693823763580795,3.1693823763580795,0.7968416667428584,0.0510406494140625,10.089387821915448,0.8113618883476683,0.40568094417383416,0.8113618883476683,0.40568094417383416
7,C+S,6,6.0,0.32,True,q3_evidence_cs_penalty,PCS raw,pcs_raw,2,C+S,3.976555119443372,0.833734048448623,3.1428210709947493,3.1428210709947493,0.7915664878878443,0.0518798828125,9.97889807422563,0.8045621941746557,0.40228109708732784,0.8045621941746557,0.40228109708732784
7,C+S,6,6.0,0.36,True,q3_evidence_cs_penalty,PCS raw,pcs_raw,2,C+S,3.970391608345835,0.811524066136813,3.1588675422090216,3.1588675422090216,0.7971189834657968,0.050384521484375,9.978486350988387,0.8086700908055096,0.4043350454027548,0.8086700908055096,0.4043350454027548
7,C+S,8,-2.0,0.0,False,q3_evidence_cs_penalty,Uniform raw,uniform_raw,2,C+S,4.0,0.20439537193320456,3.7956046280667954,3.7956046280667954,0.9489011570166989,0.0134124755859375,13.587903031194385,0.9716747847850996,0.4858373923925498,0.9716747847850996,0.4858373923925498
7,C+S,8,-2.0,0.12,True,q3_evidence_cs_penalty,PCS raw,pcs_raw,2,C+S,3.996679855921233,0.18023468175154356,3.816445174169689,3.816445174169689,0.9549413295621141,0.011322021484375,13.617908578088034,0.9770099645874405,0.48850498229372025,0.9770099645874405,0.48850498229372025
7,C+S,8,-2.0,0.16,True,q3_evidence_cs_penalty,PCS raw,pcs_raw,2,C+S,3.9941028013225788,0.16624008770080395,3.8278627136217747,3.8278627136217747,0.958439978074799,0.010162353515625,13.587223313730892,0.9799328546871743,0.48996642734358714,0.9799328546871743,0.48996642734358714
7,C+S,8,-2.0,0.2,True,q3_evidence_cs_penalty,PCS raw,pcs_raw,2,C+S,3.990796214317659,0.16879016006310832,3.822006054254551,3.822006054254551,0.957802459984223,0.0108184814453125,13.5200538486149,0.978433549889165,0.4892167749445825,0.978433549889165,0.4892167749445825
7,C+S,8,-2.0,0.24,True,q3_evidence_cs_penalty,PCS raw,pcs_raw,2,C+S,3.9867651399345525,0.17373976976867786,3.8130253701658745,3.8130253701658745,0.9565650575578305,0.010894775390625,13.518649558650376,0.9761344947624638,0.4880672473812319,0.9761344947624638,0.4880672473812319
7,C+S,8,-2.0,0.28,True,q3_evidence_cs_penalty,PCS raw,pcs_raw,2,C+S,3.982015709386646,0.15571660427510137,3.8262991051115445,3.8262991051115445,0.9610708489312246,0.0098876953125,13.563398818772031,0.9795325709085554,0.4897662854542777,0.9795325709085554,0.4897662854542777
7,C+S,8,-2.0,0.32,True,q3_evidence_cs_penalty,PCS raw,pcs_raw,2,C+S,3.976555119443372,0.1520767589989165,3.8244783604444557,3.8244783604444557,0.9619808102502709,0.009796142578125,13.487613252939465,0.9790664602737806,0.4895332301368903,0.9790664602737806,0.4895332301368903
7,C+S,8,-2.0,0.36,True,q3_evidence_cs_penalty,PCS raw,pcs_raw,2,C+S,3.970391608345835,0.15361306910518174,3.8167785392406532,3.8167785392406532,0.9615967327237045,0.0098419189453125,13.474431552055101,0.9770953060456071,0.48854765302280356,0.9770953060456071,0.48854765302280356
7,C+S,8,0.0,0.0,False,q3_evidence_cs_penalty,Uniform raw,uniform_raw,2,C+S,4.0,0.24660745117113828,3.7533925488288613,3.7533925488288613,0.9383481372072153,0.01556396484375,13.202269775784178,0.9608684925001886,0.4804342462500943,0.9608684925001886,0.4804342462500943
7,C+S,8,0.0,0.12,True,q3_evidence_cs_penalty,PCS raw,pcs_raw,2,C+S,3.996679855921233,0.2205839226840217,3.7760959332372113,3.7760959332372113,0.9448540193289946,0.01446533203125,13.186519073287329,0.9666805589087261,0.48334027945436303,0.9666805589087261,0.48334027945436303
7,C+S,8,0.0,0.16,True,q3_evidence_cs_penalty,PCS raw,pcs_raw,2,C+S,3.9941028013225788,0.22020437301532939,3.773898428307249,3.773898428307249,0.9449489067461676,0.0139007568359375,13.130176000304477,0.9661179976466558,0.4830589988233279,0.9661179976466558,0.4830589988233279
7,C+S,8,0.0,0.2,True,q3_evidence_cs_penalty,PCS raw,pcs_raw,2,C+S,3.990796214317659,0.2103453560306553,3.7804508582870042,3.7804508582870042,0.9474136609923363,0.0133209228515625,13.1444875016325,0.9677954197214731,0.48389770986073655,0.9677954197214731,0.48389770986073655
7,C+S,8,0.0,0.24,True,q3_evidence_cs_penalty,PCS raw,pcs_raw,2,C+S,3.9867651399345525,0.21287472469122554,3.773890415243327,3.773890415243327,0.9467813188271936,0.013824462890625,13.148300161732212,0.9661159463022917,0.48305797315114585,0.9661159463022917,0.48305797315114585
7,C+S,8,0.0,0.28,True,q3_evidence_cs_penalty,PCS raw,pcs_raw,2,C+S,3.982015709386646,0.19752195054178387,3.784493758844862,3.784493758844862,0.950619512364554,0.0121612548828125,13.171234598046192,0.9688304022642847,0.48441520113214237,0.9688304022642847,0.48441520113214237
7,C+S,8,0.0,0.32,True,q3_evidence_cs_penalty,PCS raw,pcs_raw,2,C+S,3.976555119443372,0.19708653744289936,3.7794685820004723,3.7794685820004723,0.9507283656392751,0.0128173828125,13.141903775116045,0.9675439569921209,0.48377197849606046,0.9675439569921209,0.48377197849606046
7,C+S,8,0.0,0.36,True,q3_evidence_cs_penalty,PCS raw,pcs_raw,2,C+S,3.970391608345835,0.19331167118812498,3.77707993715771,3.77707993715771,0.9516720822029687,0.0121612548828125,13.132090324396145,0.9669324639123738,0.4834662319561869,0.9669324639123738,0.4834662319561869
7,C+S,8,2.0,0.0,False,q3_evidence_cs_penalty,Uniform raw,uniform_raw,2,C+S,4.0,0.37683394560775496,3.623166054392245,3.623166054392245,0.9057915135980612,0.024383544921875,12.433791148770702,0.9275305099244148,0.4637652549622074,0.9275305099244148,0.4637652549622074
7,C+S,8,2.0,0.12,True,q3_evidence_cs_penalty,PCS raw,pcs_raw,2,C+S,3.996679855921233,0.3572007444008465,3.6394791115203864,3.6394791115203864,0.9106998138997884,0.022705078125,12.415715738240976,0.9317066525492189,0.46585332627460946,0.9317066525492189,0.46585332627460946
7,C+S,8,2.0,0.16,True,q3_evidence_cs_penalty,PCS raw,pcs_raw,2,C+S,3.9941028013225788,0.342398328448824,3.651704472873755,3.651704472873755,0.914400417887794,0.0211029052734375,12.414745973867031,0.9348363450556811,0.46741817252784057,0.9348363450556811,0.46741817252784057
7,C+S,8,2.0,0.2,True,q3_evidence_cs_penalty,PCS raw,pcs_raw,2,C+S,3.990796214317659,0.3201275499812852,3.670668664336374,3.670668664336374,0.9199681125046787,0.01971435546875,12.446682001467792,0.9396911780701117,0.46984558903505586,0.9396911780701117,0.46984558903505586
7,C+S,8,2.0,0.24,True,q3_evidence_cs_penalty,PCS raw,pcs_raw,2,C+S,3.9867651399345525,0.33412712799833894,3.6526380119362134,3.6526380119362134,0.9164682180004153,0.0204925537109375,12.349467821697644,0.9350753310556706,0.4675376655278353,0.9350753310556706,0.4675376655278353
7,C+S,8,2.0,0.28,True,q3_evidence_cs_penalty,PCS raw,pcs_raw,2,C+S,3.982015709386646,0.31957751777079196,3.662438191615854,3.662438191615854,0.920105620557302,0.0195159912109375,12.3246261331406,0.9375841770536586,0.4687920885268293,0.9375841770536586,0.4687920885268293
7,C+S,8,2.0,0.32,True,q3_evidence_cs_penalty,PCS raw,pcs_raw,2,C+S,3.976555119443372,0.31121379072998523,3.665341328713387,3.665341328713387,0.9221965523175037,0.019195556640625,12.34968201640687,0.938327380150627,0.4691636900753135,0.938327380150627,0.4691636900753135
7,C+S,8,2.0,0.36,True,q3_evidence_cs_penalty,PCS raw,pcs_raw,2,C+S,3.970391608345835,0.3374344322546379,3.632957176091197,3.632957176091197,0.9156413919363405,0.021148681640625,12.16022140553827,0.9300370370793465,0.46501851853967324,0.9300370370793465,0.46501851853967324
7,C+S,8,4.0,0.0,False,q3_evidence_cs_penalty,Uniform raw,uniform_raw,2,C+S,4.0,0.6905736979549202,3.30942630204508,3.30942630204508,0.82735657551127,0.0446624755859375,11.009198887396838,0.8472131333235404,0.4236065666617702,0.8472131333235404,0.4236065666617702
7,C+S,8,4.0,0.12,True,q3_evidence_cs_penalty,PCS raw,pcs_raw,2,C+S,3.996679855921233,0.690328523445757,3.306351332475476,3.306351332475476,0.8274178691385607,0.0434112548828125,10.859745120593459,0.8464259411137218,0.4232129705568609,0.8464259411137218,0.4232129705568609
7,C+S,8,4.0,0.16,True,q3_evidence_cs_penalty,PCS raw,pcs_raw,2,C+S,3.9941028013225788,0.7131107580780862,3.280992043244493,3.280992043244493,0.8217223104804785,0.043701171875,10.680816188746466,0.83993396307059,0.419966981535295,0.83993396307059,0.419966981535295
7,C+S,8,4.0,0.2,True,q3_evidence_cs_penalty,PCS raw,pcs_raw,2,C+S,3.990796214317659,0.6810356651320224,3.309760549185637,3.309760549185637,0.8297410837169944,0.0417327880859375,10.82597440567604,0.847298700591523,0.4236493502957615,0.847298700591523,0.4236493502957615
7,C+S,8,4.0,0.24,True,q3_evidence_cs_penalty,PCS raw,pcs_raw,2,C+S,3.9867651399345525,0.6821698424223279,3.3045952975122246,3.3045952975122246,0.829457539394418,0.0418243408203125,10.732088051239854,0.8459763961631295,0.42298819808156474,0.8459763961631295,0.42298819808156474
7,C+S,8,4.0,0.28,True,q3_evidence_cs_penalty,PCS raw,pcs_raw,2,C+S,3.982015709386646,0.6823592940713163,3.2996564153153294,3.2996564153153294,0.8294101764821709,0.041534423828125,10.66393872438918,0.8447120423207244,0.4223560211603622,0.8447120423207244,0.4223560211603622
7,C+S,8,4.0,0.32,True,q3_evidence_cs_penalty,PCS raw,pcs_raw,2,C+S,3.976555119443372,0.6764797014995017,3.3000754179438703,3.3000754179438703,0.8308800746251246,0.0411224365234375,10.66994922698846,0.8448193069936308,0.4224096534968154,0.8448193069936308,0.4224096534968154
7,C+S,8,4.0,0.36,True,q3_evidence_cs_penalty,PCS raw,pcs_raw,2,C+S,3.970391608345835,0.6847291700872329,3.285662438258602,3.285662438258602,0.8288177074781917,0.0429534912109375,10.52218851769363,0.8411295841942021,0.42056479209710107,0.8411295841942021,0.42056479209710107
7,C+S,8,6.0,0.0,False,q3_evidence_cs_penalty,Uniform raw,uniform_raw,2,C+S,4.0,1.4163573445596842,2.5836426554403156,2.5836426554403156,0.6459106638600789,0.09814453125,8.370848901464136,0.6614125197927208,0.3307062598963604,0.6614125197927208,0.3307062598963604
7,C+S,8,6.0,0.12,True,q3_evidence_cs_penalty,PCS raw,pcs_raw,2,C+S,3.996679855921233,1.417138851602493,2.57954100431874,2.57954100431874,0.6457152870993768,0.0946044921875,8.204904076997607,0.6603624971055975,0.33018124855279873,0.6603624971055975,0.33018124855279873
7,C+S,8,6.0,0.16,True,q3_evidence_cs_penalty,PCS raw,pcs_raw,2,C+S,3.9941028013225788,1.4346932248147164,2.5594095765078624,2.5594095765078624,0.6413266937963209,0.096588134765625,8.066083383019235,0.6552088515860128,0.3276044257930064,0.6552088515860128,0.3276044257930064
7,C+S,8,6.0,0.2,True,q3_evidence_cs_penalty,PCS raw,pcs_raw,2,C+S,3.990796214317659,1.465933054839771,2.524863159477888,2.524863159477888,0.6335167362900572,0.098663330078125,7.86549896263568,0.6463649688263393,0.32318248441316966,0.6463649688263393,0.32318248441316966
7,C+S,8,6.0,0.24,True,q3_evidence_cs_penalty,PCS raw,pcs_raw,2,C+S,3.9867651399345525,1.466197466929227,2.520567673005326,2.520567673005326,0.6334506332676932,0.0971832275390625,7.827620618755539,0.6452653242893633,0.32263266214468167,0.6452653242893633,0.32263266214468167
7,C+S,8,6.0,0.28,True,q3_evidence_cs_penalty,PCS raw,pcs_raw,2,C+S,3.982015709386646,1.4595234214967991,2.522492287889847,2.522492287889847,0.6351191446258002,0.0963134765625,7.796276036037474,0.6457580256998008,0.3228790128499004,0.6457580256998008,0.3228790128499004
7,C+S,8,6.0,0.32,True,q3_evidence_cs_penalty,PCS raw,pcs_raw,2,C+S,3.976555119443372,1.4054758879421105,2.5710792315012614,2.5710792315012614,0.6486310280144724,0.0920867919921875,7.912007707302836,0.6581962832643229,0.32909814163216145,0.6581962832643229,0.32909814163216145
7,C+S,8,6.0,0.36,True,q3_evidence_cs_penalty,PCS raw,pcs_raw,2,C+S,3.970391608345835,1.4670160836747241,2.5033755246711107,2.5033755246711107,0.633245979081319,0.096771240234375,7.620236821786268,0.6408641343158044,0.3204320671579022,0.6408641343158044,0.3204320671579022
7,C+S,10,-2.0,0.0,False,q3_evidence_cs_penalty,Uniform raw,uniform_raw,2,C+S,4.0,0.23460386369839265,3.7653961363016073,3.7653961363016073,0.9413490340754018,0.0152587890625,13.33366831930408,0.9639414108932114,0.4819707054466057,0.9639414108932114,0.4819707054466057
7,C+S,10,-2.0,0.12,True,q3_evidence_cs_penalty,PCS raw,pcs_raw,2,C+S,3.996679855921233,0.21981495305076915,3.7768649028704635,3.7768649028704635,0.9450462617373077,0.01397705078125,13.290057913743272,0.9668774151348387,0.48343870756741936,0.9668774151348387,0.48343870756741936
7,C+S,10,-2.0,0.16,True,q3_evidence_cs_penalty,PCS raw,pcs_raw,2,C+S,3.9941028013225788,0.21010321900938655,3.783999582313192,3.783999582313192,0.9474741952476533,0.0131683349609375,13.286424661833871,0.9687038930721772,0.4843519465360886,0.9687038930721772,0.4843519465360886
7,C+S,10,-2.0,0.2,True,q3_evidence_cs_penalty,PCS raw,pcs_raw,2,C+S,3.990796214317659,0.19933360684288468,3.7914626074747746,3.7914626074747746,0.9501665982892789,0.0129547119140625,13.305975962556627,0.9706144275135422,0.4853072137567711,0.9706144275135422,0.4853072137567711
7,C+S,10,-2.0,0.24,True,q3_evidence_cs_penalty,PCS raw,pcs_raw,2,C+S,3.9867651399345525,0.20619925838088293,3.7805658815536693,3.7805658815536693,0.9484501854047793,0.0132598876953125,13.243128476235993,0.9678248656777393,0.48391243283886964,0.9678248656777393,0.48391243283886964
7,C+S,10,-2.0,0.28,True,q3_evidence_cs_penalty,PCS raw,pcs_raw,2,C+S,3.982015709386646,0.18210385687298244,3.7999118525136635,3.7999118525136635,0.9544740357817544,0.0117645263671875,13.320062662385858,0.9727774342434978,0.4863887171217489,0.9727774342434978,0.4863887171217489
7,C+S,10,-2.0,0.32,True,q3_evidence_cs_penalty,PCS raw,pcs_raw,2,C+S,3.976555119443372,0.18291156388338248,3.7936435555599894,3.7936435555599894,0.9542721090291544,0.0119476318359375,13.241582619581973,0.9711727502233574,0.4855863751116787,0.9711727502233574,0.4855863751116787
7,C+S,10,-2.0,0.36,True,q3_evidence_cs_penalty,PCS raw,pcs_raw,2,C+S,3.970391608345835,0.17378399873969347,3.7966076096061414,3.7966076096061414,0.9565540003150766,0.011749267578125,13.287522818371482,0.9719315480591723,0.48596577402958613,0.9719315480591723,0.48596577402958613
7,C+S,10,0.0,0.0,False,q3_evidence_cs_penalty,Uniform raw,uniform_raw,2,C+S,4.0,0.3164472743599311,3.6835527256400686,3.6835527256400686,0.9208881814100172,0.020416259765625,12.812711088300365,0.9429894977638575,0.47149474888192877,0.9429894977638575,0.47149474888192877
7,C+S,10,0.0,0.12,True,q3_evidence_cs_penalty,PCS raw,pcs_raw,2,C+S,3.996679855921233,0.2943438446735489,3.702336011247684,3.702336011247684,0.9264140388316128,0.018646240234375,12.741746447088762,0.9477980188794071,0.47389900943970353,0.9477980188794071,0.47389900943970353
7,C+S,10,0.0,0.16,True,q3_evidence_cs_penalty,PCS raw,pcs_raw,2,C+S,3.9941028013225788,0.2811677424355139,3.712935058887065,3.712935058887065,0.9297080643911215,0.017578125,12.754287730947002,0.9505113750750886,0.4752556875375443,0.9505113750750886,0.4752556875375443
7,C+S,10,0.0,0.2,True,q3_evidence_cs_penalty,PCS raw,pcs_raw,2,C+S,3.990796214317659,0.2768769298573167,3.713919284460342,3.713919284460342,0.9307807675356707,0.0167388916015625,12.763391947394856,0.9507633368218475,0.4753816684109238,0.9507633368218475,0.4753816684109238
7,C+S,10,0.0,0.24,True,q3_evidence_cs_penalty,PCS raw,pcs_raw,2,C+S,3.9867651399345525,0.2675562098010228,3.71920893013353,3.71920893013353,0.9331109475497443,0.0171051025390625,12.759694354285163,0.9521174861141836,0.4760587430570918,0.9521174861141836,0.4760587430570918
7,C+S,10,0.0,0.28,True,q3_evidence_cs_penalty,PCS raw,pcs_raw,2,C+S,3.982015709386646,0.2682067377073473,3.7138089716792986,3.7138089716792986,0.9329483155731632,0.0171356201171875,12.689417044289893,0.9507350967499004,0.4753675483749502,0.9507350967499004,0.4753675483749502
7,C+S,10,0.0,0.32,True,q3_evidence_cs_penalty,PCS raw,pcs_raw,2,C+S,3.976555119443372,0.2719497902277076,3.7046053292156644,3.7046053292156644,0.9320125524430731,0.0170135498046875,12.643889069332726,0.9483789642792101,0.47418948213960505,0.9483789642792101,0.47418948213960505
7,C+S,10,0.0,0.36,True,q3_evidence_cs_penalty,PCS raw,pcs_raw,2,C+S,3.970391608345835,0.26798640242263205,3.7024052059232027,3.7024052059232027,0.9330033993943421,0.0167388916015625,12.618561302936602,0.9478157327163399,0.47390786635816995,0.9478157327163399,0.47390786635816995
7,C+S,10,2.0,0.0,False,q3_evidence_cs_penalty,Uniform raw,uniform_raw,2,C+S,4.0,0.5470806365759243,3.452919363424076,3.452919363424076,0.863229840856019,0.0346832275390625,11.699222103693453,0.8839473570365635,0.44197367851828173,0.8839473570365635,0.44197367851828173
7,C+S,10,2.0,0.12,True,q3_evidence_cs_penalty,PCS raw,pcs_raw,2,C+S,3.996679855921233,0.5473925041979434,3.4492873517232896,3.4492873517232896,0.8631518739505142,0.0339508056640625,11.518213473453246,0.8830175620411621,0.44150878102058105,0.8830175620411621,0.44150878102058105
7,C+S,10,2.0,0.16,True,q3_evidence_cs_penalty,PCS raw,pcs_raw,2,C+S,3.9941028013225788,0.5320015608107326,3.4621012405118465,3.4621012405118465,0.8669996097973169,0.03253173828125,11.499915120763962,0.8862979175710326,0.4431489587855163,0.8862979175710326,0.4431489587855163
7,C+S,10,2.0,0.2,True,q3_evidence_cs_penalty,PCS raw,pcs_raw,2,C+S,3.990796214317659,0.5055028063086506,3.4852934080090083,3.4852934080090083,0.8736242984228373,0.0311279296875,11.579220017180825,0.8922351124503063,0.44611755622515314,0.8922351124503063,0.44611755622515314
7,C+S,10,2.0,0.24,True,q3_evidence_cs_penalty,PCS raw,pcs_raw,2,C+S,3.9867651399345525,0.4769100021966637,3.5098551377378886,3.5098551377378886,0.8807724994508341,0.0289154052734375,11.656610492135751,0.8985229152608996,0.4492614576304498,0.8985229152608996,0.4492614576304498
7,C+S,10,2.0,0.28,True,q3_evidence_cs_penalty,PCS raw,pcs_raw,2,C+S,3.982015709386646,0.5179744231541747,3.4640412862324714,3.4640412862324714,0.8705063942114564,0.03179931640625,11.420663628990823,0.8867945692755126,0.4433972846377563,0.8867945692755126,0.4433972846377563
7,C+S,10,2.0,0.32,True,q3_evidence_cs_penalty,PCS raw,pcs_raw,2,C+S,3.976555119443372,0.5043272765808893,3.472227842862483,3.472227842862483,0.8739181808547778,0.02996826171875,11.41308087517871,0.8888903277727956,0.4444451638863978,0.8888903277727956,0.4444451638863978
7,C+S,10,2.0,0.36,True,q3_evidence_cs_penalty,PCS raw,pcs_raw,2,C+S,3.970391608345835,0.5084978702129496,3.4618937381328854,3.4618937381328854,0.8728755324467625,0.030487060546875,11.326281805745396,0.8862447969620185,0.44312239848100926,0.8862447969620185,0.44312239848100926
7,C+S,10,4.0,0.0,False,q3_evidence_cs_penalty,Uniform raw,uniform_raw,2,C+S,4.0,1.0878413254477357,2.912158674552264,2.912158674552264,0.728039668638066,0.0703887939453125,9.494709783082921,0.7455126206853796,0.3727563103426898,0.7455126206853796,0.3727563103426898
7,C+S,10,4.0,0.12,True,q3_evidence_cs_penalty,PCS raw,pcs_raw,2,C+S,3.996679855921233,1.087804573805966,2.908875282115267,2.908875282115267,0.7280488565485085,0.0704803466796875,9.312082964745912,0.7446720722215083,0.37233603611075416,0.7446720722215083,0.37233603611075416
7,C+S,10,4.0,0.16,True,q3_evidence_cs_penalty,PCS raw,pcs_raw,2,C+S,3.9941028013225788,1.1117697554926238,2.882333045829955,2.882333045829955,0.722057561126844,0.0693817138671875,9.195803776107958,0.7378772597324685,0.36893862986623427,0.7378772597324685,0.36893862986623427
7,C+S,10,4.0,0.2,True,q3_evidence_cs_penalty,PCS raw,pcs_raw,2,C+S,3.990796214317659,1.072795008975124,2.9180012053425353,2.9180012053425353,0.731801247756219,0.0676116943359375,9.226530714058176,0.7470083085676891,0.37350415428384454,0.7470083085676891,0.37350415428384454
7,C+S,10,4.0,0.24,True,q3_evidence_cs_penalty,PCS raw,pcs_raw,2,C+S,3.9867651399345525,1.0733712214457583,2.9133939184887945,2.9133939184887945,0.7316571946385604,0.06689453125,9.18349401119667,0.7458288431331314,0.3729144215665657,0.7458288431331314,0.3729144215665657
7,C+S,10,4.0,0.28,True,q3_evidence_cs_penalty,PCS raw,pcs_raw,2,C+S,3.982015709386646,1.0689821619239073,2.9130335474627387,2.9130335474627387,0.7327544595190232,0.0673370361328125,9.12835247137371,0.7457365881504612,0.3728682940752306,0.7457365881504612,0.3728682940752306
7,C+S,10,4.0,0.32,True,q3_evidence_cs_penalty,PCS raw,pcs_raw,2,C+S,3.976555119443372,1.0971069507396887,2.879448168703683,2.879448168703683,0.7257232623150778,0.0699005126953125,9.041946734193736,0.7371387311881429,0.36856936559407144,0.7371387311881429,0.36856936559407144
7,C+S,10,4.0,0.36,True,q3_evidence_cs_penalty,PCS raw,pcs_raw,2,C+S,3.970391608345835,1.0966353257314547,2.87375628261438,2.87375628261438,0.7258411685671362,0.0682373046875,8.946237685028931,0.7356816083492812,0.3678408041746406,0.7356816083492812,0.3678408041746406
7,C+S,10,6.0,0.0,False,q3_evidence_cs_penalty,Uniform raw,uniform_raw,2,C+S,4.0,2.042842328551891,1.9571576714481091,1.9571576714481091,0.4892894178620273,0.154571533203125,6.106460179706197,0.5010323638907159,0.25051618194535796,0.5010323638907159,0.25051618194535796
7,C+S,10,6.0,0.12,True,q3_evidence_cs_penalty,PCS raw,pcs_raw,2,C+S,3.996679855921233,2.0951305365320563,1.9015493193891766,1.9015493193891766,0.47621736586698593,0.1573028564453125,5.94491521495851,0.48679662576362925,0.24339831288181463,0.48679662576362925,0.24339831288181463
7,C+S,10,6.0,0.16,True,q3_evidence_cs_penalty,PCS raw,pcs_raw,2,C+S,3.9941028013225788,2.097696359459796,1.8964064418627826,1.8964064418627826,0.47557591013505096,0.1537322998046875,5.857727243120047,0.48548004911687237,0.24274002455843618,0.48548004911687237,0.24274002455843618
7,C+S,10,6.0,0.2,True,q3_evidence_cs_penalty,PCS raw,pcs_raw,2,C+S,3.990796214317659,2.0759690436286817,1.9148271706889772,1.9148271706889772,0.4810077390928295,0.150726318359375,5.8680623553150175,0.4901957556963782,0.2450978778481891,0.4901957556963782,0.2450978778481891
7,C+S,10,6.0,0.24,True,q3_evidence_cs_penalty,PCS raw,pcs_raw,2,C+S,3.9867651399345525,2.096202333086093,1.8905628068484597,1.8905628068484597,0.4759494167284768,0.1531982421875,5.735106431566263,0.4839840785532057,0.24199203927660284,0.4839840785532057,0.24199203927660284
7,C+S,10,6.0,0.28,True,q3_evidence_cs_penalty,PCS raw,pcs_raw,2,C+S,3.982015709386646,2.132779256376843,1.8492364530098029,1.8492364530098029,0.46680518590578923,0.1534881591796875,5.615617940735187,0.4734045319705095,0.23670226598525476,0.4734045319705095,0.23670226598525476
7,C+S,10,6.0,0.32,True,q3_evidence_cs_penalty,PCS raw,pcs_raw,2,C+S,3.976555119443372,2.0774655171086387,1.8990896023347335,1.8990896023347335,0.4806336207228404,0.1507110595703125,5.687057352637006,0.48616693819769174,0.24308346909884587,0.48616693819769174,0.24308346909884587
7,C+S,10,6.0,0.36,True,q3_evidence_cs_penalty,PCS raw,pcs_raw,2,C+S,3.970391608345835,2.1623656086423857,1.8080259997034491,1.8080259997034491,0.4594085978394036,0.155975341796875,5.3998913103503625,0.462854655924083,0.2314273279620415,0.462854655924083,0.2314273279620415
7,C+S,12,-2.0,0.0,False,q3_evidence_cs_penalty,Uniform raw,uniform_raw,2,C+S,4.0,0.2803672896601301,3.7196327103398703,3.7196327103398703,0.9299081775849676,0.018341064453125,13.07974159878253,0.9522259738470067,0.47611298692350335,0.9522259738470067,0.47611298692350335
7,C+S,12,-2.0,0.12,True,q3_evidence_cs_penalty,PCS raw,pcs_raw,2,C+S,3.996679855921233,0.24567171455605716,3.7510081413651757,3.7510081413651757,0.9385820713609857,0.0156402587890625,13.061080993547318,0.9602580841894849,0.48012904209474244,0.9602580841894849,0.48012904209474244
7,C+S,12,-2.0,0.16,True,q3_evidence_cs_penalty,PCS raw,pcs_raw,2,C+S,3.9941028013225788,0.24208819840410828,3.7520146029184707,3.7520146029184707,0.939477950398973,0.01513671875,13.053675192762238,0.9605157383471284,0.4802578691735642,0.9605157383471284,0.4802578691735642
7,C+S,12,-2.0,0.2,True,q3_evidence_cs_penalty,PCS raw,pcs_raw,2,C+S,3.990796214317659,0.23881608284630063,3.751980131471359,3.751980131471359,0.9402959792884249,0.01519775390625,13.04017201625353,0.9605069136566678,0.4802534568283339,0.9605069136566678,0.4802534568283339
7,C+S,12,-2.0,0.24,True,q3_evidence_cs_penalty,PCS raw,pcs_raw,2,C+S,3.9867651399345525,0.2236914086524782,3.7630737312820743,3.7630737312820743,0.9440771478368805,0.01409912109375,13.088295619919194,0.963346875208211,0.4816734376041055,0.963346875208211,0.4816734376041055
7,C+S,12,-2.0,0.28,True,q3_evidence_cs_penalty,PCS raw,pcs_raw,2,C+S,3.982015709386646,0.22687680670693344,3.7551389026797124,3.7551389026797124,0.9432807983232666,0.0147705078125,12.975990351371763,0.9613155590860063,0.48065777954300315,0.9613155590860063,0.48065777954300315
7,C+S,12,-2.0,0.32,True,q3_evidence_cs_penalty,PCS raw,pcs_raw,2,C+S,3.976555119443372,0.21850720331851337,3.7580479161248586,3.7580479161248586,0.9453731991703717,0.013946533203125,13.006400702036235,0.9620602665279638,0.4810301332639819,0.9620602665279638,0.4810301332639819
7,C+S,12,-2.0,0.36,True,q3_evidence_cs_penalty,PCS raw,pcs_raw,2,C+S,3.970391608345835,0.20760752566324503,3.7627840826825896,3.7627840826825896,0.9480981185841888,0.0133819580078125,12.993279051882908,0.963272725166743,0.4816363625833715,0.963272725166743,0.4816363625833715
7,C+S,12,0.0,0.0,False,q3_evidence_cs_penalty,Uniform raw,uniform_raw,2,C+S,4.0,0.412782022265923,3.5872179777340767,3.5872179777340767,0.8968044944335192,0.0267486572265625,12.359481340785454,0.9183278022999237,0.45916390114996186,0.9183278022999237,0.45916390114996186
7,C+S,12,0.0,0.12,True,q3_evidence_cs_penalty,PCS raw,pcs_raw,2,C+S,3.996679855921233,0.39564346787050364,3.601036388050729,3.601036388050729,0.901089133032374,0.024139404296875,12.190589654447248,0.9218653153409867,0.46093265767049335,0.9218653153409867,0.46093265767049335
7,C+S,12,0.0,0.16,True,q3_evidence_cs_penalty,PCS raw,pcs_raw,2,C+S,3.9941028013225788,0.37648948325918846,3.6176133180633903,3.6176133180633903,0.9058776291852029,0.0239715576171875,12.219687332141108,0.9261090094242279,0.46305450471211396,0.9261090094242279,0.46305450471211396
7,C+S,12,0.0,0.2,True,q3_evidence_cs_penalty,PCS raw,pcs_raw,2,C+S,3.990796214317659,0.36849139948451676,3.6223048148331425,3.6223048148331425,0.9078771501288708,0.0230255126953125,12.21822410843459,0.9273100325972845,0.46365501629864225,0.9273100325972845,0.46365501629864225
7,C+S,12,0.0,0.24,True,q3_evidence_cs_penalty,PCS raw,pcs_raw,2,C+S,3.9867651399345525,0.35796793275638666,3.628797207178166,3.628797207178166,0.9105080168109033,0.0220184326171875,12.241655197311506,0.9289720850376104,0.4644860425188052,0.9289720850376104,0.4644860425188052
7,C+S,12,0.0,0.28,True,q3_evidence_cs_penalty,PCS raw,pcs_raw,2,C+S,3.982015709386646,0.3428298512614838,3.6391858581251624,3.6391858581251624,0.9142925371846291,0.0208892822265625,12.251391345478812,0.9316315796800415,0.46581578984002076,0.9316315796800415,0.46581578984002076
7,C+S,12,0.0,0.32,True,q3_evidence_cs_penalty,PCS raw,pcs_raw,2,C+S,3.976555119443372,0.3561977112720437,3.620357408171328,3.620357408171328,0.910950572181989,0.02191162109375,12.13080125939177,0.9268114964918599,0.46340574824592995,0.9268114964918599,0.46340574824592995
7,C+S,12,0.0,0.36,True,q3_evidence_cs_penalty,PCS raw,pcs_raw,2,C+S,3.970391608345835,0.3291800779412434,3.6412115304045916,3.6412115304045916,0.9177049805146892,0.020538330078125,12.22205178881231,0.9321501517835755,0.46607507589178776,0.9321501517835755,0.46607507589178776
7,C+S,12,2.0,0.0,False,q3_evidence_cs_penalty,Uniform raw,uniform_raw,2,C+S,4.0,0.7713040950084762,3.228695904991524,3.228695904991524,0.807173976247881,0.0485687255859375,10.680719955433984,0.8265461516778301,0.41327307583891504,0.8265461516778301,0.41327307583891504
7,C+S,12,2.0,0.12,True,q3_evidence_cs_penalty,PCS raw,pcs_raw,2,C+S,3.996679855921233,0.7580611831030089,3.238618672818224,3.238618672818224,0.8104847042242478,0.04644775390625,10.59412493160277,0.8290863802414653,0.41454319012073265,0.8290863802414653,0.41454319012073265
7,C+S,12,2.0,0.16,True,q3_evidence_cs_penalty,PCS raw,pcs_raw,2,C+S,3.9941028013225788,0.7216748533551376,3.2724279479674414,3.2724279479674414,0.8195812866612157,0.044189453125,10.650925568008415,0.8377415546796649,0.41887077733983247,0.8377415546796649,0.41887077733983247
7,C+S,12,2.0,0.2,True,q3_evidence_cs_penalty,PCS raw,pcs_raw,2,C+S,3.990796214317659,0.7399654926057284,3.2508307217119308,3.2508307217119308,0.8150086268485679,0.045257568359375,10.511713417451524,0.8322126647582543,0.41610633237912714,0.8322126647582543,0.41610633237912714
7,C+S,12,2.0,0.24,True,q3_evidence_cs_penalty,PCS raw,pcs_raw,2,C+S,3.9867651399345525,0.73109514647925,3.2556699934553026,3.2556699934553026,0.8172262133801875,0.0445709228515625,10.478560425545961,0.8334515183245574,0.4167257591622787,0.8334515183245574,0.4167257591622787
7,C+S,12,2.0,0.28,True,q3_evidence_cs_penalty,PCS raw,pcs_raw,2,C+S,3.982015709386646,0.7277212898508417,3.254294419535804,3.254294419535804,0.8180696775372895,0.0435943603515625,10.436346889715038,0.8330993714011659,0.41654968570058293,0.8330993714011659,0.41654968570058293
7,C+S,12,2.0,0.32,True,q3_evidence_cs_penalty,PCS raw,pcs_raw,2,C+S,3.976555119443372,0.7310161512313005,3.245538968212071,3.245538968212071,0.8172459621921748,0.0431671142578125,10.355907188489018,0.8308579758622903,0.41542898793114513,0.8308579758622903,0.41542898793114513
7,C+S,12,2.0,0.36,True,q3_evidence_cs_penalty,PCS raw,pcs_raw,2,C+S,3.970391608345835,0.7147889402644672,3.2556026680813677,3.2556026680813677,0.8213027649338832,0.0426025390625,10.457647108419193,0.8334342830288302,0.4167171415144151,0.8334342830288302,0.4167171415144151
7,C+S,12,4.0,0.0,False,q3_evidence_cs_penalty,Uniform raw,uniform_raw,2,C+S,4.0,1.520042452069989,2.4799575479300113,2.4799575479300113,0.6199893869825028,0.10546875,7.859300863832987,0.634869132270083,0.3174345661350415,0.634869132270083,0.3174345661350415
7,C+S,12,4.0,0.12,True,q3_evidence_cs_penalty,PCS raw,pcs_raw,2,C+S,3.996679855921233,1.5087889923198512,2.4878908636013817,2.4878908636013817,0.6228027519200372,0.101837158203125,7.743815127696651,0.6369000610819537,0.31845003054097687,0.6369000610819537,0.31845003054097687
7,C+S,12,4.0,0.16,True,q3_evidence_cs_penalty,PCS raw,pcs_raw,2,C+S,3.9941028013225788,1.502546014111756,2.491556787210823,2.491556787210823,0.624363496472061,0.1011962890625,7.7777302704602285,0.6378385375259706,0.3189192687629853,0.6378385375259706,0.3189192687629853
7,C+S,12,4.0,0.2,True,q3_evidence_cs_penalty,PCS raw,pcs_raw,2,C+S,3.990796214317659,1.4948605404469193,2.49593567387074,2.49593567387074,0.6262848648882702,0.0995025634765625,7.772105361005741,0.6389595325109094,0.3194797662554547,0.6389595325109094,0.3194797662554547
7,C+S,12,4.0,0.24,True,q3_evidence_cs_penalty,PCS raw,pcs_raw,2,C+S,3.9867651399345525,1.5362829968203604,2.4504821431141917,2.4504821431141917,0.6159292507949099,0.10125732421875,7.497440554117542,0.6273234286372331,0.31366171431861656,0.6273234286372331,0.31366171431861656
7,C+S,12,4.0,0.28,True,q3_evidence_cs_penalty,PCS raw,pcs_raw,2,C+S,3.982015709386646,1.491269332328486,2.49074637705816,2.49074637705816,0.6271826669178785,0.097625732421875,7.681314328066556,0.6376310725268889,0.31881553626344444,0.6376310725268889,0.31881553626344444
7,C+S,12,4.0,0.32,True,q3_evidence_cs_penalty,PCS raw,pcs_raw,2,C+S,3.976555119443372,1.5411589149675247,2.435396204475847,2.435396204475847,0.6147102712581187,0.1014556884765625,7.42322559564589,0.6234614283458169,0.31173071417290843,0.6234614283458169,0.31173071417290843
7,C+S,12,4.0,0.36,True,q3_evidence_cs_penalty,PCS raw,pcs_raw,2,C+S,3.970391608345835,1.535053449951584,2.435338158394251,2.435338158394251,0.616236637512104,0.099853515625,7.397082971762153,0.6234465685489282,0.3117232842744641,0.6234465685489282,0.3117232842744641
7,C+S,12,6.0,0.0,False,q3_evidence_cs_penalty,Uniform raw,uniform_raw,2,C+S,4.0,2.6379316542177245,1.3620683457822758,1.3620683457822758,0.34051708644556894,0.2155914306640625,4.327119315970304,0.3486894965202626,0.1743447482601313,0.3486894965202626,0.1743447482601313
7,C+S,12,6.0,0.12,True,q3_evidence_cs_penalty,PCS raw,pcs_raw,2,C+S,3.996679855921233,2.670163952186676,1.3265159037345569,1.3265159037345569,0.332459011953331,0.213623046875,4.114196164100445,0.3395880713560466,0.1697940356780233,0.3395880713560466,0.1697940356780233
7,C+S,12,6.0,0.16,True,q3_evidence_cs_penalty,PCS raw,pcs_raw,2,C+S,3.9941028013225788,2.7062870375816956,1.2878157637408834,1.2878157637408834,0.32342824060457614,0.2167510986328125,3.975727575135217,0.32968083551766614,0.16484041775883307,0.32968083551766614,0.16484041775883307
7,C+S,12,6.0,0.2,True,q3_evidence_cs_penalty,PCS raw,pcs_raw,2,C+S,3.990796214317659,2.7209981020028193,1.26979811231484,1.26979811231484,0.3197504744992952,0.2154083251953125,3.9209601561634697,0.32506831675259906,0.16253415837629953,0.32506831675259906,0.16253415837629953
7,C+S,12,6.0,0.24,True,q3_evidence_cs_penalty,PCS raw,pcs_raw,2,C+S,3.9867651399345525,2.7279645652700486,1.2588005746645037,1.2588005746645037,0.3180088586824878,0.2129364013671875,3.846951090555163,0.3222529471141129,0.16112647355705645,0.3222529471141129,0.16112647355705645
7,C+S,12,6.0,0.28,True,q3_evidence_cs_penalty,PCS raw,pcs_raw,2,C+S,3.982015709386646,2.666845631885476,1.3151700775011703,1.3151700775011703,0.3332885920286311,0.206268310546875,3.998702911592095,0.33668353984029964,0.16834176992014982,0.33668353984029964,0.16834176992014982
7,C+S,12,6.0,0.32,True,q3_evidence_cs_penalty,PCS raw,pcs_raw,2,C+S,3.976555119443372,2.7426367379174628,1.2339183815259092,1.2339183815259092,0.3143408155206343,0.2131805419921875,3.7210402484231353,0.3158831056706327,0.15794155283531636,0.3158831056706327,0.15794155283531636
7,C+S,12,6.0,0.36,True,q3_evidence_cs_penalty,PCS raw,pcs_raw,2,C+S,3.970391608345835,2.7501859797173767,1.2202056286284584,1.2202056286284584,0.3124535050706559,0.2149505615234375,3.7924216699551443,0.31237264092888534,0.15618632046444267,0.31237264092888534,0.15618632046444267
7,S,6,-2.0,0.0,False,q3_evidence,Uniform raw,uniform_raw,1,S,4.0,0.17936843832215463,3.8206315616778452,3.8206315616778452,0.9551578904194613,0.0111083984375,13.934315724515558,0.48904083989476416,0.48904083989476416,0.48904083989476416,0.48904083989476416
7,S,6,-2.0,0.12,True,q3_evidence,PCS raw,pcs_raw,1,S,3.996679855921233,0.1701166192720575,3.8265632366491755,3.8265632366491755,0.9574708451819857,0.0106201171875,13.91182446050169,0.4898000942910945,0.4898000942910945,0.4898000942910945,0.4898000942910945
7,S,6,-2.0,0.16,True,q3_evidence,PCS raw,pcs_raw,1,S,3.9941028013225788,0.14328017876958676,3.8508226225529922,3.8508226225529922,0.9641799553076034,0.008575439453125,14.034611422027897,0.49290529568678304,0.49290529568678304,0.49290529568678304,0.49290529568678304
7,S,6,-2.0,0.2,True,q3_evidence,PCS raw,pcs_raw,1,S,3.990796214317659,0.14000980249241088,3.8507864118252484,3.8507864118252484,0.9649975493768973,0.008697509765625,13.933110224798158,0.49290066071363176,0.49290066071363176,0.49290066071363176,0.49290066071363176
7,S,6,-2.0,0.24,True,q3_evidence,PCS raw,pcs_raw,1,S,3.9867651399345525,0.15054070894770877,3.8362244309868436,3.8362244309868436,0.9623648227630728,0.009613037109375,13.917879101183937,0.49103672716631597,0.49103672716631597,0.49103672716631597,0.49103672716631597
7,S,6,-2.0,0.28,True,q3_evidence,PCS raw,pcs_raw,1,S,3.982015709386646,0.13971964230752684,3.8422960670791193,3.8422960670791193,0.9650700894231183,0.008697509765625,13.91823363754215,0.4918138965861273,0.4918138965861273,0.4918138965861273,0.4918138965861273
7,S,6,-2.0,0.32,True,q3_evidence,PCS raw,pcs_raw,1,S,3.976555119443372,0.1251596059285435,3.8513955135148286,3.8513955135148286,0.9687100985178642,0.007415771484375,14.00279765860226,0.4929786257298981,0.4929786257298981,0.4929786257298981,0.4929786257298981
7,S,6,-2.0,0.36,True,q3_evidence,PCS raw,pcs_raw,1,S,3.970391608345835,0.13695946526334296,3.833432143082492,3.833432143082492,0.9657601336841642,0.0091552734375,13.861176999624313,0.49067931431455897,0.49067931431455897,0.49067931431455897,0.49067931431455897
7,S,6,0.0,0.0,False,q3_evidence,Uniform raw,uniform_raw,1,S,4.0,0.18754744438326548,3.8124525556167344,3.8124525556167344,0.9531131389041836,0.012451171875,13.804684661015878,0.487993927118942,0.487993927118942,0.487993927118942,0.487993927118942
7,S,6,0.0,0.12,True,q3_evidence,PCS raw,pcs_raw,1,S,3.996679855921233,0.15938248500076696,3.837297370920466,3.837297370920466,0.9601543787498082,0.009918212890625,13.885775390144175,0.49117406347781967,0.49117406347781967,0.49117406347781967,0.49117406347781967
7,S,6,0.0,0.16,True,q3_evidence,PCS raw,pcs_raw,1,S,3.9941028013225788,0.17888182220471538,3.8152209791178633,3.8152209791178633,0.9552795444488211,0.01177978515625,13.741411963306241,0.48834828532708646,0.48834828532708646,0.48834828532708646,0.48834828532708646
7,S,6,0.0,0.2,True,q3_evidence,PCS raw,pcs_raw,1,S,3.990796214317659,0.1650655503676951,3.825730663949964,3.825730663949964,0.9587336124080762,0.0106201171875,13.812146185363295,0.4896935249855954,0.4896935249855954,0.4896935249855954,0.4896935249855954
7,S,6,0.0,0.24,True,q3_evidence,PCS raw,pcs_raw,1,S,3.9867651399345525,0.15354440954632176,3.8332207303882306,3.8332207303882306,0.9616138976134195,0.010528564453125,13.841770573984796,0.49065225348969355,0.49065225348969355,0.49065225348969355,0.49065225348969355
7,S,6,0.0,0.28,True,q3_evidence,PCS raw,pcs_raw,1,S,3.982015709386646,0.15365289101847956,3.8283628183681664,3.8283628183681664,0.9615867772453801,0.0096435546875,13.844962784665602,0.4900304407511253,0.4900304407511253,0.4900304407511253,0.4900304407511253
7,S,6,0.0,0.32,True,q3_evidence,PCS raw,pcs_raw,1,S,3.976555119443372,0.13927893524579318,3.8372761841975787,3.8372761841975787,0.9651802661885517,0.008636474609375,13.820252590583767,0.49117135157729,0.49117135157729,0.49117135157729,0.49117135157729
7,S,6,0.0,0.36,True,q3_evidence,PCS raw,pcs_raw,1,S,3.970391608345835,0.13187150249462143,3.8385201058512135,3.8385201058512135,0.9670321243763447,0.00848388671875,13.859645502031823,0.4913305735489553,0.4913305735489553,0.4913305735489553,0.4913305735489553
7,S,6,2.0,0.0,False,q3_evidence,Uniform raw,uniform_raw,1,S,4.0,0.2387134548873201,3.76128654511268,3.76128654511268,0.94032163627817,0.015228271484375,13.55065701275376,0.481444677774423,0.481444677774423,0.481444677774423,0.481444677774423
7,S,6,2.0,0.12,True,q3_evidence,PCS raw,pcs_raw,1,S,3.996679855921233,0.20824820798078136,3.7884316479404516,3.7884316479404516,0.9479379480048047,0.012725830078125,13.51441343595402,0.48491925093637783,0.48491925093637783,0.48491925093637783,0.48491925093637783
7,S,6,2.0,0.16,True,q3_evidence,PCS raw,pcs_raw,1,S,3.9941028013225788,0.18737449268940815,3.8067283086331707,3.8067283086331707,0.953156376827648,0.011993408203125,13.55995453935794,0.48726122350504586,0.48726122350504586,0.48726122350504586,0.48726122350504586
7,S,6,2.0,0.2,True,q3_evidence,PCS raw,pcs_raw,1,S,3.990796214317659,0.1915853764841225,3.7992108378335367,3.7992108378335367,0.9521036558789694,0.012298583984375,13.557912948073131,0.4862989872426927,0.4862989872426927,0.4862989872426927,0.4862989872426927
7,S,6,2.0,0.24,True,q3_evidence,PCS raw,pcs_raw,1,S,3.9867651399345525,0.18964417364128386,3.7971209662932686,3.7971209662932686,0.952588956589679,0.01220703125,13.458173995894517,0.4860314836855384,0.4860314836855384,0.4860314836855384,0.4860314836855384
7,S,6,2.0,0.28,True,q3_evidence,PCS raw,pcs_raw,1,S,3.982015709386646,0.19463365006397892,3.787382059322667,3.787382059322667,0.9513415874840052,0.012664794921875,13.509291621824808,0.48478490359330134,0.48478490359330134,0.48478490359330134,0.48478490359330134
7,S,6,2.0,0.32,True,q3_evidence,PCS raw,pcs_raw,1,S,3.976555119443372,0.17972136259917573,3.796833756844196,3.796833756844196,0.955069659350206,0.01165771484375,13.445581054207171,0.4859947208760571,0.4859947208760571,0.4859947208760571,0.4859947208760571
7,S,6,2.0,0.36,True,q3_evidence,PCS raw,pcs_raw,1,S,3.970391608345835,0.17742660557691814,3.792965002768917,3.792965002768917,0.9556433486057705,0.011993408203125,13.447581690803133,0.48549952035442134,0.48549952035442134,0.48549952035442134,0.48549952035442134
7,S,6,4.0,0.0,False,q3_evidence,Uniform raw,uniform_raw,1,S,4.0,0.33237329588036224,3.6676267041196375,3.6676267041196375,0.9169066760299094,0.021209716796875,12.95079331103209,0.4694562181273136,0.4694562181273136,0.4694562181273136,0.4694562181273136
7,S,6,4.0,0.12,True,q3_evidence,PCS raw,pcs_raw,1,S,3.996679855921233,0.3172928204762229,3.67938703544501,3.67938703544501,0.9206767948809442,0.0203857421875,12.788783004674238,0.47096154053696127,0.47096154053696127,0.47096154053696127,0.47096154053696127
7,S,6,4.0,0.16,True,q3_evidence,PCS raw,pcs_raw,1,S,3.9941028013225788,0.31194574103079525,3.6821570602917837,3.6821570602917837,0.9220135647423012,0.0191650390625,12.760556682068682,0.47131610371734833,0.47131610371734833,0.47131610371734833,0.47131610371734833
7,S,6,4.0,0.2,True,q3_evidence,PCS raw,pcs_raw,1,S,3.990796214317659,0.31185225346786377,3.6789439608497956,3.6789439608497956,0.9220369366330341,0.019287109375,12.735198266582877,0.47090482698877384,0.47090482698877384,0.47090482698877384,0.47090482698877384
7,S,6,4.0,0.24,True,q3_evidence,PCS raw,pcs_raw,1,S,3.9867651399345525,0.3064665264773656,3.680298613457187,3.680298613457187,0.9233833683806586,0.0186767578125,12.750413084099364,0.4710782225225199,0.4710782225225199,0.4710782225225199,0.4710782225225199
7,S,6,4.0,0.28,True,q3_evidence,PCS raw,pcs_raw,1,S,3.982015709386646,0.3101912559694062,3.6718244534172397,3.6718244534172397,0.9224521860076484,0.019866943359375,12.673395538337784,0.4699935300374067,0.4699935300374067,0.4699935300374067,0.4699935300374067
7,S,6,4.0,0.32,True,q3_evidence,PCS raw,pcs_raw,1,S,3.976555119443372,0.2702234125718775,3.7063317068714943,3.7063317068714943,0.9324441468570306,0.017822265625,12.671023416190113,0.47441045847955127,0.47441045847955127,0.47441045847955127,0.47441045847955127
7,S,6,4.0,0.36,True,q3_evidence,PCS raw,pcs_raw,1,S,3.970391608345835,0.27288987666788667,3.6975017316779484,3.6975017316779484,0.9317775308330284,0.01708984375,12.700631747679301,0.4732802216547774,0.4732802216547774,0.4732802216547774,0.4732802216547774
7,S,6,6.0,0.0,False,q3_evidence,Uniform raw,uniform_raw,1,S,4.0,0.6392006725583848,3.3607993274416152,3.3607993274416152,0.8401998318604038,0.04168701171875,11.463805399438682,0.43018231391252676,0.43018231391252676,0.43018231391252676,0.43018231391252676
7,S,6,6.0,0.12,True,q3_evidence,PCS raw,pcs_raw,1,S,3.996679855921233,0.6163568254324718,3.380323030488761,3.380323030488761,0.845910793641882,0.039794921875,11.27837656318321,0.4326813479025614,0.4326813479025614,0.4326813479025614,0.4326813479025614
7,S,6,6.0,0.16,True,q3_evidence,PCS raw,pcs_raw,1,S,3.9941028013225788,0.6032699977701124,3.3908328035524664,3.3908328035524664,0.8491825005574719,0.037139892578125,11.353040662184888,0.4340265988547157,0.4340265988547157,0.4340265988547157,0.4340265988547157
7,S,6,6.0,0.2,True,q3_evidence,PCS raw,pcs_raw,1,S,3.990796214317659,0.5867619249546443,3.4040342893630147,3.4040342893630147,0.8533095187613389,0.0364990234375,11.351527183897405,0.4357163890384659,0.4357163890384659,0.4357163890384659,0.4357163890384659
7,S,6,6.0,0.24,True,q3_evidence,PCS raw,pcs_raw,1,S,3.9867651399345525,0.5949494658877631,3.3918156740467893,3.3918156740467893,0.8512626335280592,0.037994384765625,11.252096402620486,0.434152406277989,0.434152406277989,0.434152406277989,0.434152406277989
7,S,6,6.0,0.28,True,q3_evidence,PCS raw,pcs_raw,1,S,3.982015709386646,0.6131282607864894,3.3688874486001565,3.3688874486001565,0.8467179348033776,0.037567138671875,11.183427544496414,0.43121759342082,0.43121759342082,0.43121759342082,0.43121759342082
7,S,6,6.0,0.32,True,q3_evidence,PCS raw,pcs_raw,1,S,3.976555119443372,0.5828584346231732,3.3936966848201986,3.3936966848201986,0.8542853913442067,0.03631591796875,11.231412228243459,0.43439317565698543,0.43439317565698543,0.43439317565698543,0.43439317565698543
7,S,6,6.0,0.36,True,q3_evidence,PCS raw,pcs_raw,1,S,3.970391608345835,0.5936454715948816,3.3767461367509535,3.3767461367509535,0.8515886321012797,0.035858154296875,11.116460800728094,0.4322235055041221,0.4322235055041221,0.4322235055041221,0.4322235055041221
7,S,8,-2.0,0.0,False,q3_evidence,Uniform raw,uniform_raw,1,S,4.0,0.20330490047490307,3.7966950995250968,3.7966950995250968,0.9491737748812742,0.013153076171875,13.806738558554873,0.4859769727392124,0.4859769727392124,0.4859769727392124,0.4859769727392124
7,S,8,-2.0,0.12,True,q3_evidence,PCS raw,pcs_raw,1,S,3.996679855921233,0.1647536695650832,3.83192618635615,3.83192618635615,0.9588115826087292,0.01068115234375,13.898318475648532,0.49048655185358714,0.49048655185358714,0.49048655185358714,0.49048655185358714
7,S,8,-2.0,0.16,True,q3_evidence,PCS raw,pcs_raw,1,S,3.9941028013225788,0.16176343353850914,3.8323393677840696,3.8323393677840696,0.9595591416153727,0.01025390625,13.85326390764694,0.4905394390763609,0.4905394390763609,0.4905394390763609,0.4905394390763609
7,S,8,-2.0,0.2,True,q3_evidence,PCS raw,pcs_raw,1,S,3.990796214317659,0.16810304352998995,3.8226931707876695,3.8226931707876695,0.9579742391175026,0.010711669921875,13.714879548711668,0.48930472586082174,0.48930472586082174,0.48930472586082174,0.48930472586082174
7,S,8,-2.0,0.24,True,q3_evidence,PCS raw,pcs_raw,1,S,3.9867651399345525,0.14970967527692214,3.8370554646576305,3.8370554646576305,0.9625725811807695,0.00970458984375,13.864694682030121,0.4911430994761767,0.4911430994761767,0.4911430994761767,0.4911430994761767
7,S,8,-2.0,0.28,True,q3_evidence,PCS raw,pcs_raw,1,S,3.982015709386646,0.15249627881236635,3.8295194305742797,3.8295194305742797,0.9618759302969084,0.00994873046875,13.84501740814235,0.4901784871135078,0.4901784871135078,0.4901784871135078,0.4901784871135078
7,S,8,-2.0,0.32,True,q3_evidence,PCS raw,pcs_raw,1,S,3.976555119443372,0.15371620127410746,3.8228389181692646,3.8228389181692646,0.9615709496814732,0.010009765625,13.751431254818609,0.4893233815256659,0.4893233815256659,0.4893233815256659,0.4893233815256659
7,S,8,-2.0,0.36,True,q3_evidence,PCS raw,pcs_raw,1,S,3.970391608345835,0.1520837561684829,3.8183078521773517,3.8183078521773517,0.9619790609578792,0.009735107421875,13.7671102154372,0.488743405078701,0.488743405078701,0.488743405078701,0.488743405078701
7,S,8,0.0,0.0,False,q3_evidence,Uniform raw,uniform_raw,1,S,4.0,0.2266537468633561,3.7733462531366437,3.7733462531366437,0.9433365632841609,0.01470947265625,13.526635917852987,0.4829883204014904,0.4829883204014904,0.4829883204014904,0.4829883204014904
7,S,8,0.0,0.12,True,q3_evidence,PCS raw,pcs_raw,1,S,3.996679855921233,0.20745855821930304,3.7892212977019297,3.7892212977019297,0.9481353604451742,0.0133056640625,13.539126176197371,0.485020326105847,0.485020326105847,0.485020326105847,0.485020326105847
7,S,8,0.0,0.16,True,q3_evidence,PCS raw,pcs_raw,1,S,3.9941028013225788,0.20288192246468634,3.7912208788578923,3.7912208788578923,0.9492795193838284,0.01336669921875,13.557085385389964,0.48527627249381017,0.48527627249381017,0.48527627249381017,0.48527627249381017
7,S,8,0.0,0.2,True,q3_evidence,PCS raw,pcs_raw,1,S,3.990796214317659,0.18590877487589805,3.804887439441761,3.804887439441761,0.9535228062810255,0.01153564453125,13.5609125650439,0.4870255922485454,0.4870255922485454,0.4870255922485454,0.4870255922485454
7,S,8,0.0,0.24,True,q3_evidence,PCS raw,pcs_raw,1,S,3.9867651399345525,0.178843954136656,3.8079211857978965,3.8079211857978965,0.955289011465836,0.012237548828125,13.582851298524858,0.4874139117821307,0.4874139117821307,0.4874139117821307,0.4874139117821307
7,S,8,0.0,0.28,True,q3_evidence,PCS raw,pcs_raw,1,S,3.982015709386646,0.1782712530884743,3.8037444562981717,3.8037444562981717,0.9554321867278814,0.011688232421875,13.542733862323729,0.48687929040616595,0.48687929040616595,0.48687929040616595,0.48687929040616595
7,S,8,0.0,0.32,True,q3_evidence,PCS raw,pcs_raw,1,S,3.976555119443372,0.17482006686466162,3.80173505257871,3.80173505257871,0.9562949832838346,0.01123046875,13.458796709451216,0.4866220867300749,0.4866220867300749,0.4866220867300749,0.4866220867300749
7,S,8,0.0,0.36,True,q3_evidence,PCS raw,pcs_raw,1,S,3.970391608345835,0.15884720706979422,3.8115444012760404,3.8115444012760404,0.9602881982325514,0.010345458984375,13.57986336068105,0.4878776833633332,0.4878776833633332,0.4878776833633332,0.4878776833633332
7,S,8,2.0,0.0,False,q3_evidence,Uniform raw,uniform_raw,1,S,4.0,0.31032396958901853,3.6896760304109817,3.6896760304109817,0.9224190076027454,0.0203857421875,13.046859267722049,0.47227853189260566,0.47227853189260566,0.47227853189260566,0.47227853189260566
7,S,8,2.0,0.12,True,q3_evidence,PCS raw,pcs_raw,1,S,3.996679855921233,0.2799940153519615,3.7166858405692715,3.7166858405692715,0.9300014961620097,0.017425537109375,12.963459983754717,0.4757357875928668,0.4757357875928668,0.4757357875928668,0.4757357875928668
7,S,8,2.0,0.16,True,q3_evidence,PCS raw,pcs_raw,1,S,3.9941028013225788,0.2604431663130184,3.7336596350095603,3.7336596350095603,0.9348892084217454,0.016357421875,13.073159052991983,0.4779084332812237,0.4779084332812237,0.4779084332812237,0.4779084332812237
7,S,8,2.0,0.2,True,q3_evidence,PCS raw,pcs_raw,1,S,3.990796214317659,0.25294085483149975,3.7378553594861597,3.7378553594861597,0.9367647862921251,0.015960693359375,13.089177106758996,0.4784454860142284,0.4784454860142284,0.4784454860142284,0.4784454860142284
7,S,8,2.0,0.24,True,q3_evidence,PCS raw,pcs_raw,1,S,3.9867651399345525,0.2631276822770081,3.7236374576575444,3.7236374576575444,0.934218079430748,0.016754150390625,12.94542904996531,0.47662559458016573,0.47662559458016573,0.47662559458016573,0.47662559458016573
7,S,8,2.0,0.28,True,q3_evidence,PCS raw,pcs_raw,1,S,3.982015709386646,0.24917824626269916,3.7328374631239467,3.7328374631239467,0.9377054384343252,0.01470947265625,12.965038044340986,0.4778031952798652,0.4778031952798652,0.4778031952798652,0.4778031952798652
7,S,8,2.0,0.32,True,q3_evidence,PCS raw,pcs_raw,1,S,3.976555119443372,0.24375330654916613,3.732801812894206,3.732801812894206,0.9390616733627085,0.01580810546875,13.004109391633666,0.47779863205045836,0.47779863205045836,0.47779863205045836,0.47779863205045836
7,S,8,2.0,0.36,True,q3_evidence,PCS raw,pcs_raw,1,S,3.970391608345835,0.2534669659028137,3.716924642443021,3.716924642443021,0.9366332585242966,0.016632080078125,12.809728131194067,0.47576635423270675,0.47576635423270675,0.47576635423270675,0.47576635423270675
7,S,8,4.0,0.0,False,q3_evidence,Uniform raw,uniform_raw,1,S,4.0,0.4956215964358689,3.504378403564131,3.504378403564131,0.8760946008910327,0.0318603515625,12.076579634407807,0.44856043565620873,0.44856043565620873,0.44856043565620873,0.44856043565620873
7,S,8,4.0,0.12,True,q3_evidence,PCS raw,pcs_raw,1,S,3.996679855921233,0.5106122657867247,3.486067590134508,3.486067590134508,0.8723469335533188,0.031036376953125,11.88250307746216,0.44621665153721707,0.44621665153721707,0.44621665153721707,0.44621665153721707
7,S,8,4.0,0.16,True,q3_evidence,PCS raw,pcs_raw,1,S,3.9941028013225788,0.5012364378708655,3.4928663634517134,3.4928663634517134,0.8746908905322837,0.0313720703125,11.727131805665927,0.4470868945218193,0.4470868945218193,0.4470868945218193,0.4470868945218193
7,S,8,4.0,0.2,True,q3_evidence,PCS raw,pcs_raw,1,S,3.990796214317659,0.4829779536796683,3.507818260637991,3.507818260637991,0.879255511580083,0.030609130859375,11.805589532001354,0.44900073736166285,0.44900073736166285,0.44900073736166285,0.44900073736166285
7,S,8,4.0,0.24,True,q3_evidence,PCS raw,pcs_raw,1,S,3.9867651399345525,0.471276420238871,3.5154887196956817,3.5154887196956817,0.8821808949402823,0.028289794921875,11.82523594169095,0.44998255612104726,0.44998255612104726,0.44998255612104726,0.44998255612104726
7,S,8,4.0,0.28,True,q3_evidence,PCS raw,pcs_raw,1,S,3.982015709386646,0.48456709815399934,3.4974486112326466,3.4974486112326466,0.8788582254615002,0.029693603515625,11.7145520146558,0.44767342223777873,0.44767342223777873,0.44767342223777873,0.44767342223777873
7,S,8,4.0,0.32,True,q3_evidence,PCS raw,pcs_raw,1,S,3.976555119443372,0.47816764699089453,3.4983874724524773,3.4983874724524773,0.8804580882522763,0.029571533203125,11.748889932371966,0.4477935964739171,0.4477935964739171,0.4477935964739171,0.4477935964739171
7,S,8,4.0,0.36,True,q3_evidence,PCS raw,pcs_raw,1,S,3.970391608345835,0.4653065238465969,3.505085084499238,3.505085084499238,0.8836733690383508,0.029754638671875,11.64037944090454,0.4486508908159025,0.4486508908159025,0.4486508908159025,0.4486508908159025
7,S,8,6.0,0.0,False,q3_evidence,Uniform raw,uniform_raw,1,S,4.0,1.0464752130404908,2.953524786959509,2.953524786959509,0.7383811967398772,0.06988525390625,9.881921152326425,0.3780511727308171,0.3780511727308171,0.3780511727308171,0.3780511727308171
7,S,8,6.0,0.12,True,q3_evidence,PCS raw,pcs_raw,1,S,3.996679855921233,1.0416534453180584,2.9550264106031747,2.9550264106031747,0.7395866386704855,0.06695556640625,9.748533814021128,0.37824338055720635,0.37824338055720635,0.37824338055720635,0.37824338055720635
7,S,8,6.0,0.16,True,q3_evidence,PCS raw,pcs_raw,1,S,3.9941028013225788,1.0399777316404437,2.954125069682135,2.954125069682135,0.7400055670898891,0.069549560546875,9.651121235709581,0.3781280089193133,0.3781280089193133,0.3781280089193133,0.3781280089193133
7,S,8,6.0,0.2,True,q3_evidence,PCS raw,pcs_raw,1,S,3.990796214317659,1.0149957523576516,2.9758004619600076,2.9758004619600076,0.7462510619105871,0.064239501953125,9.616966790751539,0.380902459130881,0.380902459130881,0.380902459130881,0.380902459130881
7,S,8,6.0,0.24,True,q3_evidence,PCS raw,pcs_raw,1,S,3.9867651399345525,1.0413159084224204,2.945449231512132,2.945449231512132,0.7396710228943949,0.066436767578125,9.554786303655124,0.3770175016335529,0.3770175016335529,0.3770175016335529,0.3770175016335529
7,S,8,6.0,0.28,True,q3_evidence,PCS raw,pcs_raw,1,S,3.982015709386646,0.9952212867338324,2.986794422652814,2.986794422652814,0.751194678316542,0.06268310546875,9.657700398049126,0.3823096860995602,0.3823096860995602,0.3823096860995602,0.3823096860995602
7,S,8,6.0,0.32,True,q3_evidence,PCS raw,pcs_raw,1,S,3.976555119443372,1.0645093699670582,2.912045749476314,2.912045749476314,0.7338726575082355,0.0673828125,9.337498208263113,0.3727418559329682,0.3727418559329682,0.3727418559329682,0.3727418559329682
7,S,8,6.0,0.36,True,q3_evidence,PCS raw,pcs_raw,1,S,3.970391608345835,1.0410229118103,2.9293686965355348,2.9293686965355348,0.739744272047425,0.06622314453125,9.354410896519955,0.37495919315654846,0.37495919315654846,0.37495919315654846,0.37495919315654846
7,S,10,-2.0,0.0,False,q3_evidence,Uniform raw,uniform_raw,1,S,4.0,0.22733870280896012,3.77266129719104,3.77266129719104,0.94316532429776,0.014739990234375,13.640496604881655,0.48290064604045313,0.48290064604045313,0.48290064604045313,0.48290064604045313
7,S,10,-2.0,0.12,True,q3_evidence,PCS raw,pcs_raw,1,S,3.996679855921233,0.18749721682796916,3.8091826390932635,3.8091826390932635,0.9531256957930077,0.01202392578125,13.71981759863437,0.4875753778039377,0.4875753778039377,0.4875753778039377,0.4875753778039377
7,S,10,-2.0,0.16,True,q3_evidence,PCS raw,pcs_raw,1,S,3.9941028013225788,0.18234722908111073,3.811755572241468,3.811755572241468,0.9544131927297224,0.011962890625,13.616107535918038,0.487904713246908,0.487904713246908,0.487904713246908,0.487904713246908
7,S,10,-2.0,0.2,True,q3_evidence,PCS raw,pcs_raw,1,S,3.990796214317659,0.19341705975426005,3.7973791545633993,3.7973791545633993,0.951645735061435,0.01226806640625,13.56185878454789,0.48606453178411513,0.48606453178411513,0.48606453178411513,0.48606453178411513
7,S,10,-2.0,0.24,True,q3_evidence,PCS raw,pcs_raw,1,S,3.9867651399345525,0.1811048057977553,3.8056603341367974,3.8056603341367974,0.9547237985505612,0.0118408203125,13.632266308762768,0.48712452276951007,0.48712452276951007,0.48712452276951007,0.48712452276951007
7,S,10,-2.0,0.28,True,q3_evidence,PCS raw,pcs_raw,1,S,3.982015709386646,0.15928656021333357,3.822729149173312,3.822729149173312,0.9601783599466666,0.01043701171875,13.649694656015502,0.48930933109418395,0.48930933109418395,0.48930933109418395,0.48930933109418395
7,S,10,-2.0,0.32,True,q3_evidence,PCS raw,pcs_raw,1,S,3.976555119443372,0.1692806549240597,3.8072744645193124,3.8072744645193124,0.9576798362689851,0.010467529296875,13.619869200265688,0.487331131458472,0.487331131458472,0.487331131458472,0.487331131458472
7,S,10,-2.0,0.36,True,q3_evidence,PCS raw,pcs_raw,1,S,3.970391608345835,0.1541662506220647,3.81622535772377,3.81622535772377,0.9614584373444838,0.00933837890625,13.650870600421243,0.4884768457886426,0.4884768457886426,0.4884768457886426,0.4884768457886426
7,S,10,0.0,0.0,False,q3_evidence,Uniform raw,uniform_raw,1,S,4.0,0.28473587221613283,3.7152641277838674,3.7152641277838674,0.9288160319459668,0.018463134765625,13.245520468409353,0.47555380835633504,0.47555380835633504,0.47555380835633504,0.47555380835633504
7,S,10,0.0,0.12,True,q3_evidence,PCS raw,pcs_raw,1,S,3.996679855921233,0.2492175525423667,3.747462303378866,3.747462303378866,0.9376956118644083,0.01605224609375,13.288578055593378,0.4796751748324949,0.4796751748324949,0.4796751748324949,0.4796751748324949
7,S,10,0.0,0.16,True,q3_evidence,PCS raw,pcs_raw,1,S,3.9941028013225788,0.2378289851926785,3.7562738161299003,3.7562738161299003,0.9405427537018304,0.01446533203125,13.302432446288346,0.48080304846462724,0.48080304846462724,0.48080304846462724,0.48080304846462724
7,S,10,0.0,0.2,True,q3_evidence,PCS raw,pcs_raw,1,S,3.990796214317659,0.24732478045063347,3.743471433867026,3.743471433867026,0.9381688048873417,0.015228271484375,13.212654628782921,0.47916434353497933,0.47916434353497933,0.47916434353497933,0.47916434353497933
7,S,10,0.0,0.24,True,q3_evidence,PCS raw,pcs_raw,1,S,3.9867651399345525,0.22582876442569003,3.7609363755088623,3.7609363755088623,0.9435428088935774,0.01422119140625,13.230994006916061,0.4813998560651344,0.4813998560651344,0.4813998560651344,0.4813998560651344
7,S,10,0.0,0.28,True,q3_evidence,PCS raw,pcs_raw,1,S,3.982015709386646,0.21901823636190887,3.762997473024737,3.762997473024737,0.9452454409095228,0.013885498046875,13.190328533459477,0.4816636765471663,0.4816636765471663,0.4816636765471663,0.4816636765471663
7,S,10,0.0,0.32,True,q3_evidence,PCS raw,pcs_raw,1,S,3.976555119443372,0.21149435925957635,3.7650607601837955,3.7650607601837955,0.9471264101851059,0.013946533203125,13.151598019085704,0.4819277773035258,0.4819277773035258,0.4819277773035258,0.4819277773035258
7,S,10,0.0,0.36,True,q3_evidence,PCS raw,pcs_raw,1,S,3.970391608345835,0.20766247890954065,3.7627291294362943,3.7627291294362943,0.9480843802726149,0.013092041015625,13.242342965214029,0.4816293285678457,0.4816293285678457,0.4816293285678457,0.4816293285678457
7,S,10,2.0,0.0,False,q3_evidence,Uniform raw,uniform_raw,1,S,4.0,0.4222847025355333,3.577715297464467,3.577715297464467,0.8944288243661167,0.026885986328125,12.493672936327487,0.4579475580754518,0.4579475580754518,0.4579475580754518,0.4579475580754518
7,S,10,2.0,0.12,True,q3_evidence,PCS raw,pcs_raw,1,S,3.996679855921233,0.3935655977772344,3.6031142581439983,3.6031142581439983,0.9016086005556914,0.024261474609375,12.374137424953824,0.46119862504243175,0.46119862504243175,0.46119862504243175,0.46119862504243175
7,S,10,2.0,0.16,True,q3_evidence,PCS raw,pcs_raw,1,S,3.9941028013225788,0.38284067536023747,3.6112621259623414,3.6112621259623414,0.9042898311599407,0.024139404296875,12.440200245760034,0.4622415521231797,0.4622415521231797,0.4622415521231797,0.4622415521231797
7,S,10,2.0,0.2,True,q3_evidence,PCS raw,pcs_raw,1,S,3.990796214317659,0.3655185029818076,3.6252777113358516,3.6252777113358516,0.9086203742545481,0.023468017578125,12.374664299957665,0.46403554705098904,0.46403554705098904,0.46403554705098904,0.46403554705098904
7,S,10,2.0,0.24,True,q3_evidence,PCS raw,pcs_raw,1,S,3.9867651399345525,0.3772300327692373,3.609535107165315,3.609535107165315,0.9056924918076906,0.022369384765625,12.41417626848455,0.46202049371716036,0.46202049371716036,0.46202049371716036,0.46202049371716036
7,S,10,2.0,0.28,True,q3_evidence,PCS raw,pcs_raw,1,S,3.982015709386646,0.36927645155168487,3.612739257834961,3.612739257834961,0.9076808871120787,0.023345947265625,12.280186825444552,0.462430625002875,0.462430625002875,0.462430625002875,0.462430625002875
7,S,10,2.0,0.32,True,q3_evidence,PCS raw,pcs_raw,1,S,3.976555119443372,0.36921960212311933,3.6073355173202524,3.6073355173202524,0.9076950994692201,0.022552490234375,12.24640763788704,0.4617389462169923,0.4617389462169923,0.4617389462169923,0.4617389462169923
7,S,10,2.0,0.36,True,q3_evidence,PCS raw,pcs_raw,1,S,3.970391608345835,0.35813024593397147,3.6122613624118634,3.6122613624118634,0.9104674385165071,0.02197265625,12.279011576441786,0.4623694543887185,0.4623694543887185,0.4623694543887185,0.4623694543887185
7,S,10,4.0,0.0,False,q3_evidence,Uniform raw,uniform_raw,1,S,4.0,0.7838530804348065,3.2161469195651935,3.2161469195651935,0.8040367298912984,0.050445556640625,10.830614824829595,0.4116668057043448,0.4116668057043448,0.4116668057043448,0.4116668057043448
7,S,10,4.0,0.12,True,q3_evidence,PCS raw,pcs_raw,1,S,3.996679855921233,0.792231468269071,3.204448387652162,3.204448387652162,0.8019421329327323,0.04852294921875,10.63380926307336,0.41016939361947674,0.41016939361947674,0.41016939361947674,0.41016939361947674
7,S,10,4.0,0.16,True,q3_evidence,PCS raw,pcs_raw,1,S,3.9941028013225788,0.7779886616360716,3.216114139686507,3.216114139686507,0.805502834590982,0.04852294921875,10.667698667716364,0.41166260987987285,0.41166260987987285,0.41166260987987285,0.41166260987987285
7,S,10,4.0,0.2,True,q3_evidence,PCS raw,pcs_raw,1,S,3.990796214317659,0.7875920305722024,3.2032041837454566,3.2032041837454566,0.8031019923569493,0.047637939453125,10.671645953250355,0.41001013551941845,0.41001013551941845,0.41001013551941845,0.41001013551941845
7,S,10,4.0,0.24,True,q3_evidence,PCS raw,pcs_raw,1,S,3.9867651399345525,0.7591030752310894,3.227662064703463,3.227662064703463,0.8102242311922276,0.04766845703125,10.678923008714968,0.4131407442820433,0.4131407442820433,0.4131407442820433,0.4131407442820433
7,S,10,4.0,0.28,True,q3_evidence,PCS raw,pcs_raw,1,S,3.982015709386646,0.7501514592480821,3.231864250138564,3.231864250138564,0.8124621351879795,0.0467529296875,10.504570084299903,0.4136786240177362,0.4136786240177362,0.4136786240177362,0.4136786240177362
7,S,10,4.0,0.32,True,q3_evidence,PCS raw,pcs_raw,1,S,3.976555119443372,0.7566642468835014,3.2198908725598705,3.2198908725598705,0.8108339382791246,0.0478515625,10.565604948417652,0.41214603168766345,0.41214603168766345,0.41214603168766345,0.41214603168766345
7,S,10,4.0,0.36,True,q3_evidence,PCS raw,pcs_raw,1,S,3.970391608345835,0.756723429404238,3.213668178941597,3.213668178941597,0.8108191426489405,0.045928955078125,10.420386109720223,0.4113495269045244,0.4113495269045244,0.4113495269045244,0.4113495269045244
7,S,10,6.0,0.0,False,q3_evidence,Uniform raw,uniform_raw,1,S,4.0,1.5747396257921533,2.4252603742078467,2.4252603742078467,0.6063150935519617,0.111480712890625,8.063522420396485,0.3104333278986044,0.3104333278986044,0.3104333278986044,0.3104333278986044
7,S,10,6.0,0.12,True,q3_evidence,PCS raw,pcs_raw,1,S,3.996679855921233,1.5687476227255286,2.4279322331957043,2.4279322331957043,0.6078130943186179,0.108673095703125,7.934155190194053,0.31077532584905015,0.31077532584905015,0.31077532584905015,0.31077532584905015
7,S,10,6.0,0.16,True,q3_evidence,PCS raw,pcs_raw,1,S,3.9941028013225788,1.575306899386288,2.418795901936291,2.418795901936291,0.606173275153428,0.107452392578125,7.794027495220139,0.30960587544784524,0.30960587544784524,0.30960587544784524,0.30960587544784524
7,S,10,6.0,0.2,True,q3_evidence,PCS raw,pcs_raw,1,S,3.990796214317659,1.5809917788970262,2.409804435420633,2.409804435420633,0.6047520552757435,0.10723876953125,7.757274703258976,0.30845496773384107,0.30845496773384107,0.30845496773384107,0.30845496773384107
7,S,10,6.0,0.24,True,q3_evidence,PCS raw,pcs_raw,1,S,3.9867651399345525,1.616053549028429,2.3707115909061236,2.3707115909061236,0.5959866127428928,0.108551025390625,7.581721719571899,0.30345108363598383,0.30345108363598383,0.30345108363598383,0.30345108363598383
7,S,10,6.0,0.28,True,q3_evidence,PCS raw,pcs_raw,1,S,3.982015709386646,1.5932211057370593,2.3887946036495866,2.3887946036495866,0.6016947235657352,0.1060791015625,7.621904429541742,0.3057657092671471,0.3057657092671471,0.3057657092671471,0.3057657092671471
7,S,10,6.0,0.32,True,q3_evidence,PCS raw,pcs_raw,1,S,3.976555119443372,1.6002415696114716,2.3763135498319006,2.3763135498319006,0.5999396075971322,0.107666015625,7.512989782569068,0.3041681343784833,0.3041681343784833,0.3041681343784833,0.3041681343784833
7,S,10,6.0,0.36,True,q3_evidence,PCS raw,pcs_raw,1,S,3.970391608345835,1.6066315477039255,2.3637600606419094,2.3637600606419094,0.5983421130740186,0.109405517578125,7.43359472631807,0.30256128776216434,0.30256128776216434,0.30256128776216434,0.30256128776216434
7,S,12,-2.0,0.0,False,q3_evidence,Uniform raw,uniform_raw,1,S,4.0,0.25308809064967985,3.7469119093503203,3.7469119093503203,0.9367279773375801,0.016143798828125,13.495503616517174,0.479604724396841,0.479604724396841,0.479604724396841,0.479604724396841
7,S,12,-2.0,0.12,True,q3_evidence,PCS raw,pcs_raw,1,S,3.996679855921233,0.21472631890291188,3.781953537018321,3.781953537018321,0.946318420274272,0.013671875,13.48277462011196,0.4840900527383451,0.4840900527383451,0.4840900527383451,0.4840900527383451
7,S,12,-2.0,0.16,True,q3_evidence,PCS raw,pcs_raw,1,S,3.9941028013225788,0.2114822460186107,3.7826205553039682,3.7826205553039682,0.9471294384953474,0.013641357421875,13.402715541677747,0.484175431078908,0.484175431078908,0.484175431078908,0.484175431078908
7,S,12,-2.0,0.2,True,q3_evidence,PCS raw,pcs_raw,1,S,3.990796214317659,0.20697229903683978,3.7838239152808195,3.7838239152808195,0.9482569252407901,0.012603759765625,13.449815103568703,0.4843294611559449,0.4843294611559449,0.4843294611559449,0.4843294611559449
7,S,12,-2.0,0.24,True,q3_evidence,PCS raw,pcs_raw,1,S,3.9867651399345525,0.20518320901895834,3.781581930915594,3.781581930915594,0.9487041977452604,0.012969970703125,13.399897878894507,0.48404248715719606,0.48404248715719606,0.48404248715719606,0.48404248715719606
7,S,12,-2.0,0.28,True,q3_evidence,PCS raw,pcs_raw,1,S,3.982015709386646,0.21245362885508276,3.7695620805315633,3.7695620805315633,0.9468865927862293,0.01385498046875,13.327057522679386,0.4825039463080401,0.4825039463080401,0.4825039463080401,0.4825039463080401
7,S,12,-2.0,0.32,True,q3_evidence,PCS raw,pcs_raw,1,S,3.976555119443372,0.1942959587546099,3.782259160688762,3.782259160688762,0.9514260103113475,0.012542724609375,13.38363986256164,0.48412917256816157,0.48412917256816157,0.48412917256816157,0.48412917256816157
7,S,12,-2.0,0.36,True,q3_evidence,PCS raw,pcs_raw,1,S,3.970391608345835,0.19084597714391519,3.7795456312019198,3.7795456312019198,0.9522885057140212,0.01202392578125,13.345908811074983,0.48378184079384573,0.48378184079384573,0.48378184079384573,0.48378184079384573
7,S,12,0.0,0.0,False,q3_evidence,Uniform raw,uniform_raw,1,S,4.0,0.33023973875947277,3.669760261240527,3.669760261240527,0.9174400653101318,0.020416259765625,12.973271612396822,0.4697293134387875,0.4697293134387875,0.4697293134387875,0.4697293134387875
7,S,12,0.0,0.12,True,q3_evidence,PCS raw,pcs_raw,1,S,3.996679855921233,0.3024589674649705,3.6942208884562624,3.6942208884562624,0.9243852581337574,0.01885986328125,12.89322917495407,0.47286027372240164,0.47286027372240164,0.47286027372240164,0.47286027372240164
7,S,12,0.0,0.16,True,q3_evidence,PCS raw,pcs_raw,1,S,3.9941028013225788,0.30554298825814,3.6885598130644386,3.6885598130644386,0.923614252935465,0.019683837890625,12.819622986528055,0.47213565607224817,0.47213565607224817,0.47213565607224817,0.47213565607224817
7,S,12,0.0,0.2,True,q3_evidence,PCS raw,pcs_raw,1,S,3.990796214317659,0.28210188815025594,3.7086943261674032,3.7086943261674032,0.929474527962436,0.018280029296875,12.863091534339315,0.4747128737494276,0.4747128737494276,0.4747128737494276,0.4747128737494276
7,S,12,0.0,0.24,True,q3_evidence,PCS raw,pcs_raw,1,S,3.9867651399345525,0.2867969668616319,3.6999681730729206,3.6999681730729206,0.928300758284592,0.01806640625,12.838874192108536,0.47359592615333385,0.47359592615333385,0.47359592615333385,0.47359592615333385
7,S,12,0.0,0.28,True,q3_evidence,PCS raw,pcs_raw,1,S,3.982015709386646,0.29147784939908117,3.6905378599875647,3.6905378599875647,0.9271305376502297,0.018402099609375,12.733192128918514,0.47238884607840825,0.47238884607840825,0.47238884607840825,0.47238884607840825
7,S,12,0.0,0.32,True,q3_evidence,PCS raw,pcs_raw,1,S,3.976555119443372,0.27117151443939563,3.705383605003976,3.705383605003976,0.932207121390151,0.016845703125,12.847457408654666,0.47428910144050895,0.47428910144050895,0.47428910144050895,0.47428910144050895
7,S,12,0.0,0.36,True,q3_evidence,PCS raw,pcs_raw,1,S,3.970391608345835,0.26074353618155854,3.7096480721642764,3.7096480721642764,0.9348141159546104,0.0169677734375,12.882190610283876,0.4748349532370274,0.4748349532370274,0.4748349532370274,0.4748349532370274
7,S,12,2.0,0.0,False,q3_evidence,Uniform raw,uniform_raw,1,S,4.0,0.5695674905263151,3.430432509473685,3.430432509473685,0.8576081273684213,0.03631591796875,11.778085560262264,0.4390953612126317,0.4390953612126317,0.4390953612126317,0.4390953612126317
7,S,12,2.0,0.12,True,q3_evidence,PCS raw,pcs_raw,1,S,3.996679855921233,0.5482910765633484,3.4483887793578845,3.4483887793578845,0.8629272308591629,0.032684326171875,11.725376770906596,0.4413937637578092,0.4413937637578092,0.4413937637578092,0.4413937637578092
7,S,12,2.0,0.16,True,q3_evidence,PCS raw,pcs_raw,1,S,3.9941028013225788,0.5131897732020467,3.480913028120532,3.480913028120532,0.8717025566994883,0.0321044921875,11.80705233486078,0.4455568675994281,0.4455568675994281,0.4455568675994281,0.4455568675994281
7,S,12,2.0,0.2,True,q3_evidence,PCS raw,pcs_raw,1,S,3.990796214317659,0.5337745656563072,3.457021648661352,3.457021648661352,0.8665563585859232,0.033233642578125,11.643451706506953,0.44249877102865304,0.44249877102865304,0.44249877102865304,0.44249877102865304
7,S,12,2.0,0.24,True,q3_evidence,PCS raw,pcs_raw,1,S,3.9867651399345525,0.5272728244314705,3.459492315503082,3.459492315503082,0.8681817938921323,0.031890869140625,11.611117599182068,0.44281501638439447,0.44281501638439447,0.44281501638439447,0.44281501638439447
7,S,12,2.0,0.28,True,q3_evidence,PCS raw,pcs_raw,1,S,3.982015709386646,0.5309635906143857,3.4510521187722603,3.4510521187722603,0.8672591023464036,0.031280517578125,11.55587580888188,0.4417346712028493,0.4417346712028493,0.4417346712028493,0.4417346712028493
7,S,12,2.0,0.32,True,q3_evidence,PCS raw,pcs_raw,1,S,3.976555119443372,0.51562534763572,3.4609297718076517,3.4609297718076517,0.87109366309107,0.03118896484375,11.443082106086402,0.4429990107913794,0.4429990107913794,0.4429990107913794,0.4429990107913794
7,S,12,2.0,0.36,True,q3_evidence,PCS raw,pcs_raw,1,S,3.970391608345835,0.5060357170112972,3.4643558913345376,3.4643558913345376,0.8734910707471757,0.029998779296875,11.496006768945747,0.4434375540908208,0.4434375540908208,0.4434375540908208,0.4434375540908208
7,S,12,4.0,0.0,False,q3_evidence,Uniform raw,uniform_raw,1,S,4.0,1.1387859066189945,2.8612140933810055,2.8612140933810055,0.7153035233452514,0.074249267578125,9.53026158375311,0.36623540395276866,0.36623540395276866,0.36623540395276866,0.36623540395276866
7,S,12,4.0,0.12,True,q3_evidence,PCS raw,pcs_raw,1,S,3.996679855921233,1.1237544659837355,2.8729253899374974,2.8729253899374974,0.7190613835040661,0.07183837890625,9.284513347851574,0.36773444991199966,0.36773444991199966,0.36773444991199966,0.36773444991199966
7,S,12,4.0,0.16,True,q3_evidence,PCS raw,pcs_raw,1,S,3.9941028013225788,1.1231903261647895,2.8709124751577892,2.8709124751577892,0.7192024184588026,0.07080078125,9.342821675280284,0.367476796820197,0.367476796820197,0.367476796820197,0.367476796820197
7,S,12,4.0,0.2,True,q3_evidence,PCS raw,pcs_raw,1,S,3.990796214317659,1.1214487677109437,2.8693474466067155,2.8693474466067155,0.7196378080722641,0.070526123046875,9.340896230493826,0.3672764731656596,0.3672764731656596,0.3672764731656596,0.3672764731656596
7,S,12,4.0,0.24,True,q3_evidence,PCS raw,pcs_raw,1,S,3.9867651399345525,1.1302732554063508,2.856491884528202,2.856491884528202,0.7174316861484124,0.07208251953125,9.151741709712594,0.36563096121960986,0.36563096121960986,0.36563096121960986,0.36563096121960986
7,S,12,4.0,0.28,True,q3_evidence,PCS raw,pcs_raw,1,S,3.982015709386646,1.1217972128155647,2.8602184965710813,2.8602184965710813,0.7195506967961088,0.07000732421875,9.214520141370254,0.36610796756109837,0.36610796756109837,0.36610796756109837,0.36610796756109837
7,S,12,4.0,0.32,True,q3_evidence,PCS raw,pcs_raw,1,S,3.976555119443372,1.1189454648375046,2.8576096546058674,2.8576096546058674,0.7202636337906239,0.069091796875,9.131138739471584,0.36577403578955103,0.36577403578955103,0.36577403578955103,0.36577403578955103
7,S,12,4.0,0.36,True,q3_evidence,PCS raw,pcs_raw,1,S,3.970391608345835,1.0931633898819646,2.8772282184638702,2.8772282184638702,0.7267091525295089,0.06689453125,9.134264954977585,0.3682852119633754,0.3682852119633754,0.3682852119633754,0.3682852119633754
7,S,12,6.0,0.0,False,q3_evidence,Uniform raw,uniform_raw,1,S,4.0,2.1149400372194203,1.8850599627805797,1.8850599627805797,0.47126499069514494,0.161041259765625,6.145184661476025,0.2412876752359142,0.2412876752359142,0.2412876752359142,0.2412876752359142
7,S,12,6.0,0.12,True,q3_evidence,PCS raw,pcs_raw,1,S,3.996679855921233,2.1306926096718435,1.8659872462493894,1.8659872462493894,0.46732684758203913,0.163330078125,5.971171672828475,0.23884636751992183,0.23884636751992183,0.23884636751992183,0.23884636751992183
7,S,12,6.0,0.16,True,q3_evidence,PCS raw,pcs_raw,1,S,3.9941028013225788,2.0990716033613124,1.8950311979612664,1.8950311979612664,0.4752320991596719,0.15460205078125,5.910406311173406,0.2425639933390421,0.2425639933390421,0.2425639933390421,0.2425639933390421
7,S,12,6.0,0.2,True,q3_evidence,PCS raw,pcs_raw,1,S,3.990796214317659,2.1402094305037576,1.8505867838139016,1.8505867838139016,0.4649476423740606,0.15960693359375,5.853860432104996,0.2368751083281794,0.2368751083281794,0.2368751083281794,0.2368751083281794
7,S,12,6.0,0.24,True,q3_evidence,PCS raw,pcs_raw,1,S,3.9867651399345525,2.065501105995306,1.9212640339392464,1.9212640339392464,0.48362472350117347,0.148468017578125,6.029605578352937,0.24592179634422354,0.24592179634422354,0.24592179634422354,0.24592179634422354
7,S,12,6.0,0.28,True,q3_evidence,PCS raw,pcs_raw,1,S,3.982015709386646,2.1673187883577487,1.8146969210288972,1.8146969210288972,0.4581703029105628,0.15960693359375,5.668890473262324,0.23228120589169884,0.23228120589169884,0.23228120589169884,0.23228120589169884
7,S,12,6.0,0.32,True,q3_evidence,PCS raw,pcs_raw,1,S,3.976555119443372,2.1611568189097436,1.8153983005336283,1.8153983005336283,0.4597107952725641,0.155975341796875,5.631717567804905,0.23237098246830443,0.23237098246830443,0.23237098246830443,0.23237098246830443
7,S,12,6.0,0.36,True,q3_evidence,PCS raw,pcs_raw,1,S,3.970391608345835,2.1748575576432385,1.7955340507025963,1.7955340507025963,0.45628561058919037,0.1561279296875,5.5960531868008445,0.22982835848993236,0.22982835848993236,0.22982835848993236,0.22982835848993236
