scenario_group,spans,launch_power_dbm,pcs_nu,n_pairs,gmi_gain_mean,gmi_gain_std,gmi_gain_ci95,ngmi_gain_mean,ngmi_gain_std,ngmi_gain_ci95,symbol_entropy_delta_mean,symbol_entropy_delta_std,symbol_entropy_delta_ci95,ber_delta_mean,ber_delta_std,ber_delta_ci95,gsnr_delta_mean,gsnr_delta_std,gsnr_delta_ci95,aggregate_air_gain_mean,aggregate_air_gain_std,aggregate_air_gain_ci95,air_gain_mean,air_gain_std,air_gain_ci95,aggregate_rate_gain_mean,aggregate_rate_gain_std,aggregate_rate_gain_ci95,rate_gain_mean,rate_gain_std,rate_gain_ci95
C,6,-2.0,0.12,7,0.01015703442998531,0.008937928188433213,0.006621309862369533,0.0033692946271881097,0.0022344820471083032,0.0016553274655923833,-0.003320144078767129,0.0,0.0,-0.0009940011160714285,0.0006446983484100756,0.0004775992201531974,0.003921850362891531,0.06331338479876243,0.04690321183499353,0.001300100407038112,0.0011440548081194245,0.0008475276623832803,0.001300100407038112,0.0011440548081194245,0.0008475276623832803,0.001300100407038112,0.0011440548081194245,0.0008475276623832803,0.001300100407038112,0.0011440548081194245,0.0008475276623832803
C,6,-2.0,0.16,7,0.016657004575672398,0.006304741442375388,0.004670617822384623,0.005638550813273405,0.001576185360593847,0.0011676544555961558,-0.005897198677421223,0.0,0.0,-0.0015738351004464285,0.0007262194361186821,0.0005379908870648454,-0.0059641984032014405,0.03664237439584449,0.027145050827531037,0.002132096585686075,0.0008070069046240704,0.0005978390812652471,0.002132096585686075,0.0008070069046240704,0.0005978390812652471,0.002132096585686075,0.0008070069046240704,0.0005978390812652471,0.002132096585686075,0.0008070069046240704,0.0005978390812652471
C,6,-2.0,0.2,7,0.009524504868588008,0.006732138586975423,0.004987238057972449,0.004682072637732205,0.0016830346467438557,0.0012468095144931122,-0.009203785682340815,0.0,0.0,-0.00128173828125,0.0005115678288037174,0.00037897475105165237,-0.0021273623788763884,0.032902349947820826,0.024374401943234814,0.0012191366231792558,0.0008617137391328214,0.0006383664714204491,0.0012191366231792558,0.0008617137391328214,0.0006383664714204491,0.0012191366231792558,0.0008617137391328214,0.0006383664714204491,0.0012191366231792558,0.0008617137391328214,0.0006383664714204491
C,6,-2.0,0.24,7,0.010258876218316513,0.009333176022083889,0.006914113555111013,0.005873434070941002,0.002333294005520972,0.0017285283887777533,-0.013234860065447496,0.0,0.0,-0.0015171595982142857,0.0007971096156476241,0.0005905070669853301,-0.010753712367949373,0.055655436034175415,0.0412301239994815,0.0013131361559445196,0.0011946465308267503,0.0008850065350542191,0.0013131361559445196,0.0011946465308267503,0.0008850065350542191,0.0013131361559445196,0.0011946465308267503,0.0008850065350542191,0.0013131361559445196,0.0011946465308267503,0.0008850065350542191
C,6,-2.0,0.28,7,0.0064088625395735755,0.004128227775874637,0.0030582339341102024,0.006098288288231906,0.0010320569439686593,0.0007645584835275506,-0.017984290613354048,0.0,0.0,-0.0014212472098214285,0.0005808656162788249,0.0004303112704301718,-0.030419562245270728,0.026595913416281487,0.01970252838122438,0.0008203344050654275,0.0005284131553119415,0.000391453943566097,0.0008203344050654275,0.0005284131553119415,0.000391453943566097,0.0008203344050654275,0.0005284131553119415,0.000391453943566097,0.0008203344050654275,0.0005284131553119415,0.000391453943566097
C,6,-2.0,0.32,7,0.007252442825458656,0.007181749117295206,0.005320314199989812,0.007674330845521683,0.0017954372793238015,0.001330078549997453,-0.023444880556628078,0.0,0.0,-0.0019051688058035715,0.0007178352707456881,0.0005317798104370668,-0.004866356328139381,0.03649219907121617,0.027033799390164058,0.0009283126816587083,0.0009192638870137676,0.000681000217598682,0.0009283126816587083,0.0009192638870137676,0.000681000217598682,0.0009283126816587083,0.0009192638870137676,0.000681000217598682,0.0009283126816587083,0.0009192638870137676,0.000681000217598682
C,6,-2.0,0.36,7,0.0032758398347905804,0.004244946234515803,0.003144700178303287,0.00822105787223894,0.0010612365586289507,0.0007861750445758217,-0.029608391654165178,0.0,0.0,-0.0020010811941964285,0.0003631707808224162,0.0002690406794603524,-0.024986072230823147,0.04951654809649186,0.03668237217279213,0.0004193074988532005,0.0005433531180180101,0.00040252162282281137,0.0004193074988532005,0.0005433531180180101,0.00040252162282281137,0.0004193074988532005,0.0005433531180180101,0.00040252162282281137,0.0004193074988532005,0.0005433531180180101,0.00040252162282281137
C,6,0.0,0.12,7,0.016744889786786184,0.005959828851198281,0.004415102999097959,0.005016258466388328,0.0014899572127995702,0.0011037757497744897,-0.003320144078767129,0.0,0.0,-0.0016741071428571428,0.00030993430153418357,0.0002296025436958272,-0.003094723144225447,0.0446818645667652,0.03310078849233226,0.00214334589270864,0.0007628580929533776,0.0005651331838845369,0.00214334589270864,0.0007628580929533776,0.0005651331838845369,0.00214334589270864,0.0007628580929533776,0.0005651331838845369,0.00214334589270864,0.0007628580929533776,0.0005651331838845369
C,6,0.0,0.16,7,0.01748775827992466,0.005151253738891035,0.003816102173323252,0.00584623923933647,0.0012878134347227587,0.000954025543330813,-0.005897198677421223,0.0,0.0,-0.0017220633370535715,0.0005270675662565364,0.00039045711724399916,-0.018666633972472115,0.05521202225773971,0.04090163847698381,0.002238433059830371,0.000659360478578038,0.0004884610781853656,0.002238433059830371,0.000659360478578038,0.0004884610781853656,0.002238433059830371,0.000659360478578038,0.0004884610781853656,0.002238433059830371,0.000659360478578038,0.0004884610781853656
C,6,0.0,0.2,7,0.012793790010450223,0.012233518572305882,0.009062717384451165,0.0054993939231977595,0.0030583796430764705,0.0022656793461127912,-0.009203785682340815,0.0,0.0,-0.0017220633370535715,0.0008154262502405858,0.0006040762197821436,-0.06253234159413422,0.07139495087488239,0.05289011976657139,0.0016376051213376327,0.0015658903772551671,0.0011600278252097596,0.0016376051213376327,0.0015658903772551671,0.0011600278252097596,0.0016376051213376327,0.0015658903772551671,0.0011600278252097596,0.0016376051213376327,0.0015658903772551671,0.0011600278252097596
C,6,0.0,0.24,7,0.01616570637163336,0.007638078858701199,0.00565836800323856,0.007350141609270214,0.0019095197146752998,0.00141459200080964,-0.013234860065447496,0.0,0.0,-0.0020882742745535715,0.00034565211082091934,0.00025606266710547334,-0.03311194340262068,0.07415309801332617,0.05493338376071246,0.002069210415569083,0.0009776740939137743,0.0007242711044145511,0.002069210415569083,0.0009776740939137743,0.0007242711044145511,0.002069210415569083,0.0009776740939137743,0.0007242711044145511,0.002069210415569083,0.0009776740939137743,0.0007242711044145511
C,6,0.0,0.28,7,0.014359494472025907,0.00666576813860327,0.00493807014174941,0.008085946271344988,0.0016664420346508176,0.0012345175354373525,-0.017984290613354048,0.0,0.0,-0.0021275111607142855,0.00043327591881624683,0.000320975292473024,-0.04139504338550992,0.05810283807535043,0.04304318480404096,0.0018380152924193291,0.0008532183217412342,0.000632072978143936,0.0018380152924193291,0.0008532183217412342,0.000632072978143936,0.0018380152924193291,0.0008532183217412342,0.000632072978143936,0.0018380152924193291,0.0008532183217412342,0.000632072978143936
C,6,0.0,0.32,7,0.007673892644061249,0.007482903637641863,0.005543412590761067,0.007779693300172331,0.0018707259094104657,0.0013858531476902667,-0.023444880556628078,0.0,0.0,-0.002162388392857143,0.0005222069700666757,0.0003868563371962729,-0.050597291930678266,0.05129407704932126,0.03799918404886515,0.0009822582584398387,0.0009578116656181542,0.0007095568116174133,0.0009822582584398387,0.0009578116656181542,0.0007095568116174133,0.0009822582584398387,0.0009578116656181542,0.0007095568116174133,0.0009822582584398387,0.0009578116656181542,0.0007095568116174133
C,6,0.0,0.36,7,0.005833474255169653,0.006323150002276815,0.004684255074402946,0.008860466477333708,0.0015807875005692037,0.0011710637686007364,-0.029608391654165178,0.0,0.0,-0.002376011439732143,0.0005446136847968616,0.000403455463761004,-0.07251145891606267,0.07218897523056335,0.05347834124098823,0.0007466847046617074,0.0008093632002914116,0.0005995846495235618,0.0007466847046617074,0.0008093632002914116,0.0005995846495235618,0.0007466847046617074,0.0008093632002914116,0.0005995846495235618,0.0007466847046617074,0.0008093632002914116,0.0005995846495235618
C,6,2.0,0.12,7,0.011861776012818062,0.009900647872572662,0.007334502584989431,0.0037954800228962977,0.0024751619681431655,0.0018336256462473577,-0.003320144078767129,0.0,0.0,-0.0010157993861607143,0.0007272568493960942,0.0005387594135757175,-0.014285068050199103,0.04364910086047318,0.03233570643194849,0.0015183073296407082,0.0012672829276893208,0.0009388163308786621,0.0015183073296407082,0.0012672829276893208,0.0009388163308786621,0.0015183073296407082,0.0012672829276893208,0.0009388163308786621,0.0015183073296407082,0.0012672829276893208,0.0009388163308786621
C,6,2.0,0.16,7,0.01631426193211746,0.01409469758056821,0.01044149808879723,0.0055528651523846706,0.0035236743951420524,0.0026103745221993076,-0.005897198677421223,0.0,0.0,-0.0014081682477678572,0.0007593561218355122,0.0005625388873751442,-0.04245935495803747,0.06034037804789335,0.04470077761249712,0.0020882255273110433,0.0018041212903127425,0.001336511755366054,0.0020882255273110433,0.0018041212903127425,0.001336511755366054,0.0020882255273110433,0.0018041212903127425,0.001336511755366054,0.0020882255273110433,0.0018041212903127425,0.001336511755366054
C,6,2.0,0.2,7,0.01974076874838872,0.010121697721760045,0.007498258604912912,0.007236138607682384,0.002530424430440011,0.001874564651228228,-0.009203785682340815,0.0,0.0,-0.0016959054129464285,0.0007277140615681222,0.0005390981210927193,-0.03616640465379639,0.055147710915184944,0.040853995967697246,0.0025268183997937716,0.0012955773083852915,0.000959777101428857,0.0025268183997937716,0.0012955773083852915,0.000959777101428857,0.0025268183997937716,0.0012955773083852915,0.000959777101428857,0.0025268183997937716,0.0012955773083852915,0.000959777101428857
C,6,2.0,0.24,7,0.020151763559796913,0.01456261192313936,0.010788133884687823,0.008346655906311102,0.00364065298078484,0.0026970334711719558,-0.013234860065447496,0.0,0.0,-0.0020577566964285715,0.0010067497471297504,0.0007458106497470948,-0.012330088768654792,0.061850263410194166,0.04581931634201922,0.0025794257356540223,0.0018640143261618647,0.001380881137240061,0.0025794257356540223,0.0018640143261618647,0.001380881137240061,0.0025794257356540223,0.0018640143261618647,0.001380881137240061,0.0025794257356540223,0.0018640143261618647,0.001380881137240061
C,6,2.0,0.28,7,0.023182987050369697,0.012853403997741611,0.009521934934026961,0.010291819415930936,0.0032133509994354027,0.0023804837335067402,-0.017984290613354048,0.0,0.0,-0.0025721958705357145,0.0009026730058002649,0.0006687095207964264,-0.03851133346896037,0.057986686307994556,0.042957138370626965,0.0029674223424473295,0.0016452357117109388,0.00121880767155546,0.0029674223424473295,0.0016452357117109388,0.00121880767155546,0.0029674223424473295,0.0016452357117109388,0.00121880767155546,0.0029674223424473295,0.0016452357117109388,0.00121880767155546
C,6,2.0,0.32,7,0.015240624528424007,0.009391863793762827,0.006957590064792656,0.009671376271263021,0.0023479659484407066,0.001739397516198164,-0.023444880556628078,0.0,0.0,-0.002314976283482143,0.0006412150515589283,0.0004750187577341874,-0.06326811342730945,0.05034866536428012,0.03729881327141101,0.001950799939638275,0.0012021585656016587,0.0008905715282934724,0.001950799939638275,0.0012021585656016587,0.0008905715282934724,0.001950799939638275,0.0012021585656016587,0.0008905715282934724,0.001950799939638275,0.0012021585656016587,0.0008905715282934724
C,6,2.0,0.36,7,0.007374342459967804,0.008069012380037916,0.005977608023374884,0.009245683528533246,0.0020172530950094787,0.0014944020058437206,-0.029608391654165178,0.0,0.0,-0.0022103445870535715,0.0007772216938385154,0.0005757738883291064,-0.10189001898504786,0.05305504204934363,0.03930372517697861,0.0009439158348758922,0.001032833584644867,0.0007651338269919952,0.0009439158348758922,0.001032833584644867,0.0007651338269919952,0.0009439158348758922,0.001032833584644867,0.0007651338269919952,0.0009439158348758922,0.001032833584644867,0.0007651338269919952
C,6,4.0,0.12,7,0.012900975389658,0.01338120472671679,0.009912935185813699,0.004055279867106283,0.0033453011816791975,0.0024782337964534247,-0.003320144078767129,0.0,0.0,-0.0011771065848214285,0.000911595211001672,0.0006753191829070053,-0.07812092431592177,0.06859704483452773,0.05081740196571031,0.0016513248498762425,0.001712794205019757,0.0012688557037841594,0.0016513248498762425,0.001712794205019757,0.0012688557037841594,0.0016513248498762425,0.001712794205019757,0.0012688557037841594,0.0016513248498762425,0.001712794205019757,0.0012688557037841594
C,6,4.0,0.16,7,0.013762188560077921,0.008752300282863647,0.006483794785500894,0.004914846809374786,0.0021880750707159117,0.0016209486963752234,-0.005897198677421223,0.0,0.0,-0.0012425013950892857,0.0006485049463804671,0.000480419187393038,-0.10347904615125156,0.04461366076034684,0.03305026240546199,0.0017615601356899704,0.0011202944362065357,0.0008299257325441061,0.0017615601356899704,0.0011202944362065357,0.0008299257325441061,0.0017615601356899704,0.0011202944362065357,0.0008299257325441061,0.0017615601356899704,0.0011202944362065357,0.0008299257325441061
C,6,4.0,0.2,7,0.022353652568972038,0.011064150746243246,0.008196437575953014,0.007889359562828213,0.0027660376865608115,0.0020491093939882534,-0.009203785682340815,0.0,0.0,-0.002227783203125,0.0004898681285739953,0.0003628993881585535,-0.09275078121148438,0.02802024109140423,0.02075768508910002,0.002861267528828442,0.0014162112955191355,0.0010491440097219857,0.002861267528828442,0.0014162112955191355,0.0010491440097219857,0.002861267528828442,0.0014162112955191355,0.0010491440097219857,0.002861267528828442,0.0014162112955191355,0.0010491440097219857
C,6,4.0,0.24,7,0.025744088207519944,0.016111500775507503,0.011935566804004798,0.00974473706824186,0.004027875193876876,0.0029838917010011996,-0.013234860065447496,0.0,0.0,-0.002532958984375,0.001106516490957613,0.0008197188878663945,-0.1409598548780944,0.09916938327734529,0.07346570723058088,0.003295243290562561,0.0020622720992649678,0.0015277525509126196,0.003295243290562561,0.0020622720992649678,0.0015277525509126196,0.003295243290562561,0.0020622720992649678,0.0015277525509126196,0.003295243290562561,0.0020622720992649678,0.0015277525509126196
C,6,4.0,0.28,7,0.011719122610178647,0.008782201577864301,0.006505945974827038,0.007425853305883174,0.0021955503944660754,0.0016264864937067594,-0.017984290613354048,0.0,0.0,-0.0019444056919642857,0.000802543508719401,0.0005945325513066049,-0.1942136355538889,0.04796520253223564,0.0355331192958395,0.0015000476941028748,0.0011241218019666427,0.0008327610847778698,0.0015000476941028748,0.0011241218019666427,0.0008327610847778698,0.0015000476941028748,0.0011241218019666427,0.0008327610847778698,0.0015000476941028748,0.0011241218019666427,0.0008327610847778698
C,6,4.0,0.32,7,0.013439861265041486,0.012136589617975639,0.008990911410211345,0.009221185455417391,0.0030341474044939098,0.002247727852552836,-0.023444880556628078,0.0,0.0,-0.002506801060267857,0.0006619404029137125,0.0004903723128795619,-0.22970891408124242,0.0595949458007666,0.044148553675856406,0.0017203022419253358,0.0015534834711008895,0.0011508366605070576,0.0017203022419253358,0.0015534834711008895,0.0011508366605070576,0.0017203022419253358,0.0015534834711008895,0.0011508366605070576,0.0017203022419253358,0.0015534834711008895,0.0011508366605070576
C,6,4.0,0.36,7,0.016570853166778057,0.019261604991946336,0.014269196664982078,0.011544811205235808,0.004815401247986584,0.0035672991662455194,-0.029608391654165178,0.0,0.0,-0.0029471261160714285,0.0011523982135996406,0.0008537085436599275,-0.20941280525370612,0.09432444252023882,0.06987652488974036,0.0021210692053476032,0.0024654854389691274,0.0018264571731177034,0.0021210692053476032,0.0024654854389691274,0.0018264571731177034,0.0021210692053476032,0.0024654854389691274,0.0018264571731177034,0.0021210692053476032,0.0024654854389691274,0.0018264571731177034
C,6,6.0,0.12,7,-0.0004070185113330841,0.014864760965066327,0.011011969027356074,0.0007282813918585111,0.0037161902412665817,0.0027529922568390185,-0.003320144078767129,0.0,0.0,-0.0009678431919642857,0.0011864908742052506,0.0008789647400785198,-0.18912669008600222,0.07438847308086638,0.05510775205090266,-5.20983694506451e-05,0.0019026894035284747,0.0014095320355015663,-5.20983694506451e-05,0.0019026894035284747,0.0014095320355015663,-5.20983694506451e-05,0.0019026894035284747,0.0014095320355015663,-5.20983694506451e-05,0.0019026894035284747,0.0014095320355015663
C,6,6.0,0.16,7,0.010146849960171154,0.03117867120249648,0.02309748285915192,0.004011012159398094,0.00779466780062412,0.00577437071478798,-0.005897198677421223,0.0,0.0,-0.0017569405691964285,0.0026543192965941508,0.0019663472525054443,-0.17930452657392287,0.10895945661614473,0.08071829505461407,0.0012987967949018972,0.003990869913919579,0.002956477805971468,0.0012987967949018972,0.003990869913919579,0.002956477805971468,0.0012987967949018972,0.003990869913919579,0.002956477805971468,0.0012987967949018972,0.003990869913919579,0.002956477805971468
C,6,6.0,0.2,7,0.006965421104105664,0.024061901242649536,0.01782530589264508,0.00404230169661162,0.006015475310662384,0.00445632647316127,-0.009203785682340815,0.0,0.0,-0.0009329659598214286,0.0018248437569481713,0.001351863173481424,-0.26062910680979406,0.06073098978664245,0.04499014683807267,0.0008915739013255407,0.003079923359059152,0.0022816391542585784,0.0008915739013255407,0.003079923359059152,0.0022816391542585784,0.0008915739013255407,0.003079923359059152,0.0022816391542585784,0.0008915739013255407,0.003079923359059152,0.0022816391542585784
C,6,6.0,0.24,7,0.012042240055053721,0.018381928110661576,0.013617522911629817,0.006319275030125304,0.004595482027665394,0.003404380727907454,-0.013234860065447496,0.0,0.0,-0.002532958984375,0.0023553297298098625,0.0017448526817774783,-0.2707523515301613,0.08135103480647825,0.06026568995879627,0.0015414067270468743,0.0023528867981646843,0.0017430429326886182,0.0015414067270468743,0.0023528867981646843,0.0017430429326886182,0.0015414067270468743,0.0023528867981646843,0.0017430429326886182,0.0015414067270468743,0.0023528867981646843,0.0017430429326886182
C,6,6.0,0.28,7,0.004070650950411814,0.022989039564491925,0.01703051883900367,0.0055137353909414655,0.005747259891122981,0.0042576297097509175,-0.017984290613354048,0.0,0.0,-0.0022103445870535715,0.0016990424337713726,0.0012586682490773947,-0.3456577817269087,0.08016050080141023,0.059383730025459075,0.0005210433216527112,0.0029425970642549992,0.002179906411392494,0.0005210433216527112,0.0029425970642549992,0.002179906411392494,0.0005210433216527112,0.0029425970642549992,0.002179906411392494,0.0005210433216527112,0.0029425970642549992,0.002179906411392494
C,6,6.0,0.32,7,-0.003961821300053181,0.03089218848576063,0.022885253492599577,0.004870764814143724,0.007723047121440158,0.005721313373149894,-0.023444880556628078,0.0,0.0,-0.0016217912946428572,0.002232615386810753,0.0016539446242921077,-0.39533346406590525,0.1005052399961918,0.07445532373686002,-0.0005071131264067853,0.003954200126177351,0.002929312447052739,-0.0005071131264067853,0.003954200126177351,0.002929312447052739,-0.0005071131264067853,0.003954200126177351,0.002929312447052739,-0.0005071131264067853,0.003954200126177351,0.002929312447052739
C,6,6.0,0.36,7,-0.007414724721804536,0.023523491939218336,0.017426446698921187,0.00554841673309016,0.005880872984804584,0.004356611674730297,-0.029608391654165178,0.0,0.0,-0.002049037388392857,0.001948544262245841,0.0014435017902212092,-0.4676827664042956,0.06195866880957878,0.04589962418573275,-0.000949084764390968,0.0030110069682199314,0.0022305851774619004,-0.000949084764390968,0.0030110069682199314,0.0022305851774619004,-0.000949084764390968,0.0030110069682199314,0.0022305851774619004,-0.000949084764390968,0.0030110069682199314,0.0022305851774619004
C,8,-2.0,0.12,7,0.010819326684327788,0.005644483338456727,0.004181491774041154,0.003534867690773729,0.0014111208346141817,0.0010453729435102885,-0.003320144078767129,0.0,0.0,-0.0009591238839285714,0.0002999724990486077,0.0002222227371395291,-0.050710413382515744,0.08086370298929789,0.05990466949641231,0.0013848738155939502,0.000722493867322459,0.0005352309470772661,0.0013848738155939502,0.000722493867322459,0.0005352309470772661,0.0013848738155939502,0.000722493867322459,0.0005352309470772661,0.0013848738155939502,0.000722493867322459,0.0005352309470772661
C,8,-2.0,0.16,7,0.015026407954402783,0.008506041783545483,0.006301363936219981,0.005230901657956001,0.0021265104458863707,0.0015753409840549952,-0.005897198677421223,0.0,0.0,-0.0013427734375,0.0006100971963449646,0.0004519663279898258,-0.008816935833927937,0.09539535221698935,0.07066986589531903,0.0019233802181635648,0.0010887733482938253,0.0008065745838361603,0.0019233802181635648,0.0010887733482938253,0.0008065745838361603,0.0019233802181635648,0.0010887733482938253,0.0008065745838361603,0.0019233802181635648,0.0010887733482938253,0.0008065745838361603
C,8,-2.0,0.2,7,0.018350710327200797,0.01065300016788027,0.007891852965063348,0.006888624002385403,0.0026632500419700674,0.001972963241265837,-0.009203785682340815,0.0,0.0,-0.0017264229910714285,0.0004995498987117493,0.0003700717438484623,-0.02077668071495101,0.10318574443602962,0.07644106921494433,0.002348890921881714,0.0013635840214886732,0.0010101571795281075,0.002348890921881714,0.0013635840214886732,0.0010101571795281075,0.002348890921881714,0.0013635840214886732,0.0010101571795281075,0.002348890921881714,0.0013635840214886732,0.0010101571795281075
C,8,-2.0,0.24,7,0.017444466010023568,0.012858547559362077,0.00952574533779921,0.007669831518867766,0.0032146368898405193,0.0023814363344498023,-0.013234860065447496,0.0,0.0,-0.0020359584263392855,0.0007162890765780741,0.0005306343737681516,-0.02277121489923774,0.10227256982396132,0.07576457999535335,0.002232891649283023,0.0016458940875983465,0.0012192954032382993,0.002232891649283023,0.0016458940875983465,0.0012192954032382993,0.002232891649283023,0.0016458940875983465,0.0012192954032382993,0.002232891649283023,0.0016458940875983465,0.0012192954032382993
C,8,-2.0,0.28,7,0.01582313607376662,0.014107877516042068,0.01045126192163395,0.008451856671780167,0.003526969379010517,0.0026128154804084874,-0.017984290613354048,0.0,0.0,-0.002227783203125,0.0008714002175635603,0.0006455423150626125,-0.012093739952588984,0.12273992902156977,0.09092701187606204,0.002025361417442132,0.0018058083220533802,0.001337761525969142,0.002025361417442132,0.0018058083220533802,0.001337761525969142,0.002025361417442132,0.0018058083220533802,0.001337761525969142,0.002025361417442132,0.0018058083220533802,0.001337761525969142
C,8,-2.0,0.32,7,0.009075270797328536,0.011704725475877075,0.008670981976566808,0.008130037838489155,0.0029261813689692683,0.0021677454941417015,-0.023444880556628078,0.0,0.0,-0.002009800502232143,0.0007864675680705249,0.0005826233278130639,-0.03604349947677653,0.1124771528368605,0.08332424088322207,0.001161634662058034,0.001498204860912262,0.0011098856930005486,0.001161634662058034,0.001498204860912262,0.0011098856930005486,0.001161634662058034,0.001498204860912262,0.0011098856930005486,0.001161634662058034,0.001498204860912262,0.0011098856930005486
C,8,-2.0,0.36,7,0.008799994886279552,0.014357630191492833,0.010636281292818359,0.009602096635111182,0.0035894075478732084,0.0026590703232045898,-0.029608391654165178,0.0,0.0,-0.00225830078125,0.0008267954824306681,0.0006124986648545017,-0.02416346822096977,0.10729834358253644,0.0794877252983953,0.0011263993454437768,0.0018377766645111004,0.001361444005480763,0.0011263993454437768,0.0018377766645111004,0.001361444005480763,0.0011263993454437768,0.0018377766645111004,0.001361444005480763,0.0011263993454437768,0.0018377766645111004,0.001361444005480763
C,8,0.0,0.12,7,0.01052006529139168,0.005852785276309454,0.004335804009089075,0.0034600523425397023,0.0014631963190773634,0.0010839510022722688,-0.003320144078767129,0.0,0.0,-0.00103759765625,0.0004536764144079134,0.00033608819110126937,-0.03403339675173659,0.06435210650850014,0.04767270764609707,0.0013465683572981121,0.0007491565153676048,0.0005549829131633976,0.0013465683572981121,0.0007491565153676048,0.0005549829131633976,0.0013465683572981121,0.0007491565153676048,0.0005549829131633976,0.0013465683572981121,0.0007491565153676048,0.0005549829131633976
C,8,0.0,0.16,7,0.014819121082358564,0.007587739690882713,0.005621076225847534,0.005179079939944946,0.001896934922720678,0.0014052690564618836,-0.005897198677421223,0.0,0.0,-0.00177001953125,0.0005529776173879753,0.00040965155173421054,-0.02991717484737474,0.07348482953492595,0.054438323543908713,0.0018968474985418696,0.0009712306804329879,0.0007194977569084849,0.0018968474985418696,0.0009712306804329879,0.0007194977569084849,0.0018968474985418696,0.0009712306804329879,0.0007194977569084849,0.0018968474985418696,0.0009712306804329879,0.0007194977569084849
C,8,0.0,0.2,7,0.011808445257549633,0.007055998430494144,0.0052271567875378806,0.005253057734972612,0.001763999607623536,0.0013067891968844701,-0.009203785682340815,0.0,0.0,-0.001678466796875,0.0004651637111480174,0.00034459809961627047,-0.05821103594144158,0.06630254157516179,0.04911761016383167,0.0015114809929663378,0.0009031677991032629,0.000669076068804858,0.0015114809929663378,0.0009031677991032629,0.000669076068804858,0.0015114809929663378,0.0009031677991032629,0.000669076068804858,0.0015114809929663378,0.0009031677991032629,0.000669076068804858
C,8,0.0,0.24,7,0.014819733591245285,0.007472380509495914,0.0055356169483362465,0.007013648414173195,0.0018680951273739787,0.0013839042370840616,-0.013234860065447496,0.0,0.0,-0.0020621163504464285,0.0005856558713294626,0.0004338599410327282,-0.05339658411884456,0.05263517511398216,0.03899268339846113,0.0018969258996793883,0.00095646470521548,0.0007085589693870416,0.0018969258996793883,0.00095646470521548,0.0007085589693870416,0.0018969258996793883,0.00095646470521548,0.0007085589693870416,0.0018969258996793883,0.00095646470521548,0.0007085589693870416
C,8,0.0,0.28,7,0.01309502544777492,0.011412748200810958,0.008454682184240779,0.007769829015282241,0.002853187050202739,0.0021136705460601942,-0.017984290613354048,0.0,0.0,-0.0020533970424107145,0.0006074746768531804,0.0004500235383623953,-0.03843791825197077,0.05630363934495088,0.041710319732091265,0.0016761632573151855,0.0014608317697037763,0.0010821993195828002,0.0016761632573151855,0.0014608317697037763,0.0010821993195828002,0.0016761632573151855,0.0014608317697037763,0.0010821993195828002,0.0016761632573151855,0.0014608317697037763,0.0010821993195828002
C,8,0.0,0.32,7,0.010597065925081837,0.004487265112479898,0.003324212515242664,0.00851048662042748,0.0011218162781199744,0.000831053128810666,-0.023444880556628078,0.0,0.0,-0.0021798270089285715,0.0002671274016142061,0.0001978907484517777,-0.06730068092822858,0.040291136670340746,0.02984809174755425,0.0013564244384104735,0.0005743699343974087,0.00042549920195104744,0.0013564244384104735,0.0005743699343974087,0.00042549920195104744,0.0013564244384104735,0.0005743699343974087,0.00042549920195104744,0.0013564244384104735,0.0005743699343974087,0.00042549920195104744
C,8,0.0,0.36,7,0.002474978883068183,0.007689710750009871,0.005696617443592905,0.00802084263430834,0.001922427687502468,0.0014241543608982264,-0.029608391654165178,0.0,0.0,-0.0020228794642857145,0.0006216189918892158,0.0004605017935765917,-0.12579183796028787,0.04090130221017653,0.030300108705110605,0.0003167972970327036,0.0009842829760012526,0.0007291670327798839,0.0003167972970327036,0.0009842829760012526,0.0007291670327798839,0.0003167972970327036,0.0009842829760012526,0.0007291670327798839,0.0003167972970327036,0.0009842829760012526,0.0007291670327798839
C,8,2.0,0.12,7,0.019990560429601727,0.009465166948187746,0.007011893801531628,0.005827676127092214,0.0023662917370469365,0.001752973450382907,-0.003320144078767129,0.0,0.0,-0.0013689313616071428,0.0006767815836255433,0.0005013668134108623,-0.03300401307242267,0.08239981869627025,0.06104263993719964,0.002558791734989011,0.0012115413693680186,0.0008975224065960389,0.002558791734989011,0.0012115413693680186,0.0008975224065960389,0.002558791734989011,0.0012115413693680186,0.0008975224065960389,0.002558791734989011,0.0012115413693680186,0.0008975224065960389
C,8,2.0,0.16,7,0.013853488585865723,0.012431361434651662,0.009209281427933279,0.004937671815821736,0.003107840358662916,0.00230232035698332,-0.005897198677421223,0.0,0.0,-0.001312255859375,0.0008843079338210173,0.0006551044850816972,-0.10180257568811614,0.06907815199872865,0.05117381114063551,0.0017732465389907945,0.0015912142636353853,0.0011787880227754394,0.0017732465389907945,0.0015912142636353853,0.0011787880227754394,0.0017732465389907945,0.0015912142636353853,0.0011787880227754394,0.0017732465389907945,0.0015912142636353853,0.0011787880227754394
C,8,2.0,0.2,7,0.022003610060569136,0.011281015459657439,0.008357093203908003,0.007801848935727488,0.0028202538649143597,0.0020892733009770007,-0.009203785682340815,0.0,0.0,-0.0020926339285714285,0.0005568537228509162,0.00041252301084512274,-0.08419172774961606,0.052827699432896655,0.03913530740983148,0.0028164620877528324,0.001443969978836141,0.001069707930100216,0.0028164620877528324,0.001443969978836141,0.001069707930100216,0.0028164620877528324,0.001443969978836141,0.001069707930100216,0.0028164620877528324,0.001443969978836141,0.001069707930100216
C,8,2.0,0.24,7,0.021847820657598747,0.010050527875256454,0.007445535244798274,0.008770670180761561,0.0025126319688141135,0.0018613838111995685,-0.013234860065447496,0.0,0.0,-0.002498081752232143,0.0007398920726009869,0.0005481197179165004,-0.10949504715601067,0.03338241906657706,0.024730042123333074,0.002796521044172614,0.0012864675680328255,0.0009530285113341786,0.002796521044172614,0.0012864675680328255,0.0009530285113341786,0.002796521044172614,0.0012864675680328255,0.0009530285113341786,0.002796521044172614,0.0012864675680328255,0.0009530285113341786
C,8,2.0,0.28,7,0.011718190604916095,0.013440581293853978,0.009956921962311623,0.007425620304567536,0.003360145323463495,0.0024892304905779063,-0.017984290613354048,0.0,0.0,-0.001988002232142857,0.0013271262316298168,0.0009831488708391832,-0.20264853329237628,0.10309121620076711,0.07637104171827837,0.001499928397429248,0.0017203944056133214,0.001274486011175897,0.001499928397429248,0.0017203944056133214,0.001274486011175897,0.001499928397429248,0.0017203944056133214,0.001274486011175897,0.001499928397429248,0.0017203944056133214,0.001274486011175897
C,8,2.0,0.32,7,0.021083044844773444,0.007843380749917056,0.00581045777263611,0.011131981350350382,0.001960845187479264,0.0014526144431590276,-0.023444880556628078,0.0,0.0,-0.003147670200892857,0.0005460368760065945,0.000404509778563537,-0.11631158990725281,0.05888509356829508,0.04362268778293378,0.0026986297401309883,0.0010039527359893758,0.0007437385948974166,0.0026986297401309883,0.0010039527359893758,0.0007437385948974166,0.0026986297401309883,0.0010039527359893758,0.0007437385948974166,0.0026986297401309883,0.0010039527359893758,0.0007437385948974166
C,8,2.0,0.36,7,0.017978136654723302,0.01611049256416572,0.011934819910590581,0.01189663207722212,0.00402762314104143,0.0029837049776476453,-0.029608391654165178,0.0,0.0,-0.0030081612723214285,0.0009100614600109909,0.0006741829642725617,-0.1665147388876093,0.08810535530021382,0.06526936060325864,0.002301201491804588,0.002062143048213186,0.0015276569485555749,0.002301201491804588,0.002062143048213186,0.0015276569485555749,0.002301201491804588,0.002062143048213186,0.0015276569485555749,0.002301201491804588,0.002062143048213186,0.0015276569485555749
C,8,4.0,0.12,7,0.018504324836848735,0.021378561887259315,0.01583746027972971,0.005456117228903966,0.005344640471814829,0.003959365069932427,-0.003320144078767129,0.0,0.0,-0.0023672921316964285,0.001475912989756366,0.0010933716437462463,-0.09100196671344232,0.08794961828857363,0.06515398901049471,0.002368553579116631,0.0027364559215692194,0.0020271949158054228,0.002368553579116631,0.0027364559215692194,0.0020271949158054228,0.002368553579116631,0.0027364559215692194,0.0020271949158054228,0.002368553579116631,0.0027364559215692194,0.0020271949158054228
C,8,4.0,0.16,7,0.025843181124421237,0.023232757264929953,0.017211067438133467,0.007935094950460615,0.005808189316232488,0.004302766859533367,-0.005897198677421223,0.0,0.0,-0.0027378627232142855,0.0016804736801581503,0.0012449123238966297,-0.12788535552799196,0.09565062540595576,0.07085897492014753,0.0033079271839259105,0.0029737929299110365,0.0022030166320810853,0.0033079271839259105,0.0029737929299110365,0.0022030166320810853,0.0033079271839259105,0.0029737929299110365,0.0022030166320810853,0.0033079271839259105,0.0029737929299110365,0.0022030166320810853
C,8,4.0,0.2,7,0.01466743084855983,0.0362392568703468,0.02684641718548342,0.005967804132725162,0.0090598142175867,0.006711604296370855,-0.009203785682340815,0.0,0.0,-0.0020533970424107145,0.0019144938013585368,0.0014182768557914264,-0.20504863742254184,0.145839977012139,0.108039766907939,0.0018774311486156445,0.004638624879404388,0.0034363413997418766,0.0018774311486156445,0.004638624879404388,0.0034363413997418766,0.0018774311486156445,0.004638624879404388,0.0034363413997418766,0.0018774311486156445,0.004638624879404388,0.0034363413997418766
C,8,4.0,0.24,7,0.01507532631035348,0.023884433605240483,0.017693836027028047,0.0070775465939502446,0.005971108401310121,0.004423459006757012,-0.013234860065447496,0.0,0.0,-0.00225830078125,0.0010576003082985509,0.0007834812726336976,-0.24681822737619363,0.10990278681068084,0.08141712384232308,0.0019296417677252542,0.0030572075014707717,0.0022648110114595827,0.0019296417677252542,0.0030572075014707717,0.0022648110114595827,0.0019296417677252542,0.0030572075014707717,0.0022648110114595827,0.0019296417677252542,0.0030572075014707717,0.0022648110114595827
C,8,4.0,0.28,7,0.012504097418877449,0.019829931182880556,0.014690218599119512,0.007622097008057874,0.004957482795720139,0.003672554649779878,-0.017984290613354048,0.0,0.0,-0.0026681082589285715,0.000786946734808185,0.0005829782994998911,-0.2681640764060594,0.10055669026783168,0.07449343863148085,0.0016005244696163062,0.002538231191408697,0.0018803479806872871,0.0016005244696163062,0.002538231191408697,0.0018803479806872871,0.0016005244696163062,0.002538231191408697,0.0018803479806872871,0.0016005244696163062,0.002538231191408697,0.0018803479806872871
C,8,4.0,0.32,7,0.012001438929688048,0.025208173607030822,0.018674476343696768,0.00886157987157903,0.006302043401757705,0.004668619085924191,-0.023444880556628078,0.0,0.0,-0.0027901785714285715,0.0012538054702611958,0.000928832090693784,-0.3219577801221519,0.1087019836992483,0.08052755644853021,0.0015361841830000636,0.0032266462216999367,0.00239033297199318,0.0015361841830000636,0.0032266462216999367,0.00239033297199318,0.0015361841830000636,0.0032266462216999367,0.00239033297199318,0.0015361841830000636,0.0032266462216999367,0.00239033297199318
C,8,4.0,0.36,7,0.014039571853976212,0.01783703646629585,0.013213861532538564,0.010911990877035347,0.004459259116573962,0.003303465383134641,-0.029608391654165178,0.0,0.0,-0.003056117466517857,0.0007813192518512721,0.0005788094017847423,-0.3450564426032012,0.11254655983626442,0.08337565830792967,0.0017970651973089335,0.0022831406676858497,0.001691374276164922,0.0017970651973089335,0.0022831406676858497,0.001691374276164922,0.0017970651973089335,0.0022831406676858497,0.001691374276164922,0.0017970651973089335,0.0022831406676858497,0.001691374276164922
C,8,6.0,0.12,7,-0.00011592724036089765,0.026059658639739903,0.019305265283356507,0.0008010542096015578,0.006514914659934976,0.004826316320839127,-0.003320144078767129,0.0,0.0,-0.0011640276227678572,0.0027922849424628334,0.0020685536332683474,-0.17485989405931132,0.07198409406232134,0.05332656314753138,-1.4838686766200609e-05,0.0033356363058867594,0.0024710739562696714,-1.4838686766200609e-05,0.0033356363058867594,0.0024710739562696714,-1.4838686766200609e-05,0.0033356363058867594,0.0024710739562696714,-1.4838686766200609e-05,0.0033356363058867594,0.0024710739562696714
C,8,6.0,0.16,7,0.007580298346774507,0.03076401096125653,0.02279029825361797,0.0033693742560489326,0.0076910027403141335,0.005697574563404494,-0.005897198677421223,0.0,0.0,-0.0022670200892857145,0.002933484598912863,0.002173155802597218,-0.17828397420166656,0.15106308595271015,0.11190910015959682,0.0009702781883871382,0.003937793403040843,0.0029171581764631054,0.0009702781883871382,0.003937793403040843,0.0029171581764631054,0.0009702781883871382,0.003937793403040843,0.0029171581764631054,0.0009702781883871382,0.003937793403040843,0.0029171581764631054
C,8,6.0,0.2,7,-0.0003755554384829044,0.017683722669845428,0.013100285082708924,0.0022070575609644777,0.004420930667461357,0.003275071270677231,-0.009203785682340815,0.0,0.0,-0.0027945382254464285,0.002500012289879881,0.0018520350222156396,-0.26726981553482027,0.07749082980393114,0.05740601007378548,-4.807109612580447e-05,0.0022635165017402,0.0016768364905867313,-4.807109612580447e-05,0.0022635165017402,0.0016768364905867313,-4.807109612580447e-05,0.0022635165017402,0.0016768364905867313,-4.807109612580447e-05,0.0022635165017402,0.0016768364905867313
C,8,6.0,0.24,7,-0.00697274670144291,0.041791516289754235,0.030959588524198445,0.0015655283410011464,0.010447879072438559,0.007739897131049611,-0.013234860065447496,0.0,0.0,-0.003047398158482143,0.0029223364991814034,0.0021648971747427093,-0.319041388603234,0.21695219375979397,0.1607204343019279,-0.0008925115777846858,0.00534931408508854,0.0039628273310974,-0.0008925115777846858,0.00534931408508854,0.0039628273310974,-0.0008925115777846858,0.00534931408508854,0.0039628273310974,-0.0008925115777846858,0.00534931408508854,0.0039628273310974
C,8,6.0,0.28,7,-0.010835184951180426,0.0343343026160574,0.02543520732505823,0.0017872764155434056,0.00858357565401435,0.006358801831264558,-0.017984290613354048,0.0,0.0,-0.0024283272879464285,0.002492301503256178,0.0018463227915463192,-0.37731899542960995,0.11163884119369265,0.08270321092710431,-0.0013869036737510895,0.004394790734855312,0.003255706537607428,-0.0013869036737510895,0.004394790734855312,0.003255706537607428,-0.0013869036737510895,0.004394790734855312,0.003255706537607428,-0.0013869036737510895,0.004394790734855312,0.003255706537607428
C,8,6.0,0.32,7,-0.008553452475348904,0.029395599918792318,0.021776565166908984,0.0037228570203197936,0.0073488999796980795,0.005444141291727246,-0.023444880556628078,0.0,0.0,-0.002842494419642857,0.0031493504131612175,0.0023330714356944683,-0.42296178778314264,0.1094247487205121,0.08106298826925831,-0.0010948419168446608,0.0037626367896054264,0.002787400341364357,-0.0010948419168446608,0.0037626367896054264,0.002787400341364357,-0.0010948419168446608,0.0037626367896054264,0.002787400341364357,-0.0010948419168446608,0.0037626367896054264,0.002787400341364357
C,8,6.0,0.36,7,-0.03549021003215109,0.0320742727025614,0.023760953735188606,-0.0014704545944964778,0.00801856817564035,0.0059402384337971514,-0.029608391654165178,0.0,0.0,-0.0025547572544642855,0.002834671493558696,0.0020999540297456957,-0.5262625902437806,0.1416437174241928,0.10493113430215373,-0.004542746884115331,0.0041055069059278745,0.0030414020781041533,-0.004542746884115331,0.0041055069059278745,0.0030414020781041533,-0.004542746884115331,0.0041055069059278745,0.0030414020781041533,-0.004542746884115331,0.0041055069059278745,0.0030414020781041533
C,10,-2.0,0.12,7,0.017749197585319898,0.01253401156976509,0.009285325712209325,0.005267335416021757,0.0031335028924412726,0.0023213314280523313,-0.003320144078767129,0.0,0.0,-0.0015302385602678572,0.0010094552702876048,0.0007478149293508574,-0.015200367880085861,0.06285787679638374,0.04656576678453526,0.0022718972909209372,0.0016043534809299397,0.0011885216911627998,0.0022718972909209372,0.0016043534809299397,0.0011885216911627998,0.0022718972909209372,0.0016043534809299397,0.0011885216911627998,0.0022718972909209372,0.0016043534809299397,0.0011885216911627998
C,10,-2.0,0.16,7,0.019219242577596583,0.006075999190937789,0.004501163191126293,0.006279110313754451,0.0015189997977344473,0.0011252907977815732,-0.005897198677421223,0.0,0.0,-0.0019138881138392857,0.0006518472501244481,0.0004828952006565698,-0.013739632111983622,0.047003214162848556,0.03482046833876976,0.0024600630499323644,0.0007777278964400275,0.0005761488884641584,0.0024600630499323644,0.0007777278964400275,0.0005761488884641584,0.0024600630499323644,0.0007777278964400275,0.0005761488884641584,0.0024600630499323644,0.0007777278964400275,0.0005761488884641584
C,10,-2.0,0.2,7,0.01721787130611669,0.0059562335394582975,0.004412439554888029,0.006605414247114376,0.0014890583848645744,0.0011031098887220073,-0.009203785682340815,0.0,0.0,-0.0018092564174107143,0.0004664014839317712,0.00034551505452658714,-0.018297576791000175,0.047570471515455966,0.035240698466393945,0.00220388752718294,0.0007623978930506485,0.0005647922630256577,0.00220388752718294,0.0007623978930506485,0.0005647922630256577,0.00220388752718294,0.0007623978930506485,0.0005647922630256577,0.00220388752718294,0.0007623978930506485,0.0005647922630256577
C,10,-2.0,0.24,7,0.021075233210777342,0.005799000299778881,0.0042959595408811,0.00857752331905621,0.0014497500749447202,0.001073989885220275,-0.013234860065447496,0.0,0.0,-0.0022147042410714285,0.0005637792920177665,0.0004176535442819802,-0.030728205443886786,0.06765620256680918,0.05012041625998034,0.002697629850979496,0.0007422720383717051,0.0005498828212327869,0.002697629850979496,0.0007422720383717051,0.0005498828212327869,0.002697629850979496,0.0007422720383717051,0.0005498828212327869,0.002697629850979496,0.0007422720383717051,0.0005498828212327869
C,10,-2.0,0.28,7,0.01847392263697329,0.008793180679080262,0.0065140794068292394,0.009114553312581835,0.0021982951697700655,0.0016285198517073099,-0.017984290613354048,0.0,0.0,-0.0022495814732142855,0.0007614557280230935,0.0005640942974057277,-0.015344675940961798,0.05782786259041617,0.04283948011410384,0.002364662097532579,0.0011255271269222258,0.0008338021640741073,0.002364662097532579,0.0011255271269222258,0.0008338021640741073,0.002364662097532579,0.0011255271269222258,0.0008338021640741073,0.002364662097532579,0.0011255271269222258,0.0008338021640741073
C,10,-2.0,0.32,7,0.016751190278318045,0.010114551833810891,0.007492964857038058,0.010049017708736532,0.0025286379584527224,0.0018732412142595143,-0.023444880556628078,0.0,0.0,-0.002598353794642857,0.0006820362539289366,0.0005052595276472984,-0.02309418620972156,0.06949901896895755,0.05148559375535024,0.0021441523556247066,0.0012946626347277847,0.0009590995017008645,0.0021441523556247066,0.0012946626347277847,0.0009590995017008645,0.0021441523556247066,0.0012946626347277847,0.0009590995017008645,0.0021441523556247066,0.0012946626347277847,0.0009590995017008645
C,10,-2.0,0.36,7,0.011856364361384994,0.01074601871148289,0.007960762066496534,0.010366189003887543,0.002686504677870722,0.001990190516624133,-0.029608391654165178,0.0,0.0,-0.002567836216517857,0.0006326857927190546,0.0004687001943619459,-0.07150936159368675,0.0951979682238243,0.07052364178688314,0.0015176146382572808,0.0013754903950698033,0.0010189775445115514,0.0015176146382572808,0.0013754903950698033,0.0010189775445115514,0.0015176146382572808,0.0013754903950698033,0.0010189775445115514,0.0015176146382572808,0.0013754903950698033,0.0010189775445115514
C,10,0.0,0.12,7,0.018787431227998436,0.015173474239577944,0.011240667021575076,0.005526893826691391,0.003793368559894486,0.002810166755393769,-0.003320144078767129,0.0,0.0,-0.0018572126116071428,0.0008941578473403752,0.0006624014031318571,-0.017334768062253758,0.07344882697205621,0.05441165247209271,0.0024047911971838026,0.0019422047026659713,0.0014388053787616059,0.0024047911971838026,0.0019422047026659713,0.0014388053787616059,0.0024047911971838026,0.0019422047026659713,0.0014388053787616059,0.0024047911971838026,0.0019422047026659713,0.0014388053787616059
C,10,0.0,0.16,7,0.020281397914976167,0.014700530820081891,0.010890305633361583,0.0065446491480993475,0.0036751327050204728,0.0027225764083403958,-0.005897198677421223,0.0,0.0,-0.0019356863839285715,0.0011733545318640284,0.000869233201486393,-0.06268562440943397,0.11448924888832634,0.0848148224977451,0.0025960189331169425,0.0018816679449705006,0.0013939591210702963,0.0025960189331169425,0.0018816679449705006,0.0013939591210702963,0.0025960189331169425,0.0018816679449705006,0.0013939591210702963,0.0025960189331169425,0.0018816679449705006,0.0013939591210702963
C,10,0.0,0.2,7,0.012449787306189604,0.01772391179755858,0.013130057605163456,0.005413393247132604,0.004430977949389645,0.003282514401290864,-0.009203785682340815,0.0,0.0,-0.0018877301897321428,0.0012591880355752422,0.0009328195508800122,-0.11301289109726298,0.10485998117981961,0.07768136115172049,0.0015935727751922471,0.0022686607100874854,0.001680647373460913,0.0015935727751922471,0.0022686607100874854,0.001680647373460913,0.0015935727751922471,0.0022686607100874854,0.001680647373460913,0.0015935727751922471,0.0022686607100874854,0.001680647373460913
C,10,0.0,0.24,7,0.01962931078570605,0.012703164971778888,0.009410636306051056,0.008216042712788387,0.003175791242944722,0.002352659076512764,-0.013234860065447496,0.0,0.0,-0.002323695591517857,0.0009508610966779072,0.0007044077580892484,-0.10114972545045298,0.06068568057118696,0.04495658130153815,0.0025125517805703523,0.0016260051163877087,0.0012045614471745435,0.0025125517805703523,0.0016260051163877087,0.0012045614471745435,0.0025125517805703523,0.0016260051163877087,0.0012045614471745435,0.0025125517805703523,0.0016260051163877087,0.0012045614471745435
C,10,0.0,0.28,7,0.020825451369802992,0.014395863320274266,0.010664604790986241,0.009702435495789261,0.003598965830068567,0.0026661511977465603,-0.017984290613354048,0.0,0.0,-0.002960205078125,0.0008904302060554648,0.0006596399278231726,-0.07243415490856567,0.09066567290760127,0.06716607042987503,0.002665657775334792,0.0018426705049951338,0.0013650694132462593,0.002665657775334792,0.0018426705049951338,0.0013650694132462593,0.002665657775334792,0.0018426705049951338,0.0013650694132462593,0.002665657775334792,0.0018426705049951338,0.0013650694132462593
C,10,0.0,0.32,7,0.018604058108280124,0.013230426401740306,0.009801237039537437,0.010512234666227051,0.0033076066004350765,0.002450309259884359,-0.023444880556628078,0.0,0.0,-0.0027988978794642855,0.0006823287989816059,0.0005054762480551591,-0.12612714987975032,0.0739445086429963,0.05477885859270563,0.0023813194378598445,0.0016934945794227704,0.0012545583410608003,0.0023813194378598445,0.0016934945794227704,0.0012545583410608003,0.0023813194378598445,0.0016934945794227704,0.0012545583410608003,0.0023813194378598445,0.0016934945794227704,0.0012545583410608003
C,10,0.0,0.36,7,0.01671629294859914,0.014139672705307142,0.01047481612746536,0.01158117115069108,0.0035349181763267854,0.00261870403186634,-0.029608391654165178,0.0,0.0,-0.00311279296875,0.0008277336371434877,0.0006131936595917004,-0.134125534740606,0.1004159861448197,0.07438920355846013,0.0021396854974206863,0.0018098781062793467,0.0013407764643155902,0.0021396854974206863,0.0018098781062793467,0.0013407764643155902,0.0021396854974206863,0.0018098781062793467,0.0013407764643155902,0.0021396854974206863,0.0018098781062793467,0.0013407764643155902
C,10,2.0,0.12,7,0.023169792722664808,0.02460560404506943,0.018228086565298018,0.006622484200357984,0.006151401011267358,0.004557021641324504,-0.003320144078767129,0.0,0.0,-0.0014910016741071428,0.0018419938071031281,0.0013645681084324681,-0.05928595680937449,0.12573178771488375,0.09314341181296155,0.002965733468501105,0.003149517317768881,0.0023331950803581417,0.002965733468501105,0.003149517317768881,0.0023331950803581417,0.002965733468501105,0.003149517317768881,0.0023331950803581417,0.002965733468501105,0.003149517317768881,0.0023331950803581417
C,10,2.0,0.16,7,0.02821624916243204,0.028604853013934752,0.021190771662039774,0.008528361959963315,0.007151213253483688,0.005297692915509944,-0.005897198677421223,0.0,0.0,-0.002532958984375,0.001869891811299443,0.001385235239162444,-0.07605194065589238,0.10034447305629617,0.07433622592109869,0.003611679892791312,0.0036614211857836617,0.002712418772741101,0.003611679892791312,0.0036614211857836617,0.002712418772741101,0.003611679892791312,0.0036614211857836617,0.002712418772741101,0.003611679892791312,0.0036614211857836617,0.002712418772741101
C,10,2.0,0.2,7,0.029504409005722567,0.017732030424033915,0.013136071967822982,0.009677048672015845,0.004433007606008479,0.0032840179919557456,-0.009203785682340815,0.0,0.0,-0.0025111607142857145,0.0011226313673351948,0.0008316569553514111,-0.08176574177601863,0.06836149715261672,0.0506429058010047,0.0037765643527325,0.0022696998942763366,0.0016814172118813384,0.0037765643527325,0.0022696998942763366,0.0016814172118813384,0.0037765643527325,0.0022696998942763366,0.0016814172118813384,0.0037765643527325,0.0022696998942763366,0.0016814172118813384
C,10,2.0,0.24,7,0.035791920981917524,0.018637833282270838,0.013807100115751973,0.012256695261841255,0.0046594583205677095,0.0034517750289379933,-0.013234860065447496,0.0,0.0,-0.003169468470982143,0.0014383709275292208,0.0010655600948461354,-0.14506537543750828,0.09931994312325143,0.07357724352529685,0.00458136588568545,0.0023856426601306584,0.0017673088148162457,0.00458136588568545,0.0023856426601306584,0.0017673088148162457,0.00458136588568545,0.0023856426601306584,0.0017673088148162457,0.00458136588568545,0.0023856426601306584,0.0017673088148162457
C,10,2.0,0.28,7,0.02620974773875335,0.027273366695753115,0.02020439279388156,0.01104850958802685,0.006818341673938279,0.00505109819847039,-0.017984290613354048,0.0,0.0,-0.002811976841517857,0.0017091141216824678,0.0012661294598961105,-0.17070061128701322,0.11619259768399444,0.08607668094436007,0.00335484771056043,0.0034909909370563763,0.002586162277616823,0.00335484771056043,0.0034909909370563763,0.002586162277616823,0.00335484771056043,0.0034909909370563763,0.002586162277616823,0.00335484771056043,0.0034909909370563763,0.002586162277616823
C,10,2.0,0.32,7,0.02115381539365638,0.023388774411070935,0.017326646557439766,0.011149673987571116,0.005847193602767733,0.0043316616393599405,-0.023444880556628078,0.0,0.0,-0.0030125209263392855,0.0012813403145374887,0.0009492301887900931,-0.21512137416071805,0.0875148000565284,0.06483187115639234,0.0027076883703880316,0.0029937631246170705,0.002217810759352283,0.0027076883703880316,0.0029937631246170705,0.002217810759352283,0.0027076883703880316,0.0029937631246170705,0.002217810759352283,0.0027076883703880316,0.0029937631246170705,0.002217810759352283
C,10,2.0,0.36,7,0.02296907522306643,0.02283954825180706,0.016919774124775622,0.0131443667193079,0.005709887062951766,0.004229943531193906,-0.029608391654165178,0.0,0.0,-0.003322056361607143,0.001643084522790643,0.0012172140485017186,-0.22033110497186037,0.0937013400406214,0.06941492411307526,0.002940041628552492,0.0029234621762312873,0.0021657310879712676,0.002940041628552492,0.0029234621762312873,0.0021657310879712676,0.002940041628552492,0.0029234621762312873,0.0021657310879712676,0.002940041628552492,0.0029234621762312873,0.0021657310879712676
C,10,4.0,0.12,7,0.0039138052707162274,0.025808325051412374,0.01911907475552351,0.001808487337370839,0.006452081262853094,0.004779768688880878,-0.003320144078767129,0.0,0.0,-0.0011858258928571428,0.0009928659380215787,0.0007355253800249506,-0.1405172151637153,0.09488020926324212,0.07028824265464555,0.0005009670746516767,0.0033034656065807797,0.0024472415687070066,0.0005009670746516767,0.0033034656065807797,0.0024472415687070066,0.0005009670746516767,0.0033034656065807797,0.0024472415687070066,0.0005009670746516767,0.0033034656065807797,0.0024472415687070066
C,10,4.0,0.16,7,0.013739853191170706,0.03383977987762979,0.025068859753665323,0.0049092629671479825,0.008459944969407447,0.006267214938416331,-0.005897198677421223,0.0,0.0,-0.0024806431361607145,0.0017331292642515344,0.0012839201264786136,-0.16342893208084927,0.11863063962083913,0.0878828076865945,0.00175870120846985,0.004331491824336637,0.0032088140484691796,0.00175870120846985,0.004331491824336637,0.0032088140484691796,0.00175870120846985,0.004331491824336637,0.0032088140484691796,0.00175870120846985,0.004331491824336637,0.0032088140484691796
C,10,4.0,0.2,7,0.01314319654791569,0.026223136131529625,0.019426371104061525,0.005586745557564126,0.006555784032882406,0.004856592776015381,-0.009203785682340815,0.0,0.0,-0.0018092564174107143,0.0014937738086439418,0.0011066031235430235,-0.22718536114788687,0.12934721912275518,0.09582176088144474,0.0016823291581332031,0.0033565614248357908,0.0024865755013198745,0.0016823291581332031,0.0033565614248357908,0.0024865755013198745,0.0016823291581332031,0.0033565614248357908,0.0024865755013198745,0.0016823291581332031,0.0033565614248357908,0.0024865755013198745
C,10,4.0,0.24,7,-0.006726645049914952,0.036454259028222136,0.027005693012985933,0.0016270537538831359,0.009113564757055534,0.006751423253246483,-0.013234860065447496,0.0,0.0,-0.0019313267299107143,0.001385076101273799,0.001026078735043428,-0.3349844211456404,0.10539917248046395,0.07808079965708692,-0.0008610105663891214,0.0046661451556124335,0.0034567287056621993,-0.0008610105663891214,0.0046661451556124335,0.0034567287056621993,-0.0008610105663891214,0.0046661451556124335,0.0034567287056621993,-0.0008610105663891214,0.0046661451556124335,0.0034567287056621993
C,10,4.0,0.28,7,0.012705782479850911,0.02803906994815705,0.020771633701383116,0.00767251827330124,0.007009767487039262,0.005192908425345779,-0.017984290613354048,0.0,0.0,-0.003326416015625,0.001068115234375,0.0007912708388804012,-0.31964582664933083,0.07986977767838556,0.05916835932196727,0.0016263401574209055,0.0035890009533640936,0.002658769113777032,0.0016263401574209055,0.0035890009533640936,0.002658769113777032,0.0016263401574209055,0.0035890009533640936,0.002658769113777032,0.0016263401574209055,0.0035890009533640936,0.002658769113777032
C,10,4.0,0.32,7,0.003749256819798002,0.0400365474348147,0.029659489402524983,0.00679853434410652,0.010009136858703674,0.007414872350631246,-0.023444880556628078,0.0,0.0,-0.0029514857700892855,0.001374049708786302,0.0010179102691769977,-0.3527330620002504,0.1500441814857414,0.11115428516738382,0.00047990487293413694,0.005124678071656292,0.0037964146435232053,0.00047990487293413694,0.005124678071656292,0.0037964146435232053,0.00047990487293413694,0.005124678071656292,0.0037964146435232053,0.00047990487293413694,0.005124678071656292,0.0037964146435232053
C,10,4.0,0.36,7,-0.0012899174643971531,0.030625873786364714,0.022687964802376472,0.007079618547442006,0.0076564684465911794,0.005671991200594119,-0.029608391654165178,0.0,0.0,-0.0033438546316964285,0.0014504528076991464,0.0010745104769300533,-0.42189094883423806,0.12772181875339053,0.09461764743713437,-0.00016510943544283712,0.0039201118446547,0.0029040594947042004,-0.00016510943544283712,0.0039201118446547,0.0029040594947042004,-0.00016510943544283712,0.0039201118446547,0.0029040594947042004,-0.00016510943544283712,0.0039201118446547,0.0029040594947042004
C,10,6.0,0.12,7,-0.017572397745106234,0.0497441667445964,0.03685099442705283,-0.003563063416584776,0.0124360416861491,0.009212748606763207,-0.003320144078767129,0.0,0.0,-0.0021885463169642855,0.004837869254669201,0.003583943698524031,-0.1631370204015608,0.1777278058229145,0.13166260107521052,-0.002249266911373599,0.00636725334330834,0.004716927286662762,-0.002249266911373599,0.00636725334330834,0.004716927286662762,-0.002249266911373599,0.00636725334330834,0.004716927286662762,-0.002249266911373599,0.00636725334330834,0.004716927286662762
C,10,6.0,0.16,7,-0.024782219333470707,0.04642076793333463,0.03438898613366865,-0.004721255164012371,0.011605191983333657,0.008597246533417162,-0.005897198677421223,0.0,0.0,-0.002323695591517857,0.003669706668681259,0.002718556744368055,-0.24498571934721408,0.1488360644546755,0.11025929954610245,-0.0031721240746842494,0.005941858295466815,0.004401790225109574,-0.0031721240746842494,0.005941858295466815,0.004401790225109574,-0.0031721240746842494,0.005941858295466815,0.004401790225109574,-0.0031721240746842494,0.005941858295466815,0.004401790225109574
C,10,6.0,0.2,7,-0.02395871720110446,0.061342216620836984,0.04544295001349252,-0.0036887328796909114,0.015335554155209246,0.01136073750337313,-0.009203785682340815,0.0,0.0,-0.003086635044642857,0.004733879681242409,0.0035069071444593556,-0.23536326234885355,0.2451476279791362,0.18160790427644874,-0.0030667158017413853,0.007851803727467114,0.005816697601727027,-0.0030667158017413853,0.007851803727467114,0.005816697601727027,-0.0030667158017413853,0.007851803727467114,0.005816697601727027,-0.0030667158017413853,0.007851803727467114,0.005816697601727027
C,10,6.0,0.24,7,-0.042675806757752434,0.04229997760476439,0.03133626193762629,-0.007360236673076234,0.010574994401191095,0.007834065484406572,-0.013234860065447496,0.0,0.0,-0.002681187220982143,0.0026195644248326734,0.0019406004831973775,-0.33489307857683,0.1594501891525568,0.11812235315996474,-0.005462503264992313,0.005414397133409859,0.0040110415280161784,-0.005462503264992313,0.005414397133409859,0.0040110415280161784,-0.005462503264992313,0.005414397133409859,0.0040110415280161784,-0.005462503264992313,0.005414397133409859,0.0040110415280161784
C,10,6.0,0.28,7,-0.05779387288297049,0.030787028174450677,0.022807349643773903,-0.00995239556740411,0.007696757043612669,0.005701837410943476,-0.017984290613354048,0.0,0.0,-0.002689906529017857,0.0027336340179216533,0.002025104420328354,-0.4160683253318229,0.13553269219831016,0.10040402346122194,-0.007397615729020209,0.003940739606329674,0.0029193407544030503,-0.007397615729020209,0.003940739606329674,0.0029193407544030503,-0.007397615729020209,0.003940739606329674,0.0029193407544030503,-0.007397615729020209,0.003940739606329674,0.0029193407544030503
C,10,6.0,0.32,7,-0.07167169689868366,0.036908781025996575,0.027342407621011366,-0.012056704085513894,0.009227195256499144,0.006835601905252842,-0.023444880556628078,0.0,0.0,-0.0025765555245535715,0.0025780796002991134,0.0019098680951056713,-0.505084595270454,0.12293845757923787,0.0910740838897476,-0.009173977203031496,0.004724323971327546,0.0034998281754894437,-0.009173977203031496,0.004724323971327546,0.0034998281754894437,-0.009173977203031496,0.004724323971327546,0.0034998281754894437,-0.009173977203031496,0.004724323971327546,0.0034998281754894437
C,10,6.0,0.36,7,-0.06998127589710583,0.04836027394645014,0.0358257922952337,-0.010093221060735165,0.012090068486612536,0.008956448073808425,-0.029608391654165178,0.0,0.0,-0.0028860909598214285,0.004145108663278556,0.0030707394705048407,-0.5330752350456933,0.15311830457899284,0.11343162742460011,-0.008957603314829556,0.0061901150651456245,0.004585701413789918,-0.008957603314829556,0.0061901150651456245,0.004585701413789918,-0.008957603314829556,0.0061901150651456245,0.004585701413789918,-0.008957603314829556,0.0061901150651456245,0.004585701413789918
C,12,-2.0,0.12,7,0.01626923161886446,0.018593912129316412,0.013774562870308432,0.004897343924407898,0.004648478032329103,0.003443640717577108,-0.003320144078767129,0.0,0.0,-0.0011029924665178572,0.0011775236383301739,0.0008723217187780492,-0.010111397006134329,0.11018707656276176,0.08162772863792436,0.0020824616472146585,0.002380020752552509,0.0017631440473994857,0.0020824616472146585,0.002380020752552509,0.0017631440473994857,0.0020824616472146585,0.002380020752552509,0.0017631440473994857,0.0020824616472146585,0.002380020752552509,0.0017631440473994857
C,12,-2.0,0.16,7,0.02106790959710222,0.015398696715134885,0.011407514166371155,0.006741277068630861,0.0038496741787837213,0.002851878541592789,-0.005897198677421223,0.0,0.0,-0.0013820103236607143,0.0010157837935731657,0.0007525031650092226,-9.298841818302808e-05,0.10468867980516713,0.07755445931747978,0.00269669242842911,0.001971033179537283,0.001460161813295521,0.00269669242842911,0.001971033179537283,0.001460161813295521,0.00269669242842911,0.001971033179537283,0.001460161813295521,0.00269669242842911,0.001971033179537283,0.001460161813295521
C,12,-2.0,0.2,7,0.02713420804065,0.015196536147418546,0.011257751521988458,0.009084498430747703,0.003799134036854637,0.0028144378804971144,-0.009203785682340815,0.0,0.0,-0.002110072544642857,0.0011409695721342973,0.0008452420875805542,0.013591497972403539,0.08748382500317721,0.06480892451574836,0.003473178629203203,0.0019451566268695888,0.0014409921948145335,0.003473178629203203,0.0019451566268695888,0.0014409921948145335,0.003473178629203203,0.0019451566268695888,0.0014409921948145335,0.003473178629203203,0.0019451566268695888,0.0014409921948145335
C,12,-2.0,0.24,7,0.020872463964572447,0.014206680321139541,0.010524456063948529,0.008526831007504985,0.003551670080284885,0.0026311140159871317,-0.013234860065447496,0.0,0.0,-0.002105712890625,0.0008977218210005782,0.0006650416317673999,-0.0004419920600268666,0.09934034601031459,0.07359235819555197,0.0026716753874652744,0.0018184550811058727,0.00134713037618542,0.0026716753874652744,0.0018184550811058727,0.00134713037618542,0.0026716753874652744,0.0018184550811058727,0.00134713037618542,0.0026716753874652744,0.0018184550811058727,0.00134713037618542
C,12,-2.0,0.28,7,0.016015523474533833,0.01750090919605571,0.012964854966080287,0.00849995352197197,0.004375227299013927,0.0032412137415200716,-0.017984290613354048,0.0,0.0,-0.001988002232142857,0.0010178772960984567,0.0007540540533835041,-0.05837634666407,0.10026063464004474,0.07427411755317856,0.0020499870047403423,0.002240116377095141,0.0016595014356582843,0.0020499870047403423,0.002240116377095141,0.0016595014356582843,0.0020499870047403423,0.002240116377095141,0.0016595014356582843,0.0020499870047403423,0.002240116377095141,0.0016595014356582843
C,12,-2.0,0.32,7,0.01865736338470945,0.01664885849937292,0.01233364697668453,0.010525560985334383,0.00416221462484323,0.0030834117441711326,-0.023444880556628078,0.0,0.0,-0.0024544852120535715,0.0009361250952832831,0.0006934911754865391,-0.05641420804970311,0.09741743716839722,0.072167847390475,0.002388142513242819,0.002131053887919739,0.0015787068130156238,0.002388142513242819,0.002131053887919739,0.0015787068130156238,0.002388142513242819,0.002131053887919739,0.0015787068130156238,0.002388142513242819,0.002131053887919739,0.0015787068130156238
C,12,-2.0,0.36,7,0.01310898576681842,0.015148258007819338,0.011221986575669154,0.010679344355245899,0.0037870645019548337,0.002805496643917288,-0.029608391654165178,0.0,0.0,-0.0023411342075892855,0.0009533531011312904,0.0007062538608231693,-0.06100818810725934,0.11607402378933177,0.08598884017392676,0.001677950178152738,0.0019389770250008837,0.001436414281685658,0.001677950178152738,0.0019389770250008837,0.001436414281685658,0.001677950178152738,0.0019389770250008837,0.001436414281685658,0.001677950178152738,0.0019389770250008837,0.001436414281685658
C,12,0.0,0.12,7,0.002251431188653452,0.015962251313522174,0.011825001255282257,0.0013928938168551452,0.003990562828380543,0.0029562503138205643,-0.003320144078767129,0.0,0.0,-0.0005405970982142857,0.0011700237122796678,0.0008667656958073653,-0.12507816916696488,0.06490787596209147,0.04808442741903397,0.0002881831921476682,0.002043168168130842,0.0015136001606761314,0.0002881831921476682,0.002043168168130842,0.0015136001606761314,0.0002881831921476682,0.002043168168130842,0.0015136001606761314,0.0002881831921476682,0.002043168168130842,0.0015136001606761314
C,12,0.0,0.16,7,0.003188658777564119,0.018556615585017863,0.013746933203635134,0.0022714643637463355,0.004639153896254466,0.0034367333009087835,-0.005897198677421223,0.0,0.0,-0.0007716587611607143,0.0012577431836529403,0.0009317491895970493,-0.137082409783496,0.07472625316406427,0.055357983038334904,0.0004081483235282172,0.0023752467948822634,0.0017596074500652802,0.0004081483235282172,0.0023752467948822634,0.0017596074500652802,0.0004081483235282172,0.0023752467948822634,0.0017596074500652802,0.0004081483235282172,0.0023752467948822634,0.0017596074500652802
C,12,0.0,0.2,7,0.014018915702570365,0.019394446549652486,0.014367607068112253,0.005805675346227794,0.0048486116374131215,0.0035919017670280632,-0.009203785682340815,0.0,0.0,-0.0014474051339285715,0.0014326864994682143,0.0010613490116075186,-0.12160769841771797,0.07116238060241457,0.05271782929764841,0.001794421209929025,0.002482489158355518,0.0018390537047183683,0.001794421209929025,0.002482489158355518,0.0018390537047183683,0.001794421209929025,0.002482489158355518,0.0018390537047183683,0.001794421209929025,0.002482489158355518,0.0018390537047183683
C,12,0.0,0.24,7,0.012616267106789283,0.018046843557856223,0.013369288801057184,0.006462781793059195,0.004511710889464056,0.003342322200264296,-0.013234860065447496,0.0,0.0,-0.0019400460379464285,0.0012549191706961627,0.000929657131521849,-0.1352150707246295,0.08263948205771299,0.061220185039969996,0.0016148821896690344,0.002309995975405581,0.001711268966535308,0.0016148821896690344,0.002309995975405581,0.001711268966535308,0.0016148821896690344,0.002309995975405581,0.001711268966535308,0.0016148821896690344,0.002309995975405581,0.001711268966535308
C,12,0.0,0.28,7,0.009955697156109,0.01696775262628507,0.012569887051907746,0.006984996942365762,0.004241938156571268,0.0031424717629769364,-0.017984290613354048,0.0,0.0,-0.0016435895647321428,0.001283121551975513,0.0009505497479504446,-0.15833237035043268,0.07663427563890118,0.056771465868350246,0.0012743292359819588,0.002171872336164487,0.0016089455426441896,0.0012743292359819588,0.002171872336164487,0.0016089455426441896,0.0012743292359819588,0.002171872336164487,0.0016089455426441896,0.0012743292359819588,0.002171872336164487,0.0016089455426441896
C,12,0.0,0.32,7,0.0038327585191558606,0.01948801594636926,0.014436924247243155,0.006819409768945984,0.004872003986592315,0.0036092310618107888,-0.023444880556628078,0.0,0.0,-0.0019356863839285715,0.001200684386843908,0.0008894794413867751,-0.20514250542259913,0.0792352316345344,0.058698281034281256,0.0004905930904519708,0.00249446604113526,0.0018479263036471196,0.0004905930904519708,0.00249446604113526,0.0018479263036471196,0.0004905930904519708,0.00249446604113526,0.0018479263036471196,0.0004905930904519708,0.00249446604113526,0.0018479263036471196
C,12,0.0,0.36,7,0.001995431784464406,0.013649994039033437,0.010112057094943037,0.007900955859657397,0.0034124985097583587,0.0025280142737357588,-0.029608391654165178,0.0,0.0,-0.0018877301897321428,0.0009065704593417685,0.0006715967947852554,-0.23443009617575225,0.06814913076409576,0.0504855825787652,0.0002554152684114646,0.0017471992369963083,0.0012943433081527296,0.0002554152684114646,0.0017471992369963083,0.0012943433081527296,0.0002554152684114646,0.0017471992369963083,0.0012943433081527296,0.0002554152684114646,0.0017471992369963083,0.0012943433081527296
C,12,2.0,0.12,7,0.00472570081015825,0.01465579382155599,0.010857164001060744,0.0020114612222313444,0.0036639484553889975,0.002714291000265186,-0.003320144078767129,0.0,0.0,-0.0010637555803571428,0.0010999641223729047,0.0008148648252897947,-0.13108400952233673,0.06435711029083756,0.04767641449992733,0.0006048897037002462,0.0018759416091591557,0.001389716992135767,0.0006048897037002462,0.0018759416091591557,0.001389716992135767,0.0006048897037002462,0.0018759416091591557,0.001389716992135767,0.0006048897037002462,0.0018759416091591557,0.001389716992135767
C,12,2.0,0.16,7,0.012826416913231498,0.028929193140878405,0.021431046190545543,0.00468090389766318,0.007232298285219601,0.005357761547636386,-0.005897198677421223,0.0,0.0,-0.0013994489397321428,0.0011167694361381016,0.0008273143759493887,-0.13085917644786096,0.14251428616151154,0.10557606064803095,0.0016417813648936241,0.00370293672203242,0.0027431739123898176,0.0016417813648936241,0.00370293672203242,0.0027431739123898176,0.0016417813648936241,0.00370293672203242,0.0027431739123898176,0.0016417813648936241,0.00370293672203242,0.0027431739123898176
C,12,2.0,0.2,7,0.01416887809759653,0.029667073149343998,0.021977675350491277,0.005843165944984336,0.007416768287335999,0.005494418837622819,-0.009203785682340815,0.0,0.0,-0.0019444056919642857,0.0013149398780228241,0.0009741210937499998,-0.20670223001187285,0.10248569931282618,0.07592246853023875,0.001813616396492341,0.0037973853631160254,0.002813142444862879,0.001813616396492341,0.0037973853631160254,0.002813142444862879,0.001813616396492341,0.0037973853631160254,0.002813142444862879,0.001813616396492341,0.0037973853631160254,0.002813142444862879
C,12,2.0,0.24,7,0.009587778893766987,0.023024858223032497,0.017057053672586073,0.005705659739803621,0.005756214555758124,0.004264263418146518,-0.013234860065447496,0.0,0.0,-0.002349853515625,0.0012954702927728957,0.000959697823153753,-0.26156549140810575,0.07276704128029038,0.05390657856349344,0.0012272356984021546,0.002947181852548158,0.002183302870091016,0.0012272356984021546,0.002947181852548158,0.002183302870091016,0.0012272356984021546,0.002947181852548158,0.002183302870091016,0.0012272356984021546,0.002947181852548158,0.002183302870091016
C,12,2.0,0.28,7,0.01837864270519291,0.016061040203090335,0.011898185088828457,0.00909073332963674,0.004015260050772584,0.0029745462722071143,-0.017984290613354048,0.0,0.0,-0.0027640206473214285,0.0013340588785342835,0.0009882846475374426,-0.22601554973427188,0.04288131260241008,0.03176692093063916,0.0023524662662646823,0.002055813145995558,0.0015229676913700392,0.0023524662662646823,0.002055813145995558,0.0015229676913700392,0.0023524662662646823,0.002055813145995558,0.0015229676913700392,0.0023524662662646823,0.002055813145995558,0.0015229676913700392
C,12,2.0,0.32,7,0.0033370365115315942,0.021533439219858286,0.015952195013347523,0.006695479267039918,0.0053833598049645714,0.003988048753336881,-0.023444880556628078,0.0,0.0,-0.002223423549107143,0.0013452482330633118,0.0009965738373736825,-0.354944992444592,0.08080841881262162,0.05986371440519404,0.00042714067347602935,0.002756280220141859,0.0020418809617084818,0.00042714067347602935,0.002756280220141859,0.0020418809617084818,0.00042714067347602935,0.002756280220141859,0.0020418809617084818,0.00042714067347602935,0.002756280220141859,0.0020418809617084818
C,12,2.0,0.36,7,0.005151575989008427,0.01711616566499534,0.012679832969596842,0.008689991910793402,0.004279041416248835,0.0031699582423992106,-0.029608391654165178,0.0,0.0,-0.002742222377232143,0.0007280491680087927,0.0005393463714180493,-0.33961079825006074,0.07292577284820967,0.054024168554593785,0.0006594017265930753,0.0021908692051193974,0.001623018620108391,0.0006594017265930753,0.0021908692051193974,0.001623018620108391,0.0006594017265930753,0.0021908692051193974,0.001623018620108391,0.0006594017265930753,0.0021908692051193974,0.001623018620108391
C,12,4.0,0.12,7,-0.01884740792722444,0.019084523398430493,0.014138012784683292,-0.0038818159621143273,0.004771130849607623,0.003534503196170823,-0.003320144078767129,0.0,0.0,-0.0015302385602678572,0.001450406943337024,0.0010744765001351126,-0.20926402236070096,0.06986901386392291,0.05175968980931395,-0.002412468214684723,0.0024428189949991038,0.001809665636439462,-0.002412468214684723,0.0024428189949991038,0.001809665636439462,-0.002412468214684723,0.0024428189949991038,0.001809665636439462,-0.002412468214684723,0.0024428189949991038,0.001809665636439462
C,12,4.0,0.16,7,-0.019876529504851397,0.032693997406754514,0.024220052220801657,-0.003494832706857544,0.008173499351688629,0.006055013055200414,-0.005897198677421223,0.0,0.0,-0.0012773786272321428,0.0018451931980196742,0.001366938250391845,-0.22475237726523162,0.13294727804139786,0.09848872185053917,-0.002544195776620969,0.004184831668064551,0.003100166684262593,-0.002544195776620969,0.004184831668064551,0.003100166684262593,-0.002544195776620969,0.004184831668064551,0.003100166684262593,-0.002544195776620969,0.004184831668064551,0.003100166684262593
C,12,4.0,0.2,7,-0.005064206148442655,0.026175640595146495,0.01939118591831802,0.00103489488347454,0.006543910148786624,0.004847796479579505,-0.009203785682340815,0.0,0.0,-0.0028163364955357145,0.0021688040912301227,0.0016066725549880164,-0.2274739629327713,0.14158273223590662,0.1048859558424319,-0.0006482183870006637,0.0033504819961787226,0.0024820717975446854,-0.0006482183870006637,0.0033504819961787226,0.0024820717975446854,-0.0006482183870006637,0.0033504819961787226,0.0024820717975446854,-0.0006482183870006637,0.0033504819961787226,0.0024820717975446854
C,12,4.0,0.24,7,-0.023656723989876012,0.018322042543212073,0.013573159062423672,-0.0026054659811071295,0.004580510635803018,0.003393289765605918,-0.013234860065447496,0.0,0.0,-0.002537318638392857,0.0018069420444014662,0.0013386013992380149,-0.3163535153043127,0.07908869269341344,0.058589723467515266,-0.0030280606707041185,0.0023452214455311473,0.0017373643599902316,-0.0030280606707041185,0.0023452214455311473,0.0017373643599902316,-0.0030280606707041185,0.0023452214455311473,0.0017373643599902316,-0.0030280606707041185,0.0023452214455311473,0.0017373643599902316
C,12,4.0,0.28,7,-0.03049720350728848,0.03378681976165965,0.025029626350711924,-0.0031282282234836073,0.008446704940414914,0.006257406587677983,-0.017984290613354048,0.0,0.0,-0.0023106166294642855,0.002848491532990785,0.0021101920582306914,-0.4029442583323536,0.11925204079430396,0.08834314811802416,-0.003903642048932922,0.004324712929492427,0.0032037921728911207,-0.003903642048932922,0.004324712929492427,0.0032037921728911207,-0.003903642048932922,0.004324712929492427,0.0032037921728911207,-0.003903642048932922,0.004324712929492427,0.0032037921728911207
C,12,4.0,0.32,7,-0.011748126287891378,0.04050885959169096,0.030009383144845372,0.002924188567184175,0.01012721489792274,0.007502345786211343,-0.023444880556628078,0.0,0.0,-0.004067557198660714,0.0026865127610014618,0.001990196504691184,-0.36964194189131255,0.15729051025847607,0.11652244064562682,-0.0015037601648500906,0.005185134027736419,0.0038412010425401904,-0.0015037601648500906,0.005185134027736419,0.0038412010425401904,-0.0015037601648500906,0.005185134027736419,0.0038412010425401904,-0.0015037601648500906,0.005185134027736419,0.0038412010425401904
C,12,4.0,0.36,7,-0.044437855936099044,0.026217774463327317,0.019422399124672314,-0.003707366070483466,0.006554443615831828,0.0048555997811680785,-0.029608391654165178,0.0,0.0,-0.0026070731026785715,0.0018434618862558164,0.0013656556766885,-0.5265745539019859,0.11864369286652707,0.08789247766632441,-0.00568804555982068,0.00335587513130588,0.0024860670879580443,-0.00568804555982068,0.00335587513130588,0.0024860670879580443,-0.00568804555982068,0.00335587513130588,0.0024860670879580443,-0.00568804555982068,0.00335587513130588,0.0024860670879580443
C,12,6.0,0.12,7,-0.025189679326678784,0.025045522401930805,0.01855398264473768,-0.005467383811977914,0.006261380600482701,0.00463849566118442,-0.003320144078767129,0.0,0.0,-0.0019618443080357145,0.002536860408864292,0.0018793324907673548,-0.15921412609161845,0.12063505152779469,0.08936769680720202,-0.0032242789538148775,0.0032058268674471334,0.0023749097785264158,-0.0032242789538148775,0.0032058268674471334,0.0023749097785264158,-0.0032242789538148775,0.0032058268674471334,0.0023749097785264158,-0.0032242789538148775,0.0032058268674471334,0.0023749097785264158
C,12,6.0,0.16,7,-0.05978631810745411,0.04346010562387218,0.032195696801342315,-0.013472279857508223,0.010865026405968045,0.008048924200335579,-0.005897198677421223,0.0,0.0,-0.0015171595982142857,0.0037400622899195443,0.002770676917965003,-0.31539761050267373,0.1338044277738525,0.09912370725849692,-0.007652648717754114,0.00556289351985564,0.004121049190571816,-0.007652648717754114,0.00556289351985564,0.004121049190571816,-0.007652648717754114,0.00556289351985564,0.004121049190571816,-0.007652648717754114,0.00556289351985564,0.004121049190571816
C,12,6.0,0.2,7,-0.06213802189205613,0.04376780884223219,0.03242364653549285,-0.01323355905242883,0.010941952210558048,0.008105911633873213,-0.009203785682340815,0.0,0.0,-0.0020315987723214285,0.003640465125357258,0.0026968943059236875,-0.3145207586276055,0.20628082208960336,0.15281497153749388,-0.007953666802183179,0.005602279531805719,0.004150226756543084,-0.007953666802183179,0.005602279531805719,0.004150226756543084,-0.007953666802183179,0.005602279531805719,0.004150226756543084,-0.007953666802183179,0.005602279531805719,0.004150226756543084
C,12,6.0,0.24,7,-0.07619347573619706,0.041664386959013776,0.030865409798023675,-0.01573965391768739,0.010416096739753444,0.007716352449505919,-0.013234860065447496,0.0,0.0,-0.0028773716517857145,0.004128744272477463,0.0030586165601481467,-0.40029233391866864,0.12594404967743605,0.0933006576753609,-0.009752764894233221,0.005333041530753761,0.003950772454147029,-0.009752764894233221,0.005333041530753761,0.003950772454147029,-0.009752764894233221,0.005333041530753761,0.003950772454147029,-0.009752764894233221,0.005333041530753761,0.003950772454147029
C,12,6.0,0.28,7,-0.07716311693529519,0.022186262174983137,0.01643581302638362,-0.014794706580485286,0.005546565543745784,0.004108953256595905,-0.017984290613354048,0.0,0.0,-0.004098074776785714,0.001731964582619517,0.0012830573182512465,-0.41069574448299917,0.09463104408459523,0.07010365850718409,-0.009876878967717781,0.002839841558397846,0.002103784067377107,-0.009876878967717781,0.002839841558397846,0.002103784067377107,-0.009876878967717781,0.002839841558397846,0.002103784067377107,-0.009876878967717781,0.002839841558397846,0.002103784067377107
C,12,6.0,0.32,7,-0.09695169416582575,0.032748908713938596,0.024260731086434537,-0.018376703402299417,0.008187227178484649,0.006065182771608634,-0.023444880556628078,0.0,0.0,-0.0038931710379464285,0.0029353964147365817,0.0021745720955794108,-0.47820902888417177,0.06148357887112866,0.0455476726340249,-0.012409816853225702,0.004191860315384142,0.003105373579063622,-0.012409816853225702,0.004191860315384142,0.003105373579063622,-0.012409816853225702,0.004191860315384142,0.003105373579063622,-0.012409816853225702,0.004191860315384142,0.003105373579063622
C,12,6.0,0.36,7,-0.1133336204584,0.02711781619256995,0.020089159368516147,-0.020931307201058704,0.006779454048142487,0.005022289842129037,-0.029608391654165178,0.0,0.0,-0.003627232142857143,0.0027725365887757087,0.002053923848123806,-0.5579796274395014,0.10238827924576555,0.07585029873459684,-0.014506703418675196,0.0034710804726489526,0.0025714123991700663,-0.014506703418675196,0.0034710804726489526,0.0025714123991700663,-0.014506703418675196,0.0034710804726489526,0.0025714123991700663,-0.014506703418675196,0.0034710804726489526,0.0025714123991700663
C+S,6,-2.0,0.12,7,0.020409475048967236,0.011149161138106024,0.008259414155556031,0.005932404781933591,0.002787290284526506,0.002064853538889008,-0.003320144078767129,0.0,0.0,-0.0016261509486607143,0.0006948954365691419,0.0005147857434595703,-0.005361106079803335,0.04021719318364761,0.0297933136460326,0.005224825612535645,0.002854185251355121,0.002114410023822328,0.0026124128062678226,0.0014270926256775606,0.001057205011911164,0.005224825612535645,0.002854185251355121,0.002114410023822328,0.0026124128062678226,0.0014270926256775606,0.001057205011911164
C+S,6,-2.0,0.16,7,0.019684929194302012,0.0065869792987344735,0.0048797025523629745,0.006395531967930809,0.0016467448246836184,0.0012199256380907436,-0.005897198677421223,0.0,0.0,-0.0018484933035714285,0.00040046968022996055,0.00029667209082280993,-0.03435251749960168,0.04709268992071659,0.03488675290780236,0.005039341873741348,0.0016862667004759846,0.0012492038534048912,0.002519670936870674,0.0008431333502379923,0.0006246019267024456,0.005039341873741348,0.0016862667004759846,0.0012492038534048912,0.002519670936870674,0.0008431333502379923,0.0006246019267024456
C+S,6,-2.0,0.2,7,0.02479686044650688,0.004814348576858774,0.003566519336560893,0.008500161532211923,0.0012035871442146935,0.0008916298341402233,-0.009203785682340815,0.0,0.0,-0.0023280552455357145,0.000389906813395803,0.00028884700956578947,-0.011926251999829012,0.06267895009874841,0.04643321603197638,0.006347996274305807,0.0012324732356758235,0.0009130289501595719,0.0031739981371529035,0.0006162366178379117,0.00045651447507978594,0.006347996274305807,0.0012324732356758235,0.0009130289501595719,0.0031739981371529035,0.0006162366178379117,0.00045651447507978594
C+S,6,-2.0,0.24,7,0.025306046835015028,0.006766056565739489,0.005012364848271881,0.009635226725115662,0.0016915141414349012,0.0012530912120679917,-0.013234860065447496,0.0,0.0,-0.002498081752232143,0.00037642273765494115,0.00027885786646622324,-0.0027227784374430947,0.03192834825545253,0.023652851391957302,0.0064783479897639095,0.0017321104808293297,0.0012831654011576168,0.0032391739948819547,0.0008660552404146649,0.0006415827005788084,0.0064783479897639095,0.0017321104808293297,0.0012831654011576168,0.0032391739948819547,0.0008660552404146649,0.0006415827005788084
C+S,6,-2.0,0.28,7,0.023997542787931474,0.007684471461137661,0.005692736124080151,0.01049545835032138,0.0019211178652844153,0.0014231840310200377,-0.017984290613354048,0.0,0.0,-0.0028512137276785715,0.0003154830527544635,0.0002337131161242587,-0.038502187707351254,0.034609501411864925,0.025639077446005357,0.006143370953710504,0.0019672246940511833,0.0014573404477644758,0.003071685476855252,0.0009836123470255917,0.0007286702238822379,0.006143370953710504,0.0019672246940511833,0.0014573404477644758,0.003071685476855252,0.0009836123470255917,0.0007286702238822379
C+S,6,-2.0,0.32,7,0.0225922270525902,0.009203658392074866,0.0068181655520783545,0.011509276902304568,0.002300914598018716,0.0017045413880195884,-0.023444880556628078,0.0,0.0,-0.0029732840401785715,0.00022895448530798135,0.00016961185630975885,-0.044301563368125026,0.043779165506528425,0.03243205967013916,0.00578361012546315,0.002356136548371137,0.001745450381332038,0.002891805062731575,0.0011780682741855686,0.000872725190666019,0.00578361012546315,0.002356136548371137,0.001745450381332038,0.002891805062731575,0.0011780682741855686,0.000872725190666019
C+S,6,-2.0,0.36,7,0.0220187121656036,0.008832490710866265,0.0065432006859072675,0.012906775954942194,0.002208122677716562,0.0016358001714768134,-0.029608391654165178,0.0,0.0,-0.0032174246651785715,0.0004146563477768417,0.0003071817212161134,-0.03511010615026754,0.027518416122926492,0.020385927949983045,0.005636790314394584,0.0022611176219817703,0.001675059375592265,0.002818395157197292,0.0011305588109908852,0.0008375296877961325,0.005636790314394584,0.0022611176219817703,0.001675059375592265,0.002818395157197292,0.0011305588109908852,0.0008375296877961325
C+S,6,0.0,0.12,7,0.015046681857049762,0.006641828272076533,0.004920335240439458,0.004591706483954223,0.001660457068019133,0.0012300838101098643,-0.003320144078767129,0.0,0.0,-0.001312255859375,0.0005507979018487563,0.0004080367958654323,-0.044131075287922324,0.04990115466734505,0.036967292707734224,0.0038519505554046756,0.0017003080376515535,0.0012596058215524723,0.0019259752777023378,0.0008501540188257768,0.0006298029107762362,0.0038519505554046756,0.0017003080376515535,0.0012596058215524723,0.0019259752777023378,0.0008501540188257768,0.0006298029107762362
C+S,6,0.0,0.16,7,0.021605315785262924,0.012142026004717447,0.00899493874186923,0.006875628615671037,0.0030355065011793618,0.0022487346854673075,-0.005897198677421223,0.0,0.0,-0.002033778599330357,0.00077493591080222,0.0005740805565588817,-0.03770723611243097,0.05708654911154457,0.04229030740368621,0.0055309608410273004,0.0031083586572077534,0.0023027043179185873,0.0027654804205136502,0.0015541793286038767,0.0011513521589592937,0.0055309608410273004,0.0031083586572077534,0.0023027043179185873,0.0027654804205136502,0.0015541793286038767,0.0011513521589592937
C+S,6,0.0,0.2,7,0.02337053385716332,0.008305918398253793,0.0061531104576971335,0.008143579884876033,0.0020764795995634484,0.0015382776144242834,-0.009203785682340815,0.0,0.0,-0.0023171561104910715,0.0005101571433499652,0.0003779297006427982,-0.028918347558074892,0.04715825417750028,0.0349353235889388,0.005982856667433811,0.002126315109952946,0.0015751962771704477,0.0029914283337169056,0.001063157554976473,0.0007875981385852238,0.005982856667433811,0.002126315109952946,0.0015751962771704477,0.0029914283337169056,0.001063157554976473,0.0007875981385852238
C+S,6,0.0,0.24,7,0.0286873573751326,0.009661663538799492,0.007157460512956238,0.010480554360145056,0.002415415884699835,0.001789365128239031,-0.013234860065447496,0.0,0.0,-0.0029471261160714285,0.0006811660033414269,0.0005046148369900981,-0.0027106100028684616,0.056256400987859605,0.041675325067433364,0.007343963488033948,0.002473385865932731,0.0018323098913168422,0.003671981744016974,0.0012366929329663656,0.0009161549456584211,0.007343963488033948,0.002473385865932731,0.0018323098913168422,0.003671981744016974,0.0012366929329663656,0.0009161549456584211
C+S,6,0.0,0.28,7,0.02535946626971481,0.008899093390408402,0.006592540641388593,0.010835939220767215,0.0022247733476021005,0.0016481351603471483,-0.017984290613354048,0.0,0.0,-0.0030844552176339285,0.0006675860345109299,0.000494554655295597,-0.04639437082745422,0.065148866450678,0.048262955671350895,0.006492023365046983,0.0022781679079445947,0.001687690404195512,0.0032460116825234913,0.0011390839539722974,0.000843845202097756,0.006492023365046983,0.0022781679079445947,0.001687690404195512,0.0032460116825234913,0.0011390839539722974,0.000843845202097756
C+S,6,0.0,0.32,7,0.021223133389134334,0.007103088900395713,0.005262041895832483,0.011167003486440603,0.0017757722250989283,0.0013155104739581208,-0.023444880556628078,0.0,0.0,-0.002979823521205357,0.0006508259188707265,0.0004821385878755716,-0.06056849664605757,0.05646843240742297,0.04183240014119643,0.00543312214761839,0.0018183907585012941,0.0013470827253331094,0.002716561073809195,0.0009091953792506471,0.0006735413626665547,0.00543312214761839,0.0018183907585012941,0.0013470827253331094,0.002716561073809195,0.0009091953792506471,0.0006735413626665547
C+S,6,0.0,0.36,7,0.021251861728853832,0.010178079798519011,0.007540027031894474,0.012715063345754769,0.0025445199496297592,0.0018850067579736236,-0.029608391654165178,0.0,0.0,-0.0033591134207589285,0.0009342578521823234,0.0006921079024394557,-0.059306856606556026,0.05934137266575474,0.043960704068622056,0.005440476602586571,0.0026055884284208494,0.0019302469201649727,0.0027202383012932857,0.0013027942142104247,0.0009651234600824863,0.005440476602586571,0.0026055884284208494,0.0019302469201649727,0.0027202383012932857,0.0013027942142104247,0.0009651234600824863
C+S,6,2.0,0.12,7,0.01435724237519999,0.00959864196406012,0.007110773477038464,0.00441934661349178,0.00239966049101503,0.001777693369259616,-0.003320144078767129,0.0,0.0,-0.0013754708426339285,0.00047190779509155453,0.00034959418691822255,-0.06211774136417831,0.04288745869670222,0.031771474021007946,0.0036754540480511888,0.0024572523427994577,0.0018203580101218964,0.0018377270240255944,0.0012286261713997289,0.0009101790050609482,0.0036754540480511888,0.0024572523427994577,0.0018203580101218964,0.0018377270240255944,0.0012286261713997289,0.0009101790050609482
C+S,6,2.0,0.16,7,0.021910386915746267,0.011471010523407564,0.008497843516831558,0.0069518963982918725,0.002867752630851891,0.0021244608792078895,-0.005897198677421223,0.0,0.0,-0.0021187918526785715,0.0008250772408386293,0.0006112257736699404,-0.0510361041019277,0.039633935621478975,0.02936123039728972,0.005609059050431028,0.0029365786939923957,0.002175447940308923,0.002804529525215514,0.0014682893469961978,0.0010877239701544614,0.005609059050431028,0.0029365786939923957,0.002175447940308923,0.002804529525215514,0.0014682893469961978,0.0010877239701544614
C+S,6,2.0,0.2,7,0.022058904354734694,0.005520942953851841,0.00408997177637057,0.007815672509268876,0.0013802357384629605,0.0010224929440926427,-0.009203785682340815,0.0,0.0,-0.002208164760044643,0.0003961132154772086,0.00029344477657007383,-0.10292050680063955,0.03198740670757832,0.02369660250555685,0.0056470795148121046,0.0014133613961860984,0.0010470327747508859,0.0028235397574060523,0.0007066806980930492,0.0005235163873754429,0.0056470795148121046,0.0014133613961860984,0.0010470327747508859,0.0028235397574060523,0.0007066806980930492,0.0005235163873754429
C+S,6,2.0,0.24,7,0.024608247678547128,0.007713747897398891,0.005714424411574156,0.009460776935998656,0.0019284369743497382,0.0014286061028935505,-0.013234860065447496,0.0,0.0,-0.002735682896205357,0.0004944188522796724,0.00036627061145751816,-0.10228996092138562,0.04764411952661489,0.03529525767657663,0.006299711405708048,0.0019747194617341893,0.001462892649363038,0.003149855702854024,0.0009873597308670946,0.000731446324681519,0.006299711405708048,0.0019747194617341893,0.001462892649363038,0.003149855702854024,0.0009873597308670946,0.000731446324681519
C+S,6,2.0,0.28,7,0.027768211226061292,0.008603269649470158,0.006373391347267803,0.011438125459853834,0.0021508174123675396,0.0015933478368169508,-0.017984290613354048,0.0,0.0,-0.003025599888392857,0.0005469599644838805,0.00040519361207725925,-0.09278405118506582,0.05330449517041259,0.03948852263517147,0.007108662073871714,0.0022024370302643832,0.0016315881849005747,0.003554331036935857,0.0011012185151321916,0.0008157940924502873,0.007108662073871714,0.0022024370302643832,0.0016315881849005747,0.003554331036935857,0.0011012185151321916,0.0008157940924502873
C+S,6,2.0,0.32,7,0.026005474820816627,0.009862315354999141,0.007306105458573998,0.012362588844361175,0.0024655788387497853,0.0018265263646434994,-0.023444880556628078,0.0,0.0,-0.0035008021763392855,0.0005507878371092492,0.00040802933980206324,-0.1279887161799869,0.04201948303985333,0.031128468656025518,0.006657401554129051,0.0025247527308798175,0.001870362997394971,0.0033287007770645255,0.0012623763654399088,0.0009351814986974855,0.006657401554129051,0.0025247527308798175,0.001870362997394971,0.0033287007770645255,0.0012623763654399088,0.0009351814986974855
C+S,6,2.0,0.36,7,0.02657990452915485,0.0071771195957123024,0.005316884602406493,0.01404707404582999,0.0017942798989280795,0.001329221150601626,-0.029608391654165178,0.0,0.0,-0.0037689208984375,0.00047063738942988936,0.0003486530572336409,-0.1315110827906746,0.03659248340558917,0.027108091064725108,0.006804455559463645,0.0018373426165023343,0.0013611224582160508,0.0034022277797318224,0.0009186713082511671,0.0006805612291080254,0.006804455559463645,0.0018373426165023343,0.0013611224582160508,0.0034022277797318224,0.0009186713082511671,0.0006805612291080254
C+S,6,4.0,0.12,7,0.01975496564975021,0.014182056686019993,0.010506214619776326,0.005768777432129335,0.003545514171504998,0.0026265536549440814,-0.003320144078767129,0.0,0.0,-0.0020054408482142855,0.0012066945588001105,0.0008939318390799719,-0.08565999839946338,0.07351664835126014,0.05446189525291787,0.005057271206336018,0.0036306065116211597,0.0026895909426627703,0.002528635603168009,0.0018153032558105798,0.0013447954713313851,0.005057271206336018,0.0036306065116211597,0.0026895909426627703,0.002528635603168009,0.0018153032558105798,0.0013447954713313851
C+S,6,4.0,0.16,7,0.028656110036384748,0.013336256163865521,0.00987963682446732,0.008638327178451493,0.0033340640409663803,0.00246990920611683,-0.005897198677421223,0.0,0.0,-0.003143310546875,0.0008845711860026329,0.0006552995050269992,-0.08455275621412563,0.0716887118622057,0.05310774095142947,0.007335964169314495,0.0034140815779495856,0.002529187027063643,0.0036679820846572475,0.0017070407889747928,0.0012645935135318215,0.007335964169314495,0.0034140815779495856,0.002529187027063643,0.0036679820846572475,0.0017070407889747928,0.0012645935135318215
C+S,6,4.0,0.2,7,0.029861981471059958,0.014999587841886063,0.011111850175467591,0.009766441788350193,0.0037498969604715156,0.002777962543866898,-0.009203785682340815,0.0,0.0,-0.003376552036830357,0.0009362198399923242,0.0006935613633492245,-0.1157956601519479,0.08012208153101849,0.05935526863165653,0.007644667256591345,0.0038398944875228315,0.0028446336449197028,0.0038223336282956727,0.0019199472437614158,0.0014223168224598514,0.007644667256591345,0.0038398944875228315,0.0028446336449197028,0.0038223336282956727,0.0019199472437614158,0.0014223168224598514
C+S,6,4.0,0.24,7,0.034301821379508164,0.011804417933019744,0.008744835182339579,0.011884170361238964,0.002951104483254992,0.0021862087955849363,-0.013234860065447496,0.0,0.0,-0.003681727818080357,0.0010022021863754734,0.0007424417695953182,-0.1195254012433392,0.06103975877939728,0.04521888610894388,0.008781266273154105,0.00302193099085306,0.002238677806678936,0.004390633136577052,0.00151096549542653,0.001119338903339468,0.008781266273154105,0.00302193099085306,0.002238677806678936,0.004390633136577052,0.00151096549542653,0.001119338903339468
C+S,6,4.0,0.28,7,0.02694203249859755,0.008903570189836712,0.006595857100816504,0.0112315807779879,0.002225892547459178,0.001648964275204126,-0.017984290613354048,0.0,0.0,-0.0037100655691964285,0.0005122067811966977,0.0003794480936084543,-0.21394737768805935,0.06455626419067875,0.047823949773577706,0.006897160319640954,0.0022793139685981915,0.00168853941780902,0.003448580159820477,0.0011396569842990957,0.00084426970890451,0.006897160319640954,0.0022793139685981915,0.00168853941780902,0.003448580159820477,0.0011396569842990957,0.00084426970890451
C+S,6,4.0,0.32,7,0.02723082551443439,0.011366745269681683,0.008420602735943312,0.012668926517765617,0.0028416863174204206,0.002105150683985828,-0.023444880556628078,0.0,0.0,-0.004198346819196429,0.0006171438927217067,0.0004571865937195089,-0.23040278596193073,0.06650449552020568,0.04926721973999654,0.006971091331695252,0.0029098867890384747,0.0021556743004014613,0.003485545665847626,0.0014549433945192374,0.0010778371502007307,0.006971091331695252,0.0029098867890384747,0.0021556743004014613,0.003485545665847626,0.0014549433945192374,0.0010778371502007307
C+S,6,4.0,0.36,7,0.024735847574044328,0.017238219854333506,0.012770251978406307,0.013586059807052362,0.004309554963583357,0.0031925629946015625,-0.029608391654165178,0.0,0.0,-0.004187447684151786,0.0008966343320235427,0.0006642360086591072,-0.24693328080750301,0.07921083086741079,0.05868020469303094,0.006332376978955342,0.004412984282709361,0.0032691845064720024,0.003166188489477671,0.0022064921413546806,0.0016345922532360012,0.006332376978955342,0.004412984282709361,0.0032691845064720024,0.003166188489477671,0.0022064921413546806,0.0016345922532360012
C+S,6,6.0,0.12,7,0.0028765121674239375,0.02253887966731913,0.016697035720326256,0.0015491640615477667,0.005634719916829782,0.004174258930081564,-0.003320144078767129,0.0,0.0,-0.0011683872767857143,0.001663228006105197,0.0012321365497706075,-0.16849155785416034,0.09803155987373213,0.07262279585725744,0.0007363871148605387,0.005769953194833668,0.0042744411444035,0.0003681935574302694,0.002884976597416834,0.00213722057220175,0.0007363871148605387,0.005769953194833668,0.0042744411444035,0.0003681935574302694,0.002884976597416834,0.00213722057220175
C+S,6,6.0,0.16,7,0.0014337171475258894,0.024529379212292573,0.018171618418946604,0.001832728956236778,0.006132344803073143,0.004542904604736651,-0.005897198677421223,0.0,0.0,-0.0013602120535714285,0.0015439157299005303,0.0011437487786361202,-0.18853054525798768,0.10284618293983248,0.07618951853829414,0.00036703158976658656,0.006279521078346845,0.004651934315250291,0.00018351579488329328,0.0031397605391734226,0.0023259671576251455,0.00036703158976658656,0.006279521078346845,0.004651934315250291,0.00018351579488329328,0.0031397605391734226,0.0023259671576251455
C+S,6,6.0,0.2,7,-0.002920148514364967,0.03292223377134336,0.024389132085837855,0.001570909291993962,0.00823055844283584,0.006097283021459464,-0.009203785682340815,0.0,0.0,-0.0015672956194196428,0.001957465639101928,0.0014501108386849875,-0.256143586917985,0.13230732731513442,0.09801463971809127,-0.0007475580196774871,0.008428091845463921,0.006243617813974507,-0.00037377900983874356,0.004214045922731961,0.0031218089069872533,-0.0007475580196774871,0.008428091845463921,0.006243617813974507,-0.00037377900983874356,0.004214045922731961,0.0031218089069872533
C+S,6,6.0,0.24,7,-0.0015921893225865347,0.028099981776718286,0.020816757815460184,0.0029106676857152563,0.007024995444179588,0.005204189453865057,-0.013234860065447496,0.0,0.0,-0.0017721993582589285,0.002111517761433342,0.0015642342479815616,-0.3341637647239085,0.1385175386210942,0.10261522863541601,-0.00040760046658215387,0.007193595334839889,0.005329090000757812,-0.00020380023329107693,0.0035967976674199445,0.002664545000378906,-0.00040760046658215387,0.007193595334839889,0.005329090000757812,-0.00020380023329107693,0.0035967976674199445,0.002664545000378906
C+S,6,6.0,0.28,7,0.0028904349446850575,0.023986104297321682,0.017769154729751838,0.005218681389509776,0.005996526074330421,0.004442288682437959,-0.017984290613354048,0.0,0.0,-0.0027945382254464285,0.0015544861824972687,0.0011515794795047029,-0.3589857007993175,0.10694054951001551,0.07922266774018556,0.0007399513458393418,0.006140442700114318,0.004548903610816446,0.0003699756729196709,0.003070221350057159,0.002274451805408223,0.0007399513458393418,0.006140442700114318,0.004548903610816446,0.0003699756729196709,0.003070221350057159,0.002274451805408223
C+S,6,6.0,0.32,7,-0.003282565364064841,0.02031252003742838,0.015047725425614533,0.005040578798140809,0.005078130009357095,0.003761931356403633,-0.023444880556628078,0.0,0.0,-0.0029776436941964285,0.0015164766826066902,0.0011234216479375488,-0.40979064601751275,0.07545771086161772,0.055899854483776205,-0.0008403367332006877,0.005200005129581685,0.003852217708957335,-0.00042016836660034384,0.0026000025647908427,0.0019261088544786675,-0.0008403367332006877,0.005200005129581685,0.003852217708957335,-0.00042016836660034384,0.0026000025647908427,0.0019261088544786675
C+S,6,6.0,0.36,7,-0.0034148735256273838,0.031169348220513232,0.02309057629744646,0.006548379532134433,0.007792337055128355,0.005772644074361649,-0.029608391654165178,0.0,0.0,-0.003291538783482143,0.0019238728044802106,0.0014252249185370076,-0.45073161295780395,0.11443194913587948,0.0847723742471003,-0.0008742076225605981,0.00797935314445137,0.005911187532146281,-0.00043710381128029906,0.003989676572225685,0.0029555937660731405,-0.0008742076225605981,0.00797935314445137,0.005911187532146281,-0.00043710381128029906,0.003989676572225685,0.0029555937660731405
C+S,8,-2.0,0.12,7,0.027021955993519673,0.007549381516705473,0.0055926600927540815,0.0075855250180717005,0.0018873453791763682,0.0013981650231885204,-0.003320144078767129,0.0,0.0,-0.0021820068359375,0.0004916867074949942,0.0003642466102766156,0.021109045054051583,0.0380605260617613,0.028195632283759632,0.006917620734341038,0.001932641668276617,0.0014317209837450566,0.003458810367170519,0.0009663208341383085,0.0007158604918725283,0.006917620734341038,0.001932641668276617,0.0014317209837450566,0.003458810367170519,0.0009663208341383085,0.0007158604918725283
C+S,8,-2.0,0.16,7,0.03065135213078512,0.008369940481602854,0.006200538680765336,0.009137137702051585,0.0020924851204007135,0.001550134670191334,-0.005897198677421223,0.0,0.0,-0.0025547572544642855,0.000530694244771058,0.0003931437982856886,0.007268038666941479,0.0382301831076795,0.02832131598222707,0.007846746145481023,0.002142704763290318,0.0015873379022759166,0.0039233730727405115,0.001071352381645159,0.0007936689511379583,0.007846746145481023,0.002142704763290318,0.0015873379022759166,0.0039233730727405115,0.001071352381645159,0.0007936689511379583
C+S,8,-2.0,0.2,7,0.02957302109053574,0.005566532427492216,0.004123744931073904,0.009694201693219138,0.0013916331068730542,0.0010309362327684762,-0.009203785682340815,0.0,0.0,-0.0026986258370535715,0.00045251409647305426,0.00033522713392526173,-0.017655337725074105,0.04333455234794425,0.03210268563291178,0.007570693399177137,0.0014250323014380758,0.0010556787023549702,0.0037853466995885687,0.0007125161507190379,0.0005278393511774851,0.007570693399177137,0.0014250323014380758,0.0010556787023549702,0.0037853466995885687,0.0007125161507190379,0.0005278393511774851
C+S,8,-2.0,0.24,7,0.029976841664422858,0.008320158043683018,0.006163659334654904,0.01080292543246759,0.0020800395109207546,0.001540914833663726,-0.013234860065447496,0.0,0.0,-0.0029296875,0.000356002079154401,0.0002637300309460534,-0.025080176694876246,0.02960771912065475,0.021933705270709248,0.007674071466092257,0.002129960459182855,0.0015778967896716571,0.0038370357330461285,0.0010649802295914276,0.0007889483948358286,0.007674071466092257,0.002129960459182855,0.0015778967896716571,0.0038370357330461285,0.0010649802295914276,0.0007889483948358286
C+S,8,-2.0,0.28,7,0.03212058147927526,0.0034689487208222273,0.0025698331753167478,0.012526218023157327,0.0008672371802055568,0.0006424582938291869,-0.017984290613354048,0.0,0.0,-0.0033133370535714285,0.0003548478963199784,0.0002628750003367865,-0.016634069014555157,0.03404447197340928,0.025220497780281802,0.008222868858694483,0.0008880508725304383,0.000657877292881049,0.0041114344293472415,0.0004440254362652192,0.0003289386464405245,0.008222868858694483,0.0008880508725304383,0.000657877292881049,0.0041114344293472415,0.0004440254362652192,0.0003289386464405245
C+S,8,-2.0,0.32,7,0.028922348383031555,0.004888192051708372,0.003621223348272022,0.013091807234914907,0.001222048012927093,0.0009053058370680055,-0.023444880556628078,0.0,0.0,-0.003529139927455357,0.0003924717843836621,0.0002907471666649013,-0.03268414862964976,0.03493771545231532,0.02588222180979816,0.007404121186056061,0.0012513771652373534,0.0009270331771576452,0.0037020605930280304,0.0006256885826186767,0.0004635165885788226,0.007404121186056061,0.0012513771652373534,0.0009270331771576452,0.0037020605930280304,0.0006256885826186767,0.0004635165885788226
C+S,8,-2.0,0.36,7,0.02898446736304448,0.006337556970793894,0.004694927906038855,0.014648214754302336,0.001584389242698465,0.0011737319765097072,-0.029608391654165178,0.0,0.0,-0.0037667410714285715,0.00028279282612603626,0.00020949585733513393,-0.02089946646532021,0.050237261483167005,0.037216284121347455,0.007420023644939338,0.0016224145845232481,0.001201901543945955,0.003710011822469669,0.0008112072922616241,0.0006009507719729775,0.007420023644939338,0.0016224145845232481,0.001201901543945955,0.003710011822469669,0.0008112072922616241,0.0006009507719729775
C+S,8,0.0,0.12,7,0.01648165049890395,0.0066677916470141525,0.004939569177758101,0.00495044864441777,0.0016669479117535381,0.0012348922944395253,-0.003320144078767129,0.0,0.0,-0.0016152518136160715,0.0005605349320284539,0.0004152500887672992,-0.03466369639500831,0.042636298026771303,0.03158541159291582,0.0042193025277193884,0.0017069546616356073,0.0012645297095060623,0.0021096512638596942,0.0008534773308178037,0.0006322648547530312,0.0042193025277193884,0.0017069546616356073,0.0012645297095060623,0.0021096512638596942,0.0008534773308178037,0.0006322648547530312
C+S,8,0.0,0.16,7,0.02598904311512675,0.008819047987076369,0.006533242176761675,0.007971560448136992,0.002204761996769092,0.0016333105441904187,-0.005897198677421223,0.0,0.0,-0.0023411342075892855,0.0009043051164034372,0.0006699186052515071,-0.02534048153073571,0.048000468456764506,0.03555924465833578,0.006653195037472462,0.0022576762846915357,0.0016725099972509777,0.003326597518736231,0.0011288381423457678,0.0008362549986254889,0.006653195037472462,0.0022576762846915357,0.0016725099972509777,0.003326597518736231,0.0011288381423457678,0.0008362549986254889
C+S,8,0.0,0.2,7,0.025245281283654743,0.007086166647398209,0.005249505715377276,0.008612266741498889,0.0017715416618495523,0.001312376428844319,-0.009203785682340815,0.0,0.0,-0.002308436802455357,0.0003366991967801822,0.00024943025556835725,-0.05071421363717578,0.03951279304237667,0.02927148671879373,0.006462792008615611,0.0018140586617339924,0.0013438734631366202,0.0032313960043078055,0.0009070293308669962,0.0006719367315683101,0.006462792008615611,0.0018140586617339924,0.0013438734631366202,0.0032313960043078055,0.0009070293308669962,0.0006719367315683101
C+S,8,0.0,0.24,7,0.02610260208538216,0.006221500449672683,0.004608952032022924,0.009834365537707414,0.0015553751124181882,0.0011522380080057437,-0.013234860065447496,0.0,0.0,-0.0027313232421875,0.0005754000132740724,0.0004262622950618087,-0.054040812842522205,0.041592100471437306,0.030811859218625916,0.006682266133857838,0.0015927041151162966,0.001179891720197935,0.003341133066928919,0.0007963520575581483,0.0005899458600989674,0.006682266133857838,0.0015927041151162966,0.001179891720197935,0.003341133066928919,0.0007963520575581483,0.0005899458600989674
C+S,8,0.0,0.28,7,0.02800317722482396,0.00891184918922495,0.0066019902693925095,0.011496866959544503,0.002227962297306238,0.0016504975673481276,-0.017984290613354048,0.0,0.0,-0.003143310546875,0.0006806286584156219,0.0005042167662983541,-0.064828040625534,0.03727728384952599,0.027615398332986877,0.007168813369554946,0.0022814333924416146,0.0016901095089645025,0.003584406684777473,0.0011407166962208073,0.0008450547544822512,0.007168813369554946,0.0022814333924416146,0.0016901095089645025,0.003584406684777473,0.0011407166962208073,0.0008450547544822512
C+S,8,0.0,0.32,7,0.02773329187649067,0.006958145219058039,0.005154666114052173,0.012794543108279686,0.0017395363047645097,0.0012886665285130432,-0.023444880556628078,0.0,0.0,-0.0034811837332589285,0.0005317586606073013,0.000393932328572081,-0.06903454973683713,0.023034925901555037,0.01706451191320818,0.007099722720381586,0.0017812851760789345,0.001319594525197413,0.003549861360190793,0.0008906425880394672,0.0006597972625987065,0.007099722720381586,0.0017812851760789345,0.001319594525197413,0.003549861360190793,0.0008906425880394672,0.0006597972625987065
C+S,8,0.0,0.36,7,0.025730109332109334,0.005042389413054085,0.003735454352136096,0.013834625246568612,0.0012605973532635263,0.0009338635880340276,-0.029608391654165178,0.0,0.0,-0.0035836356026785715,0.0004006634313393093,0.0002968156236532522,-0.09286093954572953,0.022551655314985774,0.016706500052564098,0.006586907989019984,0.00129085168974186,0.000956276314146851,0.003293453994509992,0.00064542584487093,0.0004781381570734255,0.006586907989019984,0.00129085168974186,0.000956276314146851,0.003293453994509992,0.00064542584487093,0.0004781381570734255
C+S,8,2.0,0.12,7,0.025929381408223633,0.01027066780489703,0.007608617186888255,0.0073123813717476905,0.0025676669512242575,0.0019021542967220637,-0.003320144078767129,0.0,0.0,-0.0023215157645089285,0.0005337980508940691,0.0003954431300390777,-0.04265279219657435,0.08292041614910449,0.0614283039273441,0.006637921640505283,0.0026292909580536666,0.001947805999843413,0.0033189608202526416,0.0013146454790268333,0.0009739029999217065,0.006637921640505283,0.0026292909580536666,0.001947805999843413,0.0033189608202526416,0.0013146454790268333,0.0009739029999217065
C+S,8,2.0,0.16,7,0.030009926279261658,0.01550647822630203,0.011487359827225273,0.00897678123917072,0.0038766195565755075,0.0028718399568063184,-0.005897198677421223,0.0,0.0,-0.0028708321707589285,0.0009383195273414885,0.00069511683350515,-0.07188681571873319,0.07864984013492841,0.05826461694256205,0.007682541127490957,0.003969658425933348,0.002940764115769691,0.0038412705637454786,0.001984829212966674,0.0014703820578848455,0.007682541127490957,0.003969658425933348,0.002940764115769691,0.0038412705637454786,0.001984829212966674,0.0014703820578848455
C+S,8,2.0,0.2,7,0.03623263608684076,0.016095731391742037,0.011923884681028592,0.011359105442295394,0.004023932847935509,0.002980971170257148,-0.009203785682340815,0.0,0.0,-0.003662109375,0.0010566458945809878,0.0007827742330572263,-0.09270702688134591,0.0963782981694014,0.07139804244716297,0.00927555483823125,0.004120507236285982,0.003052514478343335,0.004637777419115625,0.002060253618142991,0.0015262572391716675,0.00927555483823125,0.004120507236285982,0.003052514478343335,0.004637777419115625,0.002060253618142991,0.0015262572391716675
C+S,8,2.0,0.24,7,0.03544391427807409,0.011257858145533794,0.00833993802553106,0.012169693585880412,0.002814464536383513,0.0020849845063828126,-0.013234860065447496,0.0,0.0,-0.003795078822544643,0.0006562884399504873,0.00048618528012195025,-0.10515495192792328,0.0694489098959075,0.051448472434549086,0.00907364205518695,0.002882011685256724,0.0021350241345360053,0.004536821027593475,0.001441005842628362,0.0010675120672680026,0.00907364205518695,0.002882011685256724,0.0021350241345360053,0.004536821027593475,0.001441005842628362,0.0010675120672680026
C+S,8,2.0,0.28,7,0.034559870222028444,0.01825995922523839,0.01352716709684492,0.013136040208845623,0.004564989806309597,0.00338179177421123,-0.017984290613354048,0.0,0.0,-0.004193987165178571,0.0008833169014598549,0.0006543703180344183,-0.15496214937860384,0.08083431230286059,0.05988289657120343,0.008847326776839273,0.0046745495616610545,0.0034629547767923196,0.004423663388419636,0.0023372747808305273,0.0017314773883961598,0.008847326776839273,0.0046745495616610545,0.0034629547767923196,0.004423663388419636,0.0023372747808305273,0.0017314773883961598
C+S,8,2.0,0.32,7,0.037289522476676815,0.013035167782867308,0.009656587430411066,0.015183600758326223,0.003258791945716827,0.0024141468576027664,-0.023444880556628078,0.0,0.0,-0.004239763532366071,0.0008700377486289041,0.0006445329839509701,-0.1467874468488556,0.07193511408819259,0.0532902782749166,0.009546117754029249,0.0033370029524140456,0.0024720863821852436,0.004773058877014624,0.0016685014762070228,0.0012360431910926218,0.009546117754029249,0.0033370029524140456,0.0024720863821852436,0.004773058877014624,0.0016685014762070228,0.0012360431910926218
C+S,8,2.0,0.36,7,0.028246992093362473,0.015590268333654332,0.011549432407412122,0.01446384593688196,0.0038975670834135836,0.0028873581018530304,-0.029608391654165178,0.0,0.0,-0.004255022321428571,0.0010201512772323367,0.000755738642182068,-0.21254211475301968,0.08093774320695382,0.05995951925723402,0.007231229975900834,0.003991108693415551,0.0029566546962975335,0.003615614987950417,0.0019955543467077754,0.0014783273481487667,0.007231229975900834,0.003991108693415551,0.0029566546962975335,0.003615614987950417,0.0019955543467077754,0.0014783273481487667
C+S,8,4.0,0.12,7,0.016751833093440575,0.01604275125044509,0.011884636443105494,0.005017994293051926,0.004010687812611272,0.0029711591107763734,-0.003320144078767129,0.0,0.0,-0.0021493094308035715,0.0011746105931749475,0.0008701637047272326,-0.07417736892766998,0.06767423979336101,0.05013377842440363,0.004288469271920852,0.004106944320113927,0.003042466929434995,0.002144234635960426,0.0020534721600569635,0.0015212334647174974,0.004288469271920852,0.004106944320113927,0.003042466929434995,0.002144234635960426,0.0020534721600569635,0.0015212334647174974
C+S,8,4.0,0.16,7,0.014768915886870968,0.0244946587496496,0.018145897140270244,0.005166528641073047,0.0061236646874124,0.004536474285067561,-0.005897198677421223,0.0,0.0,-0.0023651123046875,0.0013101842333982764,0.0009705980629099006,-0.15601173143178418,0.08383503183115286,0.06210586070651601,0.0037808424670389934,0.006270632639910355,0.004645349667909226,0.0018904212335194967,0.0031353163199551773,0.002322674833954613,0.0037808424670389934,0.006270632639910355,0.004645349667909226,0.0018904212335194967,0.0031353163199551773,0.002322674833954613
C+S,8,4.0,0.2,7,0.025169618983206972,0.017159891283561293,0.012712225361138276,0.008593351166386947,0.004289972820890323,0.003178056340284569,-0.009203785682340815,0.0,0.0,-0.0035792759486607145,0.0009418458818446551,0.0006977291934791588,-0.15002286494541675,0.06376792393906092,0.0472399391423785,0.006443422459701055,0.004392932168591698,0.003254329692451404,0.0032217112298505274,0.002196466084295849,0.001627164846225702,0.006443422459701055,0.004392932168591698,0.003254329692451404,0.0032217112298505274,0.002196466084295849,0.001627164846225702
C+S,8,4.0,0.24,7,0.012747078723404557,0.01415214330980796,0.010484054480563547,0.006495484697212982,0.0035380358274519803,0.0026210136201408793,-0.013234860065447496,0.0,0.0,-0.0027901785714285715,0.0006382254049203082,0.0004728039965103376,-0.2408924578975848,0.06399451845860826,0.04740780271158678,0.003263252153191565,0.00362294868731082,0.002683917947024255,0.0016316260765957824,0.00181147434365541,0.0013419589735121275,0.003263252153191565,0.00362294868731082,0.002683917947024255,0.0016316260765957824,0.00181147434365541,0.0013419589735121275
C+S,8,4.0,0.28,7,0.006616478270199495,0.01459483652654349,0.010812006204965226,0.006150192220888385,0.0036487091316358723,0.0027030015512413065,-0.017984290613354048,0.0,0.0,-0.0031869070870535715,0.0010560371368507863,0.000782323259019642,-0.2984224376572503,0.036672272461181585,0.027167199624288936,0.0016938184371711065,0.0037362781507951455,0.002767873588471107,0.0008469092185855533,0.0018681390753975727,0.0013839367942355535,0.0016938184371711065,0.0037362781507951455,0.002767873588471107,0.0008469092185855533,0.0018681390753975727,0.0013839367942355535
C+S,8,4.0,0.32,7,0.012853373694008598,0.02506053188383911,0.018565101824540124,0.009074563562659168,0.0062651329709597775,0.004641275456135031,-0.023444880556628078,0.0,0.0,-0.0038517543247767855,0.0011295234525387893,0.0008367626835211573,-0.3108690359123337,0.11232185500989571,0.08320919464301876,0.003290463665666226,0.0064154961622627975,0.004752666067082261,0.001645231832833113,0.0032077480811313988,0.0023763330335411304,0.003290463665666226,0.0064154961622627975,0.004752666067082261,0.001645231832833113,0.0032077480811313988,0.0023763330335411304
C+S,8,4.0,0.36,7,0.006511422477059333,0.01764627127945844,0.013072540704448007,0.009029953532806159,0.004411567819864643,0.003268135176112026,-0.029608391654165178,0.0,0.0,-0.003391810825892857,0.0012109274211880151,0.0008970675874194313,-0.37119191986449046,0.07124834918885907,0.05278151571773126,0.001666924154127249,0.004517445447541394,0.003346570420338714,0.0008334620770636245,0.002258722723770697,0.001673285210169357,0.001666924154127249,0.004517445447541394,0.003346570420338714,0.0008334620770636245,0.002258722723770697,0.001673285210169357
C+S,8,6.0,0.12,7,-0.021318234869321464,0.030316945519826798,0.022459107539835543,-0.004499522697638584,0.007579236379956699,0.005614776884958886,-0.003320144078767129,0.0,0.0,-0.0004795619419642857,0.0019509553211351106,0.0014452879276420643,-0.2154242043220059,0.1497342444819152,0.11092468062180205,-0.005457468126546239,0.0077611380530756184,0.005749531530197868,-0.0027287340632731194,0.0038805690265378092,0.002874765765098934,-0.005457468126546239,0.0077611380530756184,0.005749531530197868,-0.0027287340632731194,0.0038805690265378092,0.002874765765098934
C+S,8,6.0,0.16,7,-0.02520097791809509,0.021655264408752543,0.016042444376254072,-0.004825944810168467,0.005413816102188136,0.004010611094063518,-0.005897198677421223,0.0,0.0,-0.0007607596261160714,0.0025723384174199154,0.0019056149673093554,-0.25530685611543597,0.10066681776650421,0.07457502222420004,-0.006451450347032301,0.005543747688640667,0.004106865760321054,-0.0032257251735161507,0.0027718738443203335,0.002053432880160527,-0.006451450347032301,0.005543747688640667,0.004106865760321054,-0.0032257251735161507,0.0027718738443203335,0.002053432880160527
C+S,8,6.0,0.2,7,-0.03742007986889633,0.018461544864313492,0.013676503828129849,-0.007054073546638879,0.004615386216078373,0.0034191259570324622,-0.009203785682340815,0.0,0.0,-0.0009373256138392857,0.0019081796924594937,0.001413599298460029,-0.36308884803245484,0.10455376430218402,0.07745451251418763,-0.009579540446437449,0.004726155485264254,0.003501184980001242,-0.004789770223218724,0.002363077742632127,0.001750592490000621,-0.009579540446437449,0.004726155485264254,0.003501184980001242,-0.004789770223218724,0.002363077742632127,0.001750592490000621
C+S,8,6.0,0.24,7,-0.0401052929869729,0.02110378954473073,0.015633906079792707,-0.006717608230381382,0.005275947386182653,0.003908476519948155,-0.013234860065447496,0.0,0.0,-0.0010942731584821428,0.0013880107318296228,0.0010282527397827848,-0.3766083703418384,0.11166878105527364,0.08272539068695299,-0.01026695500466506,0.005402570123451084,0.0040022799564269455,-0.00513347750233253,0.002701285061725542,0.0020011399782134728,-0.01026695500466506,0.005402570123451084,0.0040022799564269455,-0.00513347750233253,0.002701285061725542,0.0020011399782134728
C+S,8,6.0,0.28,7,-0.053307922684314245,0.010179235516614073,0.0075408831998407385,-0.00883090801774005,0.002544808879153518,0.0018852207999601846,-0.017984290613354048,0.0,0.0,-0.0009940011160714285,0.0012797818639113433,0.0009480756724096341,-0.496813405220807,0.06385732725135752,0.04730617004298073,-0.01364682820718439,0.0026058842922532088,0.0019304660991592338,-0.006823414103592195,0.0013029421461266044,0.0009652330495796169,-0.01364682820718439,0.0026058842922532088,0.0019304660991592338,-0.006823414103592195,0.0013029421461266044,0.0009652330495796169
C+S,8,6.0,0.32,7,-0.0429352092169198,0.019833104974128653,0.014692569776579109,-0.00487258216507293,0.004958276243532163,0.0036731424441447773,-0.023444880556628078,0.0,0.0,-0.0025918143136160715,0.002355056692311111,0.0017446504127677969,-0.4585284207295047,0.06613382661257208,0.04899262437046065,-0.010991413559531467,0.005077274873376941,0.003761297862804256,-0.005495706779765733,0.0025386374366884704,0.001880648931402128,-0.010991413559531467,0.005077274873376941,0.003761297862804256,-0.005495706779765733,0.0025386374366884704,0.001880648931402128
C+S,8,6.0,0.36,7,-0.07053107211408031,0.021491644304451753,0.015921232906722375,-0.010230670114978786,0.005372911076112929,0.003980308226680588,-0.029608391654165178,0.0,0.0,-0.0011444091796875,0.0017018395889815926,0.001260740410655508,-0.6034561627991082,0.11493349853557487,0.08514392724200646,-0.01805595446120453,0.005501860941939669,0.004075835624120944,-0.009027977230602264,0.0027509304709698347,0.002037917812060472,-0.01805595446120453,0.005501860941939669,0.004075835624120944,-0.009027977230602264,0.0027509304709698347,0.002037917812060472
C+S,10,-2.0,0.12,7,0.016158456923435236,0.007489989231777081,0.005548661672353485,0.004869650250550591,0.0018724973079442702,0.0013871654180883713,-0.003320144078767129,0.0,0.0,-0.0016130719866071428,0.00062831599301259,0.00046546300143725483,-0.05056619395761278,0.06052251530172752,0.044835706778372245,0.004136564972399448,0.0019174372433350192,0.0014204573881225564,0.002068282486199724,0.0009587186216675096,0.0007102286940612782,0.004136564972399448,0.0019174372433350192,0.0014204573881225564,0.002068282486199724,0.0009587186216675096,0.0007102286940612782
C+S,10,-2.0,0.16,7,0.02618428782718953,0.006210406122995006,0.004600733239804126,0.008020371626152687,0.0015526015307487514,0.0011501833099510316,-0.005897198677421223,0.0,0.0,-0.0024348667689732145,0.000383787832069805,0.00028431400476341056,-0.021586094584148747,0.06068753018960579,0.044957951518038,0.006703177683760529,0.0015898639674867645,0.0011777877093898884,0.0033515888418802647,0.0007949319837433822,0.0005888938546949442,0.006703177683760529,0.0015898639674867645,0.0011777877093898884,0.0033515888418802647,0.0007949319837433822,0.0005888938546949442
C+S,10,-2.0,0.2,7,0.0258350373972903,0.006039489273708729,0.004474116265941112,0.00875970576990778,0.0015098723184271822,0.001118529066485278,-0.009203785682340815,0.0,0.0,-0.0025612967354910715,0.00020948277433240368,0.00015518701095391333,-0.033266482704672286,0.04299516879498549,0.03185126677845734,0.006613769573706312,0.001546109254069507,0.0011453737640809783,0.003306884786853156,0.0007730546270347535,0.0005726868820404891,0.006613769573706312,0.001546109254069507,0.0011453737640809783,0.003306884786853156,0.0007730546270347535,0.0005726868820404891
C+S,10,-2.0,0.24,7,0.027516849440660605,0.006674729410905949,0.004944708745173623,0.010187927376527057,0.0016686823527264417,0.001236177186293372,-0.013234860065447496,0.0,0.0,-0.002964564732142857,0.0005439720339659509,0.00040298012217340827,-0.06262024020681523,0.02744301209352221,0.020330067863279382,0.007044313456809147,0.0017087307291919387,0.001265845438764459,0.0035221567284045734,0.0008543653645959694,0.0006329227193822295,0.007044313456809147,0.0017087307291919387,0.001265845438764459,0.0035221567284045734,0.0008543653645959694,0.0006329227193822295
C+S,10,-2.0,0.28,7,0.030492809707570383,0.005824332859557526,0.004314726163790252,0.012119275080231109,0.0014560832148893812,0.0010786815409475627,-0.017984290613354048,0.0,0.0,-0.003300258091517857,0.0003298292686434813,0.0002443409415834704,-0.04831806365928491,0.06508834401061246,0.048218120020308286,0.007806159285138011,0.0014910292120467626,0.0011045698979303311,0.0039030796425690057,0.0007455146060233813,0.0005522849489651656,0.007806159285138011,0.0014910292120467626,0.0011045698979303311,0.0039030796425690057,0.0007455146060233813,0.0005522849489651656
C+S,10,-2.0,0.32,7,0.029649120889493626,0.004022931607787748,0.002980229441175732,0.013273500361530426,0.001005732901946937,0.000745057360293933,-0.023444880556628078,0.0,0.0,-0.0037318638392857145,0.00038165859814664696,0.00028273664619915816,-0.07312350619179979,0.050354932248532616,0.03730345584423466,0.007590174947710431,0.0010298704915936308,0.0007629387369409632,0.0037950874738552154,0.0005149352457968154,0.0003814693684704816,0.007590174947710431,0.0010298704915936308,0.0007629387369409632,0.0037950874738552154,0.0005149352457968154,0.0003814693684704816
C+S,10,-2.0,0.36,7,0.025782551352139787,0.006827501043384944,0.00505788355431256,0.013847735751576273,0.0017068752608462203,0.0012644708885781288,-0.029608391654165178,0.0,0.0,-0.0036468505859375,0.0005397673067401751,0.0003998652166537339,-0.08258938177165095,0.05162701438631272,0.038245827479702454,0.0066003331461478455,0.0017478402671065759,0.001294818189904038,0.0033001665730739227,0.0008739201335532879,0.000647409094952019,0.0066003331461478455,0.0017478402671065759,0.001294818189904038,0.0033001665730739227,0.0008739201335532879,0.000647409094952019
C+S,10,0.0,0.12,7,0.02217639977874348,0.010886251119414835,0.008064647688095648,0.006374135964377652,0.002721562779853709,0.002016161922023912,-0.003320144078767129,0.0,0.0,-0.0021602085658482145,0.0008183917548485715,0.0006062730963394164,-0.05832525740549878,0.0567202001366187,0.04201891228508537,0.005677158343358342,0.0027868802865701715,0.002064549808152466,0.002838579171679171,0.0013934401432850857,0.001032274904076233,0.005677158343358342,0.0027868802865701715,0.002064549808152466,0.002838579171679171,0.0013934401432850857,0.001032274904076233
C+S,10,0.0,0.16,7,0.0256300978107832,0.012122493122735669,0.008980468580397825,0.007881824122051104,0.003030623280683917,0.0022451171450994564,-0.005897198677421223,0.0,0.0,-0.0025918143136160715,0.0008470771482262975,0.0006275235331379226,-0.0767107317766218,0.044687605938165356,0.03310504175978685,0.006561305039560539,0.0031033582394203478,0.0022989999565818553,0.0032806525197802694,0.0015516791197101739,0.0011494999782909277,0.006561305039560539,0.0031033582394203478,0.0022989999565818553,0.0032806525197802694,0.0015516791197101739,0.0011494999782909277
C+S,10,0.0,0.2,7,0.03782433514753685,0.0105085391960322,0.007784834779477232,0.011757030207469417,0.00262713479900805,0.001946208694869308,-0.009203785682340815,0.0,0.0,-0.0035008021763392855,0.0006524422883599113,0.00048333601115022073,-0.044884629063614616,0.043833154640921836,0.03247205538060845,0.009683029797769456,0.0026901860341842546,0.00199291770354618,0.004841514898884728,0.0013450930170921273,0.00099645885177309,0.009683029797769456,0.0026901860341842546,0.00199291770354618,0.004841514898884728,0.0013450930170921273,0.00099645885177309
C+S,10,0.0,0.24,7,0.036967106576917264,0.009067206117921705,0.006717080292771583,0.012550491660591205,0.0022668015294804744,0.0016792700731929316,-0.013234860065447496,0.0,0.0,-0.0034332275390625,0.0007102033401560661,0.0005261259971353016,-0.07878054618721617,0.03588707698862233,0.026585518678018553,0.009463579283690824,0.0023212047661879407,0.0017195725549495138,0.004731789641845412,0.0011606023830939703,0.0008597862774747569,0.009463579283690824,0.0023212047661879407,0.0017195725549495138,0.004731789641845412,0.0011606023830939703,0.0008597862774747569
C+S,10,0.0,0.28,7,0.03566792367124475,0.006920641838989637,0.005126883221296281,0.0134130535711497,0.0017301604597474093,0.0012817208053240703,-0.017984290613354048,0.0,0.0,-0.0036555698939732145,0.000324747893606249,0.00024057660627677528,-0.11500880390504419,0.04408579573038949,0.03265921451884104,0.009130988459838682,0.0017716843107813609,0.0013124821046518584,0.004565494229919341,0.0008858421553906804,0.0006562410523259292,0.009130988459838682,0.0017716843107813609,0.0013124821046518584,0.004565494229919341,0.0008858421553906804,0.0006562410523259292
C+S,10,0.0,0.32,7,0.03729734589269145,0.009413616584202878,0.006973704757463958,0.015185556612329882,0.0023534041460507196,0.0017434261893659894,-0.023444880556628078,0.0,0.0,-0.004263741629464286,0.0005609106190984638,0.0004155284016435472,-0.11707210386243107,0.04931926310521264,0.03653622140597963,0.009548120548529049,0.0024098858455559318,0.0017852684179107694,0.004774060274264524,0.0012049429227779659,0.0008926342089553847,0.009548120548529049,0.0024098858455559318,0.0017852684179107694,0.004774060274264524,0.0012049429227779659,0.0008926342089553847
C+S,10,0.0,0.36,7,0.029321161734264516,0.010449857400431481,0.007741362696936289,0.014732388347107439,0.002612464350107823,0.0019353406742340371,-0.029608391654165178,0.0,0.0,-0.004159109933035714,0.0007722845406022028,0.000572116394027694,-0.16195612708535304,0.053597075509984306,0.03970526918393527,0.007506217403971727,0.0026751634945104473,0.001981788850415681,0.0037531087019858633,0.0013375817472552236,0.0009908944252078405,0.007506217403971727,0.0026751634945104473,0.001981788850415681,0.0037531087019858633,0.0013375817472552236,0.0009908944252078405
C+S,10,2.0,0.12,7,0.0131673536077322,0.011290971131683604,0.008364468468956415,0.004121874421624832,0.002822742782920901,0.002091117117239104,-0.003320144078767129,0.0,0.0,-0.0017046247209821428,0.0009331891786411847,0.0006913162180011368,-0.09188546076176429,0.05294144538903317,0.0392195715933529,0.0033708425235794426,0.0028904886097110764,0.002141303928052897,0.0016854212617897213,0.0014452443048555382,0.0010706519640264485,0.0033708425235794426,0.0028904886097110764,0.002141303928052897,0.0016854212617897213,0.0014452443048555382,0.0010706519640264485
C+S,10,2.0,0.16,7,0.010335799131131853,0.011875535940003894,0.00879752013920079,0.004058249452138269,0.002968883985000974,0.002199380034800198,-0.005897198677421223,0.0,0.0,-0.002384730747767857,0.0010496344275142161,0.0007775800655655951,-0.1576423217269942,0.08605421171861835,0.06374985217360601,0.002645964577569715,0.0030401372006410186,0.002252165155635418,0.0013229822887848575,0.0015200686003205093,0.001126082577817709,0.002645964577569715,0.0030401372006410186,0.002252165155635418,0.0013229822887848575,0.0015200686003205093,0.001126082577817709
C+S,10,2.0,0.2,7,0.018082094472593964,0.01714617891132414,0.012702067093627485,0.006821470038733695,0.004286544727831035,0.0031755167734068713,-0.009203785682340815,0.0,0.0,-0.0030495779854910715,0.0011413339136945731,0.0008455119955855711,-0.1761721897710726,0.08220745665585966,0.060900136143427326,0.004629016184984062,0.004389421801299005,0.0032517291759686547,0.002314508092492031,0.0021947109006495024,0.0016258645879843273,0.004629016184984062,0.004389421801299005,0.0032517291759686547,0.002314508092492031,0.0021947109006495024,0.0016258645879843273
C+S,10,2.0,0.24,7,0.02439078459415584,0.017670965194231204,0.013090834212515908,0.009406411164900865,0.004417741298557821,0.0032727085531289914,-0.013234860065447496,0.0,0.0,-0.0034201485770089285,0.0013575014533422603,0.0010056511499866643,-0.17785241265740964,0.07217000161563898,0.05346428539035093,0.00624404085610394,0.004523767089723156,0.003351253558404048,0.00312202042805197,0.002261883544861578,0.001675626779202024,0.00624404085610394,0.004523767089723156,0.003351253558404048,0.00312202042805197,0.002261883544861578,0.001675626779202024
C+S,10,2.0,0.28,7,0.01448618105621291,0.012224352724952037,0.009055927229708199,0.00811761791739174,0.003056088181238009,0.0022639818074270497,-0.017984290613354048,0.0,0.0,-0.0031367710658482145,0.0010569711213142534,0.000783015164392887,-0.2630649049578978,0.06869530095856753,0.05089019112102986,0.0037084623503904623,0.0031294342975876892,0.002318317370805275,0.0018542311751952312,0.0015647171487938446,0.0011591586854026374,0.0037084623503904623,0.0031294342975876892,0.002318317370805275,0.0018542311751952312,0.0015647171487938446,0.0011591586854026374
C+S,10,2.0,0.32,7,0.014896863335584154,0.009662793929685892,0.0071582979182437554,0.009585435973053058,0.002415698482421473,0.0017895744795609389,-0.023444880556628078,0.0,0.0,-0.003941127232142857,0.0009723299127954454,0.0007203120796384433,-0.28482881502020013,0.04011914933243518,0.029720681744624212,0.00381359701390955,0.0024736752459995634,0.0018325242670703833,0.001906798506954775,0.0012368376229997817,0.0009162621335351916,0.00381359701390955,0.0024736752459995634,0.0018325242670703833,0.001906798506954775,0.0012368376229997817,0.0009162621335351916
C+S,10,2.0,0.36,7,0.013529957588464711,0.01860412185918437,0.013782126344039887,0.01078458731065744,0.00465103046479612,0.0034455315860099913,-0.029608391654165178,0.0,0.0,-0.004150390625,0.001011885151870096,0.0007496150108179877,-0.31359485735701426,0.055628642409899905,0.041210275004846066,0.0034636691426469363,0.004762655195951223,0.003528224344074229,0.0017318345713234682,0.0023813275979756117,0.0017641121720371146,0.0034636691426469363,0.004762655195951223,0.003528224344074229,0.0017318345713234682,0.0023813275979756117,0.0017641121720371146
C+S,10,4.0,0.12,7,0.0018537959281014998,0.02366972568617035,0.017534778174682835,0.001293485001717157,0.005917431421542587,0.004383694543670709,-0.003320144078767129,0.0,0.0,-0.0011226109095982143,0.0018919843653095118,0.0014016016322087774,-0.13718416558204055,0.09731238867651446,0.07209002637864023,0.00047457175759399055,0.006059449775659579,0.004488903212718783,0.00023728587879699527,0.0030297248878297894,0.0022444516063593917,0.00047457175759399055,0.006059449775659579,0.004488903212718783,0.00023728587879699527,0.0030297248878297894,0.0022444516063593917
C+S,10,4.0,0.16,7,-0.00023512707155929187,0.028261659984915272,0.02093653070822635,0.0014155179014654826,0.007065414996228818,0.005234132677056588,-0.005897198677421223,0.0,0.0,-0.0018877301897321428,0.0015123072565669143,0.001120332893902434,-0.18108298439092277,0.14711658758385168,0.10898549325421078,-6.0192530319176054e-05,0.007234984956138279,0.005359751861305923,-3.0096265159588027e-05,0.0036174924780691393,0.0026798759306529613,-6.0192530319176054e-05,0.007234984956138279,0.005359751861305923,-3.0096265159588027e-05,0.0036174924780691393,0.0026798759306529613
C+S,10,4.0,0.2,7,0.009047948339850136,0.019230013224454338,0.014245793156109054,0.004562933505547738,0.004807503306113584,0.0035614482890272635,-0.009203785682340815,0.0,0.0,-0.0026157924107142855,0.0014226412365368262,0.0010539073766877203,-0.18913238612467229,0.09864797394626561,0.07307944179261538,0.0023162747750016094,0.0049228833854603376,0.0036469230479639373,0.0011581373875008047,0.0024614416927301688,0.0018234615239819687,0.0023162747750016094,0.0049228833854603376,0.0036469230479639373,0.0011581373875008047,0.0024614416927301688,0.0018234615239819687
C+S,10,4.0,0.24,7,-0.004495231491233653,0.020555587501919454,0.015227792323213767,0.0021849071435534923,0.005138896875479842,0.0038069480808034253,-0.013234860065447496,0.0,0.0,-0.0023825509207589285,0.0019433338111570762,0.0014396418340373949,-0.30960043304484003,0.08933654117708285,0.06618143586466797,-0.001150779261755838,0.005262230400491379,0.0038983148347427237,-0.000575389630877919,0.0026311152002456897,0.0019491574173713618,-0.001150779261755838,0.005262230400491379,0.0038983148347427237,-0.000575389630877919,0.0026311152002456897,0.0019491574173713618
C+S,10,4.0,0.28,7,-0.009211123186652768,0.017144008909277614,0.012700459533614794,0.00219329185667532,0.0042860022273194034,0.0031751148834036984,-0.017984290613354048,0.0,0.0,-0.0022212437220982145,0.0015768036485852052,0.0011681124897500062,-0.3523391005777494,0.06003795554234918,0.04447673988514622,-0.0023580475357831065,0.004388866280775085,0.0032513176406053996,-0.0011790237678915533,0.0021944331403875427,0.0016256588203026998,-0.0023580475357831065,0.004388866280775085,0.0032513176406053996,-0.0011790237678915533,0.0021944331403875427,0.0016256588203026998
C+S,10,4.0,0.32,7,-0.019120398789692343,0.023102834699577683,0.017114819454800527,0.001081120441733934,0.005775708674894421,0.004278704863700132,-0.023444880556628078,0.0,0.0,-0.002528599330357143,0.002196306695540005,0.0016270467693829736,-0.40468339633763584,0.060150805278280386,0.044560340139448346,-0.004894822090161233,0.005914325683091833,0.004381393780428895,-0.0024474110450806164,0.0029571628415459164,0.0021906968902144475,-0.004894822090161233,0.005914325683091833,0.004381393780428895,-0.0024474110450806164,0.0029571628415459164,0.0021906968902144475
C+S,10,4.0,0.36,7,-0.020112700490001117,0.01819804951692718,0.013481303743103957,0.0023739227910409832,0.00454951237923183,0.0033703259357760157,-0.029608391654165178,0.0,0.0,-0.0029078892299107145,0.001287413163977998,0.0009537290186134482,-0.43496014984172404,0.07526411419427724,0.05575643606557473,-0.005148851325440311,0.004658700676333358,0.0034512137582346134,-0.0025744256627201556,0.002329350338166679,0.0017256068791173067,-0.005148851325440311,0.004658700676333358,0.0034512137582346134,-0.0025744256627201556,0.002329350338166679,0.0017256068791173067
C+S,10,6.0,0.12,7,-0.04446309899085864,0.02183912680264621,0.016178651543769972,-0.010285738728022877,0.005459781700661553,0.004044662885942493,-0.003320144078767129,0.0,0.0,0.0006125313895089286,0.0026164326565443255,0.0019382804367820204,-0.21538026414597095,0.08778192497834217,0.06502976006778224,-0.011382553341659829,0.005590816461477411,0.0041417347952051,-0.0056912766708299145,0.0027954082307387056,0.00207086739760255,-0.011382553341659829,0.005590816461477411,0.0041417347952051,-0.0056912766708299145,0.0027954082307387056,0.00207086739760255
C+S,10,6.0,0.16,7,-0.04498757105135609,0.03755059103646563,0.027817867130474176,-0.009772593093483717,0.009387647759116408,0.006954466782618544,-0.005897198677421223,0.0,0.0,-0.0008152553013392857,0.0036472640303858834,0.0027019310052538085,-0.24757409063275887,0.13774691080424736,0.1020443395595217,-0.011516818189147167,0.009612951305335201,0.007121373985401389,-0.005758409094573583,0.004806475652667601,0.0035606869927006946,-0.011516818189147167,0.009612951305335201,0.007121373985401389,-0.005758409094573583,0.004806475652667601,0.0035606869927006946
C+S,10,6.0,0.2,7,-0.05893232169895089,0.02606493334120286,0.019309172836883614,-0.01243213400415252,0.006516233335300715,0.0048272932092209035,-0.009203785682340815,0.0,0.0,-0.0014168875558035715,0.0022693300879491644,0.0016811432555203505,-0.36134608963166037,0.12819055923025974,0.09496489524187757,-0.015086674354931431,0.006672622935347919,0.0049431482462421955,-0.0075433371774657155,0.0033363114676739597,0.0024715741231210978,-0.015086674354931431,0.006672622935347919,0.0049431482462421955,-0.0075433371774657155,0.0033363114676739597,0.0024715741231210978
C+S,10,6.0,0.24,7,-0.067402508377987,0.02841680872212283,0.021051466501191884,-0.013541912078134877,0.007104202180530707,0.005262866625297971,-0.013234860065447496,0.0,0.0,-0.0011858258928571428,0.0020869002432826462,0.0015459973353233007,-0.4168189351534436,0.10852536184497913,0.08039671314783153,-0.017255042144764705,0.00727470303286343,0.005389175424305112,-0.008627521072382353,0.003637351516431715,0.002694587712152556,-0.017255042144764705,0.00727470303286343,0.005389175424305112,-0.008627521072382353,0.003637351516431715,0.002694587712152556
C+S,10,6.0,0.28,7,-0.07401135414496259,0.035076122143847,0.025984754921760576,-0.014006765882902132,0.008769030535961748,0.006496188730440142,-0.017984290613354048,0.0,0.0,-0.0019204275948660715,0.002833227866294182,0.0020988845757019176,-0.45244789760406573,0.0904194258110889,0.06698364802791086,-0.01894690666111043,0.008979487268824837,0.006652097259970711,-0.009473453330555215,0.0044897436344124185,0.0033260486299853554,-0.01894690666111043,0.008979487268824837,0.006652097259970711,-0.009473453330555215,0.0044897436344124185,0.0033260486299853554
C+S,10,6.0,0.32,7,-0.07768350419021565,0.035841381121562536,0.02655166670596713,-0.013559655908396901,0.00896034528039063,0.00663791667649178,-0.023444880556628078,0.0,0.0,-0.0033024379185267855,0.003167045598188648,0.0023461802122105076,-0.5048613251882775,0.1214655030340952,0.08998290389244167,-0.019886977072695235,0.009175393567119992,0.0067972266767275715,-0.009943488536347618,0.004587696783559996,0.0033986133383637858,-0.019886977072695235,0.009175393567119992,0.0067972266767275715,-0.009943488536347618,0.004587696783559996,0.0033986133383637858
C+S,10,6.0,0.36,7,-0.11347260457232422,0.029362109877504913,0.02175175539712873,-0.02096605322953976,0.007340527469376228,0.005437938849282183,-0.029608391654165178,0.0,0.0,-0.0015171595982142857,0.0021212800740379096,0.0015714662703658774,-0.6300803608686573,0.09941319814906588,0.07364632781520418,-0.029048986770515015,0.007516700128641248,0.005568449381664948,-0.014524493385257508,0.003758350064320624,0.002784224690832474,-0.029048986770515015,0.007516700128641248,0.005568449381664948,-0.014524493385257508,0.003758350064320624,0.002784224690832474
C+S,12,-2.0,0.12,7,0.02787169684127904,0.007464387600819448,0.005529695718725452,0.007797960230011542,0.001866096900204862,0.001382423929681363,-0.003320144078767129,0.0,0.0,-0.0025503976004464285,0.0004921149570177139,0.0003645638619627511,-0.011709139118544496,0.03633447477985585,0.02691695559998114,0.0071351543913674865,0.001910883225809823,0.0014156021039937485,0.0035675771956837432,0.0009554416129049115,0.0007078010519968742,0.0071351543913674865,0.001910883225809823,0.0014156021039937485,0.0035675771956837432,0.0009554416129049115,0.0007078010519968742
C+S,12,-2.0,0.16,7,0.029704894049494484,0.009422705160593358,0.0069804376690761885,0.008900523181728928,0.002355676290148339,0.001745109417269047,-0.005897198677421223,0.0,0.0,-0.002716064453125,0.00047596661256354435,0.00035260100097963144,-0.03123432676521303,0.04253533714190897,0.03151061872273841,0.007604452876670649,0.0024122125211119704,0.0017869920432835565,0.0038022264383353243,0.0012061062605559852,0.0008934960216417782,0.007604452876670649,0.0024122125211119704,0.0017869920432835565,0.0038022264383353243,0.0012061062605559852,0.0008934960216417782
C+S,12,-2.0,0.2,7,0.032098842302107834,0.008750628489115495,0.006482556303360613,0.010325656996112162,0.0021876571222788736,0.0016206390758401533,-0.009203785682340815,0.0,0.0,-0.003040858677455357,0.0006604731952515453,0.0004892853902327426,-0.0414222328053747,0.030933591072384563,0.022915924957995264,0.008217303629339636,0.0022401608932135844,0.0016595344136603302,0.004108651814669818,0.0011200804466067922,0.0008297672068301651,0.008217303629339636,0.0022401608932135844,0.0016595344136603302,0.004108651814669818,0.0011200804466067922,0.0008297672068301651
C+S,12,-2.0,0.24,7,0.036585109744965906,0.010837466903495772,0.008028507835192052,0.01245499245260335,0.002709366725873943,0.002007126958798013,-0.013234860065447496,0.0,0.0,-0.0037100655691964285,0.0008845022465757359,0.0006552484339848521,-0.022869714433899496,0.06434551265565888,0.047667822851553146,0.00936578809471132,0.0027743915272948967,0.00205529800580915,0.00468289404735566,0.0013871957636474484,0.001027649002904575,0.00936578809471132,0.0027743915272948967,0.00205529800580915,0.00468289404735566,0.0013871957636474484,0.001027649002904575
C+S,12,-2.0,0.28,7,0.031189915435889417,0.009863899781752155,0.007307279218338537,0.012293551512310865,0.0024659749454380387,0.0018268198045846343,-0.017984290613354048,0.0,0.0,-0.0036228724888392855,0.000844665386526819,0.0006257368750679789,-0.0754420262009032,0.0509401931452593,0.03773702318398691,0.007984618351587687,0.002525158344128573,0.0018706634798946813,0.003992309175793843,0.0012625791720642864,0.0009353317399473407,0.007984618351587687,0.002525158344128573,0.0018706634798946813,0.003992309175793843,0.0012625791720642864,0.0009353317399473407
C+S,12,-2.0,0.32,7,0.038378505298678825,0.005270600952664147,0.0039045158265706443,0.015455846463826726,0.0013176502381660367,0.0009761289566426611,-0.023444880556628078,0.0,0.0,-0.004468645368303571,0.0003931350896220536,0.0002912385500620522,-0.05233509655143769,0.035457116133903774,0.026266999219396698,0.009824897356461812,0.0013492738438820608,0.000999556051602114,0.004912448678230906,0.0006746369219410304,0.000499778025801057,0.009824897356461812,0.0013492738438820608,0.000999556051602114,0.004912448678230906,0.0006746369219410304,0.000499778025801057
C+S,12,-2.0,0.36,7,0.036907288624563925,0.0074138987301534225,0.005492293039912985,0.016628920069682276,0.0018534746825383819,0.0013730732599782657,-0.029608391654165178,0.0,0.0,-0.004544939313616071,0.0007670699433779494,0.0005682533663437263,-0.06405184673432705,0.04838338303789579,0.03584291174975086,0.0094482658878884,0.0018979580749193031,0.0014060270182177444,0.0047241329439442,0.0009489790374596516,0.0007030135091088722,0.0094482658878884,0.0018979580749193031,0.0014060270182177444,0.0047241329439442,0.0009489790374596516,0.0007030135091088722
C+S,12,0.0,0.12,7,0.026804257515896626,0.01454179639641169,0.010772713526691359,0.007531100398665939,0.0036354490991029227,0.0026931783816728397,-0.003320144078767129,0.0,0.0,-0.002696446010044643,0.0007362116299537748,0.0005453932078479356,-0.04753739729656127,0.07380656907537789,0.05467667153098089,0.006861889924069585,0.00372269987748141,0.0027578146628330007,0.0034309449620347925,0.001861349938740705,0.0013789073314165003,0.006861889924069585,0.00372269987748141,0.0027578146628330007,0.0034309449620347925,0.001861349938740705,0.0013789073314165003
C+S,12,0.0,0.16,7,0.0286587437689656,0.009138391578368663,0.006769815219857341,0.008638985611596706,0.0022845978945921657,0.0016924538049643352,-0.005897198677421223,0.0,0.0,-0.002796718052455357,0.0005248753064396003,0.00038883306844424034,-0.06034451616853964,0.06735972293976608,0.04990078107863343,0.007336638404855116,0.002339428244062356,0.0017330726962834632,0.003668319202427558,0.001169714122031178,0.0008665363481417316,0.007336638404855116,0.002339428244062356,0.0017330726962834632,0.003668319202427558,0.001169714122031178,0.0008665363481417316
C+S,12,0.0,0.2,7,0.03314436878039632,0.005976871939784633,0.004427728695810099,0.010587038615684283,0.0014942179849461582,0.0011069321739525248,-0.009203785682340815,0.0,0.0,-0.0032065255301339285,0.0006256369342539464,0.0004634783269347867,-0.06815651148233519,0.055622784189984203,0.04120593517479978,0.008484958407781422,0.0015300792165848672,0.0011334985461273863,0.004242479203890711,0.0007650396082924336,0.0005667492730636931,0.008484958407781422,0.0015300792165848672,0.0011334985461273863,0.004242479203890711,0.0007650396082924336,0.0005667492730636931
C+S,12,0.0,0.24,7,0.038965119250977044,0.012015491620196087,0.008901200758021432,0.013049994829106135,0.0030038729050490217,0.002225300189505358,-0.013234860065447496,0.0,0.0,-0.003936767578125,0.000661781263494917,0.0004902544207483042,-0.0779835416444722,0.06055515728403869,0.04485988829727099,0.009975070528250085,0.0030759658547702042,0.002278707394053491,0.0049875352641250426,0.0015379829273851021,0.0011393536970267454,0.009975070528250085,0.0030759658547702042,0.002278707394053491,0.0049875352641250426,0.0015379829273851021,0.0011393536970267454
C+S,12,0.0,0.28,7,0.039740082294410506,0.011663326398582231,0.008640313110918492,0.014431093226941138,0.002915831599645558,0.002160078277729623,-0.017984290613354048,0.0,0.0,-0.004320417131696429,0.0009032132786164793,0.0006691097604997393,-0.11363829740035136,0.044288811361340295,0.03280961060293236,0.010173461067369065,0.002985811558037014,0.002211920156395106,0.005086730533684533,0.001492905779018507,0.001105960078197553,0.010173461067369065,0.002985811558037014,0.002211920156395106,0.005086730533684533,0.001492905779018507,0.001105960078197553
C+S,12,0.0,0.32,7,0.03342679646845026,0.00868731072163532,0.0064356498447897936,0.014217919256269584,0.00217182768040883,0.0016089124611974484,-0.023444880556628078,0.0,0.0,-0.004307338169642857,0.000622358744197005,0.00046104980975528664,-0.16283006040305992,0.04894765945259264,0.03626093356766722,0.008557259895923248,0.002223951544738622,0.0016475263602661724,0.004278629947961624,0.001111975772369311,0.0008237631801330862,0.008557259895923248,0.002223951544738622,0.0016475263602661724,0.004278629947961624,0.001111975772369311,0.0008237631801330862
C+S,12,0.0,0.36,7,0.043629131825761176,0.015981023101134695,0.011838907590154575,0.018309380869981573,0.003995255775283658,0.002959726897538632,-0.029608391654165178,0.0,0.0,-0.005266462053571429,0.0009175777182195056,0.0006797510862752154,-0.1420342662275839,0.06742155922693742,0.04994659004123281,0.011169057747394835,0.004091141913890465,0.003030760343079558,0.005584528873697417,0.0020455709569452323,0.001515380171539779,0.011169057747394835,0.004091141913890465,0.003030760343079558,0.005584528873697417,0.0020455709569452323,0.001515380171539779
C+S,12,2.0,0.12,7,0.00897928179802175,0.012710402479311976,0.009415997926663519,0.0030748564691972196,0.003177600619827994,0.0023539994816658798,-0.003320144078767129,0.0,0.0,-0.0016544886997767857,0.0009061484330832004,0.0006712841533577206,-0.13552184324449712,0.051300824179118666,0.03800418239256723,0.002298696140293496,0.003253863034703846,0.002410495469225846,0.001149348070146748,0.001626931517351923,0.001205247734612923,0.002298696140293496,0.003253863034703846,0.002410495469225846,0.001149348070146748,0.001626931517351923,0.001205247734612923
C+S,12,2.0,0.16,7,0.024949889186679793,0.01931274922223728,0.014307084840998862,0.007711771966025254,0.00482818730555932,0.0035767712102497155,-0.005897198677421223,0.0,0.0,-0.0029667445591517855,0.0011267716772581052,0.0008347241398653022,-0.13750919154853847,0.08775074868897896,0.06500666434941434,0.006387171631790002,0.004944063800892825,0.003662613719295769,0.003193585815895001,0.0024720319004464127,0.0018313068596478846,0.006387171631790002,0.004944063800892825,0.003662613719295769,0.003193585815895001,0.0024720319004464127,0.0018313068596478846
C+S,12,2.0,0.2,7,0.015874938546557717,0.008258736610502394,0.0061181577001926755,0.006269681057224633,0.0020646841526255986,0.0015295394250481689,-0.009203785682340815,0.0,0.0,-0.0029776436941964285,0.0005025702932629616,0.000372309283444727,-0.19334708812270662,0.029008417039254584,0.02148973607578454,0.004063984267918795,0.002114236572288615,0.0015662483712493265,0.0020319921339593977,0.0010571182861443076,0.0007831241856246633,0.004063984267918795,0.002114236572288615,0.0015662483712493265,0.0020319921339593977,0.0010571182861443076,0.0007831241856246633
C+S,12,2.0,0.24,7,0.013526642189533129,0.015495969685461066,0.011479574991227214,0.00669037556374514,0.003873992421365279,0.002869893747806813,-0.013234860065447496,0.0,0.0,-0.003291538783482143,0.0006714280020831931,0.0004974008247031843,-0.25859720942210807,0.04242274269662833,0.03142720759039685,0.003462820400520467,0.0039669682394779925,0.002938771197754137,0.0017314102002602336,0.0019834841197389963,0.0014693855988770685,0.003462820400520467,0.0039669682394779925,0.002938771197754137,0.0017314102002602336,0.0019834841197389963,0.0014693855988770685
C+S,12,2.0,0.28,7,0.021322038597710233,0.014478677906126915,0.010725954694732817,0.009826582302766071,0.003619669476531729,0.0026814886736832044,-0.017984290613354048,0.0,0.0,-0.004462105887276786,0.0010898328478805514,0.000807359472113943,-0.2595825409450048,0.03714615180967856,0.027518254358409183,0.005458441881013869,0.0037065415439685233,0.0027458444018516256,0.0027292209405069346,0.0018532707719842616,0.0013729222009258128,0.005458441881013869,0.0037065415439685233,0.0027458444018516256,0.0027292209405069346,0.0018532707719842616,0.0013729222009258128
C+S,12,2.0,0.32,7,0.009936495033567068,0.006629794430472864,0.004911420445823444,0.008345343897548787,0.0016574486076182157,0.0012278551114558607,-0.023444880556628078,0.0,0.0,-0.004076276506696429,0.0010433199512145652,0.0007729022360600185,-0.3530996623779303,0.041006333764132125,0.030377917169153328,0.0025437427285931935,0.0016972273742010856,0.0012573236341308256,0.0012718713642965967,0.0008486136871005428,0.0006286618170654128,0.0025437427285931935,0.0016972273742010856,0.0012573236341308256,0.0012718713642965967,0.0008486136871005428,0.0006286618170654128
C+S,12,2.0,0.36,7,0.011655967717148259,0.012900459395656502,0.009556794060630237,0.010316089842828327,0.0032251148489141402,0.00238919851515757,-0.029608391654165178,0.0,0.0,-0.004342215401785714,0.0013884619700519469,0.0010285870217359135,-0.3608558784280387,0.07801192280434131,0.05779204117071158,0.002983927735589959,0.0033025176052880966,0.0024465392795213646,0.0014919638677949796,0.0016512588026440483,0.0012232696397606823,0.002983927735589959,0.0033025176052880966,0.0024465392795213646,0.0014919638677949796,0.0016512588026440483,0.0012232696397606823
C+S,12,4.0,0.12,7,-0.004099260679460378,0.022338802890665917,0.016548816769965988,-0.00019477915017331236,0.005584700722666479,0.004137204192491497,-0.003320144078767129,0.0,0.0,-0.0028468540736607145,0.001798183328161198,0.0013321128514447538,-0.1528386094778606,0.08181363277351517,0.06060838732857571,-0.0010494107339418404,0.005718733540010474,0.004236497093111293,-0.0005247053669709202,0.002859366770005237,0.0021182485465556463,-0.0010494107339418404,0.005718733540010474,0.004236497093111293,-0.0005247053669709202,0.002859366770005237,0.0021182485465556463
C+S,12,4.0,0.16,7,-0.005208049764760541,0.013129110107064282,0.009726180878085473,0.00017228722816517043,0.0032822775267660714,0.002431545219521369,-0.005897198677421223,0.0,0.0,-0.002689906529017857,0.0011537203367463704,0.0008546879861936052,-0.1911607323680962,0.0592532624787077,0.043895431128610655,-0.001333260739778733,0.0033610521874084943,0.002489902304789909,-0.0006666303698893665,0.0016805260937042472,0.0012449511523949545,-0.001333260739778733,0.0033610521874084943,0.002489902304789909,-0.0006666303698893665,0.0016805260937042472,0.0012449511523949545
C+S,12,4.0,0.2,7,-0.01770894598428128,0.026598037270428462,0.019704101754394663,-0.002126290075485117,0.006649509317607116,0.004926025438598666,-0.009203785682340815,0.0,0.0,-0.0020512172154017855,0.0024205406090266317,0.001793161577148842,-0.25777171826708756,0.11025620611324935,0.0816789405255984,-0.0045334901719760335,0.00680909754122966,0.005044250049125014,-0.0022667450859880168,0.00340454877061483,0.002522125024562507,-0.0045334901719760335,0.00680909754122966,0.005044250049125014,-0.0022667450859880168,0.00340454877061483,0.002522125024562507
C+S,12,4.0,0.24,7,-0.03476066939707285,0.01940493758633101,0.014375378936845307,-0.005381452332906322,0.004851234396582712,0.0035938447342112973,-0.013234860065447496,0.0,0.0,-0.002750941685267857,0.0018558249693318538,0.0013748143768005235,-0.38266180473165373,0.06366405960972642,0.04716299537043581,-0.0088987313656507,0.00496766402210067,0.0036800970078323487,-0.00444936568282535,0.002483832011050335,0.0018400485039161744,-0.0088987313656507,0.00496766402210067,0.0036800970078323487,-0.00444936568282535,0.002483832011050335,0.0018400485039161744
C+S,12,4.0,0.28,7,-0.028761303719812732,0.0341275287754444,0.02528202712028744,-0.0026942532766146715,0.0085318821938611,0.00632050678007186,-0.017984290613354048,0.0,0.0,-0.0037209647042410715,0.002784250694847998,0.0020626017793434442,-0.3775444396221249,0.15483293485597716,0.11470184330953036,-0.007362893752272075,0.008736647366513701,0.006472198942793536,-0.0036814468761360375,0.004368323683256851,0.003236099471396768,-0.007362893752272075,0.008736647366513701,0.006472198942793536,-0.0036814468761360375,0.004368323683256851,0.003236099471396768
C+S,12,4.0,0.32,7,-0.04552103307169978,0.019361882480122324,0.014343483267809405,-0.005519038128767925,0.004840470620030581,0.0035858708169523514,-0.023444880556628078,0.0,0.0,-0.0029231480189732145,0.0013284747614173273,0.0009841478756861116,-0.45647424797839065,0.06194845610443507,0.04589205850788617,-0.01165338446635519,0.00495664191491126,0.0036719317165591673,-0.005826692233177595,0.00247832095745563,0.0018359658582795836,-0.01165338446635519,0.00495664191491126,0.0036719317165591673,-0.005826692233177595,0.00247832095745563,0.0018359658582795836
C+S,12,4.0,0.36,7,-0.05685844102027041,0.017579012356087477,0.01302271459673494,-0.006812512341526292,0.004394753089021837,0.0032556786491837117,-0.029608391654165178,0.0,0.0,-0.002949305943080357,0.002071540349314359,0.0015346185666340662,-0.5409022668419906,0.09981903122045332,0.07394697316179927,-0.014555760901189247,0.004500227163158341,0.003333814936764106,-0.007277880450594624,0.0022501135815791704,0.001666907468382053,-0.014555760901189247,0.004500227163158341,0.003333814936764106,-0.007277880450594624,0.0022501135815791704,0.001666907468382053
C+S,12,6.0,0.12,7,-0.029100740753251024,0.01910305742171135,0.014151742981273788,-0.006445149168620974,0.004775764355427837,0.003537935745318447,-0.003320144078767129,0.0,0.0,-0.002399989536830357,0.002763058926455129,0.0020469026976208658,-0.14889868515099675,0.07694830508563665,0.05700410213806595,-0.007449789632832271,0.004890382699958079,0.0036228462032060703,-0.0037248948164161355,0.0024451913499790394,0.0018114231016030352,-0.007449789632832271,0.004890382699958079,0.0036228462032060703,-0.0037248948164161355,0.0024451913499790394,0.0018114231016030352
C+S,12,6.0,0.16,7,-0.0463354050545831,0.019624439908190374,0.014537988532480825,-0.010109551594290469,0.0049061099770475935,0.0036344971331202063,-0.005897198677421223,0.0,0.0,-0.0023563929966517855,0.0024714191870285796,0.0018308529551958935,-0.23520916591114766,0.0825981978935817,0.061189601303184564,-0.011861863693973296,0.005023856616496722,0.0037217250643150814,-0.005930931846986648,0.002511928308248361,0.0018608625321575407,-0.011861863693973296,0.005023856616496722,0.0037217250643150814,-0.005930931846986648,0.002511928308248361,0.0018608625321575407
C+S,12,6.0,0.2,7,-0.05631923382342977,0.020742650794634696,0.015366370749760721,-0.01177886203527224,0.005185662698658674,0.0038415926874401803,-0.009203785682340815,0.0,0.0,-0.0030604771205357145,0.002804545188928415,0.002077636150953228,-0.2589770293313051,0.08154751143710744,0.060411241883658866,-0.014417723858798035,0.005310118603426485,0.003933790911938746,-0.007208861929399017,0.0026550593017132425,0.001966895455969373,-0.014417723858798035,0.005310118603426485,0.003933790911938746,-0.007208861929399017,0.0026550593017132425,0.001966895455969373
C+S,12,6.0,0.24,7,-0.08533843231148618,0.023319352074010997,0.017275217770437584,-0.01802589306150967,0.005829838018502749,0.004318804442609396,-0.013234860065447496,0.0,0.0,-0.0028228759765625,0.0019215979777053446,0.0014235397032788346,-0.38090184814042294,0.07286886722867623,0.05398201228169727,-0.021846638671740488,0.005969754130946805,0.004422455749232014,-0.010923319335870244,0.0029848770654734027,0.002211227874616007,-0.021846638671740488,0.005969754130946805,0.004422455749232014,-0.010923319335870244,0.0029848770654734027,0.002211227874616007
C+S,12,6.0,0.28,7,-0.0636243506021397,0.026208674440947512,0.019415657733752534,-0.011410014997196414,0.006552168610236878,0.0048539144334381334,-0.017984290613354048,0.0,0.0,-0.006966727120535714,0.0024901430129273495,0.0018447237595334422,-0.3256972308903553,0.09014259929821225,0.06677857207728423,-0.016287833754147767,0.006709420656882571,0.0049704083798406545,-0.008143916877073883,0.0033547103284412854,0.0024852041899203273,-0.016287833754147767,0.006709420656882571,0.0049704083798406545,-0.008143916877073883,0.0033547103284412854,0.0024852041899203273
C+S,12,6.0,0.32,7,-0.10908206056741096,0.015663464521810694,0.011603656902430416,-0.02140929500269572,0.0039158661304526735,0.002900914225607604,-0.023444880556628078,0.0,0.0,-0.0038779122488839285,0.001776244269085634,0.0013158601690371988,-0.4865258735828615,0.08041019202557385,0.0595687038728929,-0.02792500750525721,0.004009846917583546,0.0029705361670221923,-0.013962503752628605,0.002004923458791773,0.0014852680835110961,-0.02792500750525721,0.004009846917583546,0.0029705361670221923,-0.013962503752628605,0.002004923458791773,0.0014852680835110961
C+S,12,6.0,0.36,7,-0.12070917471923491,0.013338930594582715,0.009881618070468704,-0.022775195766267433,0.003334732648645679,0.002470404517617176,-0.029608391654165178,0.0,0.0,-0.004752022879464286,0.0027290612931970717,0.002021716898446498,-0.5232638641350674,0.037730370155496615,0.02795104936564009,-0.030901548728124142,0.003414766232213169,0.002529694226039983,-0.015450774364062071,0.0017073831161065845,0.0012648471130199915,-0.030901548728124142,0.003414766232213169,0.002529694226039983,-0.015450774364062071,0.0017073831161065845,0.0012648471130199915
S,6,-2.0,0.12,7,0.01599299605008372,0.011768554777329547,0.008718267384807427,0.004828285032212712,0.0029421386943323867,0.002179566846201857,-0.003320144078767129,0.0,0.0,-0.0013209751674107143,0.0007626778290263919,0.0005649996424986121,0.007558152758972473,0.06721489789895291,0.049793493186983624,0.002047103494410729,0.0015063750114981814,0.0011159382252553503,0.002047103494410729,0.0015063750114981814,0.0011159382252553503,0.002047103494410729,0.0015063750114981814,0.0011159382252553503,0.002047103494410729,0.0015063750114981814,0.0011159382252553503
S,6,-2.0,0.16,7,0.01405192820043569,0.011412551865938937,0.008454536737332163,0.004987281719464228,0.002853137966484734,0.0021136341843330407,-0.005897198677421223,0.0,0.0,-0.0013296944754464285,0.0011146030530386228,0.0008257094968901888,0.01422552533677189,0.049263089662137015,0.036494607536993615,0.0017986468096557859,0.0014608066388401967,0.0010821807023785263,0.0017986468096557859,0.0014608066388401967,0.0010821807023785263,0.0017986468096557859,0.0014608066388401967,0.0010821807023785263,0.0017986468096557859,0.0014608066388401967,0.0010821807023785263
S,6,-2.0,0.2,7,0.021679647645194526,0.009099024785374343,0.006740651891487743,0.007720858331883835,0.0022747561963435857,0.0016851629728719358,-0.009203785682340815,0.0,0.0,-0.0019269670758928572,0.00041449588739762074,0.00030706285050367805,0.027510576111272705,0.06184637455948471,0.04581643544109756,0.0027749948985849038,0.0011646751725279093,0.0008628034421104264,0.0027749948985849038,0.0011646751725279093,0.0008628034421104264,0.0027749948985849038,0.0011646751725279093,0.0008628034421104264,0.0027749948985849038,0.0011646751725279093,0.0008628034421104264
S,6,-2.0,0.24,7,0.018741483876928897,0.009604099696562049,0.007114816621856741,0.007994085985594099,0.0024010249241405122,0.0017787041554641852,-0.013234860065447496,0.0,0.0,-0.002131870814732143,0.0007521677271273266,0.0005572136500525273,0.004838856917202554,0.05124365795083701,0.037961833058008286,0.002398909936246902,0.0012293247611599382,0.0009106965275976598,0.002398909936246902,0.0012293247611599382,0.0009106965275976598,0.002398909936246902,0.0012293247611599382,0.0009106965275976598,0.002398909936246902,0.0012293247611599382,0.0009106965275976598
S,6,-2.0,0.28,7,0.022326879344173038,0.005911696092806719,0.0043794457526844625,0.010077792489381772,0.0014779240232016798,0.0010948614381711156,-0.017984290613354048,0.0,0.0,-0.002650669642857143,0.0005301716917732945,0.00039275668560758727,0.006069584828360318,0.056386166556705766,0.04177145674612698,0.0028578405560541636,0.0007566970998792692,0.0005605690563436179,0.0028578405560541636,0.0007566970998792692,0.0005605690563436179,0.0028578405560541636,0.0007566970998792692,0.0005605690563436179,0.0028578405560541636,0.0007566970998792692,0.0005605690563436179
S,6,-2.0,0.32,7,0.02285785497469333,0.009589205548776729,0.007103782882768285,0.011575683882830352,0.0023973013871941822,0.0017759457206920713,-0.023444880556628078,0.0,0.0,-0.0030997140066964285,0.001022810511999832,0.000757708630866376,0.03570029845149847,0.036820384643933564,0.027276922664765127,0.002925805436760766,0.0012274183102434397,0.0009092842089943542,0.002925805436760766,0.0012274183102434397,0.0009092842089943542,0.002925805436760766,0.0012274183102434397,0.0009092842089943542,0.002925805436760766,0.0012274183102434397,0.0009092842089943542
S,6,-2.0,0.36,7,0.018259402848066802,0.008779309319546203,0.006503803359880664,0.011966948625557996,0.002194827329886551,0.0016259508399701665,-0.029608391654165178,0.0,0.0,-0.002894810267857143,0.0008592795859869808,0.000636563225534906,0.004513283845909655,0.06607193197322307,0.048946772179963106,0.0023372035645525652,0.0011237515929019032,0.0008324868300647172,0.0023372035645525652,0.0011237515929019032,0.0008324868300647172,0.0023372035645525652,0.0011237515929019032,0.0008324868300647172,0.0023372035645525652,0.0011237515929019032,0.0008324868300647172
S,6,0.0,0.12,7,0.021549417599059466,0.01882401806645877,0.01394502773407431,0.006217390419456649,0.004706004516614693,0.0034862569335185776,-0.003320144078767129,0.0,0.0,-0.001957484654017857,0.001503893180417637,0.001114099659061497,0.0013494543918758848,0.10192756887253926,0.07550899971388118,0.0027583254526796297,0.002409474312506722,0.0017849635499615113,0.0027583254526796297,0.002409474312506722,0.0017849635499615113,0.0027583254526796297,0.002409474312506722,0.0017849635499615113,0.0027583254526796297,0.002409474312506722,0.0017849635499615113
S,6,0.0,0.16,7,0.01996080320416154,0.009175545554203218,0.006797339270334491,0.006464500470395691,0.0022938863885508046,0.0016993348175836228,-0.005897198677421223,0.0,0.0,-0.002044677734375,0.0007551687602932725,0.0005594368465338652,-0.03285996519781266,0.08874355219553588,0.06574214347956303,0.0025549828101326744,0.0011744698309380294,0.0008700594266028277,0.0025549828101326744,0.0011744698309380294,0.0008700594266028277,0.0025549828101326744,0.0011744698309380294,0.0008700594266028277,0.0025549828101326744,0.0011744698309380294,0.0008700594266028277
S,6,0.0,0.2,7,0.02498432763737814,0.010092693851711222,0.007476772237294779,0.008547028329929738,0.0025231734629278055,0.0018691930593236947,-0.009203785682340815,0.0,0.0,-0.002528599330357143,0.0007583333801686719,0.0005617812297454857,-0.016284678099016552,0.0749944796476853,0.05555668799813163,0.003197993937584409,0.0012918648130190488,0.0009570268463737409,0.003197993937584409,0.0012918648130190488,0.0009570268463737409,0.003197993937584409,0.0012918648130190488,0.0009570268463737409,0.003197993937584409,0.0012918648130190488,0.0009570268463737409
S,6,0.0,0.24,7,0.020819328404950266,0.006570915835075192,0.004867802571952675,0.00851354711759944,0.001642728958768798,0.0012169506429881688,-0.013234860065447496,0.0,0.0,-0.002288818359375,0.0008076114431389888,0.0005982869296644087,-0.05042209632311513,0.06682583782763926,0.04950527345273056,0.002664874035833653,0.0008410772268896446,0.0006230787292099573,0.002664874035833653,0.0008410772268896446,0.0006230787292099573,0.002664874035833653,0.0008410772268896446,0.0006230787292099573,0.002664874035833653,0.0008410772268896446,0.0006230787292099573
S,6,0.0,0.28,7,0.021793784588884195,0.006659960034288251,0.004933767437859656,0.00994451880055956,0.0016649900085720629,0.001233441859464914,-0.017984290613354048,0.0,0.0,-0.002742222377232143,0.0005080446823366774,0.0003763647676240641,-0.04303548389730061,0.06049277705981616,0.04481367638046504,0.0027896044273771825,0.0008524748843889096,0.0006315222320460459,0.0027896044273771825,0.0008524748843889096,0.0006315222320460459,0.0027896044273771825,0.0008524748843889096,0.0006315222320460459,0.0027896044273771825,0.0008524748843889096,0.0006315222320460459
S,6,0.0,0.32,7,0.021818833644522417,0.011867295030704675,0.008791415188157613,0.011315928550287624,0.0029668237576761687,0.0021978537970394033,-0.023444880556628078,0.0,0.0,-0.002960205078125,0.0006244307150562665,0.0004625847472481527,-0.04157037919717865,0.09831047818482318,0.07282942143368717,0.0027928107064988544,0.0015190137639301902,0.0011253011440841684,0.0027928107064988544,0.0015190137639301902,0.0011253011440841684,0.0027928107064988544,0.0015190137639301902,0.0011253011440841684,0.0027928107064988544,0.0015190137639301902,0.0011253011440841684
S,6,0.0,0.36,7,0.0177375557235465,0.009081989170924317,0.006728031731693278,0.01183648684442792,0.002270497292731079,0.0016820079329233194,-0.029608391654165178,0.0,0.0,-0.0029994419642857145,0.0008670634701017207,0.0006423296075833955,-0.06633492610960547,0.07042259426788129,0.05216978791158866,0.0022704071326139497,0.0011624946138783221,0.0008611880616567468,0.0022704071326139497,0.0011624946138783221,0.0008611880616567468,0.0022704071326139497,0.0011624946138783221,0.0008611880616567468,0.0022704071326139497,0.0011624946138783221,0.0008611880616567468
S,6,2.0,0.12,7,0.01365781422567025,0.011285969531165911,0.008360763231440825,0.004244489576109345,0.002821492382791478,0.0020901908078602063,-0.003320144078767129,0.0,0.0,-0.0012948172433035715,0.0010662035800227201,0.0007898546655179241,-0.04101683643008463,0.05399623664261405,0.04000097188913,0.0017482002208857872,0.0014446040999892432,0.0010701776936244303,0.0017482002208857872,0.0014446040999892432,0.0010701776936244303,0.0017482002208857872,0.0014446040999892432,0.0010701776936244303,0.0017482002208857872,0.0014446040999892432,0.0010701776936244303
S,6,2.0,0.16,7,0.01590652435514179,0.015274724086673633,0.011315673957970661,0.005450930758140753,0.0038186810216684084,0.0028289184894926653,-0.005897198677421223,0.0,0.0,-0.0014081682477678572,0.0009248770785554708,0.000685158528085283,-0.06981206194275405,0.06682663588717762,0.049505864663510125,0.002036035117458162,0.001955164683094229,0.0014484062666202473,0.002036035117458162,0.001955164683094229,0.0014484062666202473,0.002036035117458162,0.001955164683094229,0.0014484062666202473,0.002036035117458162,0.001955164683094229,0.0014484062666202473
S,6,2.0,0.2,7,0.01920446683422902,0.010816158747000882,0.00801272253195689,0.0071020631291424585,0.0027040396867502206,0.0020031806329892225,-0.009203785682340815,0.0,0.0,-0.0018092564174107143,0.00079808266717736,0.0005912279136462791,-0.05946295786344459,0.058361343833804875,0.04323468854985857,0.00245817175478131,0.0013844683196161244,0.0010256284840904903,0.00245817175478131,0.0013844683196161244,0.0010256284840904903,0.00245817175478131,0.0013844683196161244,0.0010256284840904903,0.00245817175478131,0.0013844683196161244,0.0010256284840904903
S,6,2.0,0.24,7,0.024638586121509043,0.009579436031384827,0.00709654552300282,0.009468361546739135,0.002394859007846207,0.001774136380750705,-0.013234860065447496,0.0,0.0,-0.002445765904017857,0.0006524932663877548,0.00048337377620174144,-0.06798999468856616,0.07219565796899778,0.05348329188290105,0.003153739023553164,0.0012261678120172508,0.0009083578269443556,0.003153739023553164,0.0012261678120172508,0.0009083578269443556,0.003153739023553164,0.0012261678120172508,0.0009083578269443556,0.003153739023553164,0.0012261678120172508,0.0009083578269443556
S,6,2.0,0.28,7,0.02509692979877392,0.009441320252766642,0.0069942279223426445,0.010770305103031992,0.0023603300631916606,0.0017485569805856611,-0.017984290613354048,0.0,0.0,-0.0028294154575892855,0.0008169205271952923,0.0006051831956415058,-0.050767869426121645,0.04317002094280546,0.03198079906227175,0.0032124070142430794,0.0012084889923541196,0.0008952611740598506,0.0032124070142430794,0.0012084889923541196,0.0008952611740598506,0.0032124070142430794,0.0012084889923541196,0.0008952611740598506,0.0032124070142430794,0.0012084889923541196,0.0008952611740598506
S,6,2.0,0.32,7,0.025679822379864374,0.009233276014801133,0.006840106594042774,0.012281175734123113,0.0023083190037002832,0.0017100266485106934,-0.023444880556628078,0.0,0.0,-0.002777099609375,0.0006794303173623268,0.0005033290228227539,-0.07618720181561553,0.045314600096045474,0.033569525532054376,0.0032870172646226365,0.0011818593298945509,0.0008755336440374794,0.0032870172646226365,0.0011818593298945509,0.0008755336440374794,0.0032870172646226365,0.0011818593298945509,0.0008755336440374794,0.0032870172646226365,0.0011818593298945509,0.0008755336440374794
S,6,2.0,0.36,7,0.01569746459372861,0.010145983132980159,0.007516249489314013,0.011326464061973447,0.0025364957832450397,0.0018790623723285032,-0.029608391654165178,0.0,0.0,-0.002384730747767857,0.0006326857927190546,0.0004687001943619459,-0.11205297260587369,0.08282255647630976,0.06135580846721694,0.0020092754679972608,0.0012986858410214588,0.0009620799346321925,0.0020092754679972608,0.0012986858410214588,0.0009620799346321925,0.0020092754679972608,0.0012986858410214588,0.0009620799346321925,0.0020092754679972608,0.0012986858410214588,0.0009620799346321925
S,6,4.0,0.12,7,0.019571699166532484,0.016064047974103844,0.011900413276777122,0.005722960811324903,0.004016011993525961,0.0029751033191942806,-0.003320144078767129,0.0,0.0,-0.0014299665178571428,0.0006680094006246485,0.0004948682893017178,-0.0801122704606979,0.08308765479087699,0.061552196046948573,0.0025051774933161747,0.0020561981406852638,0.0015232528994274508,0.0025051774933161747,0.0020561981406852638,0.0015232528994274508,0.0025051774933161747,0.0020561981406852638,0.0015232528994274508,0.0025051774933161747,0.0020561981406852638,0.0015232528994274508
S,6,4.0,0.16,7,0.01633414199013369,0.012198485600365115,0.009036764595647189,0.005557835166888728,0.003049621400091279,0.002259191148911797,-0.005897198677421223,0.0,0.0,-0.00146484375,0.000606012817733011,0.00044894057797093695,-0.12506060357018203,0.09730490092134259,0.07208447937198262,0.0020907701747371493,0.0015614061568467246,0.0011567058682428325,0.0020907701747371493,0.0015614061568467246,0.0011567058682428325,0.0020907701747371493,0.0015614061568467246,0.0011567058682428325,0.0020907701747371493,0.0015614061568467246,0.0011567058682428325
S,6,4.0,0.2,7,0.019893528020590967,0.01719389256146891,0.01273741386030682,0.0072743284257329455,0.004298473140367227,0.003184353465076705,-0.009203785682340815,0.0,0.0,-0.002201625279017857,0.0010289491593668183,0.000762256204475799,-0.1442109423188338,0.11072280176697118,0.08202459942311845,0.0025463715866356684,0.00220081824786802,0.001630388974119273,0.0025463715866356684,0.00220081824786802,0.001630388974119273,0.0025463715866356684,0.00220081824786802,0.001630388974119273,0.0025463715866356684,0.00220081824786802,0.001630388974119273
S,6,4.0,0.24,7,0.029027187120343165,0.017546236866939922,0.01299843417458772,0.010565511796447666,0.00438655921673498,0.0032496085436469297,-0.013234860065447496,0.0,0.0,-0.0031607491629464285,0.0012293013255702148,0.0009106791662698338,-0.13362830631371406,0.09535706058890427,0.07064149906026054,0.0037154799514039294,0.002245918318968298,0.0016637995743472192,0.0037154799514039294,0.002245918318968298,0.0016637995743472192,0.0037154799514039294,0.002245918318968298,0.0016637995743472192,0.0037154799514039294,0.002245918318968298,0.0016637995743472192
S,6,4.0,0.28,7,0.027424137873741903,0.019808762687050428,0.014674536757952682,0.011352107121773989,0.004952190671762607,0.0036686341894881704,-0.017984290613354048,0.0,0.0,-0.003108433314732143,0.0012964797925169608,0.0009604456710297392,-0.19817404249432155,0.07481251432490311,0.055421886200562244,0.0035102896478389884,0.0025355216239424322,0.0018783407050179267,0.0035102896478389884,0.0025355216239424322,0.0018783407050179267,0.0035102896478389884,0.0025355216239424322,0.0018783407050179267,0.0035102896478389884,0.0025355216239424322,0.0018783407050179267
S,6,4.0,0.32,7,0.034283076748393135,0.017189363289295687,0.012734058528525488,0.014431989326255303,0.004297340822323922,0.003183514632131372,-0.023444880556628078,0.0,0.0,-0.003688267299107143,0.001232274029412096,0.0009128813760942116,-0.1794151531939155,0.07309962086393111,0.05415295696693966,0.00438823382379433,0.0022002385010298367,0.0016299594916512545,0.00438823382379433,0.0022002385010298367,0.0016299594916512545,0.00438823382379433,0.0022002385010298367,0.0016299594916512545,0.00438823382379433,0.0022002385010298367,0.0016299594916512545
S,6,4.0,0.36,7,0.027271779452611358,0.016476433799744436,0.012205912971655977,0.014220042776694133,0.004119108449936109,0.0030514782429139943,-0.029608391654165178,0.0,0.0,-0.0037841796875,0.0008152630725215307,0.0006039553360361881,-0.22250072264564377,0.0905194758123664,0.06705776610608541,0.003490787769934278,0.0021089835263672797,0.0015623568603719588,0.003490787769934278,0.0021089835263672797,0.0015623568603719588,0.003490787769934278,0.0021089835263672797,0.0015623568603719588,0.003490787769934278,0.0021089835263672797,0.0015623568603719588
S,6,6.0,0.12,7,0.030723965316036494,0.01605936530295193,0.011896944305442072,0.008511027348700906,0.0040148413257379825,0.002974236076360518,-0.003320144078767129,0.0,0.0,-0.0027683803013392855,0.0010615138331160222,0.000786380452390376,-0.0788804011740792,0.08510684755536399,0.06304803498004997,0.003932667560452662,0.0020555987587778522,0.0015228088710965892,0.003932667560452662,0.0020555987587778522,0.0015228088710965892,0.003932667560452662,0.0020555987587778522,0.0015228088710965892,0.003932667560452662,0.0020555987587778522,0.0015228088710965892
S,6,6.0,0.16,7,0.02561310118159645,0.014483343624390143,0.010729411107192175,0.007877574964754417,0.0036208359060975357,0.0026823527767980437,-0.005897198677421223,0.0,0.0,-0.0027945382254464285,0.0018873139798009156,0.0013981417622056646,-0.12300241117568181,0.09085231476685462,0.06730433665414437,0.0032784769512443435,0.0018538679839219144,0.0013733646217205808,0.0032784769512443435,0.0018538679839219144,0.0013733646217205808,0.0032784769512443435,0.0018538679839219144,0.0013733646217205808,0.0032784769512443435,0.0018538679839219144,0.0013733646217205808
S,6,6.0,0.2,7,0.023880620304531038,0.01798586300634427,0.013324113776305772,0.008271101496717963,0.0044964657515860675,0.003331028444076443,-0.009203785682340815,0.0,0.0,-0.002864292689732143,0.001371190316248089,0.0010157920015410864,-0.17650525322908908,0.07016509586754013,0.05197903042710476,0.0030567193989799618,0.002302190464812058,0.0017054865633671327,0.0030567193989799618,0.002302190464812058,0.0017054865633671327,0.0030567193989799618,0.002302190464812058,0.0017054865633671327,0.0030567193989799618,0.002302190464812058,0.0017054865633671327
S,6,6.0,0.24,7,0.037038010493614264,0.018128242275588805,0.01342958981502197,0.01256821763976544,0.004532060568897201,0.0033573974537554926,-0.013234860065447496,0.0,0.0,-0.004002162388392857,0.0017135584854292211,0.0012694218906348603,-0.18880986690822052,0.08018604830434581,0.059402655880487217,0.004740865343182616,0.002320415011275369,0.0017189874963228135,0.004740865343182616,0.002320415011275369,0.0017189874963228135,0.004740865343182616,0.002320415011275369,0.0017189874963228135,0.004740865343182616,0.002320415011275369,0.0017189874963228135
S,6,6.0,0.28,7,0.031299270863458774,0.018348264275475458,0.01359258439352766,0.012320890369203205,0.0045870660688688645,0.003398146098381915,-0.017984290613354048,0.0,0.0,-0.004067557198660714,0.0017504178281475726,0.0012967276738450365,-0.2544782917654257,0.07397839859607018,0.05480396462128323,0.004006306670522708,0.0023485778272608754,0.0017398508023715525,0.004006306670522708,0.0023485778272608754,0.0017398508023715525,0.004006306670522708,0.0023485778272608754,0.0017398508023715525,0.004006306670522708,0.0023485778272608754,0.0017398508023715525
S,6,6.0,0.32,7,0.028485932798703546,0.012506561068450762,0.00926499009625363,0.012982703338832906,0.0031266402671126904,0.0023162475240634077,-0.023444880556628078,0.0,0.0,-0.004311697823660714,0.0008244857682708906,0.0006107876046599054,-0.29097229835564725,0.0716008075266348,0.05304262050832568,0.0036461993982340496,0.0016008398167616934,0.0011859187323204619,0.0036461993982340496,0.0016008398167616934,0.0011859187323204619,0.0036461993982340496,0.0016008398167616934,0.0011859187323204619,0.0036461993982340496,0.0016008398167616934,0.0011859187323204619
S,6,6.0,0.36,7,0.015806435848187177,0.010368220585101704,0.007680885297803117,0.01135370687558809,0.002592055146275426,0.0019202213244507793,-0.029608391654165178,0.0,0.0,-0.004621233258928571,0.0015562825023184657,0.0011529102118508694,-0.3544661621314639,0.05273813789063623,0.03906895929083167,0.0020232237885679594,0.0013271322348929972,0.0009831533181187836,0.0020232237885679594,0.0013271322348929972,0.0009831533181187836,0.0020232237885679594,0.0013271322348929972,0.0009831533181187836,0.0020232237885679594,0.0013271322348929972,0.0009831533181187836
S,8,-2.0,0.12,7,0.009989195364574956,0.015778955840045635,0.011689214068288684,0.0033273348608355213,0.003944738960011409,0.002922303517072171,-0.003320144078767129,0.0,0.0,-0.0008370535714285714,0.0008381427762763613,0.0006209048577738996,-0.06695644211307032,0.0777275979751503,0.05758141038962349,0.0012786170066655944,0.0020197063475258315,0.0014962194007409444,0.0012786170066655944,0.0020197063475258315,0.0014962194007409444,0.0012786170066655944,0.0020197063475258315,0.0014962194007409444,0.0012786170066655944,0.0020197063475258315,0.0014962194007409444
S,8,-2.0,0.16,7,0.01622920439949211,0.011525289492228712,0.008538053939649657,0.005531600769228333,0.002881322373057178,0.0021345134849124143,-0.005897198677421223,0.0,0.0,-0.0017264229910714285,0.000604180519840915,0.0004475831926968602,-0.05031945191348391,0.058457833758010794,0.04330616928603082,0.0020773381631349736,0.001475237055005275,0.001092870904275156,0.0020773381631349736,0.001475237055005275,0.001092870904275156,0.0020773381631349736,0.001475237055005275,0.001092870904275156,0.0020773381631349736,0.001475237055005275,0.001092870904275156
S,8,-2.0,0.2,7,0.016604691768489603,0.01051606852857354,0.007790412587081187,0.0064521193627076045,0.002629017132143385,0.0019476031467702967,-0.009203785682340815,0.0,0.0,-0.0019662039620535715,0.0009247811717704817,0.0006850874793446881,-0.11317712718317934,0.06763639585894983,0.05010574324546004,0.0021254005463666736,0.0013460567716574354,0.0009971728111464085,0.0021254005463666736,0.0013460567716574354,0.0009971728111464085,0.0021254005463666736,0.0013460567716574354,0.0009971728111464085,0.0021254005463666736,0.0013460567716574354,0.0009971728111464085
S,8,-2.0,0.24,7,0.02214519921733909,0.01150555337596331,0.008523433220113995,0.008845014820696646,0.0028763883439908277,0.002130858305028499,-0.013234860065447496,0.0,0.0,-0.002288818359375,0.0006075476774755498,0.0004500776179802512,-0.07786757748659541,0.09196111204249795,0.06812574517095106,0.0028345854998193926,0.0014727108321232875,0.0010909994521745793,0.0028345854998193926,0.0014727108321232875,0.0010909994521745793,0.0028345854998193926,0.0014727108321232875,0.0010909994521745793,0.0028345854998193926,0.0014727108321232875,0.0010909994521745793
S,8,-2.0,0.28,7,0.01232807753594908,0.012637048618706268,0.009361656626260142,0.007578092037325782,0.003159262154676567,0.0023404141565650355,-0.017984290613354048,0.0,0.0,-0.0019138881138392857,0.0010661827823404558,0.000789839258379291,-0.11796094402760536,0.07955645870832725,0.058936249380739575,0.0015779939246014665,0.001617542223194408,0.0011982920481613025,0.0015779939246014665,0.001617542223194408,0.0011982920481613025,0.0015779939246014665,0.001617542223194408,0.0011982920481613025,0.0015779939246014665,0.001617542223194408,0.0011982920481613025
S,8,-2.0,0.32,7,0.012794869009638317,0.010786826900660839,0.007990993196102058,0.0090599373915666,0.0026967067251652097,0.0019977482990255146,-0.023444880556628078,0.0,0.0,-0.0021536690848214285,0.0007313311493389711,0.0005417776972120678,-0.12716814584039302,0.05555709408064285,0.04115727126078389,0.0016377432332337033,0.0013807138432846155,0.0010228471291010843,0.0016377432332337033,0.0013807138432846155,0.0010228471291010843,0.0016377432332337033,0.0013807138432846155,0.0010228471291010843,0.0016377432332337033,0.0013807138432846155,0.0010228471291010843
S,8,-2.0,0.36,7,0.011558015622620108,0.009577948101396581,0.007095443249042012,0.010291601819196321,0.002394487025349145,0.0017738608122605025,-0.029608391654165178,0.0,0.0,-0.0022190638950892855,0.0008898572536611156,0.0006592154787495851,-0.10740089993186608,0.06484909652404909,0.04804088300195997,0.0014794259996953687,0.0012259773569787678,0.0009082167358773814,0.0014794259996953687,0.0012259773569787678,0.0009082167358773814,0.0014794259996953687,0.0012259773569787678,0.0009082167358773814,0.0014794259996953687,0.0012259773569787678,0.0009082167358773814
S,8,0.0,0.12,7,0.014642229483540246,0.014420612933689734,0.01068293956118609,0.004490593390576844,0.0036051532334224336,0.0026707348902965224,-0.003320144078767129,0.0,0.0,-0.0009547642299107143,0.0008990546687372113,0.000666029019188461,-0.030678796661921175,0.04923873384319399,0.03647656449382146,0.0018742053738931563,0.0018458384555122766,0.0013674162638318123,0.0018742053738931563,0.0018458384555122766,0.0013674162638318123,0.0018742053738931563,0.0018458384555122766,0.0013674162638318123,0.0018742053738931563,0.0018458384555122766,0.0013674162638318123
S,8,0.0,0.16,7,0.022682156195701544,0.00881081649549416,0.006527144202460894,0.007144838718280692,0.00220270412387354,0.0016317860506152235,-0.005897198677421223,0.0,0.0,-0.0013296944754464285,0.0005901442994828974,0.00043718501514076764,-0.005069643378995435,0.057964405162212775,0.042940632266841,0.0029033159930498026,0.0011277845114232646,0.0008354744579150033,0.0029033159930498026,0.0011277845114232646,0.0008354744579150033,0.0029033159930498026,0.0011277845114232646,0.0008354744579150033,0.0029033159930498026,0.0011277845114232646,0.0008354744579150033
S,8,0.0,0.2,7,0.032301269707357756,0.016867102373778965,0.012495324301400181,0.010376263847424643,0.004216775593444741,0.0031238310753500453,-0.009203785682340815,0.0,0.0,-0.0028206961495535715,0.0008366598989784352,0.0006198063268984615,0.02039542298043224,0.08130446751919684,0.060231192429610565,0.004134562522541796,0.0021589891038437162,0.0015994015105792296,0.004134562522541796,0.0021589891038437162,0.0015994015105792296,0.004134562522541796,0.0021589891038437162,0.0015994015105792296,0.004134562522541796,0.0021589891038437162,0.0015994015105792296
S,8,0.0,0.24,7,0.02522764798488992,0.024523162481134293,0.018167013000055087,0.009615627012584354,0.006130790620283573,0.004541753250013772,-0.013234860065447496,0.0,0.0,-0.0021841866629464285,0.0011579074738052495,0.0008577898607352835,-0.03953845986068367,0.12264430176980957,0.09085617021658099,0.003229138942065914,0.0031389647975851977,0.0023253776640070577,0.003229138942065914,0.0031389647975851977,0.0023253776640070577,0.003229138942065914,0.0031389647975851977,0.0023253776640070577,0.003229138942065914,0.0031389647975851977,0.0023253776640070577
S,8,0.0,0.28,7,0.03551560224760676,0.015498275187602587,0.011481282931115019,0.013374973215240202,0.0038745687969006467,0.0028703207327787548,-0.017984290613354048,0.0,0.0,-0.0032261439732142855,0.0007918344752448984,0.0005865991882870929,0.022694496772208948,0.07181162766697596,0.05319879825388348,0.00454599708769367,0.001983779224013147,0.0014696042151827345,0.00454599708769367,0.001983779224013147,0.0014696042151827345,0.00454599708769367,0.001983779224013147,0.0014696042151827345,0.00454599708769367,0.001983779224013147,0.0014696042151827345
S,8,0.0,0.32,7,0.03152474409047227,0.015635975686824698,0.011583292888493342,0.013742406161775087,0.003908993921706174,0.0028958232221233354,-0.023444880556628078,0.0,0.0,-0.003291538783482143,0.0006991187001482716,0.0005179143809019772,-0.03113262858960399,0.0393310232592754,0.02913682977904714,0.004035167243580455,0.0020014048879135726,0.0014826614897271559,0.004035167243580455,0.0020014048879135726,0.0014826614897271559,0.004035167243580455,0.0020014048879135726,0.0014826614897271559,0.004035167243580455,0.0020014048879135726,0.0014826614897271559
S,8,0.0,0.36,7,0.02605867762154958,0.015183224082567254,0.011247889806339137,0.013916767318928689,0.0037958060206418134,0.002811972451584784,-0.029608391654165178,0.0,0.0,-0.0030081612723214285,0.0014412201197446187,0.0010676708059771576,-0.059748417086156635,0.0963794601419625,0.07139890324848251,0.003335510735558354,0.0019434526825686175,0.0014397298952114163,0.003335510735558354,0.0019434526825686175,0.0014397298952114163,0.003335510735558354,0.0019434526825686175,0.0014397298952114163,0.003335510735558354,0.0019434526825686175,0.0014397298952114163
S,8,2.0,0.12,7,0.015527705826781408,0.008604439049905179,0.006374257651233356,0.004711962476387134,0.0021511097624762943,0.0015935644128083387,-0.003320144078767129,0.0,0.0,-0.00152587890625,0.0007977491832152365,0.0005909808652698771,-0.08468226350009544,0.07271963466079143,0.053871459248299544,0.0019875463458280318,0.0011013681983878664,0.0008159049793578721,0.0019875463458280318,0.0011013681983878664,0.0008159049793578721,0.0019875463458280318,0.0011013681983878664,0.0008159049793578721,0.0019875463458280318,0.0011013681983878664,0.0008159049793578721
S,8,2.0,0.16,7,0.01739169531943669,0.025227258651122384,0.018688614742216322,0.005822223499214478,0.006306814662780596,0.004672153685554081,-0.005897198677421223,0.0,0.0,-0.0016697474888392857,0.001653376393918389,0.0012248383733299902,-0.10702324002209096,0.13062677599270564,0.09676966987599563,0.002226137000887894,0.0032290891073436575,0.0023921426870036834,0.002226137000887894,0.0032290891073436575,0.0023921426870036834,0.002226137000887894,0.0032290891073436575,0.0023921426870036834,0.002226137000887894,0.0032290891073436575,0.0023921426870036834
S,8,2.0,0.2,7,0.019597457261795053,0.01954744353395295,0.014480948820216779,0.007200310736033967,0.004886860883488237,0.0036202372050541947,-0.009203785682340815,0.0,0.0,-0.0022059849330357145,0.0011734679158843795,0.0008693171975441324,-0.10033978830444694,0.08230921229893358,0.06097551777872722,0.002508474529509752,0.0025020727723459855,0.0018535614489877538,0.002508474529509752,0.0025020727723459855,0.0018535614489877538,0.002508474529509752,0.0025020727723459855,0.0018535614489877538,0.002508474529509752,0.0025020727723459855,0.0018535614489877538
S,8,2.0,0.24,7,0.024579567696235864,0.013827924649563193,0.010243869935847572,0.00945360694042084,0.0034569811623907983,0.002560967483961893,-0.013234860065447496,0.0,0.0,-0.0025416782924107145,0.0010409900761324063,0.0007711762404451116,-0.1257994680520024,0.057139522784050045,0.04232955084946152,0.003146184665118203,0.0017699743551441152,0.0013112153517885088,0.003146184665118203,0.0017699743551441152,0.0013112153517885088,0.003146184665118203,0.0017699743551441152,0.0013112153517885088,0.003146184665118203,0.0017699743551441152,0.0013112153517885088
S,8,2.0,0.28,7,0.02045479604706855,0.02341653689647648,0.0173472132944446,0.00960977166510565,0.00585413422411912,0.00433680332361115,-0.017984290613354048,0.0,0.0,-0.0032217843191964285,0.0015140181466194085,0.0011216003389902867,-0.17455888451345583,0.09856884102569287,0.07302081930467634,0.002618213894024779,0.002997316722748994,0.0022204433016889125,0.002618213894024779,0.002997316722748994,0.0022204433016889125,0.002618213894024779,0.002997316722748994,0.0022204433016889125,0.002618213894024779,0.002997316722748994,0.0022204433016889125
S,8,2.0,0.32,7,0.03014515000930107,0.016412198963665584,0.012158327139159918,0.013397507641482287,0.004103049740916396,0.0030395817847899795,-0.023444880556628078,0.0,0.0,-0.003570556640625,0.0009740160484688983,0.000721561186425671,-0.16486306474181817,0.08460038116106056,0.06267283942456321,0.0038585792011905295,0.002100761467349199,0.0015562658738124725,0.0038585792011905295,0.002100761467349199,0.0015562658738124725,0.0038585792011905295,0.002100761467349199,0.0015562658738124725,0.0038585792011905295,0.002100761467349199,0.0015562658738124725
S,8,2.0,0.36,7,0.023199239711404158,0.017919981640915985,0.01327530817779792,0.013201907841392333,0.004479995410228995,0.003318827044449479,-0.029608391654165178,0.0,0.0,-0.0034048897879464285,0.0005504052406311248,0.00040774590836465356,-0.1825402951991068,0.061438071273141145,0.04551396013365402,0.0029695026830597404,0.0022937576500372575,0.0016992394467581422,0.0029695026830597404,0.0022937576500372575,0.0016992394467581422,0.0029695026830597404,0.0022937576500372575,0.0016992394467581422,0.0029695026830597404,0.0022937576500372575,0.0016992394467581422
S,8,4.0,0.12,7,0.020794700250961258,0.02552286653924652,0.018907604130334654,0.006028711082432097,0.00638071663481163,0.0047269010325836636,-0.003320144078767129,0.0,0.0,-0.002415248325892857,0.0014709165125573389,0.0010896702016382376,-0.12156382408043623,0.05843505413155004,0.04328929390259007,0.0026617216321230424,0.0032669269170235342,0.002420173328682821,0.0026617216321230424,0.0032669269170235342,0.002420173328682821,0.0026617216321230424,0.0032669269170235342,0.002420173328682821,0.0026617216321230424,0.0032669269170235342,0.002420173328682821
S,8,4.0,0.16,7,0.02398021954718299,0.023225368252440586,0.017205593581078725,0.007469354556151053,0.005806342063110146,0.004301398395269681,-0.005897198677421223,0.0,0.0,-0.002528599330357143,0.0013606218738354363,0.0010079627898377144,-0.13861580571394785,0.12195811361754957,0.09034783491960689,0.0030694681020394126,0.00297284713631238,0.002202315978378066,0.0030694681020394126,0.00297284713631238,0.002202315978378066,0.0030694681020394126,0.00297284713631238,0.002202315978378066,0.0030694681020394126,0.00297284713631238,0.002202315978378066
S,8,4.0,0.2,7,0.027998901923096526,0.016033082520558968,0.011877473747769185,0.009300671901359334,0.004008270630139743,0.0029693684369422966,-0.009203785682340815,0.0,0.0,-0.002842494419642857,0.0010689038330350747,0.0007918550409432641,-0.1616137078502938,0.06488748881510834,0.048069324409193315,0.0035838594461563567,0.0020522345626315373,0.0015203166397144477,0.0035838594461563567,0.0020522345626315373,0.0015203166397144477,0.0035838594461563567,0.0020522345626315373,0.0015203166397144477,0.0035838594461563567,0.0020522345626315373,0.0015203166397144477
S,8,4.0,0.24,7,0.02687872196107488,0.017330847808058717,0.012838871726809024,0.010028395506630594,0.004332711952014679,0.003209717931702256,-0.013234860065447496,0.0,0.0,-0.003753662109375,0.0007796429954573453,0.0005775676136702068,-0.20384051295937639,0.07305286224732752,0.05411831769900856,0.0034404764110175868,0.0022183485194314932,0.0016433755810315387,0.0034404764110175868,0.0022183485194314932,0.0016433755810315387,0.0034404764110175868,0.0022183485194314932,0.0016433755810315387,0.0034404764110175868,0.0022183485194314932,0.0016433755810315387
S,8,4.0,0.28,7,0.015696234667496003,0.018013565383086586,0.013344635984189735,0.008420131320212512,0.004503391345771646,0.003336158996047434,-0.017984290613354048,0.0,0.0,-0.003300258091517857,0.0008540249539714912,0.0006326705396625458,-0.30909119755290476,0.0639758965354512,0.04739400739785672,0.0020091180374394724,0.0023057363690350717,0.0017081134059762778,0.0020091180374394724,0.0023057363690350717,0.0017081134059762778,0.0020091180374394724,0.0023057363690350717,0.0017081134059762778,0.0020091180374394724,0.0023057363690350717,0.0017081134059762778
S,8,4.0,0.32,7,0.02105343620487662,0.03422627365623545,0.02535517835167531,0.011124579190376174,0.008556568414058862,0.006338794587918827,-0.023444880556628078,0.0,0.0,-0.003605433872767857,0.0016326598710789666,0.001209491358440322,-0.26046307367559024,0.14333939190616798,0.10618730753762462,0.00269483983422421,0.004380963027998134,0.0032454628290144367,0.00269483983422421,0.004380963027998134,0.0032454628290144367,0.00269483983422421,0.004380963027998134,0.0032454628290144367,0.00269483983422421,0.004380963027998134,0.0032454628290144367
S,8,4.0,0.36,7,0.025932653343595864,0.02702451194823009,0.020020038617014926,0.01388526124944026,0.006756127987057522,0.005005009654253731,-0.029608391654165178,0.0,0.0,-0.004150390625,0.001758405797227531,0.0013026452441515285,-0.28749701441219677,0.11269428820802711,0.083485097017246,0.0033193796279802823,0.0034591375293734467,0.002562564942977907,0.0033193796279802823,0.0034591375293734467,0.002562564942977907,0.0033193796279802823,0.0034591375293734467,0.002562564942977907,0.0033193796279802823,0.0034591375293734467,0.002562564942977907
S,8,6.0,0.12,7,-0.001816609293181694,0.023512801324371606,0.017418526980612074,0.0003758836963963587,0.0058782003310929015,0.004354631745153019,-0.003320144078767129,0.0,0.0,-0.001739501953125,0.001571976218431141,0.0011645362794454335,-0.1335179574947755,0.1254820982507358,0.0929584392693656,-0.00023252598952724516,0.0030096385695195624,0.002229571453518343,-0.00023252598952724516,0.0030096385695195624,0.002229571453518343,-0.00023252598952724516,0.0030096385695195624,0.002229571453518343,-0.00023252598952724516,0.0030096385695195624,0.002229571453518343
S,8,6.0,0.16,7,-0.004590187234879346,0.02707039990059139,0.020054032887849082,0.00032675286063546923,0.006767599975147849,0.005013508221962271,-0.005897198677421223,0.0,0.0,-0.0018179757254464285,0.0018443036991395705,0.0013662793003999419,-0.1941127650516916,0.1359030092936071,0.10067835820453158,-0.0005875439660645457,0.0034650111872756902,0.0025669162096446764,-0.0005875439660645457,0.0034650111872756902,0.0025669162096446764,-0.0005875439660645457,0.0034650111872756902,0.0025669162096446764,-0.0005875439660645457,0.0034650111872756902,0.0025669162096446764
S,8,6.0,0.2,7,-0.007219740294516885,0.025371286294535153,0.018795311913605207,0.0004960113469559824,0.006342821573633788,0.004698827978401302,-0.009203785682340815,0.0,0.0,-0.002471923828125,0.00224195181375509,0.0016608611461641264,-0.2572684514457512,0.08963625543254154,0.06640346729227885,-0.0009241267576981516,0.003247524645700484,0.0024057999249414547,-0.0009241267576981516,0.003247524645700484,0.0024057999249414547,-0.0009241267576981516,0.003247524645700484,0.0024057999249414547,-0.0009241267576981516,0.003247524645700484,0.0024057999249414547
S,8,6.0,0.24,7,0.0019359327231943193,0.027704605903363436,0.02052385926957845,0.003792698197160454,0.006926151475840859,0.005130964817394612,-0.013234860065447496,0.0,0.0,-0.0028294154575892855,0.002054727956251657,0.0015221637715574885,-0.27187622748172025,0.09762654341477721,0.07232275546561827,0.00024779938856885265,0.003546189555630507,0.0026270539865060317,0.00024779938856885265,0.003546189555630507,0.0026270539865060317,0.00024779938856885265,0.003546189555630507,0.0026270539865060317,0.00024779938856885265,0.003546189555630507,0.0026270539865060317
S,8,6.0,0.28,7,-0.014333918568722823,0.026814860134449402,0.019864726379885275,0.0009125930111578061,0.0067037150336123515,0.00496618159497132,-0.017984290613354048,0.0,0.0,-0.0025721958705357145,0.002337781557655414,0.001731852813921841,-0.37256740790663706,0.12283643435961833,0.09099850403096872,-0.0018347415767965122,0.0034323020972095272,0.002542684976625318,-0.0018347415767965122,0.0034323020972095272,0.002542684976625318,-0.0018347415767965122,0.0034323020972095272,0.002542684976625318,-0.0018347415767965122,0.0034323020972095272,0.002542684976625318
S,8,6.0,0.32,7,-0.022720845024684966,0.02644602873561776,0.019591492255919506,0.0001810088829857781,0.00661150718390444,0.004897873063979877,-0.023444880556628078,0.0,0.0,-0.002506801060267857,0.0017846416476169156,0.0013220810341096191,-0.4376405435766674,0.12743350437725517,0.09440406115830988,-0.0029082681631596758,0.0033850916781590634,0.002507711008757689,-0.0029082681631596758,0.0033850916781590634,0.002507711008757689,-0.0029082681631596758,0.0033850916781590634,0.002507711008757689,-0.0029082681631596758,0.0033850916781590634,0.002507711008757689
S,8,6.0,0.36,7,-0.03757153183270301,0.020013016751035437,0.014825850286074693,-0.0019907850446344577,0.005003254187758859,0.0037064625715186733,-0.029608391654165178,0.0,0.0,-0.00238037109375,0.001374533762057739,0.0010182688608587058,-0.5228440210829611,0.13096873089221106,0.09702299361062922,-0.004809156074585993,0.0025616661441325433,0.001897708836617566,-0.004809156074585993,0.0025616661441325433,0.001897708836617566,-0.004809156074585993,0.0025616661441325433,0.001897708836617566,-0.004809156074585993,0.0025616661441325433,0.001897708836617566
S,10,-2.0,0.12,7,0.019651390650171408,0.01385106204031816,0.010261010354786451,0.005742883682234634,0.00346276551007954,0.002565252588696613,-0.003320144078767129,0.0,0.0,-0.0018266950334821428,0.0009171244904372934,0.0006794153304354958,-0.028612540483058422,0.08325037508121653,0.06167274092496931,0.0025153780032219513,0.0017729359411607169,0.00131340932541266,0.0025153780032219513,0.0017729359411607169,0.00131340932541266,0.0025153780032219513,0.0017729359411607169,0.00131340932541266,0.0025153780032219513,0.0017729359411607169,0.00131340932541266
S,10,-2.0,0.16,7,0.030989663360859003,0.009453954019571272,0.007003587147767013,0.009221715509570056,0.002363488504892818,0.0017508967869417533,-0.005897198677421223,0.0,0.0,-0.0027378627232142855,0.0007349002625451421,0.000544421733276546,0.014631929337909863,0.03831815881087919,0.028386489295210145,0.003966676910189958,0.0012101061145051125,0.0008964591549141701,0.003966676910189958,0.0012101061145051125,0.0008964591549141701,0.003966676910189958,0.0012101061145051125,0.0008964591549141701,0.003966676910189958,0.0012101061145051125,0.0008964591549141701
S,10,-2.0,0.2,7,0.026105189765994994,0.009440311464390304,0.006993480601455245,0.008827243862083953,0.002360077866097576,0.0017483701503638112,-0.009203785682340815,0.0,0.0,-0.0025721958705357145,0.0005961258971533186,0.0004416162447068254,-0.05048901606301242,0.06002823453907889,0.044469538465145,0.0033414642900473595,0.001208359867441957,0.0008951655169862699,0.0033414642900473595,0.001208359867441957,0.0008951655169862699,0.0033414642900473595,0.001208359867441957,0.0008951655169862699,0.0033414642900473595,0.001208359867441957,0.0008951655169862699
S,10,-2.0,0.24,7,0.03576527772318329,0.010108809789011075,0.007488711090722013,0.012250034447157696,0.0025272024472527688,0.0018721777726805032,-0.013234860065447496,0.0,0.0,-0.0033656529017857145,0.0007757938686737255,0.0005747161406446263,6.0513283354118084e-05,0.06780980802281834,0.05023420877423474,0.004577955548567468,0.001293927652993427,0.0009585550196124246,0.004577955548567468,0.001293927652993427,0.0009585550196124246,0.004577955548567468,0.001293927652993427,0.0009585550196124246,0.004577955548567468,0.001293927652993427,0.0009585550196124246
S,10,-2.0,0.28,7,0.03563290367822125,0.01499706675234418,0.011109982526198582,0.013404298572893825,0.003749266688086045,0.0027774956315496455,-0.017984290613354048,0.0,0.0,-0.0035879952566964285,0.0010067497471297504,0.0007458106497470948,-0.014147767874218786,0.07112631826811211,0.05269111394653538,0.004561011670812322,0.0019196245443000488,0.0014220777633534138,0.004561011670812322,0.0019196245443000488,0.0014220777633534138,0.004561011670812322,0.0019196245443000488,0.0014220777633534138,0.004561011670812322,0.0019196245443000488,0.0014220777633534138
S,10,-2.0,0.32,7,0.03167483942758466,0.007202364051179848,0.005335585956728596,0.013779929996053184,0.001800591012794962,0.001333896489182149,-0.023444880556628078,0.0,0.0,-0.0037754603794642855,0.0008188183903254041,0.0006065891523236259,-0.018783399155755425,0.05634123247115826,0.04173816910971732,0.004054379446730848,0.0009219025985510107,0.0006829550024612529,0.004054379446730848,0.0009219025985510107,0.0006829550024612529,0.004054379446730848,0.0009219025985510107,0.0006829550024612529,0.004054379446730848,0.0009219025985510107,0.0006829550024612529
S,10,-2.0,0.36,7,0.03332277008587508,0.010958202021733917,0.008117949662455683,0.015732790435010063,0.0027395505054334792,0.002029487415613921,-0.029608391654165178,0.0,0.0,-0.004193987165178571,0.0008016035352907638,0.0005938362092458737,-0.024930993389414877,0.0448407996873663,0.03321852927736954,0.004265314570992012,0.00140264985878195,0.001039097556794334,0.004265314570992012,0.00140264985878195,0.001039097556794334,0.004265314570992012,0.00140264985878195,0.001039097556794334,0.004265314570992012,0.00140264985878195,0.001039097556794334
S,10,0.0,0.12,7,0.028372568277611383,0.015564535170926956,0.011530369013685458,0.007923178089094627,0.003891133792731739,0.0028825922534213644,-0.003320144078767129,0.0,0.0,-0.0020054408482142855,0.0009714172695374663,0.00071963598405147,0.021743726782788336,0.09278824945839759,0.06873849714366423,0.003631688739534265,0.001992260501878654,0.0014758872337517414,0.003631688739534265,0.001992260501878654,0.0014758872337517414,0.003631688739534265,0.001992260501878654,0.0014758872337517414,0.003631688739534265,0.001992260501878654,0.0014758872337517414
S,10,0.0,0.16,7,0.03771192655014831,0.004352560388726385,0.0032244218593889783,0.010902281306892383,0.0010881400971815963,0.0008061054648472446,-0.005897198677421223,0.0,0.0,-0.0029078892299107145,0.0008661679149528756,0.0006416661710448229,0.014134457665018576,0.03459443943986983,0.02562791938100245,0.004827126598418988,0.0005571277297569896,0.00041272599800179835,0.004827126598418988,0.0005571277297569896,0.00041272599800179835,0.004827126598418988,0.0005571277297569896,0.00041272599800179835,0.004827126598418988,0.0005571277297569896,0.00041272599800179835
S,10,0.0,0.2,7,0.029292550057384594,0.006247358966349304,0.004628108289254743,0.009624083934931351,0.0015618397415873262,0.001157027072313686,-0.009203785682340815,0.0,0.0,-0.0028773716517857145,0.0006102788972741338,0.00045210093392186577,-0.03847813674746118,0.028704160390203647,0.021264339595909083,0.003749446407345242,0.0007996619476927162,0.0005923978610246109,0.003749446407345242,0.0007996619476927162,0.0005923978610246109,0.003749446407345242,0.0007996619476927162,0.0005923978610246109,0.003749446407345242,0.0007996619476927162,0.0005923978610246109
S,10,0.0,0.24,7,0.04039760412790029,0.006016587886875431,0.004457150681154082,0.013408116048336947,0.0015041469717188578,0.0011142876702885205,-0.013234860065447496,0.0,0.0,-0.0038364955357142855,0.0006864113383149884,0.0005085006355174146,-0.002605285508298749,0.029326225462717626,0.021725171850637062,0.005170893328371252,0.0007701232495200802,0.000570515287187741,0.005170893328371252,0.0007701232495200802,0.000570515287187741,0.005170893328371252,0.0007701232495200802,0.000570515287187741,0.005170893328371252,0.0007701232495200802,0.000570515287187741
S,10,0.0,0.28,7,0.035845074463238626,0.008046186667891876,0.0059606984991807,0.013457341269148168,0.002011546666972969,0.001490174624795175,-0.017984290613354048,0.0,0.0,-0.0036185128348214285,0.0005829994777361473,0.0004318920571197073,-0.03874920463796373,0.05726508186448143,0.042422566317928394,0.004588169531294531,0.0010299118934901583,0.0007629694078951283,0.004588169531294531,0.0010299118934901583,0.0007629694078951283,0.004588169531294531,0.0010299118934901583,0.0007629694078951283,0.004588169531294531,0.0010299118934901583,0.0007629694078951283
S,10,0.0,0.32,7,0.04147596481516157,0.008399429630414765,0.0062223845479220975,0.01623021134294741,0.0020998574076036914,0.0015555961369805244,-0.023444880556628078,0.0,0.0,-0.004132952008928571,0.0005282442454323654,0.00039132881337620166,-0.056836670351322685,0.05018105065672679,0.03717464255837739,0.00530892349634068,0.0010751269926930905,0.0007964652221340289,0.00530892349634068,0.0010751269926930905,0.0007964652221340289,0.00530892349634068,0.0010751269926930905,0.0007964652221340289,0.00530892349634068,0.0010751269926930905,0.0007964652221340289
S,10,0.0,0.36,7,0.033799839062020255,0.010738123911943783,0.007954913517151802,0.015852057679046357,0.0026845309779859453,0.00198872837928795,-0.029608391654165178,0.0,0.0,-0.004390171595982143,0.0007149256595533416,0.0005296243403015517,-0.048620111163057346,0.07228530383095234,0.05354970246680444,0.004326379399938597,0.0013744798607287917,0.0010182289301954213,0.004326379399938597,0.0013744798607287917,0.0010182289301954213,0.004326379399938597,0.0013744798607287917,0.0010182289301954213,0.004326379399938597,0.0013744798607287917,0.0010182289301954213
S,10,2.0,0.12,7,0.024446148921748838,0.01333923082770685,0.009881840486279608,0.006941573250128992,0.0033348077069267124,0.002470460121569902,-0.003320144078767129,0.0,0.0,-0.002223423549107143,0.0008143922391626216,0.0006033102136558933,-0.07539132202616601,0.038955089666844106,0.028858334276433615,0.0031291070619838507,0.0017074215459464805,0.0012648755822437926,0.0031291070619838507,0.0017074215459464805,0.0012648755822437926,0.0031291070619838507,0.0017074215459464805,0.0012648755822437926,0.0031291070619838507,0.0017074215459464805,0.0012648755822437926
S,10,2.0,0.16,7,0.023210290680467618,0.020732698465917042,0.015358997961469913,0.00727687233947221,0.0051831746164792605,0.0038397494903674783,-0.005897198677421223,0.0,0.0,-0.0023411342075892855,0.0017388517077457167,0.001288159371944237,-0.08152121678152037,0.08333179195056835,0.061733055385841805,0.0029709172070998546,0.002653785403637371,0.0019659517390681414,0.0029709172070998546,0.002653785403637371,0.0019659517390681414,0.0029709172070998546,0.002653785403637371,0.0019659517390681414,0.0029709172070998546,0.002653785403637371,0.0019659517390681414
S,10,2.0,0.2,7,0.03585003331514195,0.015722070283409457,0.011647072658194459,0.011263454749370691,0.003930517570852364,0.0029117681645486147,-0.009203785682340815,0.0,0.0,-0.0033351353236607145,0.0015685871173594522,0.0011620255982363833,-0.10141199180599461,0.08398197229896606,0.06221471572841828,0.004588804264338172,0.0020124249962763926,0.0014908253002488775,0.004588804264338172,0.0020124249962763926,0.0014908253002488775,0.004588804264338172,0.0020124249962763926,0.0014908253002488775,0.004588804264338172,0.0020124249962763926,0.0014908253002488775
S,10,2.0,0.24,7,0.034891147309819966,0.017513317433926933,0.012974047117332708,0.012031501843816865,0.004378329358481733,0.003243511779333177,-0.013234860065447496,0.0,0.0,-0.0037754603794642855,0.0010409900761324065,0.0007711762404451118,-0.11137514797385226,0.06678157810959122,0.04947248539475573,0.004466066855656948,0.00224170463154265,0.0016606780310185886,0.004466066855656948,0.00224170463154265,0.0016606780310185886,0.004466066855656948,0.00224170463154265,0.0016606780310185886,0.004466066855656948,0.00224170463154265,0.0016606780310185886
S,10,2.0,0.28,7,0.03641144732717093,0.011093400491107802,0.00821810609018365,0.013598934485131244,0.0027733501227769504,0.0020545265225459125,-0.017984290613354048,0.0,0.0,-0.004054478236607143,0.0009810706939451827,0.0007267873409307041,-0.14671651630229857,0.06808588447335889,0.05043872907090683,0.004660665257877886,0.001419955262861801,0.001051917579543509,0.004660665257877886,0.001419955262861801,0.001051917579543509,0.004660665257877886,0.001419955262861801,0.001051917579543509,0.004660665257877886,0.001419955262861801,0.001051917579543509
S,10,2.0,0.32,7,0.030082217599743975,0.01148821725432632,0.008510590441480038,0.013381774539093014,0.0028720543135815797,0.002127647610370009,-0.023444880556628078,0.0,0.0,-0.0037711007254464285,0.0012256341069669763,0.0009079624527101397,-0.19939848460261647,0.08806973967614647,0.06524297617971887,0.0038505238527672164,0.001470491808553778,0.0010893555765094517,0.0038505238527672164,0.001470491808553778,0.0010893555765094517,0.0038505238527672164,0.001470491808553778,0.0010893555765094517,0.0038505238527672164,0.001470491808553778,0.0010893555765094517
S,10,2.0,0.36,7,0.02852719378967881,0.02654298460613696,0.01966331816995115,0.014533896360960998,0.00663574615153424,0.004915829542487787,-0.029608391654165178,0.0,0.0,-0.004054478236607143,0.0017815948979416276,0.001319823970364213,-0.23903786942289657,0.10369033269682301,0.07681487342965605,0.003651480805078877,0.003397502029585521,0.0025169047257537396,0.003651480805078877,0.003397502029585521,0.0025169047257537396,0.003651480805078877,0.003397502029585521,0.0025169047257537396,0.003651480805078877,0.003397502029585521,0.0025169047257537396
S,10,4.0,0.12,7,-0.009864212283852083,0.025974797259239783,0.019242399092915762,-0.0016360170512712388,0.006493699314809946,0.0048105997732289405,-0.003320144078767129,0.0,0.0,-0.00023542131696428572,0.0019701938467088097,0.0014595400268347422,-0.19149594558625413,0.15337912882528576,0.11362484873024446,-0.0012626191723330651,0.003324774049182692,0.002463027083893218,-0.0012626191723330651,0.003324774049182692,0.002463027083893218,-0.0012626191723330651,0.003324774049182692,0.002463027083893218,-0.0012626191723330651,0.003324774049182692,0.002463027083893218
S,10,4.0,0.16,7,-0.003920104661597154,0.03281517648885184,0.02430982294109479,0.0004942735039560173,0.00820379412221296,0.006077455735273698,-0.005897198677421223,0.0,0.0,-0.00024850027901785713,0.0016238896808825139,0.0012029943106213678,-0.20833174421035774,0.13763115266448495,0.10195858472950972,-0.0005017733966844383,0.0042003425905730194,0.0031116573364601214,-0.0005017733966844383,0.0042003425905730194,0.0031116573364601214,-0.0005017733966844383,0.0042003425905730194,0.0031116573364601214,-0.0005017733966844383,0.0042003425905730194,0.0031116573364601214
S,10,4.0,0.2,7,0.0010608111691544156,0.032942170208480615,0.024403901205152134,0.0025661492128738078,0.008235542552120154,0.006100975301288033,-0.009203785682340815,0.0,0.0,-0.0013645717075892857,0.0021934273917947463,0.0016249137513184618,-0.2255107850515543,0.16631099390511672,0.12320490844729695,0.00013578382965177629,0.004216597786685527,0.003123699354259479,0.00013578382965177629,0.004216597786685527,0.003123699354259479,0.00013578382965177629,0.004216597786685527,0.003123699354259479,0.00013578382965177629,0.004216597786685527,0.003123699354259479
S,10,4.0,0.24,7,0.0013294487347602793,0.012442562660766713,0.009217579412363518,0.0036410772000519437,0.0031106406651916782,0.0023043948530908796,-0.013234860065447496,0.0,0.0,-0.0025111607142857145,0.0016260184783529628,0.0012045713458569284,-0.2936207670488114,0.0801029374857932,0.05934108652448544,0.00017016943804931683,0.0015926480205781406,0.0011798501647825315,0.00017016943804931683,0.0015926480205781406,0.0011798501647825315,0.00017016943804931683,0.0015926480205781406,0.0011798501647825315,0.00017016943804931683,0.0015926480205781406,0.0011798501647825315
S,10,4.0,0.28,7,0.007282075416289732,0.020576383062045178,0.015243197889744512,0.006316591507410945,0.0051440957655112945,0.003810799472436128,-0.017984290613354048,0.0,0.0,-0.002192905970982143,0.0017258338969038671,0.0012785156427156728,-0.3146137141644158,0.07648783259795004,0.05666297934542426,0.0009321056532850933,0.002633777031941773,0.0019511293298872902,0.0009321056532850933,0.002633777031941773,0.0019511293298872902,0.0009321056532850933,0.002633777031941773,0.0019511293298872902,0.0009321056532850933,0.002633777031941773,0.0019511293298872902
S,10,4.0,0.32,7,-0.007306535264124202,0.018816388904344217,0.013939375971687578,0.004034586323125969,0.004704097226086054,0.0034848439929218945,-0.023444880556628078,0.0,0.0,-0.002537318638392857,0.001525820776422506,0.0011303438495074423,-0.3807201155876993,0.12092026809412924,0.08957898819641077,-0.0009352365138078832,0.002408497779756045,0.001784240124375999,-0.0009352365138078832,0.002408497779756045,0.001784240124375999,-0.0009352365138078832,0.002408497779756045,0.001784240124375999,-0.0009352365138078832,0.002408497779756045,0.001784240124375999
S,10,4.0,0.36,7,-0.006360161110232632,0.03964981836331501,0.0293729964970998,0.005812057635983137,0.009912454590828753,0.00734324912427495,-0.029608391654165178,0.0,0.0,-0.0025721958705357145,0.0024548930084524463,0.0018186101907781797,-0.4209055526751647,0.14009429398475384,0.10378330535519259,-0.0008141006221097766,0.005075176750504339,0.003759743551628787,-0.0008141006221097766,0.005075176750504339,0.003759743551628787,-0.0008141006221097766,0.005075176750504339,0.003759743551628787,-0.0008141006221097766,0.005075176750504339,0.003759743551628787
S,10,6.0,0.12,7,-0.016725966917070068,0.02563296312337482,0.018989164821238982,-0.0033514557095757347,0.006408240780843705,0.004747291205309746,-0.003320144078767129,0.0,0.0,-0.001434326171875,0.002054145112869227,0.0015217319951373897,-0.1793622187848173,0.16191213618878347,0.11994618904764787,-0.0021409237653849784,0.003281019279791991,0.0024306130971186004,-0.0021409237653849784,0.003281019279791991,0.0024306130971186004,-0.0021409237653849784,0.003281019279791991,0.0024306130971186004,-0.0021409237653849784,0.003281019279791991,0.0024306130971186004
S,10,6.0,0.16,7,-0.030639144903441932,0.03512115031461481,0.026018112257476834,-0.0061854865565051775,0.008780287578653703,0.006504528064369209,-0.005897198677421223,0.0,0.0,-0.00048392159598214287,0.0035890898590655233,0.0026588349760423456,-0.28775425666029364,0.14845842348697524,0.10997953920218913,-0.003921810547640585,0.00449550724027068,0.003330318368957023,-0.003921810547640585,0.00449550724027068,0.003330318368957023,-0.003921810547640585,0.00449550724027068,0.003330318368957023,-0.003921810547640585,0.00449550724027068,0.003330318368957023
S,10,6.0,0.2,7,-0.019837141430836387,0.03864411233967219,0.028627959048532204,-0.0026583389371238925,0.009661028084918047,0.007156989762133051,-0.009203785682340815,0.0,0.0,-0.0027988978794642855,0.0031309267449361163,0.0023194229912733375,-0.2920537367469809,0.16412138429791287,0.12158282295038277,-0.0025391541031470504,0.004946446379478049,0.0036643787582121283,-0.0025391541031470504,0.004946446379478049,0.0036643787582121283,-0.0025391541031470504,0.004946446379478049,0.0036643787582121283,-0.0025391541031470504,0.004946446379478049,0.0036643787582121283
S,10,6.0,0.24,7,-0.0355183865476576,0.025907870293080736,0.01919281890254672,-0.005570881620552526,0.006476967573270184,0.00479820472563668,-0.013234860065447496,0.0,0.0,-0.002437046595982143,0.002906945683432446,0.0021534954988777846,-0.36881197392454446,0.10670705375033215,0.07904969166073868,-0.004546353478100189,0.0033162073975143377,0.0024566808195259824,-0.004546353478100189,0.0033162073975143377,0.0024566808195259824,-0.004546353478100189,0.0033162073975143377,0.0024566808195259824,-0.004546353478100189,0.0033162073975143377,0.0024566808195259824
S,10,6.0,0.28,7,-0.057711381519464124,0.02490828968213817,0.018452319223210226,-0.009931772726527519,0.006227072420534542,0.004613079805802557,-0.017984290613354048,0.0,0.0,-0.0010855538504464285,0.0029279310016872753,0.002169041640197815,-0.4822665648819559,0.10977968106108191,0.08132592582677081,-0.007387056834491431,0.0031882610793136715,0.0023618968605708984,-0.007387056834491431,0.0031882610793136715,0.0023618968605708984,-0.007387056834491431,0.0031882610793136715,0.0023618968605708984,-0.007387056834491431,0.0031882610793136715,0.0023618968605708984
S,10,6.0,0.32,7,-0.05525729799059657,0.01795339753278812,0.013300063016922624,-0.007953104358492122,0.00448834938319703,0.003325015754230656,-0.023444880556628078,0.0,0.0,-0.0023193359375,0.002445725752388647,0.0018118189924482748,-0.5064789001997777,0.12961957084522333,0.09602352186094616,-0.007072934142796361,0.002298034884196877,0.0017024080661660948,-0.007072934142796361,0.002298034884196877,0.0017024080661660948,-0.007072934142796361,0.002298034884196877,0.0017024080661660948,-0.007072934142796361,0.002298034884196877,0.0017024080661660948
S,10,6.0,0.36,7,-0.05152253905960042,0.020821470730648016,0.015424761375493395,-0.005478536851358811,0.005205367682662004,0.003856190343873349,-0.029608391654165178,0.0,0.0,-0.0035226004464285715,0.0020690420696436117,0.0015327678151540662,-0.5395239645874774,0.07776166765598734,0.05760664956239129,-0.006594884999628879,0.002665148253522964,0.001974369456063168,-0.006594884999628879,0.002665148253522964,0.001974369456063168,-0.006594884999628879,0.002665148253522964,0.001974369456063168,-0.006594884999628879,0.002665148253522964,0.001974369456063168
S,12,-2.0,0.12,7,0.02324562541233442,0.01702582711833912,0.01261290923768534,0.006641442372775387,0.00425645677958478,0.003153227309421335,-0.003320144078767129,0.0,0.0,-0.0018659319196428572,0.0008558405403976018,0.0006340155449093711,0.012032614540857165,0.039855818649153496,0.029525603644474117,0.002975440052778809,0.0021793058711474054,0.001614452382423722,0.002975440052778809,0.0021793058711474054,0.001614452382423722,0.002975440052778809,0.0021793058711474054,0.001614452382423722,0.002975440052778809,0.0021793058711474054,0.001614452382423722
S,12,-2.0,0.16,7,0.030747132491034827,0.007426057682646456,0.005501300517972878,0.009161082792114012,0.001856514420661614,0.0013753251294932195,-0.005897198677421223,0.0,0.0,-0.0024588448660714285,0.0006868957386516626,0.0005088594843086487,-0.04272720008778309,0.0699025837785628,0.05178455875010177,0.003935632958852456,0.0009505353833787722,0.0007041664663005474,0.003935632958852456,0.0009505353833787722,0.0007041664663005474,0.003935632958852456,0.0009505353833787722,0.0007041664663005474,0.003935632958852456,0.0009505353833787722,0.0007041664663005474
S,12,-2.0,0.2,7,0.03184757347795175,0.012494958127546833,0.009256394517343173,0.010262839790073142,0.0031237395318867082,0.0023140986293357932,-0.009203785682340815,0.0,0.0,-0.0030125209263392855,0.0007020622375842006,0.0005200949839504549,-0.04920896173117458,0.070771107259084,0.05242796994853999,0.00407648940517782,0.0015993546403260139,0.0011848184982199406,0.00407648940517782,0.0015993546403260139,0.0011848184982199406,0.00407648940517782,0.0015993546403260139,0.0011848184982199406,0.00407648940517782,0.0015993546403260139,0.0011848184982199406
S,12,-2.0,0.24,7,0.030503985772458084,0.01000469238323895,0.007411579837130665,0.010934711459476396,0.0025011730958097375,0.0018528949592826662,-0.013234860065447496,0.0,0.0,-0.0031825474330357145,0.0004055181345645049,0.00030041203813166163,-0.06347230960171021,0.04809849373028562,0.03563186279719785,0.003904510178874649,0.0012806006250545674,0.0009486822191527114,0.003904510178874649,0.0012806006250545674,0.0009486822191527114,0.003904510178874649,0.0012806006250545674,0.0009486822191527114,0.003904510178874649,0.0012806006250545674,0.0009486822191527114
S,12,-2.0,0.28,7,0.027624337435613797,0.010261989787084631,0.007602188421326968,0.011402157012241962,0.0025654974467711573,0.0019005471053317416,-0.017984290613354048,0.0,0.0,-0.00286865234375,0.0006315983714304764,0.000467894621397964,-0.08297521716044745,0.05264303706677072,0.03899850761459253,0.003535915191758578,0.0013135346927468311,0.0009730801179298506,0.003535915191758578,0.0013135346927468311,0.0009730801179298506,0.003535915191758578,0.0013135346927468311,0.0009730801179298506,0.003535915191758578,0.0013135346927468311,0.0009730801179298506
S,12,-2.0,0.32,7,0.032653334481273104,0.009473503142362089,0.0070180693405981235,0.014024553759475296,0.002368375785590522,0.0017545173351495309,-0.023444880556628078,0.0,0.0,-0.0037057059151785715,0.0004907726125948497,0.00036356943929807703,-0.05438397312414064,0.05490841732777609,0.04067672479736467,0.004179626813602955,0.0012126084022223353,0.000898312875596551,0.004179626813602955,0.0012126084022223353,0.000898312875596551,0.004179626813602955,0.0012126084022223353,0.000898312875596551,0.004179626813602955,0.0012126084022223353,0.000898312875596551
S,12,-2.0,0.36,7,0.039294135797877584,0.015135627872641874,0.011212630040591838,0.01722563186301069,0.0037839069681604685,0.0028031575101479596,-0.029608391654165178,0.0,0.0,-0.004560198102678571,0.0009119356942447164,0.0006755714164232757,-0.029002295561966967,0.08280669784078508,0.06134406022561222,0.005029649382128338,0.0019373603676981557,0.0014352166451957523,0.005029649382128338,0.0019373603676981557,0.0014352166451957523,0.005029649382128338,0.0019373603676981557,0.0014352166451957523,0.005029649382128338,0.0019373603676981557,0.0014352166451957523
S,12,0.0,0.12,7,0.019576879945691048,0.006754416748346923,0.005003741950876339,0.005724256006114544,0.0016886041870867307,0.0012509354877190848,-0.003320144078767129,0.0,0.0,-0.0019400460379464285,0.0006893769688770215,0.0005106976053827516,-0.03504692233611907,0.04005598918037055,0.02967389204918724,0.0025058406330484523,0.0008645653437884002,0.0006404789697121671,0.0025058406330484523,0.0008645653437884002,0.0006404789697121671,0.0025058406330484523,0.0008645653437884002,0.0006404789697121671,0.0025058406330484523,0.0008645653437884002,0.0006404789697121671
S,12,0.0,0.16,7,0.031508370298058974,0.020277998352609006,0.015022151403610648,0.00935139224387005,0.005069499588152252,0.003755537850902662,-0.005897198677421223,0.0,0.0,-0.0029689243861607145,0.001750772497079414,0.001296990416266632,-0.022397911633061644,0.08317087289081654,0.061613844878114,0.004033071398151534,0.00259558378913393,0.001922835379662146,0.004033071398151534,0.00259558378913393,0.001922835379662146,0.004033071398151534,0.00259558378913393,0.001922835379662146,0.004033071398151534,0.00259558378913393,0.001922835379662146
S,12,0.0,0.2,7,0.02167399187524875,0.015407838136823957,0.011414286226328434,0.007719444389397391,0.003851959534205989,0.0028535715565821086,-0.009203785682340815,0.0,0.0,-0.0022495814732142855,0.0006956210179068664,0.0005153232616367295,-0.09606202189165051,0.055026256114497435,0.04076402099221411,0.002774270960031831,0.0019722032815134728,0.0014610286369700443,0.002774270960031831,0.0019722032815134728,0.0014610286369700443,0.002774270960031831,0.0019722032815134728,0.0014610286369700443,0.002774270960031831,0.0019722032815134728,0.0014610286369700443
S,12,0.0,0.24,7,0.037652119564106315,0.015278499743089067,0.011318471003385814,0.012721744907388453,0.0038196249357722667,0.0028296177508464536,-0.013234860065447496,0.0,0.0,-0.004050118582589286,0.0012101947246719777,0.0008965247982444141,-0.05849814792397951,0.07859143044555175,0.058221346439132834,0.004819471304205609,0.00195564796711539,0.0014487642884333763,0.004819471304205609,0.00195564796711539,0.0014487642884333763,0.004819471304205609,0.00195564796711539,0.0014487642884333763,0.004819471304205609,0.00195564796711539,0.0014487642884333763
S,12,0.0,0.28,7,0.03622203577755429,0.019653816668701314,0.01455975114121909,0.013551581597727085,0.0049134541671753285,0.0036399377853047724,-0.017984290613354048,0.0,0.0,-0.004128592354910714,0.001597026422331682,0.0011830937301928752,-0.0965963716657353,0.09021009558171851,0.06682857402384626,0.004636420579526949,0.0025156885335937684,0.0018636481460760435,0.004636420579526949,0.0025156885335937684,0.0018636481460760435,0.004636420579526949,0.0025156885335937684,0.0018636481460760435,0.004636420579526949,0.0025156885335937684,0.0018636481460760435
S,12,0.0,0.32,7,0.026626168312258107,0.016192588598802796,0.011995637504147371,0.012517762217221546,0.004048147149700699,0.002998909376036843,-0.023444880556628078,0.0,0.0,-0.0035879952566964285,0.0006789405907298757,0.0005029662282563901,-0.1532011372670437,0.056105762412879956,0.041563730449403556,0.0034081495439690396,0.002072651340646762,0.0015354416005308664,0.0034081495439690396,0.002072651340646762,0.0015354416005308664,0.0034081495439690396,0.002072651340646762,0.0015354416005308664,0.0034081495439690396,0.002072651340646762,0.0015354416005308664
S,12,0.0,0.36,7,0.03013075328363714,0.017486139565568236,0.01295391347069696,0.014934786234450579,0.004371534891392059,0.00323847836767424,-0.029608391654165178,0.0,0.0,-0.004477364676339286,0.0013803612897626512,0.0010225859537970562,-0.12768453247183612,0.07404056241874231,0.05485001622557719,0.0038567364203055477,0.002238225864392736,0.0016581009242492123,0.0038567364203055477,0.002238225864392736,0.0016581009242492123,0.0038567364203055477,0.002238225864392736,0.0016581009242492123,0.0038567364203055477,0.002238225864392736,0.0016581009242492123
S,12,2.0,0.12,7,0.02392866984636255,0.028561951246688172,0.02115898958809668,0.0068122034812824195,0.007140487811672043,0.00528974739702417,-0.003320144078767129,0.0,0.0,-0.0027683803013392855,0.0020286512169019446,0.001502845852707107,-0.0938503054838234,0.11922138735529246,0.08832043973261723,0.0030628697403344207,0.0036559297595760965,0.002708350667276383,0.0030628697403344207,0.0036559297595760965,0.002708350667276383,0.0030628697403344207,0.0036559297595760965,0.002708350667276383,0.0030628697403344207,0.0036559297595760965,0.002708350667276383
S,12,2.0,0.16,7,0.02875090014878756,0.025715275408761583,0.019050142615593034,0.008662024706552196,0.006428818852190396,0.0047625356538982585,-0.005897198677421223,0.0,0.0,-0.0036141531808035715,0.002074361681792181,0.0015367086389826675,-0.09569970776876018,0.10339477688181177,0.0765959226178396,0.0036801152190448216,0.0032915552523214656,0.002438418254795896,0.0036801152190448216,0.0032915552523214656,0.002438418254795896,0.0036801152190448216,0.0032915552523214656,0.002438418254795896,0.0036801152190448216,0.0032915552523214656,0.002438418254795896
S,12,2.0,0.2,7,0.03013961017851915,0.016571148828607562,0.012276078846957774,0.00983584896521499,0.0041427872071518905,0.0030690197117394435,-0.009203785682340815,0.0,0.0,-0.004015241350446429,0.0013481790964471967,0.0009987450513530129,-0.13743337891858204,0.09266663325717923,0.06864840260099458,0.0038578701028504597,0.002121107050061781,0.0015713380924106046,0.0038578701028504597,0.002121107050061781,0.0015713380924106046,0.0038578701028504597,0.002121107050061781,0.0015713380924106046,0.0038578701028504597,0.002121107050061781,0.0015713380924106046
S,12,2.0,0.24,7,0.03299443242751313,0.026950370932348117,0.019965114183822377,0.011557323123240157,0.006737592733087029,0.004991278545955594,-0.013234860065447496,0.0,0.0,-0.004878452845982143,0.0022152362609281755,0.0016410699876671917,-0.19461421117310682,0.106356865825739,0.0787902688157675,0.004223287350721678,0.003449647479340552,0.002555534615529259,0.004223287350721678,0.003449647479340552,0.002555534615529259,0.004223287350721678,0.003449647479340552,0.002555534615529259,0.004223287350721678,0.003449647479340552,0.002555534615529259
S,12,2.0,0.28,7,0.037342165647213675,0.014913470172889806,0.011048053313484843,0.01383161406514193,0.0037283675432224516,0.0027620133283712107,-0.017984290613354048,0.0,0.0,-0.005092075892857143,0.0010636632612728942,0.0007879727710523194,-0.22283770411210618,0.06325956868838174,0.046863344302506625,0.00477979720284336,0.0019089241821298919,0.0014141508241260576,0.00477979720284336,0.0019089241821298919,0.0014141508241260576,0.00477979720284336,0.0019089241821298919,0.0014141508241260576,0.00477979720284336,0.0019089241821298919,0.0014141508241260576
S,12,2.0,0.32,7,0.04475801715126242,0.02574719979943824,0.019073792535169592,0.017050724426972624,0.00643679994985956,0.004768448133792398,-0.023444880556628078,0.0,0.0,-0.006134033203125,0.0018174407091574947,0.001346378918929968,-0.21799308778341672,0.11493043522649876,0.08514165791088527,0.005729026195361578,0.003295641574328092,0.0024414454445017054,0.005729026195361578,0.003295641574328092,0.0024414454445017054,0.005729026195361578,0.003295641574328092,0.0024414454445017054,0.005729026195361578,0.003295641574328092,0.0024414454445017054
S,12,2.0,0.36,7,0.03854276536988177,0.011876147830235266,0.008797973433827717,0.017037789256011737,0.0029690369575588165,0.0021994933584569294,-0.029608391654165178,0.0,0.0,-0.005811418805803571,0.0010699820261885705,0.000792653777609108,-0.2592202142270959,0.06693363088214954,0.04958512766501294,0.00493347396734486,0.0015201469222700984,0.0011261405995299362,0.00493347396734486,0.0015201469222700984,0.0011261405995299362,0.00493347396734486,0.0015201469222700984,0.0011261405995299362,0.00493347396734486,0.0015201469222700984,0.0011261405995299362
S,12,4.0,0.12,7,0.005879576403294173,0.03328010736607116,0.024654248554922868,0.0022999301205153255,0.00832002684151779,0.006163562138730717,-0.003320144078767129,0.0,0.0,-0.0017525809151785715,0.002298418529202889,0.0017026922743638335,-0.14029443102025244,0.16325290835772016,0.12093944697031274,0.0007525857796216649,0.004259853742857117,0.0031557438150301336,0.0007525857796216649,0.004259853742857117,0.0031557438150301336,0.0007525857796216649,0.004259853742857117,0.0031557438150301336,0.0007525857796216649,0.004259853742857117,0.0031557438150301336
S,12,4.0,0.16,7,0.0025354251576148457,0.017755053929347488,0.013153128019246216,0.002108155958759017,0.004438763482336872,0.003288282004811554,-0.005897198677421223,0.0,0.0,-0.0020228794642857145,0.001628021913233232,0.0012060555111860379,-0.18983994089283257,0.1226664813812711,0.0908726011026899,0.00032453442017470787,0.0022726469029564706,0.0016836003864635096,0.00032453442017470787,0.0022726469029564706,0.0016836003864635096,0.00032453442017470787,0.0022726469029564706,0.0016836003864635096,0.00032453442017470787,0.0022726469029564706,0.0016836003864635096
S,12,4.0,0.2,7,-0.002666370099695075,0.018017517262404713,0.013347563577358126,0.001634353895661435,0.004504379315601178,0.0033368908943395316,-0.009203785682340815,0.0,0.0,-0.0024806431361607145,0.001590793883160355,0.0011784766005614113,-0.24408892624251596,0.10052711240947307,0.07447152704737224,-0.00034129537276096834,0.0023062422095878254,0.0017084881379018564,-0.00034129537276096834,0.0023062422095878254,0.0017084881379018564,-0.00034129537276096834,0.0023062422095878254,0.0017084881379018564,-0.00034129537276096834,0.0023062422095878254,0.0017084881379018564
S,12,4.0,0.24,7,-0.02950640448376816,0.041352898632806376,0.0306346560167392,-0.004067886104580166,0.010338224658201594,0.0076586640041848,-0.013234860065447496,0.0,0.0,-0.00115966796875,0.0027449991822140188,0.0020335238518599114,-0.41233712493693275,0.18566151609690304,0.1375399758957338,-0.003776819773922302,0.005293171024999221,0.003921235970142622,-0.003776819773922302,0.005293171024999221,0.003921235970142622,-0.003776819773922302,0.005293171024999221,0.003921235970142622,-0.003776819773922302,0.005293171024999221,0.003921235970142622
S,12,4.0,0.28,7,-0.013123773596567087,0.018799851671450252,0.013927125018116614,0.0012151292541967404,0.004699962917862563,0.0034817812545291536,-0.017984290613354048,0.0,0.0,-0.0033089773995535715,0.0024142893788786065,0.001788530601048069,-0.34211197482194067,0.10387579937523414,0.07695226906777426,-0.0016798430203605846,0.002406381013945629,0.001782672002318924,-0.0016798430203605846,0.002406381013945629,0.001782672002318924,-0.0016798430203605846,0.002406381013945629,0.001782672002318924,-0.0016798430203605846,0.002406381013945629,0.001782672002318924
S,12,4.0,0.32,7,-0.012772919190682368,0.024265725168550085,0.017976300770014837,0.0026679903414864275,0.006066431292137521,0.004494075192503709,-0.023444880556628078,0.0,0.0,-0.004255022321428571,0.0024567981718873217,0.001820021555601752,-0.3746572620292703,0.035105011375448573,0.026006156364028518,-0.0016349336564073225,0.003106012821574393,0.002300966498561886,-0.0016349336564073225,0.003106012821574393,0.002300966498561886,-0.0016349336564073225,0.003106012821574393,0.002300966498561886,-0.0016349336564073225,0.003106012821574393,0.002300966498561886
S,12,4.0,0.36,7,-0.018211694188673695,0.02036168719522351,0.015084148965829913,0.0028491743663728703,0.005090421798805878,0.0037710372414574782,-0.029608391654165178,0.0,0.0,-0.004359654017857143,0.0018081442762790316,0.001339492025076571,-0.4454490531025509,0.10727483125636614,0.07947030712341376,-0.002331096856150231,0.002606295960988617,0.0019307710676262344,-0.002331096856150231,0.002606295960988617,0.0019307710676262344,-0.002331096856150231,0.002606295960988617,0.0019307710676262344,-0.002331096856150231,0.002606295960988617,0.0019307710676262344
S,12,6.0,0.12,7,-0.016957338267682864,0.051276910289879546,0.037986466735501254,-0.003409298547228934,0.012819227572469886,0.009496616683875313,-0.003320144078767129,0.0,0.0,-0.00213623046875,0.006041761156417512,0.004475799300204609,-0.13259381670267725,0.23901125651084362,0.1770620166763727,-0.0021705392982634014,0.0065634445171045865,0.004862267742144164,-0.0021705392982634014,0.0065634445171045865,0.004862267742144164,-0.0021705392982634014,0.0065634445171045865,0.004862267742144164,-0.0021705392982634014,0.0065634445171045865,0.004862267742144164
S,12,6.0,0.16,7,-0.02901314645600861,0.04290901971215352,0.031787446644779435,-0.005778986944646847,0.01072725492803838,0.007946861661194859,-0.005897198677421223,0.0,0.0,-0.001957484654017857,0.004213615569519052,0.003121490096865617,-0.20806603894621073,0.18842831489450726,0.13958964912867353,-0.0037136827463691013,0.0054923545231556495,0.004068793170531766,-0.0037136827463691013,0.0054923545231556495,0.004068793170531766,-0.0037136827463691013,0.0054923545231556495,0.004068793170531766,-0.0037136827463691013,0.0054923545231556495,0.004068793170531766
S,12,6.0,0.2,7,-0.025908920271848452,0.04066830806605593,0.030127504227672918,-0.004176283647376909,0.010167077016513983,0.0075318760569182295,-0.009203785682340815,0.0,0.0,-0.004023960658482143,0.004418569748075114,0.0032733222771200196,-0.2396666443330114,0.1846100754098875,0.13676105773440397,-0.003316341794796602,0.005205543432455164,0.003856320541142137,-0.003316341794796602,0.005205543432455164,0.003856320541142137,-0.003316341794796602,0.005205543432455164,0.003856320541142137,-0.003316341794796602,0.005205543432455164,0.003856320541142137
S,12,6.0,0.24,7,-0.04293562189297858,0.048621923713216705,0.03601962515500317,-0.007425190456882772,0.012155480928304176,0.009004906288750792,-0.013234860065447496,0.0,0.0,-0.003810337611607143,0.005048866486155495,0.0037402526350380724,-0.319584285086948,0.16758514744192318,0.12414881459663787,-0.005495759602301261,0.006223606235291743,0.0046105120198404095,-0.005495759602301261,0.006223606235291743,0.0046105120198404095,-0.005495759602301261,0.006223606235291743,0.0046105120198404095,-0.005495759602301261,0.006223606235291743,0.0046105120198404095
S,12,6.0,0.28,7,-0.06206071305660326,0.027645482922464017,0.020480060352394417,-0.011019105610812303,0.006911370730616004,0.005120015088098604,-0.017984290613354048,0.0,0.0,-0.0026375906808035715,0.0036332522378587704,0.002691550924088096,-0.38504300604707914,0.13768375280759246,0.10199755146083461,-0.007943771271245218,0.0035386218140753965,0.002621447725106487,-0.007943771271245218,0.0035386218140753965,0.002621447725106487,-0.007943771271245218,0.0035386218140753965,0.002621447725106487,-0.007943771271245218,0.0035386218140753965,0.002621447725106487
S,12,6.0,0.32,7,-0.09091230699909987,0.044296719369575716,0.032815468937416256,-0.016866856610617948,0.011074179842393929,0.008203867234354064,-0.023444880556628078,0.0,0.0,-0.0024501255580357145,0.004195721755413712,0.003108234173869455,-0.5171517233422424,0.16696046631892253,0.1236860443445885,-0.011636775295884786,0.005669980079305697,0.004200380023989285,-0.011636775295884786,0.005669980079305697,0.004200380023989285,-0.011636775295884786,0.005669980079305697,0.004200380023989285,-0.011636775295884786,0.005669980079305697,0.004200380023989285
S,12,6.0,0.36,7,-0.11008431439526715,0.05179021067181096,0.03836672497987145,-0.020118980685275494,0.01294755266795274,0.009591681244967863,-0.029608391654165178,0.0,0.0,-0.0016392299107142857,0.004839505285568143,0.0035851556871748604,-0.6100292911077212,0.18686853140277607,0.13843414534757062,-0.014090792242594201,0.006629146965991803,0.0049109407974235455,-0.014090792242594201,0.006629146965991803,0.0049109407974235455,-0.014090792242594201,0.006629146965991803,0.0049109407974235455,-0.014090792242594201,0.006629146965991803,0.0049109407974235455
