scenario_group,spans,launch_power_dbm,pcs_nu,shaped,stress_name,display_name,scenario,n_bands,bands,n_seeds,symbol_entropy_bits_mean,symbol_entropy_bits_std,symbol_entropy_bits_ci95,conditional_bit_entropy_sum_mean,conditional_bit_entropy_sum_std,conditional_bit_entropy_sum_ci95,bmd_gmi_bits_per_symbol_mean,bmd_gmi_bits_per_symbol_std,bmd_gmi_bits_per_symbol_ci95,gmi_mean,gmi_std,gmi_ci95,ngmi_mean,ngmi_std,ngmi_ci95,ber_mean,ber_std,ber_ci95,gsnr_db_mean,gsnr_db_std,gsnr_db_ci95,air_tbps_mean,air_tbps_std,air_tbps_ci95,air_tbps_per_channel_mean,air_tbps_per_channel_std,air_tbps_per_channel_ci95,rate_tbps_mean,rate_tbps_std,rate_tbps_ci95,rate_tbps_per_channel_mean,rate_tbps_per_channel_std,rate_tbps_per_channel_ci95
C,6,-2.0,0.0,False,q3_evidence,Uniform raw,uniform_raw,1,C,7,4.0,0.0,0.0,0.0989927516058501,0.005170793199368149,0.003830577208212201,3.901007248394149,0.005170793199368188,0.00383057720821223,3.901007248394149,0.005170793199368188,0.00383057720821223,0.9752518120985373,0.001292698299842047,0.0009576443020530575,0.006234305245535714,0.0006158490329120005,0.0004562273481485399,14.814934589508953,0.012055453475239423,0.008930804914526006,0.49932892779445126,0.000661861529519124,0.0004903138826511625,0.49932892779445126,0.000661861529519124,0.0004903138826511625,0.49932892779445126,0.000661861529519124,0.0004903138826511625,0.49932892779445126,0.000661861529519124,0.0004903138826511625
C,6,-2.0,0.12,True,q3_evidence,PCS raw,pcs_raw,1,C,7,3.996679855921233,0.0,0.0,0.08551557309709766,0.008514026675907678,0.006307279227262058,3.9111642828241355,0.008514026675907671,0.006307279227262053,3.9111642828241355,0.008514026675907671,0.006307279227262053,0.9786211067257257,0.0021285066689769178,0.0015768198068155132,0.005240304129464286,0.00041721532098550247,0.0003090774350982156,14.818856439871846,0.05843557975216882,0.043289683287793625,0.5006290282014892,0.0010897954145161672,0.0008073317410895319,0.5006290282014892,0.0010897954145161672,0.0008073317410895319,0.5006290282014892,0.0010897954145161672,0.0008073317410895319,0.5006290282014892,0.0010897954145161672,0.0008073317410895319
C,6,-2.0,0.16,True,q3_evidence,PCS raw,pcs_raw,1,C,7,3.994102801322579,4.796711693331816e-16,3.553453750400821e-16,0.0764385483527564,0.0067485689685929775,0.00499940985501011,3.9176642529698222,0.006748568968593055,0.0049994098550101675,3.9176642529698222,0.006748568968593055,0.0049994098550101675,0.980890362911811,0.0016871422421482634,0.0012498524637525417,0.004660470145089286,0.0004300395959702042,0.00031857779095739925,14.80897039110575,0.03454057743689809,0.025588017850808314,0.5014610243801373,0.0008638168279799099,0.0006399244614413007,0.5014610243801373,0.0008638168279799099,0.0006399244614413007,0.5014610243801373,0.0008638168279799099,0.0006399244614413007,0.5014610243801373,0.0008638168279799099,0.0006399244614413007
C,6,-2.0,0.2,True,q3_evidence,PCS raw,pcs_raw,1,C,7,3.9907962143176587,4.796711693331816e-16,3.553453750400821e-16,0.0802644610549214,0.004201738723073958,0.003112691605890659,3.9105317532627377,0.004201738723074025,0.003112691605890709,3.9105317532627377,0.004201738723074025,0.003112691605890709,0.9799338847362697,0.0010504346807685063,0.0007781729014726773,0.004952566964285714,0.00040321497034639595,0.0002987058302017572,14.812807227130076,0.02937917112907099,0.02176439454916455,0.5005480644176304,0.0005378225565534565,0.0003984245255539969,0.5005480644176304,0.0005378225565534565,0.0003984245255539969,0.5005480644176304,0.0005378225565534565,0.0003984245255539969,0.5005480644176304,0.0005378225565534565,0.0003984245255539969
C,6,-2.0,0.24,True,q3_evidence,PCS raw,pcs_raw,1,C,7,3.986765139934552,4.796711693331816e-16,3.553453750400821e-16,0.0754990153220861,0.006108600262941798,0.004525314403245374,3.9112661246124665,0.006108600262941887,0.0045253144032454395,3.9112661246124665,0.006108600262941887,0.0045253144032454395,0.9811252461694785,0.0015271500657354717,0.0011313286008113599,0.004717145647321429,0.00040134082363304195,0.0002973174428870417,14.804180877141002,0.06365216903478724,0.04715418670925011,0.5006420639503958,0.0007819008336565716,0.0005792402436154238,0.5006420639503958,0.0007819008336565716,0.0005792402436154238,0.5006420639503958,0.0007819008336565716,0.0005792402436154238,0.5006420639503958,0.0007819008336565716,0.0005792402436154238
C,6,-2.0,0.28,True,q3_evidence,PCS raw,pcs_raw,1,C,7,3.982015709386645,9.593423386663633e-16,7.106907500801642e-16,0.07459959845292248,0.002576611663509097,0.0019087806323133825,3.9074161109337235,0.0025766116635091065,0.0019087806323133895,3.9074161109337235,0.0025766116635091065,0.0019087806323133895,0.9813501003867694,0.0006441529158772766,0.00047719515807834737,0.004813058035714286,0.00026820436557882196,0.00019868857452175618,14.784515027263684,0.03415195428759763,0.02530012179291223,0.5001492621995166,0.0003298062929291798,0.00024432392093612436,0.5001492621995166,0.0003298062929291798,0.00024432392093612436,0.5001492621995166,0.0003298062929291798,0.00024432392093612436,0.5001492621995166,0.0003298062929291798,0.00024432392093612436
C,6,-2.0,0.32,True,q3_evidence,PCS raw,pcs_raw,1,C,7,3.976555119443372,0.0,0.0,0.06829542822376337,0.00432619308885449,0.0032048886902914945,3.9082596912196084,0.004326193088854378,0.003204888690291411,3.9082596912196084,0.004326193088854378,0.003204888690291411,0.9829261429440591,0.0010815482722135944,0.0008012221725728528,0.004329136439732143,0.00037888879974587745,0.0002806847508290964,14.810068233180814,0.038049979740293616,0.028187819459481626,0.5002572404761099,0.0005537527153733561,0.0004102257523572975,0.5002572404761099,0.0005537527153733561,0.0004102257523572975,0.5002572404761099,0.0005537527153733561,0.0004102257523572975,0.5002572404761099,0.0005537527153733561,0.0004102257523572975
C,6,-2.0,0.36,True,q3_evidence,PCS raw,pcs_raw,1,C,7,3.970391608345835,0.0,0.0,0.06610852011689426,0.004433048263943045,0.0032840481117751767,3.90428308822894,0.004433048263943092,0.003284048111775212,3.90428308822894,0.004433048263943092,0.003284048111775212,0.9834728699707763,0.001108262065985773,0.000821012027943803,0.004233224051339286,0.0004070463375262042,0.0003015441467287185,14.789948517278132,0.04357997187765165,0.03228449496480735,0.49974823529330437,0.0005674301777846937,0.0004203581583072107,0.49974823529330437,0.0005674301777846937,0.0004203581583072107,0.49974823529330437,0.0005674301777846937,0.0004203581583072107,0.49974823529330437,0.0005674301777846937,0.0004203581583072107
C,6,0.0,0.0,False,q3_evidence,Uniform raw,uniform_raw,1,C,7,4.0,0.0,0.0,0.11375477151821636,0.004302918465112316,0.0031876466077329843,3.8862452284817834,0.004302918465112392,0.0031876466077330416,3.8862452284817834,0.004302918465112392,0.0031876466077330416,0.9715613071204459,0.001075729616278098,0.0007969116519332604,0.007332938058035714,0.00018201229200219817,0.00013483659285451233,14.660384128882416,0.029780936698847457,0.022062026648398025,0.4974393892456683,0.0005507735635343946,0.0004080187657898354,0.4974393892456683,0.0005507735635343946,0.0004080187657898354,0.4974393892456683,0.0005507735635343946,0.0004080187657898354,0.4974393892456683,0.0005507735635343946,0.0004080187657898354
C,6,0.0,0.12,True,q3_evidence,PCS raw,pcs_raw,1,C,7,3.996679855921233,0.0,0.0,0.0936897376526631,0.0041427271000055175,0.0030689751837422734,3.90299011826857,0.004142727100005522,0.003068975183742277,3.90299011826857,0.004142727100005522,0.003068975183742277,0.9765775655868343,0.0010356817750013804,0.0007672437959355692,0.005658830915178571,0.00028890178636200675,0.00021402143841013085,14.657289405738194,0.03377836906587104,0.025023365987662534,0.499582735138377,0.0005302690688007087,0.00039282882351901287,0.499582735138377,0.0005302690688007087,0.00039282882351901287,0.499582735138377,0.0005302690688007087,0.00039282882351901287,0.499582735138377,0.0005302690688007087,0.00039282882351901287
C,6,0.0,0.16,True,q3_evidence,PCS raw,pcs_raw,1,C,7,3.994102801322579,4.796711693331816e-16,3.553453750400821e-16,0.09036981456087048,0.007558515556898168,0.005599426684422321,3.903732986761708,0.007558515556898136,0.005599426684422297,3.903732986761708,0.007558515556898136,0.005599426684422297,0.9774075463597824,0.001889628889224534,0.0013998566711055742,0.005610874720982143,0.0006192959760610915,0.0004587808793681843,14.641717494909946,0.047698589168060856,0.03533560935165192,0.49967782230549856,0.0009674899912829546,0.0007167266156060489,0.49967782230549856,0.0009674899912829546,0.0007167266156060489,0.49967782230549856,0.0009674899912829546,0.0007167266156060489,0.49967782230549856,0.0009674899912829546,0.0007167266156060489
C,6,0.0,0.2,True,q3_evidence,PCS raw,pcs_raw,1,C,7,3.9907962143176587,4.796711693331816e-16,3.553453750400821e-16,0.09175719582542527,0.008897271163315477,0.006591190716666947,3.899039018492234,0.008897271163315495,0.00659119071666696,3.899039018492234,0.008897271163315495,0.00659119071666696,0.9770607010436436,0.0022243177908288737,0.00164779767916674,0.005610874720982143,0.0006776983660652568,0.0005020459753465755,14.597851787288286,0.045941411948018825,0.03403387425021619,0.499076994367006,0.0011388507089043953,0.0008436724117333799,0.499076994367006,0.0011388507089043953,0.0008436724117333799,0.499076994367006,0.0011388507089043953,0.0008436724117333799,0.499076994367006,0.0011388507089043953,0.0008436724117333799
C,6,0.0,0.24,True,q3_evidence,PCS raw,pcs_raw,1,C,7,3.986765139934552,4.796711693331816e-16,3.553453750400821e-16,0.08435420508113552,0.0052552521702934,0.003893145289468064,3.902410934853417,0.005255252170293324,0.0038931452894680066,3.902410934853417,0.005255252170293324,0.0038931452894680066,0.978911448729716,0.001313813042573331,0.0009732863223670017,0.005244663783482143,0.00034184617705516017,0.00025324319191531025,14.627272185479796,0.054169787728441214,0.040129540332731896,0.4995085996612373,0.0006726722777975468,0.0004983225970519059,0.4995085996612373,0.0006726722777975468,0.0004983225970519059,0.4995085996612373,0.0006726722777975468,0.0004983225970519059,0.4995085996612373,0.0006726722777975468,0.0004983225970519059
C,6,0.0,0.28,True,q3_evidence,PCS raw,pcs_raw,1,C,7,3.982015709386645,9.593423386663633e-16,7.106907500801642e-16,0.08141098643283637,0.008714548840933027,0.00645582812594579,3.9006047229538092,0.008714548840933006,0.006455828125945775,3.9006047229538092,0.008714548840933006,0.006455828125945775,0.9796472533917909,0.002178637210233252,0.001613957031486444,0.005205426897321429,0.0005384305088584688,0.00039887490292425117,14.618989085496908,0.06881621919215912,0.05097976860204571,0.49927740453808767,0.0011154622516394237,0.0008263460001210584,0.49927740453808767,0.0011154622516394237,0.0008263460001210584,0.49927740453808767,0.0011154622516394237,0.0008263460001210584,0.49927740453808767,0.0011154622516394237,0.0008263460001210584
C,6,0.0,0.32,True,q3_evidence,PCS raw,pcs_raw,1,C,7,3.976555119443372,0.0,0.0,0.0826359983175271,0.004619629180498152,0.003422269189061863,3.893919121125845,0.004619629180498198,0.003422269189061897,3.893919121125845,0.004619629180498198,0.003422269189061897,0.9793410004206182,0.0011549072951245495,0.0008555672972654743,0.005170549665178571,0.00040172739211143376,0.0002976038168234277,14.609786836951738,0.03629220987440772,0.02688564531986074,0.49842164750410817,0.0005913125351037594,0.0004380504561999154,0.49842164750410817,0.0005913125351037594,0.0004380504561999154,0.49842164750410817,0.0005913125351037594,0.0004380504561999154,0.49842164750410817,0.0005913125351037594,0.0004380504561999154
C,6,0.0,0.36,True,q3_evidence,PCS raw,pcs_raw,1,C,7,3.970391608345835,0.0,0.0,0.07831290560888142,0.007105501099359731,0.0052638288778325305,3.892078702736953,0.00710550109935972,0.005263828877832524,3.892078702736953,0.00710550109935972,0.005263828877832524,0.9804217735977795,0.00177637527483993,0.001315957219458131,0.004956926618303571,0.0005244103847901393,0.00038848864966643126,14.587872669966355,0.062966176272537,0.04664599615922089,0.49818607395033004,0.0009095041407180219,0.0006737700963625464,0.49818607395033004,0.0009095041407180219,0.0006737700963625464,0.49818607395033004,0.0009095041407180219,0.0006737700963625464,0.49818607395033004,0.0009095041407180219,0.0006737700963625464
C,6,2.0,0.0,False,q3_evidence,Uniform raw,uniform_raw,1,C,7,4.0,0.0,0.0,0.1492065615112052,0.008719986601896062,0.0064598564756410065,3.8507934384887954,0.008719986601896096,0.006459856475641033,3.8507934384887954,0.008719986601896096,0.006459856475641033,0.9626983596221989,0.002179996650474024,0.0016149641189102581,0.009286063058035714,0.0005328833717331235,0.00039476552623408066,14.254590622950206,0.0500393436088273,0.03706966450820258,0.4929015601265658,0.0011161582850427179,0.0008268616288820652,0.4929015601265658,0.0011161582850427179,0.0008268616288820652,0.4929015601265658,0.0011161582850427179,0.0008268616288820652,0.4929015601265658,0.0011161582850427179,0.0008268616288820652
C,6,2.0,0.12,True,q3_evidence,PCS raw,pcs_raw,1,C,7,3.996679855921233,0.0,0.0,0.13402464141961998,0.005268829827302986,0.003903203758541666,3.8626552145016126,0.005268829827302987,0.003903203758541667,3.8626552145016126,0.005268829827302987,0.003903203758541667,0.9664938396450948,0.0013172074568257464,0.0009758009396354165,0.008270263671875,0.00043373627940527024,0.00032131633236997593,14.240305554900006,0.032661275755867226,0.024195811682595793,0.4944198674562065,0.0006744102178947984,0.0004996100810933453,0.4944198674562065,0.0006744102178947984,0.0004996100810933453,0.4944198674562065,0.0006744102178947984,0.0004996100810933453,0.4944198674562065,0.0006744102178947984,0.0004996100810933453
C,6,2.0,0.16,True,q3_evidence,PCS raw,pcs_raw,1,C,7,3.994102801322579,4.796711693331816e-16,3.553453750400821e-16,0.1269951009016665,0.008781885498912989,0.006505711820263084,3.8671077004209122,0.008781885498913032,0.006505711820263115,3.8671077004209122,0.008781885498913032,0.006505711820263115,0.9682512247745834,0.002195471374728258,0.0016264279550657788,0.007877894810267858,0.0004956730423599503,0.0003671997284712995,14.212131267992167,0.04744853899630408,0.03515036959211984,0.4949897856538768,0.001124081343860877,0.0008327311129936852,0.4949897856538768,0.001124081343860877,0.0008327311129936852,0.4949897856538768,0.001124081343860877,0.0008327311129936852,0.4949897856538768,0.001124081343860877,0.0008327311129936852
C,6,2.0,0.2,True,q3_evidence,PCS raw,pcs_raw,1,C,7,3.9907962143176587,4.796711693331816e-16,3.553453750400821e-16,0.1202620070804756,0.0072606544377052515,0.005378768079368769,3.870534207237184,0.007260654437705254,0.005378768079368771,3.870534207237184,0.007260654437705254,0.005378768079368771,0.969934498229881,0.0018151636094263135,0.0013446920198421928,0.007590157645089286,0.0007426740251567371,0.000550180617210575,14.21842421829641,0.047289570160844945,0.03503260383076621,0.4954283785263595,0.0009293637680262554,0.0006884823141591901,0.4954283785263595,0.0009293637680262554,0.0006884823141591901,0.4954283785263595,0.0009293637680262554,0.0006884823141591901,0.4954283785263595,0.0009293637680262554,0.0006884823141591901
C,6,2.0,0.24,True,q3_evidence,PCS raw,pcs_raw,1,C,7,3.986765139934552,4.796711693331816e-16,3.553453750400821e-16,0.11581993788596072,0.009381390191492889,0.006949831111650224,3.8709452020485915,0.00938139019149287,0.00694983111165021,3.8709452020485915,0.00938139019149287,0.00694983111165021,0.9710450155285099,0.0023453475478732175,0.0017374577779125525,0.007228306361607143,0.0007455348296822378,0.0005522999308613071,14.242260534181554,0.06638943527254101,0.04918198191568569,0.4954809858622197,0.0012008179445111013,0.0008895783822912373,0.4954809858622197,0.0012008179445111013,0.0008895783822912373,0.4954809858622197,0.0012008179445111013,0.0008895783822912373,0.4954809858622197,0.0012008179445111013,0.0008895783822912373
C,6,2.0,0.28,True,q3_evidence,PCS raw,pcs_raw,1,C,7,3.982015709386645,9.593423386663633e-16,7.106907500801642e-16,0.10803928384748145,0.005442559880583691,0.004031904783088515,3.8739764255391647,0.005442559880583731,0.004031904783088546,3.8739764255391647,0.005442559880583731,0.004031904783088546,0.9729901790381296,0.0013606399701459328,0.0010079761957721364,0.0067138671875,0.0006103515625,0.000452154765074515,14.216079289481245,0.049458825114667974,0.03663961038943718,0.495868982469013,0.0006966476647147152,0.000516083812235332,0.495868982469013,0.0006966476647147152,0.000516083812235332,0.495868982469013,0.0006966476647147152,0.000516083812235332,0.495868982469013,0.0006966476647147152,0.000516083812235332
C,6,2.0,0.32,True,q3_evidence,PCS raw,pcs_raw,1,C,7,3.976555119443372,0.0,0.0,0.11052105642615308,0.005681083795609452,0.004208605772140422,3.8660340630172194,0.005681083795609451,0.004208605772140421,3.8660340630172194,0.005681083795609451,0.004208605772140421,0.9723697358934619,0.0014202709489023627,0.0010521514430351052,0.006971086774553571,0.0005187560846581406,0.0003842998855099626,14.191322509522896,0.02856434686180659,0.02116076428461198,0.4948523600662041,0.0007271787258380111,0.000538701538833975,0.4948523600662041,0.0007271787258380111,0.000538701538833975,0.4948523600662041,0.0007271787258380111,0.000538701538833975,0.4948523600662041,0.0007271787258380111,0.000538701538833975
C,6,2.0,0.36,True,q3_evidence,PCS raw,pcs_raw,1,C,7,3.970391608345835,0.0,0.0,0.11222382739707219,0.00654335113231186,0.004847382354379621,3.8581677809487624,0.006543351132311887,0.004847382354379641,3.8581677809487624,0.006543351132311887,0.004847382354379641,0.9719440431507318,0.0016358377830779718,0.0012118455885949102,0.007075718470982143,0.0005581265330208401,0.00041346592181435023,14.152700603965158,0.027223154485587618,0.02016719506803605,0.4938454759614416,0.000837548944935933,0.0006204649413606026,0.4938454759614416,0.000837548944935933,0.0006204649413606026,0.4938454759614416,0.000837548944935933,0.0006204649413606026,0.4938454759614416,0.000837548944935933,0.0006204649413606026
C,6,4.0,0.0,False,q3_evidence,Uniform raw,uniform_raw,1,C,7,4.0,0.0,0.0,0.2591136684024233,0.009284448596622145,0.006878015773166954,3.7408863315975767,0.009284448596622122,0.006878015773166938,3.7408863315975767,0.009284448596622122,0.006878015773166938,0.9352215828993942,0.0023211121491555305,0.0017195039432917345,0.015803745814732144,0.0007527865649083437,0.0005576720914962567,13.417387903545475,0.04806191504950621,0.03560476493126168,0.4788334504444898,0.0011884094203676386,0.000880386018965373,0.4788334504444898,0.0011884094203676386,0.000880386018965373,0.4788334504444898,0.0011884094203676386,0.000880386018965373,0.4788334504444898,0.0011884094203676386,0.000880386018965373
C,6,4.0,0.12,True,q3_evidence,PCS raw,pcs_raw,1,C,7,3.996679855921233,0.0,0.0,0.24289254893399828,0.0073453395376830745,0.005441503679371079,3.7537873069872347,0.007345339537683031,0.005441503679371047,3.7537873069872347,0.007345339537683031,0.005441503679371047,0.9392768627665005,0.0018363348844207578,0.0013603759198427617,0.014626639229910714,0.0005026033835848514,0.0003723337970982336,13.339266979229551,0.04228305223347944,0.031323723447111415,0.48048477529436606,0.0009402034608234241,0.0006965124709594912,0.48048477529436606,0.0009402034608234241,0.0006965124709594912,0.48048477529436606,0.0009402034608234241,0.0006965124709594912,0.48048477529436606,0.0009402034608234241,0.0006965124709594912
C,6,4.0,0.16,True,q3_evidence,PCS raw,pcs_raw,1,C,7,3.994102801322579,4.796711693331816e-16,3.553453750400821e-16,0.2394542811649242,0.006220310700349487,0.004608070653390052,3.7546485201576543,0.00622031070034952,0.004608070653390076,3.7546485201576543,0.00622031070034952,0.004608070653390076,0.940136429708769,0.00155507767508738,0.001152017663347519,0.014561244419642858,0.0005991683220658885,0.00044387010462317467,13.313908857394223,0.013909319843650276,0.010304168339459243,0.4805950105801798,0.0007961997696447277,0.0005898330436339217,0.4805950105801798,0.0007961997696447277,0.0005898330436339217,0.4805950105801798,0.0007961997696447277,0.0005898330436339217,0.4805950105801798,0.0007961997696447277,0.0005898330436339217
C,6,4.0,0.2,True,q3_evidence,PCS raw,pcs_raw,1,C,7,3.9907962143176587,4.796711693331816e-16,3.553453750400821e-16,0.22755623015111048,0.011133753644465002,0.008248000124535764,3.763239984166549,0.011133753644465078,0.00824800012453582,3.763239984166549,0.011133753644465078,0.00824800012453582,0.9431109424622223,0.0027834384111162696,0.002062000031133955,0.013575962611607142,0.0006040704052286873,0.000447501618650553,13.324637122333987,0.05175889722734848,0.038343527655584096,0.48169471797331825,0.0014251204664915253,0.0010557440159405815,0.48169471797331825,0.0014251204664915253,0.0010557440159405815,0.48169471797331825,0.0014251204664915253,0.0010557440159405815,0.48169471797331825,0.0014251204664915253,0.0010557440159405815
C,6,4.0,0.24,True,q3_evidence,PCS raw,pcs_raw,1,C,7,3.986765139934552,4.796711693331816e-16,3.553453750400821e-16,0.22013472012945584,0.011808348879653648,0.008747747268358483,3.7666304198050966,0.011808348879653667,0.008747747268358497,3.7666304198050966,0.011808348879653667,0.008747747268358497,0.9449663199676361,0.002952087219913417,0.0021869368170896243,0.013270786830357142,0.0006441133694033847,0.00047716586164050606,13.27642804866738,0.07719490809622305,0.05718678820486596,0.4821286937350524,0.0015114686565956634,0.0011197116503498833,0.4821286937350524,0.0015114686565956634,0.0011197116503498833,0.4821286937350524,0.0015114686565956634,0.0011197116503498833,0.4821286937350524,0.0015114686565956634,0.0011197116503498833
C,6,4.0,0.28,True,q3_evidence,PCS raw,pcs_raw,1,C,7,3.982015709386645,9.593423386663633e-16,7.106907500801642e-16,0.22941025517889063,0.008475664198272672,0.006278859906122477,3.7526054542077554,0.008475664198272602,0.006278859906122426,3.7526054542077554,0.008475664198272602,0.006278859906122426,0.9426474362052772,0.0021189160495681506,0.0015697149765306064,0.013859340122767858,0.0007075052717180311,0.0005241272400652652,13.223174267991583,0.053176085572366485,0.03939339547370402,0.48033349813859266,0.0010848850173789076,0.0008036940679836813,0.48033349813859266,0.0010848850173789076,0.0008036940679836813,0.48033349813859266,0.0010848850173789076,0.0008036940679836813,0.48033349813859266,0.0010848850173789076,0.0008036940679836813
C,6,4.0,0.32,True,q3_evidence,PCS raw,pcs_raw,1,C,7,3.976555119443372,0.0,0.0,0.22222892658075385,0.006098410367822411,0.00451776562330129,3.754326192862618,0.00609841036782245,0.0045177656233013185,3.754326192862618,0.00609841036782245,0.0045177656233013185,0.9444427683548116,0.0015246025919556125,0.0011294414058253296,0.013296944754464286,0.0006802783417071531,0.0005039572480489528,13.187678989464233,0.04515674493269194,0.033452584790542125,0.4805537526864151,0.0007805965270812639,0.0005782739997825616,0.4805537526864151,0.0007805965270812639,0.0005782739997825616,0.4805537526864151,0.0007805965270812639,0.0005782739997825616,0.4805537526864151,0.0007805965270812639,0.0005782739997825616
C,6,4.0,0.36,True,q3_evidence,PCS raw,pcs_raw,1,C,7,3.970391608345835,0.0,0.0,0.21293442358148013,0.012445057353943845,0.009219427506931865,3.7574571847643545,0.01244505735394389,0.0092194275069319,3.7574571847643545,0.01244505735394389,0.0092194275069319,0.94676639410463,0.0031112643384859726,0.002304856876732975,0.012856619698660714,0.0008679581012214032,0.0006429923595915848,13.207975098291769,0.060418429801452955,0.04475859916070426,0.48095451964983743,0.0015929673413048093,0.0011800867208872766,0.48095451964983743,0.0015929673413048093,0.0011800867208872766,0.48095451964983743,0.0015929673413048093,0.0011800867208872766,0.48095451964983743,0.0015929673413048093,0.0011800867208872766
C,6,6.0,0.0,False,q3_evidence,Uniform raw,uniform_raw,1,C,7,4.0,0.0,0.0,0.5796547182297174,0.017930676078675403,0.013283230728160383,3.420345281770282,0.017930676078675392,0.013283230728160374,3.420345281770282,0.017930676078675392,0.013283230728160374,0.8550863204425705,0.004482669019668848,0.0033208076820400935,0.03513445172991071,0.0015543720603583614,0.0011514949366410849,11.755319562289785,0.04008382122670046,0.029694510317645993,0.43780419606659615,0.0022951265380704543,0.0017002535332045308,0.43780419606659615,0.0022951265380704543,0.0017002535332045308,0.43780419606659615,0.0022951265380704543,0.0017002535332045308,0.43780419606659615,0.0022951265380704543,0.0017002535332045308
C,6,6.0,0.12,True,q3_evidence,PCS raw,pcs_raw,1,C,7,3.996679855921233,0.0,0.0,0.5767415926622835,0.014471100576382285,0.010720341330303074,3.4199382632589495,0.014471100576382295,0.010720341330303081,3.4199382632589495,0.014471100576382295,0.010720341330303081,0.8558146018344293,0.0036177751440955737,0.0026800853325757703,0.03416660853794643,0.0006911759053118904,0.000512030276143453,11.566192872203784,0.06935823746122356,0.051381301354925205,0.43775209769714557,0.0018523008737769333,0.0013722036902787942,0.43775209769714557,0.0018523008737769333,0.0013722036902787942,0.43775209769714557,0.0018523008737769333,0.0013722036902787942,0.43775209769714557,0.0018523008737769333,0.0013722036902787942
C,6,6.0,0.16,True,q3_evidence,PCS raw,pcs_raw,1,C,7,3.994102801322579,4.796711693331816e-16,3.553453750400821e-16,0.5636106695921249,0.024193179745011877,0.01792255836817221,3.4304921317304538,0.024193179745011874,0.01792255836817221,3.4304921317304538,0.024193179745011874,0.01792255836817221,0.8590973326019687,0.0060482949362529684,0.004480639592043052,0.03337751116071429,0.0017024974583456844,0.0012612277671006237,11.57601503571586,0.08518722208892195,0.0631075772677604,0.43910299286149806,0.003096727007361536,0.0022940874711260546,0.43910299286149806,0.003096727007361536,0.0022940874711260546,0.43910299286149806,0.003096727007361536,0.0022940874711260546,0.43910299286149806,0.003096727007361536,0.0022940874711260546
C,6,6.0,0.2,True,q3_evidence,PCS raw,pcs_raw,1,C,7,3.9907962143176587,4.796711693331816e-16,3.553453750400821e-16,0.563485511443271,0.01671970066805726,0.012386127589673602,3.427310702874388,0.01671970066805722,0.012386127589673572,3.427310702874388,0.01671970066805722,0.012386127589673572,0.8591286221391824,0.004179925167014306,0.003096531897418394,0.03420148577008929,0.0007717819054031018,0.0005717440366613316,11.494690455479988,0.06260843827304355,0.046380980140491204,0.43869576996792176,0.0021401216855113257,0.0015854243314782183,0.43869576996792176,0.0021401216855113257,0.0015854243314782183,0.43869576996792176,0.0021401216855113257,0.0015854243314782183,0.43869576996792176,0.0021401216855113257,0.0015854243314782183
C,6,6.0,0.24,True,q3_evidence,PCS raw,pcs_raw,1,C,7,3.986765139934552,4.796711693331816e-16,3.553453750400821e-16,0.5543776181092163,0.021538533976251134,0.015955969261701185,3.4323875218253366,0.021538533976251138,0.01595596926170119,3.4323875218253366,0.021538533976251138,0.01595596926170119,0.8614055954726959,0.005384633494062784,0.003988992315425297,0.03260149274553571,0.0014059867309695342,0.0010415695463045775,11.484567210759623,0.09878780936184568,0.07318303331816457,0.43934560279364315,0.002756932348960146,0.0020423640654977523,0.43934560279364315,0.002756932348960146,0.0020423640654977523,0.43934560279364315,0.002756932348960146,0.0020423640654977523,0.43934560279364315,0.002756932348960146,0.0020423640654977523
C,6,6.0,0.28,True,q3_evidence,PCS raw,pcs_raw,1,C,7,3.982015709386645,9.593423386663633e-16,7.106907500801642e-16,0.5575997766659514,0.01780948677795035,0.013193452437801897,3.424415932720694,0.017809486777950256,0.013193452437801826,3.424415932720694,0.017809486777950256,0.013193452437801826,0.8606000558335122,0.004452371694487565,0.003298363109450457,0.032924107142857144,0.0008134386977008672,0.000602603820255568,11.409661780562876,0.07595689419228502,0.05626965467021709,0.4383252393882489,0.0022796143075776445,0.0016887619120386423,0.4383252393882489,0.0022796143075776445,0.0016887619120386423,0.4383252393882489,0.0022796143075776445,0.0016887619120386423,0.4383252393882489,0.0022796143075776445,0.0016887619120386423
C,6,6.0,0.32,True,q3_evidence,PCS raw,pcs_raw,1,C,7,3.976555119443372,0.0,0.0,0.5601716589731425,0.014854035590136304,0.0110040235584169,3.4163834604702297,0.014854035590136276,0.011004023558416879,3.4163834604702297,0.014854035590136276,0.011004023558416879,0.8599570852567144,0.003713508897534069,0.0027510058896042197,0.033512660435267856,0.0009490637363924805,0.000703076254956394,11.35998609822388,0.07543867788751607,0.05588575465924499,0.4372970829401894,0.0019013165555374215,0.0014085150154773444,0.4372970829401894,0.0019013165555374215,0.0014085150154773444,0.4372970829401894,0.0019013165555374215,0.0014085150154773444,0.4372970829401894,0.0019013165555374215,0.0014085150154773444
C,6,6.0,0.36,True,q3_evidence,PCS raw,pcs_raw,1,C,7,3.970391608345835,0.0,0.0,0.5574610512973567,0.017353100135255588,0.012855356481488526,3.4129305570484783,0.01735310013525567,0.012855356481488589,3.4129305570484783,0.01735310013525567,0.012855356481488589,0.860634737175661,0.004338275033813918,0.003213839120372147,0.033085414341517856,0.0011736946510649097,0.000869485165316455,11.287636795885488,0.060150493990312456,0.04456010953409454,0.4368551113022052,0.002221196817312728,0.0016454856296305408,0.4368551113022052,0.002221196817312728,0.0016454856296305408,0.4368551113022052,0.002221196817312728,0.0016454856296305408,0.4368551113022052,0.002221196817312728,0.0016454856296305408
C,8,-2.0,0.0,False,q3_evidence,Uniform raw,uniform_raw,1,C,7,4.0,0.0,0.0,0.11563106504662304,0.010358341963386664,0.0076735671124239764,3.8843689349533763,0.010358341963386657,0.007673567112423971,3.8843689349533763,0.010358341963386657,0.007673567112423971,0.9710922337383441,0.0025895854908466642,0.0019183917781059928,0.007319859095982143,0.000659591304087248,0.000488632076115579,14.625775955580465,0.08722609402868332,0.064617994737921,0.49719922367403224,0.001325867771313494,0.0009822165903902696,0.49719922367403224,0.001325867771313494,0.0009822165903902696,0.49719922367403224,0.001325867771313494,0.0009822165903902696,0.49719922367403224,0.001325867771313494,0.0009822165903902696
C,8,-2.0,0.12,True,q3_evidence,PCS raw,pcs_raw,1,C,7,3.996679855921233,0.0,0.0,0.10149159428352827,0.007024305791355839,0.005203678551903526,3.895188261637705,0.007024305791355827,0.005203678551903517,3.895188261637705,0.007024305791355827,0.005203678551903517,0.974627101429118,0.0017560764478389568,0.0013009196379758791,0.006360735212053571,0.0004904562329249872,0.00036333506195870385,14.57506554219795,0.012654662023983042,0.009374704819489077,0.49858409748962623,0.0008991111412935531,0.0006660708546436555,0.49858409748962623,0.0008991111412935531,0.0006660708546436555,0.49858409748962623,0.0008991111412935531,0.0006660708546436555,0.49858409748962623,0.0008991111412935531,0.0006660708546436555
C,8,-2.0,0.16,True,q3_evidence,PCS raw,pcs_raw,1,C,7,3.994102801322579,4.796711693331816e-16,3.553453750400821e-16,0.09470745841479915,0.004536240499019205,0.0033604939893236187,3.89939534290778,0.004536240499019107,0.003360493989323546,3.89939534290778,0.004536240499019107,0.003360493989323546,0.9763231353963002,0.0011340601247547767,0.0008401234973308865,0.005977085658482143,0.0003222115651596187,0.00023869766786914574,14.616959019746536,0.02174196354754912,0.016106671997093053,0.49912260389219576,0.0005806387838744463,0.0004301432306334144,0.49912260389219576,0.0005806387838744463,0.0004301432306334144,0.49912260389219576,0.0005806387838744463,0.0004301432306334144,0.49912260389219576,0.0005806387838744463,0.0004301432306334144
C,8,-2.0,0.2,True,q3_evidence,PCS raw,pcs_raw,1,C,7,3.9907962143176587,4.796711693331816e-16,3.553453750400821e-16,0.08807656903708147,0.0032252139027731503,0.0023892718952832257,3.9027196452805777,0.003225213902773245,0.002389271895283296,3.9027196452805777,0.003225213902773245,0.002389271895283296,0.9779808577407297,0.0008063034756933112,0.000597317973820824,0.005593436104910714,0.0002641221227161827,0.00019566440668810083,14.604999274865516,0.025634132712723214,0.01899003126515352,0.499548114595914,0.00041282737955498705,0.00030582680259627057,0.499548114595914,0.00041282737955498705,0.00030582680259627057,0.499548114595914,0.00041282737955498705,0.00030582680259627057,0.499548114595914,0.00041282737955498705,0.00030582680259627057
C,8,-2.0,0.24,True,q3_evidence,PCS raw,pcs_raw,1,C,7,3.986765139934552,4.796711693331816e-16,3.553453750400821e-16,0.08495173897115198,0.0028091660326421924,0.0020810593198811347,3.9018134009634005,0.002809166032642197,0.0020810593198811378,3.9018134009634005,0.002809166032642197,0.0020810593198811378,0.9787620652572121,0.0007022915081605493,0.0005202648299702844,0.005283900669642857,0.00017211893449466296,0.00012750749104752256,14.603004740681227,0.038906555427699836,0.02882237960891632,0.4994321153233153,0.0003595732521782001,0.0002663755929447848,0.4994321153233153,0.0003595732521782001,0.0002663755929447848,0.4994321153233153,0.0003595732521782001,0.0002663755929447848,0.4994321153233153,0.0003595732521782001,0.0002663755929447848
C,8,-2.0,0.28,True,q3_evidence,PCS raw,pcs_raw,1,C,7,3.982015709386645,9.593423386663633e-16,7.106907500801642e-16,0.08182363835950245,0.005531386293712171,0.004097708310806231,3.9001920710271434,0.00553138629371207,0.004097708310806156,3.9001920710271434,0.00553138629371207,0.004097708310806156,0.9795440904101246,0.0013828465734280176,0.001024427077701539,0.005092075892857143,0.00035825287231342444,0.00026539744185245144,14.613682215627875,0.044120399035546154,0.03268484900603696,0.4992245850914744,0.0007080174455951325,0.0005245066637831788,0.4992245850914744,0.0007080174455951325,0.0005245066637831788,0.4992245850914744,0.0007080174455951325,0.0005245066637831788,0.4992245850914744,0.0007080174455951325,0.0005245066637831788
C,8,-2.0,0.32,True,q3_evidence,PCS raw,pcs_raw,1,C,7,3.976555119443372,0.0,0.0,0.0831109136926665,0.006600253018734486,0.00488953586174894,3.893444205750705,0.006600253018734489,0.004889535861748943,3.893444205750705,0.006600253018734489,0.004889535861748943,0.9792222715768333,0.0016500632546836223,0.0012223839654372356,0.00531005859375,0.00030770840377307483,0.00022795357555829742,14.58973245610369,0.053264201880471373,0.03945867294825852,0.49836085833609023,0.0008448323863980149,0.0006258605903038649,0.49836085833609023,0.0008448323863980149,0.0006258605903038649,0.49836085833609023,0.0008448323863980149,0.0006258605903038649,0.49836085833609023,0.0008448323863980149,0.0006258605903038649
C,8,-2.0,0.36,True,q3_evidence,PCS raw,pcs_raw,1,C,7,3.970391608345835,0.0,0.0,0.07722267850617841,0.007134098701058481,0.005285014277645108,3.8931689298396566,0.007134098701058506,0.005285014277645125,3.8931689298396566,0.007134098701058506,0.005285014277645125,0.9806943303734554,0.0017835246752646264,0.0013212535694112812,0.005061558314732143,0.0006443543074290621,0.000477344351027756,14.601612487359494,0.05460271878175226,0.040450260145263414,0.49832562301947597,0.0009131646337354952,0.0006764818275385809,0.49832562301947597,0.0009131646337354952,0.0006764818275385809,0.49832562301947597,0.0009131646337354952,0.0006764818275385809,0.49832562301947597,0.0009131646337354952,0.0006764818275385809
C,8,0.0,0.0,False,q3_evidence,Uniform raw,uniform_raw,1,C,7,4.0,0.0,0.0,0.13956882664354106,0.005007402737661113,0.0037095358602946865,3.860431173356459,0.005007402737661062,0.0037095358602946484,3.860431173356459,0.005007402737661062,0.0037095358602946484,0.9651077933391148,0.0012518506844152654,0.0009273839650736621,0.008959089006696428,0.00029422551001775867,0.00021796530808587718,14.334375057268403,0.03478798831403184,0.02577130239352183,0.4941351901896267,0.0006409475504206017,0.00047482059011770447,0.4941351901896267,0.0006409475504206017,0.00047482059011770447,0.4941351901896267,0.0006409475504206017,0.00047482059011770447,0.4941351901896267,0.0006409475504206017,0.00047482059011770447
C,8,0.0,0.12,True,q3_evidence,PCS raw,pcs_raw,1,C,7,3.996679855921233,0.0,0.0,0.1257286172733824,0.008476652033663826,0.006279591704821231,3.870951238647851,0.00847665203366388,0.00627959170482127,3.870951238647851,0.00847665203366388,0.00627959170482127,0.9685678456816544,0.00211916300841597,0.0015698979262053175,0.007921491350446428,0.0005540592568226556,0.00041045284144088383,14.300341660516665,0.059433760103239815,0.044029145640100624,0.49548175854692483,0.001085011460308982,0.0008037877382171267,0.49548175854692483,0.001085011460308982,0.0008037877382171267,0.49548175854692483,0.001085011460308982,0.0008037877382171267,0.49548175854692483,0.001085011460308982,0.0008037877382171267
C,8,0.0,0.16,True,q3_evidence,PCS raw,pcs_raw,1,C,7,3.994102801322579,4.796711693331816e-16,3.553453750400821e-16,0.11885250688376137,0.00809724005030369,0.005998519374146795,3.875250294438817,0.00809724005030373,0.005998519374146825,3.875250294438817,0.00809724005030373,0.005998519374146825,0.9702868732790597,0.002024310012575932,0.001499629843536706,0.007189069475446429,0.0006914004432612957,0.0005121966161841793,14.30445788242103,0.05327892343109292,0.03946957882557872,0.49603203768816867,0.0010364467264388738,0.0007678104798907909,0.49603203768816867,0.0010364467264388738,0.0007678104798907909,0.49603203768816867,0.0010364467264388738,0.0007678104798907909,0.49603203768816867,0.0010364467264388738,0.0007678104798907909
C,8,0.0,0.2,True,q3_evidence,PCS raw,pcs_raw,1,C,7,3.9907962143176587,4.796711693331816e-16,3.553453750400821e-16,0.11855659570365064,0.003939436630698431,0.002918375496547349,3.872239618614008,0.003939436630698453,0.0029183754965473653,3.872239618614008,0.003939436630698453,0.0029183754965473653,0.9703608510740872,0.0009848591576746132,0.0007295938741368413,0.007280622209821429,0.00025705943690841165,0.00019043229582214755,14.276164021326961,0.04337889427529247,0.032135534592388444,0.49564667118259303,0.0005042478887294241,0.00037355206355807913,0.49564667118259303,0.0005042478887294241,0.00037355206355807913,0.49564667118259303,0.0005042478887294241,0.00037355206355807913,0.49564667118259303,0.0005042478887294241,0.00037355206355807913
C,8,0.0,0.24,True,q3_evidence,PCS raw,pcs_raw,1,C,7,3.986765139934552,4.796711693331816e-16,3.553453750400821e-16,0.11151423298684837,0.007687391448227473,0.005694899280788076,3.875250906947705,0.007687391448227533,0.005694899280788121,3.875250906947705,0.007687391448227533,0.005694899280788121,0.972121441753288,0.0019218478620568833,0.0014237248201970302,0.00689697265625,0.0005990572861464623,0.00044378784806294345,14.28097847314956,0.04333517609463498,0.03210314771092671,0.49603211608930614,0.000983986105373117,0.0007289471079408741,0.49603211608930614,0.000983986105373117,0.0007289471079408741,0.49603211608930614,0.000983986105373117,0.0007289471079408741,0.49603211608930614,0.000983986105373117,0.0007289471079408741
C,8,0.0,0.28,True,q3_evidence,PCS raw,pcs_raw,1,C,7,3.982015709386645,9.593423386663633e-16,7.106907500801642e-16,0.10848951058241217,0.007630800216695632,0.00565297590978244,3.873526198804234,0.00763080021669558,0.0056529759097824015,3.873526198804234,0.00763080021669558,0.0056529759097824015,0.972877622354397,0.001907700054173895,0.0014132439774456004,0.006905691964285714,0.0005282022663131802,0.0003912977148095077,14.29593713901643,0.026401706766741608,0.019558658081885852,0.4958113534469419,0.0009767424277370255,0.000723580916452141,0.4958113534469419,0.0009767424277370255,0.000723580916452141,0.4958113534469419,0.0009767424277370255,0.000723580916452141,0.4958113534469419,0.0009767424277370255,0.000723580916452141
C,8,0.0,0.32,True,q3_evidence,PCS raw,pcs_raw,1,C,7,3.976555119443372,0.0,0.0,0.1055268801618312,0.0032266950491477943,0.0023903691438727516,3.8710282392815403,0.003226695049147874,0.002390369143872811,3.8710282392815403,0.003226695049147874,0.002390369143872811,0.9736182799595421,0.0008066737622869685,0.0005975922859682028,0.006779261997767857,0.0003780685663427486,0.00028007711342061843,14.267074376340176,0.0412922548746548,0.030589730492000727,0.4954916146280372,0.00041301696629093116,0.0003059672504157222,0.4954916146280372,0.00041301696629093116,0.0003059672504157222,0.4954916146280372,0.00041301696629093116,0.0003059672504157222,0.4954916146280372,0.00041301696629093116,0.0003059672504157222
C,8,0.0,0.36,True,q3_evidence,PCS raw,pcs_raw,1,C,7,3.970391608345835,0.0,0.0,0.10748545610630775,0.0077239717472867946,0.005721998345562769,3.8629061522395274,0.007723971747286757,0.005721998345562742,3.8629061522395274,0.007723971747286757,0.005721998345562742,0.973128635973423,0.0019309929368216893,0.0014304995863906856,0.006936209542410714,0.0005708539250345564,0.0004228945057642326,14.208583219308116,0.05617730299873516,0.041616728457073364,0.4944519874866594,0.000988668383652707,0.0007324157882320326,0.4944519874866594,0.000988668383652707,0.0007324157882320326,0.4944519874866594,0.000988668383652707,0.0007324157882320326,0.4944519874866594,0.000988668383652707,0.0007324157882320326
C,8,2.0,0.0,False,q3_evidence,Uniform raw,uniform_raw,1,C,7,4.0,0.0,0.0,0.22839728853949298,0.007495284519594948,0.00555258447646573,3.7716027114605066,0.007495284519595009,0.005552584476465775,3.7716027114605066,0.007495284519595009,0.005552584476465775,0.9429006778651267,0.0018738211298987523,0.0013881461191164437,0.014068603515625,0.000627406573287324,0.00046478929387673427,13.643649997127868,0.041532857667045155,0.03076797153495625,0.48276514706694496,0.0009593964185081517,0.0007107308129876121,0.48276514706694496,0.0009593964185081517,0.0007107308129876121,0.48276514706694496,0.0009593964185081517,0.0007107308129876121,0.48276514706694496,0.0009593964185081517,0.0007107308129876121
C,8,2.0,0.12,True,q3_evidence,PCS raw,pcs_raw,1,C,7,3.996679855921233,0.0,0.0,0.20508658403112426,0.0037500703394737324,0.002778090984829177,3.791593271890109,0.0037500703394737532,0.0027780909848291926,3.791593271890109,0.0037500703394737532,0.0027780909848291926,0.948728353992219,0.0009375175848684383,0.0006945227462072981,0.012699672154017858,0.00041859489976563006,0.0003100994413607626,13.610645984055447,0.0544158273243009,0.040311809016061365,0.485323938801934,0.00048000900345263156,0.0003555956460581301,0.485323938801934,0.00048000900345263156,0.0003555956460581301,0.485323938801934,0.00048000900345263156,0.0003555956460581301,0.485323938801934,0.00048000900345263156,0.0003555956460581301
C,8,2.0,0.16,True,q3_evidence,PCS raw,pcs_raw,1,C,7,3.994102801322579,4.796711693331816e-16,3.553453750400821e-16,0.20864660127620607,0.00802935985197441,0.00594823301950379,3.7854562000463727,0.00802935985197438,0.005948233019503768,3.7854562000463727,0.00802935985197438,0.005948233019503768,0.9478383496809484,0.002007339962993595,0.001487058254875942,0.01275634765625,0.00044678123486323546,0.00033098017061156934,13.541847421439751,0.05214887884444424,0.03863243008050631,0.4845383936059357,0.0010277580610527181,0.0007613738264964806,0.4845383936059357,0.0010277580610527181,0.0007613738264964806,0.4845383936059357,0.0010277580610527181,0.0007613738264964806,0.4845383936059357,0.0010277580610527181,0.0007613738264964806
C,8,2.0,0.2,True,q3_evidence,PCS raw,pcs_raw,1,C,7,3.9907962143176587,4.796711693331816e-16,3.553453750400821e-16,0.19718989279658314,0.007517765723582575,0.00556923878544461,3.7936063215210756,0.007517765723582534,0.005569238785444581,3.7936063215210756,0.007517765723582534,0.005569238785444581,0.9507025268008542,0.0018794414308956338,0.0013923096963611452,0.011975969587053572,0.00029210766390560443,0.00021639638573007494,13.559458269378252,0.054600950412884736,0.0404489501192735,0.4855816091546977,0.0009622740126185539,0.0007128625645368985,0.4855816091546977,0.0009622740126185539,0.0007128625645368985,0.4855816091546977,0.0009622740126185539,0.0007128625645368985,0.4855816091546977,0.0009622740126185539,0.0007128625645368985
C,8,2.0,0.24,True,q3_evidence,PCS raw,pcs_raw,1,C,7,3.986765139934552,4.796711693331816e-16,3.553453750400821e-16,0.19331460781644688,0.010699965930467188,0.007926645688886404,3.7934505321181056,0.010699965930467133,0.007926645688886362,3.7934505321181056,0.010699965930467133,0.007926645688886362,0.9516713480458883,0.002674991482616783,0.0019816614222215906,0.011570521763392858,0.0005207186527244748,0.0003857537762796386,13.534154949971859,0.03356963969483856,0.024868737105683807,0.48556166811111756,0.0013695956390997928,0.0010146106481774542,0.48556166811111756,0.0013695956390997928,0.0010146106481774542,0.48556166811111756,0.0013695956390997928,0.0010146106481774542,0.48556166811111756,0.0013695956390997928,0.0010146106481774542
C,8,2.0,0.28,True,q3_evidence,PCS raw,pcs_raw,1,C,7,3.982015709386645,9.593423386663633e-16,7.106907500801642e-16,0.19869480732122288,0.010444696630883248,0.007737539545352754,3.783320902065423,0.010444696630883302,0.007737539545352793,3.783320902065423,0.010444696630883302,0.007737539545352793,0.9503262981696942,0.002611174157720825,0.001934384886338198,0.012080601283482142,0.0008500170134329631,0.0006297014157608915,13.44100146383549,0.07429341640261554,0.05503733307819253,0.48426507546437414,0.0013369211687530621,0.0009904050618051573,0.48426507546437414,0.0013369211687530621,0.0009904050618051573,0.48426507546437414,0.0013369211687530621,0.0009904050618051573,0.48426507546437414,0.0013369211687530621,0.0009904050618051573
C,8,2.0,0.32,True,q3_evidence,PCS raw,pcs_raw,1,C,7,3.976555119443372,0.0,0.0,0.1838693631380916,0.005502459024101325,0.004076278689586674,3.792685756305281,0.0055024590241013,0.004076278689586657,3.792685756305281,0.0055024590241013,0.004076278689586657,0.9540326592154772,0.001375614756025325,0.0010190696723966642,0.010920933314732142,0.0002668782542866118,0.00019770617752856107,13.527338407220617,0.027763495653498508,0.020567485406994327,0.48546377680707586,0.0007043147550849746,0.0005217636722670981,0.48546377680707586,0.0007043147550849746,0.0005217636722670981,0.48546377680707586,0.0007043147550849746,0.0005217636722670981,0.48546377680707586,0.0007043147550849746,0.0005217636722670981
C,8,2.0,0.36,True,q3_evidence,PCS raw,pcs_raw,1,C,7,3.970391608345835,0.0,0.0,0.18081076023060458,0.010392963568750767,0.007699215156603282,3.78958084811523,0.010392963568750769,0.007699215156603284,3.78958084811523,0.010392963568750769,0.007699215156603284,0.9547973099423489,0.002598240892187692,0.001924803789150821,0.011060442243303572,0.0005779186921485775,0.000428128158483433,13.477135258240262,0.07540474433149043,0.05586061632914869,0.48506634855874947,0.001330299336800085,0.0009854995400452103,0.48506634855874947,0.001330299336800085,0.0009854995400452103,0.48506634855874947,0.001330299336800085,0.0009854995400452103,0.48506634855874947,0.001330299336800085,0.0009854995400452103
C,8,4.0,0.0,False,q3_evidence,Uniform raw,uniform_raw,1,C,7,4.0,0.0,0.0,0.49048717516832907,0.016942524636511372,0.012551197895542345,3.5095128248316714,0.01694252463651134,0.012551197895542321,3.5095128248316714,0.01694252463651134,0.012551197895542321,0.8773782062079178,0.004235631159127835,0.0031377994738855802,0.029353550502232144,0.00091135193080439,0.000675138958414749,12.198103914997985,0.07874288230911941,0.058333543549780084,0.4492176415784539,0.002168643153473441,0.001606553330629409,0.4492176415784539,0.002168643153473441,0.001606553330629409,0.4492176415784539,0.002168643153473441,0.001606553330629409,0.4492176415784539,0.002168643153473441,0.001606553330629409
C,8,4.0,0.12,True,q3_evidence,PCS raw,pcs_raw,1,C,7,3.996679855921233,0.0,0.0,0.4686627062527132,0.012687124639095408,0.009398753461307432,3.528017149668519,0.01268712463909546,0.00939875346130747,3.528017149668519,0.01268712463909546,0.00939875346130747,0.8828343234368218,0.0031717811597738654,0.0023496883653268677,0.026986258370535716,0.0009000899635744239,0.0006667959763368711,12.10710194828454,0.059937956949535416,0.044402659890894564,0.45158619515757054,0.001623951953804221,0.001203040443047358,0.45158619515757054,0.001623951953804221,0.001203040443047358,0.45158619515757054,0.001623951953804221,0.001203040443047358,0.45158619515757054,0.001623951953804221,0.001203040443047358
C,8,4.0,0.16,True,q3_evidence,PCS raw,pcs_raw,1,C,7,3.994102801322579,4.796711693331816e-16,3.553453750400821e-16,0.4587467953664868,0.020834664241950848,0.01543453526544496,3.5353560059560922,0.020834664241950834,0.01543453526544495,3.5353560059560922,0.020834664241950834,0.01543453526544495,0.8853133011583784,0.005208666060487708,0.0038586338163612375,0.026615687779017856,0.0011993354585546913,0.0008884801413256515,12.07021855946999,0.0843151801765177,0.06246155957850729,0.4525255687623798,0.002666837022969701,0.001975620513976949,0.4525255687623798,0.002666837022969701,0.001975620513976949,0.4525255687623798,0.002666837022969701,0.001975620513976949,0.4525255687623798,0.002666837022969701,0.001975620513976949
C,8,4.0,0.2,True,q3_evidence,PCS raw,pcs_raw,1,C,7,3.9907962143176587,4.796711693331816e-16,3.553453750400821e-16,0.4666159586374285,0.020670724003060127,0.015313086636890176,3.524180255680231,0.020670724003060092,0.01531308663689015,3.524180255680231,0.020670724003060092,0.01531308663689015,0.8833460103406429,0.005167681000765022,0.0038282716592225366,0.027300153459821428,0.0012021055886447696,0.0008905322824145918,11.993055277575442,0.07218731938023813,0.05347711456990094,0.45109507272706945,0.002645852672391699,0.001960075089521945,0.45109507272706945,0.002645852672391699,0.001960075089521945,0.45109507272706945,0.002645852672391699,0.001960075089521945,0.45109507272706945,0.002645852672391699,0.001960075089521945
C,8,4.0,0.24,True,q3_evidence,PCS raw,pcs_raw,1,C,7,3.986765139934552,4.796711693331816e-16,3.553453750400821e-16,0.4621769887925281,0.010230974167508861,0.0075792117288032675,3.5245881511420243,0.010230974167508976,0.0075792117288033525,3.5245881511420243,0.010230974167508976,0.0075792117288033525,0.884455752801868,0.002557743541877244,0.0018948029322008381,0.027095249720982144,0.0004163640774137064,0.00030844682503530346,11.95128568762179,0.04952296869348451,0.03668712861760725,0.45114728334617915,0.001309564693441141,0.0009701391012868232,0.45114728334617915,0.001309564693441141,0.0009701391012868232,0.45114728334617915,0.001309564693441141,0.0009701391012868232,0.45114728334617915,0.001309564693441141,0.0009701391012868232
C,8,4.0,0.28,True,q3_evidence,PCS raw,pcs_raw,1,C,7,3.982015709386645,9.593423386663633e-16,7.106907500801642e-16,0.45999878713609765,0.012485232225636252,0.009249189468378436,3.522016922250548,0.012485232225636286,0.009249189468378462,3.522016922250548,0.012485232225636286,0.009249189468378462,0.8850003032159756,0.0031213080564090716,0.0023122973670946156,0.026685442243303572,0.0005906701075292112,0.00043757453919258043,11.929939838591922,0.0731220044332201,0.05416953894712161,0.4508181660480702,0.0015981097248814408,0.0011838962519524403,0.4508181660480702,0.0015981097248814408,0.0011838962519524403,0.4508181660480702,0.0015981097248814408,0.0011838962519524403,0.4508181660480702,0.0015981097248814408,0.0011838962519524403
C,8,4.0,0.32,True,q3_evidence,PCS raw,pcs_raw,1,C,7,3.976555119443372,0.0,0.0,0.4550408556820131,0.01470973757953973,0.010897126096215327,3.521514263761359,0.014709737579539696,0.010897126096215303,3.521514263761359,0.014709737579539696,0.010897126096215303,0.8862397860794967,0.003677434394884924,0.0027242815240538258,0.026563371930803572,0.0005657032580032487,0.00041907883822996957,11.87614613487583,0.05007643750319933,0.03709714404970942,0.450753825761454,0.0018828464101810851,0.0013948321403155618,0.450753825761454,0.0018828464101810851,0.0013948321403155618,0.450753825761454,0.0018828464101810851,0.0013948321403155618,0.450753825761454,0.0018828464101810851,0.0013948321403155618
C,8,4.0,0.36,True,q3_evidence,PCS raw,pcs_raw,1,C,7,3.970391608345835,0.0,0.0,0.4468392116601878,0.012701391816075453,0.009409322733923474,3.5235523966856475,0.012701391816075496,0.009409322733923505,3.5235523966856475,0.012701391816075496,0.009409322733923505,0.8882901970849532,0.003175347954018874,0.002352330683480876,0.026297433035714284,0.0009153093350926051,0.0006780706445382572,11.85304747239478,0.07032231512020523,0.05209550007938647,0.4510147067757629,0.0016257781524576615,0.0012043933099422073,0.4510147067757629,0.0016257781524576615,0.0012043933099422073,0.4510147067757629,0.0016257781524576615,0.0012043933099422073,0.4510147067757629,0.0016257781524576615,0.0012043933099422073
C,8,6.0,0.0,False,q3_evidence,Uniform raw,uniform_raw,1,C,7,4.0,0.0,0.0,1.122909627763202,0.02251070223242324,0.01667616158443715,2.877090372236798,0.02251070223242325,0.016676161584437157,2.877090372236798,0.02251070223242325,0.016676161584437157,0.7192725930591995,0.005627675558105813,0.004169040396109289,0.07144601004464286,0.002129785065521325,0.0015777668562288723,9.568514153024974,0.09680343120138958,0.07171298540465566,0.36826756764631013,0.002881369885750179,0.002134548682807958,0.36826756764631013,0.002881369885750179,0.002134548682807958,0.36826756764631013,0.002881369885750179,0.002134548682807958,0.36826756764631013,0.002881369885750179,0.002134548682807958
C,8,6.0,0.12,True,q3_evidence,PCS raw,pcs_raw,1,C,7,3.996679855921233,0.0,0.0,1.1197054109247957,0.022334074986195208,0.016545314289319435,2.876974444996437,0.022334074986195267,0.01654531428931948,2.876974444996437,0.022334074986195267,0.01654531428931948,0.7200736472688011,0.005583518746548817,0.00413632857232987,0.070281982421875,0.001679668574263533,0.0012443158931032855,9.393654258965663,0.07562985089323516,0.056027377603791,0.3682527289595439,0.0028587615982330144,0.0021178002290329085,0.3682527289595439,0.0028587615982330144,0.0021178002290329085,0.3682527289595439,0.0028587615982330144,0.0021178002290329085,0.3682527289595439,0.0028587615982330144,0.0021178002290329085
C,8,6.0,0.16,True,q3_evidence,PCS raw,pcs_raw,1,C,7,3.994102801322579,4.796711693331816e-16,3.553453750400821e-16,1.109432130739006,0.016641557016140823,0.012328237962210999,2.884670670583572,0.01664155701614074,0.012328237962210938,2.884670670583572,0.01664155701614074,0.012328237962210938,0.7226419673152485,0.004160389254035184,0.003082059490552734,0.06917898995535714,0.0014311224223180648,0.0010601903270397468,9.390230178823307,0.09298904214354431,0.06888724644645838,0.36923784583469726,0.002130119298066009,0.001578014459162996,0.36923784583469726,0.002130119298066009,0.001578014459162996,0.36923784583469726,0.002130119298066009,0.001578014459162996,0.36923784583469726,0.002130119298066009,0.001578014459162996
C,8,6.0,0.2,True,q3_evidence,PCS raw,pcs_raw,1,C,7,3.9907962143176587,4.796711693331816e-16,3.553453750400821e-16,1.114081397519344,0.011194375693985039,0.00829290956729494,2.8767148167983154,0.01119437569398504,0.008292909567294941,2.8767148167983154,0.01119437569398504,0.008292909567294941,0.7214796506201642,0.0027985939234962598,0.002073227391823735,0.06865147181919642,0.000648299755757903,0.0004802671800526111,9.301244337490155,0.03157153558755807,0.02338852086846916,0.3682194965501843,0.0014328800888300927,0.001061492424613758,0.3682194965501843,0.0014328800888300927,0.001061492424613758,0.3682194965501843,0.0014328800888300927,0.001061492424613758,0.3682194965501843,0.0014328800888300927,0.001061492424613758
C,8,6.0,0.24,True,q3_evidence,PCS raw,pcs_raw,1,C,7,3.986765139934552,4.796711693331816e-16,3.553453750400821e-16,1.1166475143991972,0.029161420865458743,0.021603082896442256,2.870117625535355,0.02916142086545877,0.021603082896442277,2.870117625535355,0.02916142086545877,0.021603082896442277,0.7208381214002006,0.007290355216364693,0.005400770724110569,0.06839861188616071,0.0015992603081938382,0.0011847486159984745,9.24947276442174,0.13666497979215583,0.10124283384927937,0.36737505606852544,0.0037326618707787117,0.0027651946107446032,0.36737505606852544,0.0037326618707787117,0.0027651946107446032,0.36737505606852544,0.0037326618707787117,0.0027651946107446032,0.36737505606852544,0.0037326618707787117,0.0027651946107446032
C,8,6.0,0.28,True,q3_evidence,PCS raw,pcs_raw,1,C,7,3.982015709386645,9.593423386663633e-16,7.106907500801642e-16,1.1157605221010285,0.027979528787022933,0.020727524991945905,2.8662551872856175,0.027979528787022923,0.020727524991945898,2.8662551872856175,0.027979528787022923,0.020727524991945898,0.721059869474743,0.00699488219675573,0.0051818812479864735,0.06901768275669642,0.0022920615817887363,0.0016979829818163318,9.191195157595363,0.09098702740708647,0.06740413317460728,0.3668806639725591,0.003581379684738915,0.0026531231989690603,0.3668806639725591,0.003581379684738915,0.0026531231989690603,0.3668806639725591,0.003581379684738915,0.0026531231989690603,0.3668806639725591,0.003581379684738915,0.0026531231989690603
C,8,6.0,0.32,True,q3_evidence,PCS raw,pcs_raw,1,C,7,3.976555119443372,0.0,0.0,1.1080181996819227,0.014476830415998745,0.010724586054892757,2.8685369197614494,0.014476830415998836,0.010724586054892824,2.8685369197614494,0.014476830415998836,0.010724586054892824,0.7229954500795194,0.003619207603999709,0.002681146513723206,0.068603515625,0.0010691320030339552,0.0007920240716438957,9.145552365241832,0.06479701672877024,0.048002301749701055,0.3671727257294655,0.0018530342932478539,0.0013727470150262837,0.3671727257294655,0.0018530342932478539,0.0013727470150262837,0.3671727257294655,0.0018530342932478539,0.0013727470150262837,0.3671727257294655,0.0018530342932478539,0.0013727470150262837
C,8,6.0,0.36,True,q3_evidence,PCS raw,pcs_raw,1,C,7,3.970391608345835,0.0,0.0,1.1287914461411876,0.021281321671022094,0.015765423719442315,2.841600162204647,0.02128132167102208,0.01576542371944231,2.841600162204647,0.02128132167102208,0.01576542371944231,0.717802138464703,0.00532033041775552,0.003941355929860577,0.06889125279017858,0.0018362908955637757,0.0013603433324414723,9.042251562781194,0.09744865789843145,0.07219097603095273,0.36372482076219476,0.0027240091738908335,0.0020179742360886205,0.36372482076219476,0.0027240091738908335,0.0020179742360886205,0.36372482076219476,0.0027240091738908335,0.0020179742360886205,0.36372482076219476,0.0027240091738908335,0.0020179742360886205
C,10,-2.0,0.0,False,q3_evidence,Uniform raw,uniform_raw,1,C,7,4.0,0.0,0.0,0.13902396632315028,0.006239096803471061,0.004621987593339887,3.8609760336768497,0.006239096803471086,0.004621987593339906,3.8609760336768497,0.006239096803471086,0.004621987593339906,0.9652440084192124,0.0015597742008677715,0.0011554968983349765,0.008828299386160714,0.0004785568471637921,0.00035451987362471117,14.391870528745741,0.03864670061101616,0.02862987646677668,0.49420493231063684,0.0007986043908442928,0.0005916144119475033,0.49420493231063684,0.0007986043908442928,0.0005916144119475033,0.49420493231063684,0.0007986043908442928,0.0005916144119475033,0.49420493231063684,0.0007986043908442928,0.0005916144119475033
C,10,-2.0,0.12,True,q3_evidence,PCS raw,pcs_raw,1,C,7,3.996679855921233,0.0,0.0,0.11795462465906328,0.010546743404700867,0.007813136853325759,3.8787252312621696,0.01054674340470087,0.007813136853325763,3.8787252312621696,0.01054674340470087,0.007813136853325763,0.9705113438352342,0.0026366858511752177,0.0019532842133314406,0.007298060825892857,0.0008718327058377188,0.0006458627068597576,14.376670160865654,0.05249183420363153,0.038886494966044106,0.49647682960155765,0.0013499831558017104,0.0010000815172256968,0.49647682960155765,0.0013499831558017104,0.0010000815172256968,0.49647682960155765,0.0013499831558017104,0.0010000815172256968,0.49647682960155765,0.0013499831558017104,0.0010000815172256968
C,10,-2.0,0.16,True,q3_evidence,PCS raw,pcs_raw,1,C,7,3.994102801322579,4.796711693331816e-16,3.553453750400821e-16,0.11390752506813252,0.004087535682797784,0.0030280888096999494,3.8801952762544465,0.0040875356827977175,0.0030280888096999004,3.8801952762544465,0.0040875356827977175,0.0030280888096999004,0.9715231187329669,0.0010218839206994294,0.0007570222024249751,0.006914411272321429,0.00041278042887303085,0.00030579202104433505,14.378130896633754,0.04201132524992105,0.031122425280671072,0.49666499536056913,0.0005232045673981145,0.00038759536764159216,0.49666499536056913,0.0005232045673981145,0.00038759536764159216,0.49666499536056913,0.0005232045673981145,0.00038759536764159216,0.49666499536056913,0.0005232045673981145,0.00038759536764159216
C,10,-2.0,0.2,True,q3_evidence,PCS raw,pcs_raw,1,C,7,3.9907962143176587,4.796711693331816e-16,3.553453750400821e-16,0.1126023093346927,0.007896586057461017,0.005849872816049319,3.878193904982967,0.007896586057460976,0.005849872816049288,3.878193904982967,0.007896586057460976,0.005849872816049288,0.9718494226663267,0.001974146514365244,0.001462468204012322,0.00701904296875,0.0004714611908470242,0.0003492633378638845,14.37357295195474,0.03521958326674124,0.02609103240887616,0.4964088198378197,0.0010107630153550087,0.0007487837204543117,0.4964088198378197,0.0010107630153550087,0.0007487837204543117,0.4964088198378197,0.0010107630153550087,0.0007487837204543117,0.4964088198378197,0.0010107630153550087,0.0007487837204543117
C,10,-2.0,0.24,True,q3_evidence,PCS raw,pcs_raw,1,C,7,3.986765139934552,4.796711693331816e-16,3.553453750400821e-16,0.10471387304692545,0.004976217976182363,0.0036864338656957475,3.8820512668876264,0.004976217976182405,0.0036864338656957783,3.8820512668876264,0.004976217976182405,0.0036864338656957783,0.9738215317382687,0.001244054494045601,0.0009216084664239445,0.006613595145089286,0.00042128787486146887,0.00031209442523009697,14.361142323301854,0.03824772882312672,0.028334314030128524,0.49690256216161627,0.0006369559009513326,0.0004718635348090484,0.49690256216161627,0.0006369559009513326,0.0004718635348090484,0.49690256216161627,0.0006369559009513326,0.0004718635348090484,0.49690256216161627,0.0006369559009513326,0.0004718635348090484
C,10,-2.0,0.28,True,q3_evidence,PCS raw,pcs_raw,1,C,7,3.982015709386645,9.593423386663633e-16,7.106907500801642e-16,0.10256575307282298,0.007891119038766305,0.005845822791923156,3.8794499563138234,0.00789111903876628,0.005845822791923139,3.8794499563138234,0.00789111903876628,0.005845822791923139,0.9743585617317941,0.00197277975969157,0.0014614556979807847,0.006578717912946429,0.00045737598290274074,0.000338828869796027,14.376525852804777,0.05397391029887494,0.03998443230222867,0.4965695944081694,0.0010100632369620633,0.0007482653173661465,0.4965695944081694,0.0010100632369620633,0.0007482653173661465,0.4965695944081694,0.0010100632369620633,0.0007482653173661465,0.4965695944081694,0.0010100632369620633,0.0007482653173661465
C,10,-2.0,0.32,True,q3_evidence,PCS raw,pcs_raw,1,C,7,3.976555119443372,0.0,0.0,0.09882789548820413,0.006287505661176017,0.004657849376987095,3.877727223955168,0.006287505661175981,0.004657849376987068,3.877727223955168,0.006287505661175981,0.004657849376987068,0.975293026127949,0.0015718764152939952,0.001164462344246767,0.006229945591517857,0.0006030416992549767,0.00044673954260053246,14.36877634253602,0.04530809498012161,0.03356470647473881,0.4963490846662615,0.0008048007246305323,0.0005962047202543497,0.4963490846662615,0.0008048007246305323,0.0005962047202543497,0.4963490846662615,0.0008048007246305323,0.0005962047202543497,0.4963490846662615,0.0008048007246305323,0.0005962047202543497
C,10,-2.0,0.36,True,q3_evidence,PCS raw,pcs_raw,1,C,7,3.970391608345835,0.0,0.0,0.09755921030760016,0.00802038693595486,0.005941585790293407,3.8728323980382346,0.008020386935954759,0.005941585790293333,3.8728323980382346,0.008020386935954759,0.005941585790293333,0.9756101974231,0.0020050967339886898,0.0014853964475733332,0.006260463169642857,0.0007672867216621635,0.0005684139579440337,14.320361167152054,0.07025380783544448,0.05204474917261397,0.49572254694889406,0.001026609527802211,0.0007605229811575479,0.49572254694889406,0.001026609527802211,0.0007605229811575479,0.49572254694889406,0.001026609527802211,0.0007605229811575479,0.49572254694889406,0.001026609527802211,0.0007605229811575479
C,10,0.0,0.0,False,q3_evidence,Uniform raw,uniform_raw,1,C,7,4.0,0.0,0.0,0.1921642322658455,0.010575430165561698,0.007834388303169928,3.8078357677341543,0.01057543016556177,0.00783438830316998,3.8078357677341543,0.01057543016556177,0.00783438830316998,0.9519589419335386,0.0026438575413904424,0.001958597075792495,0.012215750558035714,0.0006694683725615361,0.0004959491108378694,13.932461591940905,0.04695280501317711,0.03478312471809656,0.48740297826997175,0.001353655061191918,0.0010028017028057658,0.48740297826997175,0.001353655061191918,0.0010028017028057658,0.48740297826997175,0.001353655061191918,0.0010028017028057658,0.48740297826997175,0.001353655061191918,0.0010028017028057658
C,10,0.0,0.12,True,q3_evidence,PCS raw,pcs_raw,1,C,7,3.996679855921233,0.0,0.0,0.17005665695907998,0.01106630046259639,0.008198030108113742,3.826623198962153,0.011066300462596351,0.008198030108113714,3.826623198962153,0.011066300462596351,0.008198030108113714,0.95748583576023,0.002766575115649088,0.0020495075270284286,0.010358537946428572,0.0009092082581599831,0.0006735509034961078,13.91512682387865,0.05022705868079463,0.03720872577957654,0.48980776946715554,0.0014164864592123314,0.0010493478538385543,0.48980776946715554,0.0014164864592123314,0.0010493478538385543,0.48980776946715554,0.0014164864592123314,0.0010493478538385543,0.48980776946715554,0.0014164864592123314,0.0010493478538385543
C,10,0.0,0.16,True,q3_evidence,PCS raw,pcs_raw,1,C,7,3.994102801322579,4.796711693331816e-16,3.553453750400821e-16,0.16598563567344815,0.009884814594304705,0.0073227731283033795,3.828117165649131,0.009884814594304727,0.007322773128303397,3.828117165649131,0.009884814594304727,0.007322773128303397,0.958503591081638,0.0024712036485761814,0.0018306932820758488,0.010280064174107142,0.0008523876197377348,0.0006314575854877745,13.86977596753147,0.0829448566382067,0.06144640969504796,0.48999899720308876,0.0012652562680710172,0.0009373149604228436,0.48999899720308876,0.0012652562680710172,0.0009373149604228436,0.48999899720308876,0.0012652562680710172,0.0009373149604228436,0.48999899720308876,0.0012652562680710172,0.0009373149604228436
C,10,0.0,0.2,True,q3_evidence,PCS raw,pcs_raw,1,C,7,3.9907962143176587,4.796711693331816e-16,3.553453750400821e-16,0.17051065927731507,0.008494686115050118,0.006292951539273286,3.820285555040344,0.008494686115050077,0.006292951539273256,3.820285555040344,0.008494686115050077,0.006292951539273256,0.9573723351806712,0.002123671528762519,0.001573237884818314,0.010328020368303572,0.0006521193349740822,0.00048309676393390905,13.819448700843642,0.06411207757014079,0.04749489172015692,0.48899655104516404,0.001087319822726392,0.0008054977970269635,0.48899655104516404,0.001087319822726392,0.0008054977970269635,0.48899655104516404,0.001087319822726392,0.0008054977970269635,0.48899655104516404,0.001087319822726392,0.0008054977970269635
C,10,0.0,0.24,True,q3_evidence,PCS raw,pcs_raw,1,C,7,3.986765139934552,4.796711693331816e-16,3.553453750400821e-16,0.159300061414692,0.012078328942093302,0.008947751297523569,3.827465078519861,0.012078328942093325,0.008947751297523584,3.827465078519861,0.012078328942093325,0.008947751297523584,0.9601749846463269,0.003019582235523331,0.002236937824380896,0.009892054966517858,0.0007312401820957138,0.0005417103077351965,13.831311866490454,0.07040559464181904,0.05215719441236496,0.4899155300505421,0.0015460261045879536,0.0011453121660830246,0.4899155300505421,0.0015460261045879536,0.0011453121660830246,0.4899155300505421,0.0015460261045879536,0.0011453121660830246,0.4899155300505421,0.0015460261045879536,0.0011453121660830246
C,10,0.0,0.28,True,q3_evidence,PCS raw,pcs_raw,1,C,7,3.982015709386645,9.593423386663633e-16,7.106907500801642e-16,0.15335449028268858,0.00770147289837882,0.005705330965043969,3.828661219103957,0.0077014728983788696,0.005705330965044005,3.828661219103957,0.0077014728983788696,0.005705330965044005,0.9616613774293279,0.0019253682245947174,0.0014263327412610014,0.009255545479910714,0.00041159690376867326,0.0003049152533773061,13.860027437032342,0.05758367298931027,0.042658581926067037,0.4900686360453066,0.0009857885309924954,0.0007302823635256328,0.4900686360453066,0.0009857885309924954,0.0007302823635256328,0.4900686360453066,0.0009857885309924954,0.0007302823635256328,0.4900686360453066,0.0009857885309924954,0.0007302823635256328
C,10,0.0,0.32,True,q3_evidence,PCS raw,pcs_raw,1,C,7,3.976555119443372,0.0,0.0,0.1501152936009374,0.006118176062112257,0.004532408254544099,3.826439825842434,0.006118176062112275,0.004532408254544112,3.826439825842434,0.006118176062112275,0.004532408254544112,0.9624711765997657,0.0015295440155280687,0.001133102063636028,0.009416852678571428,0.0004217087419742767,0.00031240620795043567,13.806334442061157,0.050654367771284764,0.037525280783766886,0.48978429770783166,0.0007831265359503718,0.0005801482565816469,0.48978429770783166,0.0007831265359503718,0.0005801482565816469,0.48978429770783166,0.0007831265359503718,0.0005801482565816469,0.48978429770783166,0.0007831265359503718,0.0005801482565816469
C,10,0.0,0.36,True,q3_evidence,PCS raw,pcs_raw,1,C,7,3.970391608345835,0.0,0.0,0.14583954766308124,0.011245380485977235,0.00833069444597444,3.824552060682753,0.011245380485977294,0.008330694445974484,3.824552060682753,0.011245380485977294,0.008330694445974484,0.9635401130842297,0.002811345121494323,0.0020826736114936207,0.009102957589285714,0.0006678434066850968,0.0004947453192704225,13.798336057200299,0.07345851190952105,0.05441882717417136,0.4895426637673924,0.0014394087022051088,0.0010663288890847453,0.4895426637673924,0.0014394087022051088,0.0010663288890847453,0.4895426637673924,0.0014394087022051088,0.0010663288890847453,0.4895426637673924,0.0014394087022051088,0.0010663288890847453
C,10,2.0,0.0,False,q3_evidence,Uniform raw,uniform_raw,1,C,7,4.0,0.0,0.0,0.3690835174289296,0.020265762353954095,0.01501308684895529,3.6309164825710702,0.020265762353954088,0.015013086848955285,3.6309164825710702,0.020265762353954088,0.015013086848955285,0.9077291206427676,0.005066440588488522,0.003753271712238821,0.021907261439732144,0.0012165544036935147,0.0009012361143949849,12.829834237233255,0.07883417153303089,0.058401171553258045,0.464757309769097,0.002594017581306118,0.0019216751166662724,0.464757309769097,0.002594017581306118,0.0019216751166662724,0.464757309769097,0.002594017581306118,0.0019216751166662724,0.464757309769097,0.002594017581306118,0.0019216751166662724
C,10,2.0,0.12,True,q3_evidence,PCS raw,pcs_raw,1,C,7,3.996679855921233,0.0,0.0,0.34259358062749773,0.006343900029893762,0.004699626909979152,3.6540862752937353,0.00634390002989383,0.004699626909979203,3.6540862752937353,0.00634390002989383,0.004699626909979203,0.9143516048431256,0.0015859750074734575,0.0011749067274948008,0.020416259765625,0.0009094033462982995,0.0006736954268114705,12.77054828042388,0.051094923719983136,0.03785164919784937,0.46772304323759817,0.0008120192038263937,0.0006015522444773256,0.46772304323759817,0.0008120192038263937,0.0006015522444773256,0.46772304323759817,0.0008120192038263937,0.0006015522444773256,0.46772304323759817,0.0008120192038263937,0.0006015522444773256
C,10,2.0,0.16,True,q3_evidence,PCS raw,pcs_raw,1,C,7,3.994102801322579,4.796711693331816e-16,3.553453750400821e-16,0.33497006958907644,0.01304504850443214,0.009663907171380702,3.6591327317335027,0.01304504850443206,0.009663907171380643,3.6591327317335027,0.01304504850443206,0.009663907171380643,0.9162574826027308,0.003261262126108015,0.002415976792845161,0.019374302455357144,0.0008153446654632227,0.0006040157809332756,12.75378229657736,0.0622006164246632,0.04607886148728194,0.46836898966188834,0.001669766208567325,0.001236980117936738,0.46836898966188834,0.001669766208567325,0.001236980117936738,0.46836898966188834,0.001669766208567325,0.001236980117936738,0.46836898966188834,0.001669766208567325,0.001236980117936738
C,10,2.0,0.2,True,q3_evidence,PCS raw,pcs_raw,1,C,7,3.9907962143176587,4.796711693331816e-16,3.553453750400821e-16,0.33037532274086623,0.020245202592974385,0.014997855964876464,3.6604208915767935,0.020245202592974472,0.014997855964876527,3.6604208915767935,0.020245202592974472,0.014997855964876527,0.9174061693147834,0.005061300648243619,0.0037494639912191326,0.019396100725446428,0.0012139268533177207,0.0008992895978365242,12.748068495457234,0.0754543728759211,0.05589738166936693,0.4685338741218295,0.002591385931900734,0.0019197255635041966,0.4685338741218295,0.002591385931900734,0.0019197255635041966,0.4685338741218295,0.002591385931900734,0.0019197255635041966,0.4685338741218295,0.002591385931900734,0.0019197255635041966
C,10,2.0,0.24,True,q3_evidence,PCS raw,pcs_raw,1,C,7,3.986765139934552,4.796711693331816e-16,3.553453750400821e-16,0.3200567363815646,0.0076024899219548,0.005632003349942829,3.666708403552988,0.0076024899219547405,0.005632003349942786,3.666708403552988,0.0076024899219547405,0.005632003349942786,0.9199858159046087,0.001900622480488685,0.0014080008374856962,0.01873779296875,0.0006249276755130073,0.0004629529007065441,12.684768861795746,0.0620110340279107,0.045938416882348385,0.4693386756547825,0.0009731187100101955,0.0007208964287926682,0.4693386756547825,0.0009731187100101955,0.0007208964287926682,0.4693386756547825,0.0009731187100101955,0.0007208964287926682,0.4693386756547825,0.0009731187100101955,0.0007208964287926682
C,10,2.0,0.28,True,q3_evidence,PCS raw,pcs_raw,1,C,7,3.982015709386645,9.593423386663633e-16,7.106907500801642e-16,0.3248894790768223,0.010191883666255253,0.007550253080219533,3.6571262303098235,0.010191883666255251,0.007550253080219531,3.6571262303098235,0.010191883666255251,0.007550253080219531,0.9187776302307945,0.002547970916563813,0.0018875632700548828,0.019095284598214284,0.000898536573993269,0.0006656452092310094,12.65913362594624,0.055508144649914354,0.04112100901503667,0.4681121574796574,0.001304561109280661,0.0009664323942680918,0.4681121574796574,0.001304561109280661,0.0009664323942680918,0.4681121574796574,0.001304561109280661,0.0009664323942680918,0.4681121574796574,0.001304561109280661,0.0009664323942680918
C,10,2.0,0.32,True,q3_evidence,PCS raw,pcs_raw,1,C,7,3.976555119443372,0.0,0.0,0.32448482147864516,0.006186240034821669,0.004582830751153113,3.652070297964727,0.006186240034821689,0.004582830751153127,3.652070297964727,0.006186240034821689,0.004582830751153127,0.9188787946303387,0.0015465600087054222,0.0011457076877882818,0.018894740513392856,0.0005165285503051307,0.0003826497049681857,12.614712863072535,0.021173889551911254,0.01568583689184569,0.46746499813948506,0.0007918387244571606,0.0005866023361475888,0.46746499813948506,0.0007918387244571606,0.0005866023361475888,0.46746499813948506,0.0007918387244571606,0.0005866023361475888,0.46746499813948506,0.0007918387244571606,0.0005866023361475888
C,10,2.0,0.36,True,q3_evidence,PCS raw,pcs_raw,1,C,7,3.970391608345835,0.0,0.0,0.31650605055169795,0.007728498766914157,0.005725352008634776,3.6538855577941365,0.0077284987669142295,0.00572535200863483,3.6538855577941365,0.0077284987669142295,0.00572535200863483,0.9208734873620754,0.0019321246917285574,0.0014313380021587076,0.018585205078125,0.0007504263566694331,0.0005559236247643615,12.609503132261393,0.03808566034538977,0.02821425202164119,0.46769735139764945,0.0009892478421650124,0.0007328450571052516,0.46769735139764945,0.0009892478421650124,0.0007328450571052516,0.46769735139764945,0.0009892478421650124,0.0007328450571052516,0.46769735139764945,0.0009892478421650124,0.0007328450571052516
C,10,4.0,0.0,False,q3_evidence,Uniform raw,uniform_raw,1,C,7,4.0,0.0,0.0,0.8168429945126352,0.026605637932894093,0.01970973240394602,3.1831570054873644,0.026605637932894152,0.01970973240394606,3.1831570054873644,0.026605637932894152,0.01970973240394606,0.7957892513718411,0.006651409483223538,0.004927433100986515,0.04893711635044643,0.0008985612519453477,0.0006656634909137482,10.75109784869403,0.08793659812677931,0.06514434353965619,0.40744409670238274,0.0034055216554104524,0.0025228457477050963,0.40744409670238274,0.0034055216554104524,0.0025228457477050963,0.40744409670238274,0.0034055216554104524,0.0025228457477050963,0.40744409670238274,0.0034055216554104524,0.0025228457477050963
C,10,4.0,0.12,True,q3_evidence,PCS raw,pcs_raw,1,C,7,3.996679855921233,0.0,0.0,0.8096090451631517,0.016233668730392975,0.012026070091511128,3.187070810758081,0.01623366873039293,0.012026070091511094,3.187070810758081,0.01623366873039293,0.012026070091511094,0.797597738709212,0.0040584171825982325,0.0030065175228777734,0.04775129045758929,0.0008749048285075725,0.0006481385671825822,10.610580633530317,0.061682611829658264,0.04569511831309784,0.4079450637770344,0.0020779095974902805,0.0015393369717134095,0.4079450637770344,0.0020779095974902805,0.0015393369717134095,0.4079450637770344,0.0020779095974902805,0.0015393369717134095,0.4079450637770344,0.0020779095974902805,0.0015393369717134095
C,10,4.0,0.16,True,q3_evidence,PCS raw,pcs_raw,1,C,7,3.994102801322579,4.796711693331816e-16,3.553453750400821e-16,0.797205942644043,0.021036308550772598,0.01558391545988644,3.1968968586785356,0.02103630855077267,0.015583915459886492,3.1968968586785356,0.02103630855077267,0.015583915459886492,0.8006985143389892,0.005259077137693168,0.003895978864971623,0.04645647321428571,0.0014363499734547397,0.0010640629511163308,10.58766891661318,0.0842203102350994,0.06239127894237862,0.4092027979108526,0.0026926474944989186,0.0019947411788654836,0.4092027979108526,0.0026926474944989186,0.0019947411788654836,0.4092027979108526,0.0026926474944989186,0.0019947411788654836,0.4092027979108526,0.0026926474944989186,0.0019947411788654836
C,10,4.0,0.2,True,q3_evidence,PCS raw,pcs_raw,1,C,7,3.9907962143176587,4.796711693331816e-16,3.553453750400821e-16,0.7944960122823785,0.020214907652724413,0.014975413159068666,3.196300202035281,0.020214907652724472,0.01497541315906871,3.196300202035281,0.020214907652724472,0.01497541315906871,0.8013759969294053,0.005053726913181118,0.0037438532897671774,0.04712785993303571,0.0017224385575336644,0.0012760003401104105,10.523912487546143,0.10895335792128727,0.0807137770782379,0.4091264258605159,0.002587508179548752,0.0019168528843608093,0.4091264258605159,0.002587508179548752,0.0019168528843608093,0.4091264258605159,0.002587508179548752,0.0019168528843608093,0.4091264258605159,0.002587508179548752,0.0019168528843608093
C,10,4.0,0.24,True,q3_evidence,PCS raw,pcs_raw,1,C,7,3.986765139934552,4.796711693331816e-16,3.553453750400821e-16,0.8103347794971025,0.020487229211865975,0.01517715179326505,3.17643036043745,0.020487229211866072,0.015177151793265122,3.17643036043745,0.020487229211866072,0.015177151793265122,0.7974163051257243,0.005121807302966518,0.0037942879483162805,0.04700578962053571,0.0009646828471114275,0.0007146470541018427,10.41611342754839,0.0887561324144361,0.06575146303614468,0.40658308613599364,0.002622365339118858,0.0019426754295379365,0.40658308613599364,0.002622365339118858,0.0019426754295379365,0.40658308613599364,0.002622365339118858,0.0019426754295379365,0.40658308613599364,0.002622365339118858,0.0019426754295379365
C,10,4.0,0.28,True,q3_evidence,PCS raw,pcs_raw,1,C,7,3.982015709386645,9.593423386663633e-16,7.106907500801642e-16,0.78615292141943,0.01207613548326855,0.00894612636048639,3.195862787967216,0.012076135483268543,0.008946126360486384,3.195862787967216,0.012076135483268543,0.008946126360486384,0.8034617696451425,0.003019033870817136,0.002236531590121596,0.04561070033482143,0.00032048646675308847,0.0002374196970853238,10.431452022044699,0.06218060893714009,0.04606403973310524,0.40907043685980365,0.0015457453418583579,0.0011451041741422454,0.40907043685980365,0.0015457453418583579,0.0011451041741422454,0.40907043685980365,0.0015457453418583579,0.0011451041741422454,0.40907043685980365,0.0015457453418583579,0.0011451041741422454
C,10,4.0,0.32,True,q3_evidence,PCS raw,pcs_raw,1,C,7,3.976555119443372,0.0,0.0,0.789648857136209,0.030385275138938496,0.022509726830053353,3.1869062623071627,0.030385275138938465,0.02250972683005333,3.1869062623071627,0.030385275138938465,0.02250972683005333,0.8025877857159477,0.007596318784734616,0.005627431707513332,0.045985630580357144,0.001293123160559379,0.0009579590432770297,10.39836478669378,0.12396722755405935,0.09183620735245458,0.4079240015753168,0.0038893152177841314,0.002881245034246832,0.4079240015753168,0.0038893152177841314,0.002881245034246832,0.4079240015753168,0.0038893152177841314,0.002881245034246832,0.4079240015753168,0.0038893152177841314,0.002881245034246832
C,10,4.0,0.36,True,q3_evidence,PCS raw,pcs_raw,1,C,7,3.970391608345835,0.0,0.0,0.788524520322867,0.01205775887542223,0.008932512778881739,3.181867088022968,0.01205775887542225,0.008932512778881754,3.181867088022968,0.01205775887542225,0.008932512778881754,0.8028688699192832,0.0030144397188555626,0.0022331281947204386,0.04559326171875,0.0009611826018080824,0.0007120540360937383,10.329206899859795,0.05993659165730634,0.04440164846825714,0.40727898726693995,0.0015433931360540685,0.0011433616356968795,0.40727898726693995,0.0015433931360540685,0.0011433616356968795,0.40727898726693995,0.0015433931360540685,0.0011433616356968795,0.40727898726693995,0.0015433931360540685,0.0011433616356968795
C,10,6.0,0.0,False,q3_evidence,Uniform raw,uniform_raw,1,C,7,4.0,0.0,0.0,1.7015382708083941,0.0423586662038665,0.031379739060271604,2.298461729191606,0.042358666203866455,0.03137973906027157,2.298461729191606,0.042358666203866455,0.03137973906027157,0.5746154322979015,0.010589666550966614,0.007844934765067892,0.12026541573660714,0.0034405745756055086,0.002548813314382656,7.406224713526515,0.1521792737812607,0.11273598367461576,0.29420310133652555,0.005421909274094901,0.004016606599714757,0.29420310133652555,0.005421909274094901,0.004016606599714757,0.29420310133652555,0.005421909274094901,0.004016606599714757,0.29420310133652555,0.005421909274094901,0.004016606599714757
C,10,6.0,0.12,True,q3_evidence,PCS raw,pcs_raw,1,C,7,3.996679855921233,0.0,0.0,1.715790524474733,0.03180389859911036,0.02356065779635723,2.2808893314464997,0.03180389859911038,0.023560657796357243,2.2808893314464997,0.03180389859911038,0.023560657796357243,0.5710523688813167,0.007950974649777596,0.005890164449089311,0.11807686941964286,0.0028085253018904385,0.0020805846598977167,7.243087693124955,0.1372161473928388,0.10165114452187389,0.291953834425152,0.004070899020686133,0.00301576419793373,0.291953834425152,0.004070899020686133,0.00301576419793373,0.291953834425152,0.004070899020686133,0.00301576419793373,0.291953834425152,0.004070899020686133,0.00301576419793373
C,10,6.0,0.16,True,q3_evidence,PCS raw,pcs_raw,1,C,7,3.994102801322579,4.796711693331816e-16,3.553453750400821e-16,1.7204232914644435,0.016224947809165682,0.012019609542655305,2.2736795098581353,0.01622494780916568,0.012019609542655303,2.2736795098581353,0.01622494780916568,0.012019609542655303,0.5698941771338891,0.00405623695229142,0.003004902385663826,0.11794172014508929,0.0012595930012899055,0.000933119553679754,7.1612389941793015,0.07119409239790335,0.05274132172450579,0.29103097726184135,0.002076793319573198,0.0015385100214598722,0.29103097726184135,0.002076793319573198,0.0015385100214598722,0.29103097726184135,0.002076793319573198,0.0015385100214598722,0.29103097726184135,0.002076793319573198,0.0015385100214598722
C,10,6.0,0.2,True,q3_evidence,PCS raw,pcs_raw,1,C,7,3.9907962143176587,4.796711693331816e-16,3.553453750400821e-16,1.716293202327158,0.02203072170924458,0.016320587036861234,2.2745030119905016,0.022030721709244607,0.016320587036861255,2.2745030119905016,0.022030721709244607,0.016320587036861255,0.5709266994182106,0.005507680427311152,0.004080146759215314,0.11717878069196429,0.0017637571098895236,0.001306609552049116,7.170861451177664,0.10908671256527151,0.08081256758100211,0.2911363855347842,0.002819932378783291,0.002089035140718227,0.2911363855347842,0.002819932378783291,0.002089035140718227,0.2911363855347842,0.002819932378783291,0.002089035140718227,0.2911363855347842,0.002819932378783291,0.002089035140718227
C,10,6.0,0.24,True,q3_evidence,PCS raw,pcs_raw,1,C,7,3.986765139934552,4.796711693331816e-16,3.553453750400821e-16,1.730979217500699,0.028647200065916423,0.021222142797163838,2.2557859224338537,0.02864720006591635,0.021222142797163786,2.2557859224338537,0.02864720006591635,0.021222142797163786,0.5672551956248253,0.0071618000164790875,0.0053055356992909464,0.117584228515625,0.0025614170096467776,0.0018975242752077093,7.0713316349496855,0.11910936847128796,0.08823745498203595,0.2887405980715333,0.003666841608437309,0.0027164342780369765,0.2887405980715333,0.003666841608437309,0.0027164342780369765,0.2887405980715333,0.003666841608437309,0.0027164342780369765,0.2887405980715333,0.003666841608437309,0.0027164342780369765
C,10,6.0,0.28,True,q3_evidence,PCS raw,pcs_raw,1,C,7,3.982015709386645,9.593423386663633e-16,7.106907500801642e-16,1.7413478530780104,0.02528594635175012,0.018732091199262495,2.2406678563086357,0.02528594635175003,0.018732091199262432,2.2406678563086357,0.02528594635175003,0.018732091199262432,0.5646630367304974,0.006321486587937507,0.004683022799815608,0.11757550920758929,0.002927817398717176,0.0021689574819398322,6.990156388194693,0.09814859463914767,0.07270949642478816,0.2868054856075054,0.00323660113302402,0.0023977076735056035,0.2868054856075054,0.00323660113302402,0.0023977076735056035,0.2868054856075054,0.00323660113302402,0.0023977076735056035,0.2868054856075054,0.00323660113302402,0.0023977076735056035
C,10,6.0,0.32,True,q3_evidence,PCS raw,pcs_raw,1,C,7,3.976555119443372,0.0,0.0,1.7497650871504498,0.02056376308562674,0.0152338488803812,2.2267900322929224,0.020563763085626775,0.015233848880381227,2.2267900322929224,0.020563763085626775,0.015233848880381227,0.5625587282123876,0.005140940771406694,0.003808462220095307,0.11768886021205358,0.0016366886743538894,0.0012124759376733834,6.901140118256062,0.0789315902861304,0.05847334037550392,0.28502912413349407,0.0026321616749602275,0.0019499326566887972,0.28502912413349407,0.0026321616749602275,0.0019499326566887972,0.28502912413349407,0.0026321616749602275,0.0019499326566887972,0.28502912413349407,0.0026321616749602275,0.0019499326566887972
C,10,6.0,0.36,True,q3_evidence,PCS raw,pcs_raw,1,C,7,3.970391608345835,0.0,0.0,1.7419111550513346,0.02482134272455118,0.01838790801564215,2.2284804532945,0.024821342724551245,0.018387908015642197,2.2284804532945,0.024821342724551245,0.018387908015642197,0.5645222112371664,0.006205335681137811,0.004596977003910549,0.11737932477678571,0.0015543720603583616,0.001151494936641085,6.873149478480824,0.09080798509242377,0.06727149677175591,0.2852454980216961,0.003177131868742575,0.002353652226002213,0.2852454980216961,0.003177131868742575,0.002353652226002213,0.2852454980216961,0.003177131868742575,0.002353652226002213,0.2852454980216961,0.003177131868742575,0.002353652226002213
C,12,-2.0,0.0,False,q3_evidence,Uniform raw,uniform_raw,1,C,7,4.0,0.0,0.0,0.16683186149451754,0.01363344319370481,0.010099796057139353,3.8331681385054823,0.013633443193704882,0.010099796057139407,3.8331681385054823,0.013633443193704882,0.010099796057139407,0.9582920346263706,0.0034083607984262206,0.002524949014284852,0.010227748325892858,0.0008481889615783988,0.0006283471759954373,14.119062894865706,0.08538648432631614,0.06325519279899317,0.4906455217287018,0.00174508072879424,0.001292773895313855,0.4906455217287018,0.00174508072879424,0.001292773895313855,0.4906455217287018,0.00174508072879424,0.001292773895313855,0.4906455217287018,0.00174508072879424,0.001292773895313855
C,12,-2.0,0.12,True,q3_evidence,PCS raw,pcs_raw,1,C,7,3.996679855921233,0.0,0.0,0.14724248579688612,0.007379992991439275,0.005467175317169426,3.8494373701243467,0.007379992991439277,0.005467175317169428,3.8494373701243467,0.007379992991439277,0.005467175317169428,0.9631893785507785,0.0018449982478598193,0.001366793829292357,0.009124755859375,0.0007172171930774871,0.0005313219320927916,14.108951497859573,0.03971593969089415,0.029421979862056715,0.49272798337591633,0.0009446391029042277,0.0006997984405976869,0.49272798337591633,0.0009446391029042277,0.0006997984405976869,0.49272798337591633,0.0009446391029042277,0.0006997984405976869,0.49272798337591633,0.0009446391029042277,0.0006997984405976869
C,12,-2.0,0.16,True,q3_evidence,PCS raw,pcs_raw,1,C,7,3.994102801322579,4.796711693331816e-16,3.553453750400821e-16,0.13986675321999423,0.003973857304303626,0.0029438746883965767,3.854236048102585,0.00397385730430357,0.0029438746883965355,3.854236048102585,0.00397385730430357,0.0029438746883965355,0.9650333116950015,0.0009934643260758925,0.0007359686720991339,0.008845738002232142,0.00032794143230319817,0.00024294241285120413,14.118969906447527,0.04659648889950217,0.03451916204712206,0.49334221415713087,0.0005086537349508623,0.00037681596011476044,0.49334221415713087,0.0005086537349508623,0.00037681596011476044,0.49334221415713087,0.0005086537349508623,0.00037681596011476044,0.49334221415713087,0.0005086537349508623,0.00037681596011476044
C,12,-2.0,0.2,True,q3_evidence,PCS raw,pcs_raw,1,C,7,3.9907962143176587,4.796711693331816e-16,3.553453750400821e-16,0.1304938677715268,0.007102149279297377,0.005261345814781692,3.860302346546132,0.007102149279297397,0.005261345814781707,3.860302346546132,0.007102149279297397,0.005261345814781707,0.9673765330571183,0.0017755373198243495,0.0013153364536954268,0.00811767578125,0.0004825252777356536,0.0003574597281334551,14.132654392838115,0.05017385875307244,0.03716931472159108,0.49411870035790495,0.0009090751077500723,0.0006734522642920626,0.49411870035790495,0.0009090751077500723,0.0006734522642920626,0.49411870035790495,0.0009090751077500723,0.0006734522642920626,0.49411870035790495,0.0009090751077500723,0.0006734522642920626
C,12,-2.0,0.24,True,q3_evidence,PCS raw,pcs_raw,1,C,7,3.986765139934552,4.796711693331816e-16,3.553453750400821e-16,0.13272453746449775,0.0032641909352572984,0.002418146485026202,3.854040602470054,0.003264190935257268,0.0024181464850261793,3.854040602470054,0.003264190935257268,0.0024181464850261793,0.9668188656338755,0.0008160477338143171,0.0006045366212565448,0.008122035435267858,0.00042558203253391223,0.0003152755817517968,14.118620902805683,0.027267835222514566,0.020200295021161118,0.49331719711616706,0.0004178164397129366,0.00030952275008335557,0.49331719711616706,0.0004178164397129366,0.00030952275008335557,0.49331719711616706,0.0004178164397129366,0.00030952275008335557,0.49331719711616706,0.0004178164397129366,0.00030952275008335557
C,12,-2.0,0.28,True,q3_evidence,PCS raw,pcs_raw,1,C,7,3.982015709386645,9.593423386663633e-16,7.106907500801642e-16,0.1328320474066297,0.005145415866201787,0.0038117774167132587,3.8491836619800166,0.005145415866201743,0.0038117774167132257,3.8491836619800166,0.005145415866201743,0.0038117774167132257,0.9667919881483426,0.0012863539665504357,0.0009529443541783064,0.00823974609375,0.00017968263481298516,0.00013311075865695874,14.06068654820164,0.028592199274345524,0.02118139764056952,0.49269550873344203,0.0006586132308738249,0.00048790750933929425,0.49269550873344203,0.0006586132308738249,0.00048790750933929425,0.49269550873344203,0.0006586132308738249,0.00048790750933929425,0.49269550873344203,0.0006586132308738249,0.00048790750933929425
C,12,-2.0,0.32,True,q3_evidence,PCS raw,pcs_raw,1,C,7,3.976555119443372,0.0,0.0,0.12472961755317999,0.004857686217160878,0.0035986243097822597,3.8518255018901923,0.0048576862171608726,0.0035986243097822553,3.8518255018901923,0.0048576862171608726,0.0035986243097822553,0.9688175956117051,0.0012144215542902181,0.0008996560774455638,0.007773263113839286,0.00032760317390240066,0.0002426918275211353,14.062648686816004,0.03580054357729565,0.026521413829807394,0.4930336642419446,0.0006217838357965846,0.0004606239116521234,0.4930336642419446,0.0006217838357965846,0.0004606239116521234,0.4930336642419446,0.0006217838357965846,0.0004606239116521234,0.4930336642419446,0.0006217838357965846,0.0004606239116521234
C,12,-2.0,0.36,True,q3_evidence,PCS raw,pcs_raw,1,C,7,3.970391608345835,0.0,0.0,0.12411448407353402,0.0048086501788581594,0.0035622979042461865,3.8462771242723006,0.004808650178858214,0.0035622979042462272,3.8462771242723006,0.004808650178858214,0.0035622979042462272,0.9689713789816164,0.0012021625447145535,0.0008905744760615568,0.007886614118303572,0.0004365390454975804,0.00032339265054771036,14.05805470675845,0.03969643699363134,0.029407532061738045,0.4923234719068545,0.0006155072228938453,0.0004559741317435125,0.4923234719068545,0.0006155072228938453,0.0004559741317435125,0.4923234719068545,0.0006155072228938453,0.0004559741317435125,0.4923234719068545,0.0006155072228938453,0.0004559741317435125
C,12,0.0,0.0,False,q3_evidence,Uniform raw,uniform_raw,1,C,7,4.0,0.0,0.0,0.24851878820106416,0.014277292266095004,0.010576766124812493,3.751481211798936,0.014277292266094994,0.010576766124812486,3.751481211798936,0.014277292266094994,0.010576766124812486,0.937870302949734,0.0035693230665237484,0.0026441915312031216,0.015053885323660714,0.0009331119492737266,0.0006912590056850794,13.502708561221626,0.057005848157283615,0.042230523300134985,0.48018959511026377,0.0018274934100601557,0.0013538260639759958,0.48018959511026377,0.0018274934100601557,0.0013538260639759958,0.48018959511026377,0.0018274934100601557,0.0013538260639759958,0.48018959511026377,0.0018274934100601557,0.0013538260639759958
C,12,0.0,0.12,True,q3_evidence,PCS raw,pcs_raw,1,C,7,3.996679855921233,0.0,0.0,0.24294721293364363,0.0068074233362059745,0.005043009780686821,3.7537326429875892,0.006807423336205919,0.005043009780686779,3.7537326429875892,0.006807423336205919,0.005043009780686779,0.9392631967665892,0.0017018558340514797,0.0012607524451716948,0.014513288225446428,0.0006523573161276298,0.00048327306283963117,13.37763039205466,0.03565123715786803,0.02641080608642112,0.48047777830241145,0.000871350187034351,0.0006455052519279029,0.48047777830241145,0.000871350187034351,0.0006455052519279029,0.48047777830241145,0.000871350187034351,0.0006455052519279029,0.48047777830241145,0.000871350187034351,0.0006455052519279029
C,12,0.0,0.16,True,q3_evidence,PCS raw,pcs_raw,1,C,7,3.994102801322579,4.796711693331816e-16,3.553453750400821e-16,0.2394329307460788,0.006361280853773713,0.004712502804498126,3.7546698705764996,0.006361280853773669,0.0047125028044980935,3.7546698705764996,0.006361280853773669,0.0047125028044980935,0.9401417673134802,0.0015903202134434173,0.0011781257011245234,0.0142822265625,0.000549033763367254,0.00040672990378933877,13.36562615143813,0.03710274431457524,0.02748609763602688,0.48059774343379197,0.0008142439492829975,0.0006032003589757321,0.48059774343379197,0.0008142439492829975,0.0006032003589757321,0.48059774343379197,0.0008142439492829975,0.0006032003589757321,0.48059774343379197,0.0008142439492829975,0.0006032003589757321
C,12,0.0,0.2,True,q3_evidence,PCS raw,pcs_raw,1,C,7,3.9907962143176587,4.796711693331816e-16,3.553453750400821e-16,0.22529608681615296,0.008107401346463554,0.006006046967685178,3.7655001275015065,0.008107401346463492,0.00600604696768513,3.7655001275015065,0.008107401346463492,0.00600604696768513,0.9436759782959616,0.002026850336615873,0.0015015117419212825,0.013606480189732142,0.0007591516837305072,0.0005623874375075266,13.381100862803908,0.017306252504051694,0.012820651270618693,0.48198401632019283,0.0010377473723473182,0.0007687740118636902,0.48198401632019283,0.0010377473723473182,0.0007687740118636902,0.48198401632019283,0.0010377473723473182,0.0007687740118636902,0.48198401632019283,0.0010377473723473182,0.0007687740118636902
C,12,0.0,0.24,True,q3_evidence,PCS raw,pcs_raw,1,C,7,3.986765139934552,4.796711693331816e-16,3.553453750400821e-16,0.22266766102882732,0.009927561482658893,0.007354440466357347,3.7640974789057253,0.009927561482658899,0.007354440466357351,3.7640974789057253,0.009927561482658899,0.007354440466357351,0.9443330847427932,0.0024818903706647247,0.0018386101165893376,0.013113839285714286,0.0007462186021749911,0.0005528064766126752,13.367493490496996,0.048143629853902116,0.03566530010550357,0.4818044772999328,0.001270727869780345,0.0009413683796937452,0.4818044772999328,0.001270727869780345,0.0009413683796937452,0.4818044772999328,0.001270727869780345,0.0009413683796937452,0.4818044772999328,0.001270727869780345,0.0009413683796937452
C,12,0.0,0.28,True,q3_evidence,PCS raw,pcs_raw,1,C,7,3.982015709386645,9.593423386663633e-16,7.106907500801642e-16,0.22057880043160116,0.009923514617930443,0.007351442507012267,3.7614369089550452,0.009923514617930469,0.007351442507012287,3.7614369089550452,0.009923514617930469,0.007351442507012287,0.9448552998920998,0.002480878654482617,0.0018378606267530717,0.013410295758928572,0.0007724137367863723,0.0005722121039003163,13.344376190871193,0.05005192186592537,0.03707898261146086,0.4814639243462458,0.0012702098710950954,0.0009409846408975692,0.4814639243462458,0.0012702098710950954,0.0009409846408975692,0.4814639243462458,0.0012702098710950954,0.0009409846408975692,0.4814639243462458,0.0012702098710950954,0.0009409846408975692
C,12,0.0,0.32,True,q3_evidence,PCS raw,pcs_raw,1,C,7,3.976555119443372,0.0,0.0,0.2212411491252802,0.0076796961471753845,0.005689198521990748,3.7553139703180913,0.007679696147175409,0.005689198521990766,3.7553139703180913,0.007679696147175409,0.005689198521990766,0.94468971271868,0.0019199240367938522,0.0014222996304976915,0.013118198939732142,0.0005836837050433633,0.0004323989398023445,13.297566055799027,0.035843443245256554,0.026553194348577894,0.48068018820071573,0.0009830011068384613,0.0007282174108148247,0.48068018820071573,0.0009830011068384613,0.0007282174108148247,0.48068018820071573,0.0009830011068384613,0.0007282174108148247,0.48068018820071573,0.0009830011068384613,0.0007282174108148247
C,12,0.0,0.36,True,q3_evidence,PCS raw,pcs_raw,1,C,7,3.970391608345835,0.0,0.0,0.21691496476243452,0.006649342803299483,0.004925902083073302,3.7534766435834004,0.006649342803299473,0.004925902083073294,3.7534766435834004,0.006649342803299473,0.004925902083073294,0.9457712588093914,0.0016623357008248682,0.0012314755207683235,0.013166155133928572,0.0006678766087734956,0.0004947699157217176,13.268278465045876,0.03339479904008543,0.024739213336052474,0.48044501037867526,0.0008511158788223343,0.000630515466633383,0.48044501037867526,0.0008511158788223343,0.000630515466633383,0.48044501037867526,0.0008511158788223343,0.000630515466633383,0.48044501037867526,0.0008511158788223343,0.000630515466633383
C,12,2.0,0.0,False,q3_evidence,Uniform raw,uniform_raw,1,C,7,4.0,0.0,0.0,0.5346503262524519,0.01625503646408372,0.012041899530150623,3.4653496737475487,0.016255036464083685,0.012041899530150597,3.4653496737475487,0.016255036464083685,0.012041899530150597,0.8663374184368872,0.004063759116020921,0.0030104748825376493,0.031437465122767856,0.0005411827559794873,0.00040091379612431754,11.9827956282651,0.06094806298963475,0.045150956917268545,0.44356475823968616,0.002080644667402701,0.0015413631398592685,0.44356475823968616,0.002080644667402701,0.0015413631398592685,0.44356475823968616,0.002080644667402701,0.0015413631398592685,0.44356475823968616,0.002080644667402701,0.0015413631398592685
C,12,2.0,0.12,True,q3_evidence,PCS raw,pcs_raw,1,C,7,3.996679855921233,0.0,0.0,0.5266044813635264,0.01195270431265783,0.008854687269674914,3.4700753745577058,0.011952704312657752,0.008854687269674857,3.4700753745577058,0.011952704312657752,0.008854687269674857,0.8683488796591183,0.002988176078164438,0.0022136718174187143,0.030373709542410716,0.0009603286376753899,0.0007114214106111097,11.851711618742765,0.04755024314968685,0.035225713083322736,0.4441696479433865,0.0015299461520201858,0.0011333999705183768,0.4441696479433865,0.0015299461520201858,0.0011333999705183768,0.4441696479433865,0.0015299461520201858,0.0011333999705183768,0.4441696479433865,0.0015299461520201858,0.0011333999705183768
C,12,2.0,0.16,True,q3_evidence,PCS raw,pcs_raw,1,C,7,3.994102801322579,4.796711693331816e-16,3.553453750400821e-16,0.5159267106617992,0.01947370714575211,0.01442632413940523,3.4781760906607793,0.01947370714575205,0.014426324139405183,3.4781760906607793,0.01947370714575205,0.014426324139405183,0.8710183223345501,0.004868426786438012,0.0036065810348512957,0.030038016183035716,0.0009642000170796483,0.0007142893686087543,11.851936451817242,0.10179409332200218,0.07541011964228919,0.44520653960457984,0.0024926345146562712,0.0018465694898438698,0.44520653960457984,0.0024926345146562712,0.0018465694898438698,0.44520653960457984,0.0024926345146562712,0.0018465694898438698,0.44520653960457984,0.0024926345146562712,0.0018465694898438698
C,12,2.0,0.2,True,q3_evidence,PCS raw,pcs_raw,1,C,7,3.9907962143176587,4.796711693331816e-16,3.553453750400821e-16,0.5112776624725145,0.014979262968576398,0.011096793298609837,3.4795185518451452,0.014979262968576436,0.011096793298609865,3.4795185518451452,0.014979262968576436,0.011096793298609865,0.8721805843818713,0.003744815742144109,0.0027741983246524662,0.029493059430803572,0.0009222600516058947,0.000683219807390062,11.776093398253227,0.045124011528634794,0.033428335545466176,0.44537837463617846,0.001917345659977779,0.0014203895422220591,0.44537837463617846,0.001917345659977779,0.0014203895422220591,0.44537837463617846,0.001917345659977779,0.0014203895422220591,0.44537837463617846,0.001917345659977779,0.0014203895422220591
C,12,2.0,0.24,True,q3_evidence,PCS raw,pcs_raw,1,C,7,3.986765139934552,4.796711693331816e-16,3.553453750400821e-16,0.5118276872932375,0.015435673555223043,0.01143490699285099,3.474937452641315,0.015435673555223047,0.011434906992850992,3.474937452641315,0.015435673555223047,0.011434906992850992,0.8720430781766906,0.0038589183888057617,0.002858726748212748,0.029087611607142856,0.0011281090921825942,0.0008357149107064754,11.721230136856994,0.06544148121723789,0.04847972772398446,0.44479199393808827,0.0019757662150685588,0.0014636680950849336,0.44479199393808827,0.0019757662150685588,0.0014636680950849336,0.44479199393808827,0.0019757662150685588,0.0014636680950849336,0.44479199393808827,0.0019757662150685588,0.0014636680950849336
C,12,2.0,0.28,True,q3_evidence,PCS raw,pcs_raw,1,C,7,3.982015709386645,9.593423386663633e-16,7.106907500801642e-16,0.4982873929339049,0.013097029787509566,0.00970241544477952,3.4837283164527415,0.01309702978750961,0.009702415444779552,3.4837283164527415,0.01309702978750961,0.009702415444779552,0.8754281517665238,0.0032742574468774023,0.002425603861194888,0.028673444475446428,0.001136939481622595,0.0008422565547491414,11.756780078530827,0.05574798981000879,0.04129868879613293,0.4459172245059509,0.0016764198128012325,0.0012419091769317846,0.4459172245059509,0.0016764198128012325,0.0012419091769317846,0.4459172245059509,0.0016764198128012325,0.0012419091769317846,0.4459172245059509,0.0016764198128012325,0.0012419091769317846
C,12,2.0,0.32,True,q3_evidence,PCS raw,pcs_raw,1,C,7,3.976555119443372,0.0,0.0,0.5078684091842922,0.02001614245533879,0.0148281658402271,3.4686867102590804,0.020016142455338882,0.014828165840227166,3.4686867102590804,0.020016142455338882,0.014828165840227166,0.8730328977039269,0.0050040356138347205,0.0037070414600567916,0.029214041573660716,0.0011611011798275588,0.0008601557912660737,11.62785063582051,0.07328270408512512,0.054288586915241896,0.44399189891316215,0.00256206623428338,0.0018980052275490798,0.44399189891316215,0.00256206623428338,0.0018980052275490798,0.44399189891316215,0.00256206623428338,0.0018980052275490798,0.44399189891316215,0.00256206623428338,0.0018980052275490798
C,12,2.0,0.36,True,q3_evidence,PCS raw,pcs_raw,1,C,7,3.970391608345835,0.0,0.0,0.49989035860927833,0.01478329848786727,0.010951620779717522,3.4705012497365564,0.014783298487867223,0.010951620779717487,3.4705012497365564,0.014783298487867223,0.010951620779717487,0.8750274103476804,0.0036958246219668056,0.002737905194929372,0.028695242745535716,0.0006754697359419783,0.0005003949830468237,11.64318483001504,0.06212611056026171,0.04602366677052371,0.44422415996627923,0.0018922622064469975,0.0014018074598038332,0.44422415996627923,0.0018922622064469975,0.0014018074598038332,0.44422415996627923,0.0018922622064469975,0.0014018074598038332,0.44422415996627923,0.0018922622064469975,0.0014018074598038332
C,12,4.0,0.0,False,q3_evidence,Uniform raw,uniform_raw,1,C,7,4.0,0.0,0.0,1.1622102192275485,0.017847165045232337,0.013221364888818685,2.8377897807724515,0.017847165045232267,0.013221364888818631,2.8377897807724515,0.017847165045232267,0.013221364888818631,0.7094474451931129,0.004461791261308067,0.0033053412222046577,0.07482474190848214,0.0016115119686084393,0.001193824773047776,9.324610143618386,0.06510394960610705,0.04822968080723541,0.36323709193887377,0.002284437125789714,0.0016923347057687728,0.36323709193887377,0.002284437125789714,0.0016923347057687728,0.36323709193887377,0.002284437125789714,0.0016923347057687728,0.36323709193887377,0.002284437125789714,0.0016923347057687728
C,12,4.0,0.12,True,q3_evidence,PCS raw,pcs_raw,1,C,7,3.996679855921233,0.0,0.0,1.177737483076006,0.021448318041423848,0.015889136361903686,2.818942372845227,0.021448318041423723,0.015889136361903596,2.818942372845227,0.021448318041423723,0.015889136361903596,0.7055656292309985,0.005362079510355931,0.003972284090475899,0.07329450334821429,0.0016417884377736803,0.0012162538952845121,9.115346121257685,0.08464024872652094,0.06270237373036723,0.36082462372418905,0.0027453847093022324,0.002033809454323657,0.36082462372418905,0.0027453847093022324,0.002033809454323657,0.36082462372418905,0.0027453847093022324,0.002033809454323657,0.36082462372418905,0.0027453847093022324,0.002033809454323657
C,12,4.0,0.16,True,q3_evidence,PCS raw,pcs_raw,1,C,7,3.994102801322579,4.796711693331816e-16,3.553453750400821e-16,1.1761895500549788,0.020144184288563214,0.014923020557701996,2.8179132512676004,0.020144184288563217,0.014923020557702,2.8179132512676004,0.020144184288563217,0.014923020557702,0.7059526124862553,0.005036046072140804,0.0037307551394255,0.07354736328125,0.0014732964673040097,0.0010914332967877959,9.099857766353155,0.09488178378559442,0.07028940907712737,0.3606928961622528,0.0025784555889360817,0.0019101466313858485,0.3606928961622528,0.0025784555889360817,0.0019101466313858485,0.3606928961622528,0.0025784555889360817,0.0019101466313858485,0.3606928961622528,0.0025784555889360817,0.0019101466313858485
C,12,4.0,0.2,True,q3_evidence,PCS raw,pcs_raw,1,C,7,3.9907962143176587,4.796711693331816e-16,3.553453750400821e-16,1.1580706396936506,0.017188230332493244,0.012733219222380764,2.8327255746240083,0.017188230332493202,0.012733219222380732,2.8327255746240083,0.017188230332493202,0.012733219222380732,0.7104823400765874,0.0042970575831233005,0.003183304805595183,0.07200840541294642,0.0009677580898710881,0.0007169252258195426,9.097136180685618,0.09950300615497636,0.07371285851703108,0.3625888735518731,0.002200093482559125,0.0016298520604647304,0.3625888735518731,0.002200093482559125,0.0016298520604647304,0.3625888735518731,0.002200093482559125,0.0016298520604647304,0.3625888735518731,0.002200093482559125,0.0016298520604647304
C,12,4.0,0.24,True,q3_evidence,PCS raw,pcs_raw,1,C,7,3.986765139934552,4.796711693331816e-16,3.553453750400821e-16,1.1726320831519774,0.019508132354103057,0.014451826690641122,2.8141330567825755,0.019508132354103046,0.014451826690641113,2.8141330567825755,0.019508132354103046,0.014451826690641113,0.7068419792120058,0.004877033088525762,0.0036129566726602782,0.07228742327008929,0.0016468858736264696,0.001220030128609876,9.008256628314074,0.0722378593761711,0.05351455512284118,0.36020903126816967,0.0024970409413252056,0.0018498338164020741,0.36020903126816967,0.0024970409413252056,0.0018498338164020741,0.36020903126816967,0.0024970409413252056,0.0018498338164020741,0.36020903126816967,0.0024970409413252056,0.0018498338164020741
C,12,4.0,0.28,True,q3_evidence,PCS raw,pcs_raw,1,C,7,3.982015709386645,9.593423386663633e-16,7.106907500801642e-16,1.174723132121483,0.028113572715046727,0.02082682612347248,2.807292577265163,0.02811357271504678,0.02082682612347252,2.807292577265163,0.02811357271504678,0.02082682612347252,0.7063192169696292,0.007028393178761695,0.00520670653086813,0.07251412527901786,0.0017398078668584048,0.0012888677045275116,8.921665885286034,0.08718820249599651,0.06458992429768137,0.3593334498899408,0.003598537307526002,0.002665833743804493,0.3593334498899408,0.003598537307526002,0.002665833743804493,0.3593334498899408,0.003598537307526002,0.002665833743804493,0.3593334498899408,0.003598537307526002,0.002665833743804493
C,12,4.0,0.32,True,q3_evidence,PCS raw,pcs_raw,1,C,7,3.976555119443372,0.0,0.0,1.1505134649588118,0.02742264393479838,0.02031497892013807,2.82604165448456,0.02742264393479837,0.020314978920138064,2.82604165448456,0.02742264393479837,0.020314978920138064,0.712371633760297,0.006855660983699593,0.005078744730034516,0.07075718470982142,0.0019943229243606646,0.001477415097707751,8.954968201727075,0.1263416292249542,0.09359518872590851,0.3617333317740237,0.0035100984236541804,0.002600317301777664,0.3617333317740237,0.0035100984236541804,0.002600317301777664,0.3617333317740237,0.0035100984236541804,0.002600317301777664,0.3617333317740237,0.0035100984236541804,0.002600317301777664
C,12,4.0,0.36,True,q3_evidence,PCS raw,pcs_raw,1,C,7,3.970391608345835,0.0,0.0,1.1770396835094823,0.01844294487262468,0.01366272476145884,2.7933519248363523,0.01844294487262462,0.013662724761458795,2.7933519248363523,0.01844294487262462,0.013662724761458795,0.7057400791226293,0.004610736218156154,0.0034156811903646982,0.07221766880580358,0.0009805054763576538,0.0007263686218821966,8.798035589716402,0.09504191175375695,0.07040803353600451,0.3575490463790531,0.002360696943695943,0.0017488287694667193,0.3575490463790531,0.002360696943695943,0.0017488287694667193,0.3575490463790531,0.002360696943695943,0.0017488287694667193,0.3575490463790531,0.002360696943695943,0.0017488287694667193
C,12,6.0,0.0,False,q3_evidence,Uniform raw,uniform_raw,1,C,7,4.0,0.0,0.0,2.2365060053492605,0.023631853687812957,0.017506722205676957,1.7634939946507393,0.023631853687812957,0.017506722205676957,1.7634939946507393,0.023631853687812957,0.017506722205676957,0.4408734986626848,0.005907963421953239,0.004376680551419239,0.17252894810267858,0.0024130675143186828,0.0017876254311148876,5.672276613660166,0.08133755332026504,0.06025570273404563,0.22572723131529465,0.003024877272040059,0.002240860442326651,0.22572723131529465,0.003024877272040059,0.002240860442326651,0.22572723131529465,0.003024877272040059,0.002240860442326651,0.22572723131529465,0.003024877272040059,0.002240860442326651
C,12,6.0,0.12,True,q3_evidence,PCS raw,pcs_raw,1,C,7,3.996679855921233,0.0,0.0,2.258375540597172,0.0340331995523312,0.02521214705388487,1.738304315324061,0.0340331995523312,0.02521214705388487,1.738304315324061,0.0340331995523312,0.02521214705388487,0.435406114850707,0.0085082998880828,0.006303036763471217,0.17056710379464285,0.002845368198882957,0.002107878259943701,5.513062487568548,0.15074170344756516,0.11167101666798145,0.22250295236147982,0.004356249542698387,0.0032271548228972585,0.22250295236147982,0.004356249542698387,0.0032271548228972585,0.22250295236147982,0.004356249542698387,0.0032271548228972585,0.22250295236147982,0.004356249542698387,0.0032271548228972585
C,12,6.0,0.16,True,q3_evidence,PCS raw,pcs_raw,1,C,7,3.994102801322579,4.796711693331816e-16,3.553453750400821e-16,2.2903951247792937,0.0262416526117232,0.019440088304551094,1.7037076765432853,0.0262416526117232,0.019440088304551094,1.7037076765432853,0.0262416526117232,0.019440088304551094,0.4274012188051766,0.0065604131529308,0.0048600220761377735,0.17101178850446427,0.0020484482866235804,0.0015175117271950585,5.356879003157493,0.0789760335327442,0.05850626439334293,0.21807458259754053,0.003358931534300572,0.0024883313029825417,0.21807458259754053,0.003358931534300572,0.0024883313029825417,0.21807458259754053,0.003358931534300572,0.0024883313029825417,0.21807458259754053,0.003358931534300572,0.0024883313029825417
C,12,6.0,0.2,True,q3_evidence,PCS raw,pcs_raw,1,C,7,3.9907962143176587,4.796711693331816e-16,3.553453750400821e-16,2.289440241558976,0.051127501605375845,0.03787578323308643,1.7013559727586833,0.051127501605375845,0.03787578323308643,1.7013559727586833,0.051127501605375845,0.03787578323308643,0.427639939610256,0.012781875401343961,0.009468945808271607,0.17049734933035715,0.004785244109567751,0.003544958445462836,5.35775585503256,0.19050077523692444,0.14112494923573582,0.21777356451311145,0.006544320205488111,0.004848100253835065,0.21777356451311145,0.006544320205488111,0.004848100253835065,0.21777356451311145,0.006544320205488111,0.004848100253835065,0.21777356451311145,0.006544320205488111,0.004848100253835065
C,12,6.0,0.24,True,q3_evidence,PCS raw,pcs_raw,1,C,7,3.986765139934552,4.796711693331816e-16,3.553453750400821e-16,2.2994646210200105,0.025725182979184812,0.019057482246475316,1.6873005189145425,0.025725182979184816,0.01905748224647532,1.6873005189145425,0.025725182979184816,0.01905748224647532,0.42513384474499744,0.006431295744796204,0.00476437056161883,0.16965157645089285,0.002403048782184053,0.001780203450484375,5.271984279741497,0.07489911949057111,0.05548604420513334,0.2159744664210614,0.0032928234213356563,0.0024393577275488407,0.2159744664210614,0.0032928234213356563,0.0024393577275488407,0.2159744664210614,0.0032928234213356563,0.0024393577275488407,0.2159744664210614,0.0032928234213356563,0.0024393577275488407
C,12,6.0,0.28,True,q3_evidence,PCS raw,pcs_raw,1,C,7,3.982015709386645,9.593423386663633e-16,7.106907500801642e-16,2.2956848316712017,0.02020932448315211,0.014971277089168237,1.6863308777154447,0.02020932448315211,0.014971277089168237,1.6863308777154447,0.02020932448315211,0.014971277089168237,0.4260787920821996,0.005052331120788027,0.0037428192722920592,0.16843087332589285,0.002240873474239575,0.0016600623010717813,5.261580869177167,0.08845072355749917,0.06552521298872223,0.21585035234757685,0.0025867935338434733,0.0019163234674135369,0.21585035234757685,0.0025867935338434733,0.0019163234674135369,0.21585035234757685,0.0025867935338434733,0.0019163234674135369,0.21585035234757685,0.0025867935338434733,0.0019163234674135369
C,12,6.0,0.32,True,q3_evidence,PCS raw,pcs_raw,1,C,7,3.976555119443372,0.0,0.0,2.3100128189584583,0.01941723459166161,0.01438448868587848,1.6665423004849136,0.01941723459166161,0.01438448868587848,1.6665423004849136,0.01941723459166161,0.01438448868587848,0.4224967952603854,0.004854308647915403,0.00359612217146962,0.16863577706473215,0.0021772125550842914,0.0016129016321825543,5.194067584775994,0.05559104919441813,0.04118242556108461,0.21331741446206895,0.002485406027732688,0.0018412145517924467,0.21331741446206895,0.002485406027732688,0.0018412145517924467,0.21331741446206895,0.002485406027732688,0.0018412145517924467,0.21331741446206895,0.002485406027732688,0.0018412145517924467
C,12,6.0,0.36,True,q3_evidence,PCS raw,pcs_raw,1,C,7,3.970391608345835,0.0,0.0,2.3202312341534954,0.01881256965601536,0.01393654663293104,1.6501603741923394,0.01881256965601536,0.01393654663293104,1.6501603741923394,0.01881256965601536,0.01393654663293104,0.4199421914616262,0.00470314241400384,0.00348413665823276,0.16890171595982142,0.0016414237294704102,0.0012159837155924827,5.1142969862206655,0.09685487642145998,0.07175109655702146,0.21122052789661946,0.002408008915969973,0.0017838779690151783,0.21122052789661946,0.002408008915969973,0.0017838779690151783,0.21122052789661946,0.002408008915969973,0.0017838779690151783,0.21122052789661946,0.002408008915969973,0.0017838779690151783
C+S,6,-2.0,0.0,False,q3_evidence_cs_penalty,Uniform raw,uniform_raw,2,C+S,7,4.0,0.0,0.0,0.18404300601492934,0.007113270775481312,0.005269584734452392,3.8159569939850706,0.007113270775481304,0.005269584734452386,3.8159569939850706,0.007113270775481304,0.005269584734452386,0.9539892484962676,0.001778317693870326,0.0013173961836130965,0.011853899274553572,0.0003648763893101116,0.00027030421191024767,13.751139751460878,0.021545113063383903,0.015960843117655183,0.9768849904601781,0.001820997318523187,0.0013490136920197911,0.48844249523008904,0.0009104986592615935,0.0006745068460098956,0.9768849904601781,0.001820997318523187,0.0013490136920197911,0.48844249523008904,0.0009104986592615935,0.0006745068460098956
C+S,6,-2.0,0.12,True,q3_evidence_cs_penalty,PCS raw,pcs_raw,2,C+S,7,3.996679855921233,0.0,0.0,0.1603133868871951,0.006048103232843895,0.004480497576170203,3.8363664690340378,0.006048103232843777,0.004480497576170115,3.8363664690340378,0.006048103232843777,0.004480497576170115,0.9599216532782012,0.0015120258082109443,0.0011201243940425288,0.010227748325892858,0.00038579037982090656,0.0002857975128980356,13.745778645381076,0.03791977966568251,0.028091365894412773,0.9821098160727137,0.001548314427608004,0.0011470073794995473,0.4910549080363569,0.000774157213804002,0.0005735036897497736,0.9821098160727137,0.001548314427608004,0.0011470073794995473,0.4910549080363569,0.000774157213804002,0.0005735036897497736
C+S,6,-2.0,0.16,True,q3_evidence_cs_penalty,PCS raw,pcs_raw,2,C+S,7,3.994102801322579,4.796711693331816e-16,3.553453750400821e-16,0.15846087814320622,0.003591946605751509,0.0026609512836034965,3.835641923179373,0.003591946605751494,0.0026609512836034857,3.835641923179373,0.003591946605751494,0.0026609512836034857,0.9603847804641985,0.0008979866514378735,0.0006652378209008714,0.010005405970982142,0.00029028006933939877,0.00021504248472857768,13.716787233961279,0.0321925244935937,0.023848555887913254,0.9819243323339195,0.0009195383310724084,0.0006812035286025116,0.49096216616695976,0.0004597691655362042,0.0003406017643012558,0.9819243323339195,0.0009195383310724084,0.0006812035286025116,0.49096216616695976,0.0004597691655362042,0.0003406017643012558
C+S,6,-2.0,0.2,True,q3_evidence_cs_penalty,PCS raw,pcs_raw,2,C+S,7,3.9907962143176587,4.796711693331816e-16,3.553453750400821e-16,0.1500423598860817,0.006061612404707539,0.0044905053107377,3.840753854431578,0.006061612404707482,0.0044905053107376575,3.840753854431578,0.006061612404707482,0.0044905053107376575,0.9624894100284795,0.0015154031011768705,0.0011226263276844144,0.009525844029017858,0.0004701188325254147,0.00034826890490287577,13.739213499461046,0.04721145605505636,0.03497473609138143,0.9832329867344839,0.0015517727756051232,0.001149569359548846,0.49161649336724195,0.0007758863878025616,0.000574784679774423,0.9832329867344839,0.0015517727756051232,0.001149569359548846,0.49161649336724195,0.0007758863878025616,0.000574784679774423
C+S,6,-2.0,0.24,True,q3_evidence_cs_penalty,PCS raw,pcs_raw,2,C+S,7,3.986765139934552,4.796711693331816e-16,3.553453750400821e-16,0.14550209911446688,0.0029862388315123347,0.00221223668501521,3.841263040820085,0.0029862388315122896,0.0022122366850151763,3.841263040820085,0.0029862388315122896,0.0022122366850151763,0.9636244752213834,0.0007465597078781062,0.0005530591712538192,0.009355817522321428,0.0003131372901760522,0.0002319753508874209,13.748416973023435,0.02165573025875267,0.016042789482763678,0.983363338449942,0.000764477140867139,0.00056633259136388,0.491681669224971,0.0003822385704335695,0.00028316629568194,0.983363338449942,0.000764477140867139,0.00056633259136388,0.491681669224971,0.0003822385704335695,0.00028316629568194
C+S,6,-2.0,0.28,True,q3_evidence_cs_penalty,PCS raw,pcs_raw,2,C+S,7,3.982015709386645,9.593423386663633e-16,7.106907500801642e-16,0.1420611726136439,0.006974297291743782,0.005166631736947893,3.839954536773002,0.006974297291743914,0.005166631736947991,3.839954536773002,0.006974297291743914,0.005166631736947991,0.964484706846589,0.0017435743229359784,0.0012916579342369978,0.009002685546875,0.0004042859283292166,0.00029949920697815716,13.712637563753526,0.02269570929133982,0.016813216731668877,0.9830283614138887,0.0017854201066863937,0.0013226577246586498,0.49151418070694436,0.0008927100533431968,0.0006613288623293249,0.9830283614138887,0.0017854201066863937,0.0013226577246586498,0.49151418070694436,0.0008927100533431968,0.0006613288623293249
C+S,6,-2.0,0.32,True,q3_evidence_cs_penalty,PCS raw,pcs_raw,2,C+S,7,3.976555119443372,0.0,0.0,0.13800589840571104,0.006600837426885818,0.0048899687973660635,3.8385492210376606,0.00660083742688581,0.0048899687973660575,3.8385492210376606,0.00660083742688581,0.0048899687973660575,0.9654985253985723,0.0016502093567214524,0.0012224921993415144,0.008880615234375,0.0004120814839788634,0.00030527423542070557,13.706838188092751,0.03505088484587861,0.025966058869788047,0.9826686005856412,0.0016898143812827716,0.0012518320121257139,0.4913343002928206,0.0008449071906413858,0.0006259160060628569,0.9826686005856412,0.0016898143812827716,0.0012518320121257139,0.4913343002928206,0.0008449071906413858,0.0006259160060628569
C+S,6,-2.0,0.36,True,q3_evidence_cs_penalty,PCS raw,pcs_raw,2,C+S,7,3.970391608345835,0.0,0.0,0.13241590219516064,0.005392639424349789,0.0039949231915801745,3.8379757061506736,0.0053926394243497934,0.003994923191580178,3.8379757061506736,0.0053926394243497934,0.003994923191580178,0.9668960244512098,0.0013481598560874356,0.000998730797895035,0.008636474609375,0.0003709486627546148,0.00027480261502979005,13.716029645310611,0.026275334060671687,0.019465039871111017,0.9825217807745725,0.0013805156926335427,0.0010227003370445224,0.49126089038728626,0.0006902578463167713,0.0005113501685222612,0.9825217807745725,0.0013805156926335427,0.0010227003370445224,0.49126089038728626,0.0006902578463167713,0.0005113501685222612
C+S,6,0.0,0.0,False,q3_evidence_cs_penalty,Uniform raw,uniform_raw,2,C+S,7,4.0,0.0,0.0,0.2029175185111543,0.006424218884753188,0.004759127950332462,3.7970824814888458,0.006424218884753016,0.004759127950332335,3.7970824814888458,0.006424218884753016,0.004759127950332335,0.9492706203722114,0.001606054721188254,0.0011897819875830837,0.013150896344866072,0.00045999859389713154,0.0003407717272095371,13.574322138916317,0.04010497705250882,0.029710182772729344,0.9720531152611446,0.001644600034496793,0.0012183367552850931,0.4860265576305723,0.0008223000172483965,0.0006091683776425466,0.9720531152611446,0.001644600034496793,0.0012183367552850931,0.4860265576305723,0.0008223000172483965,0.0006091683776425466
C+S,6,0.0,0.12,True,q3_evidence_cs_penalty,PCS raw,pcs_raw,2,C+S,7,3.996679855921233,0.0,0.0,0.18455069257533752,0.007558513870052052,0.0055994254347892305,3.812129163345895,0.007558513870052034,0.0055994254347892175,3.812129163345895,0.007558513870052034,0.0055994254347892175,0.9538623268561655,0.0018896284675130085,0.0013998563586973044,0.011838640485491072,0.00048823583482527494,0.0003616901680273521,13.530191063628395,0.03432756713694812,0.02543021761230671,0.9759050658165492,0.0019349795507333306,0.0014334529113060469,0.4879525329082746,0.0009674897753666653,0.0007167264556530234,0.9759050658165492,0.0019349795507333306,0.0014334529113060469,0.4879525329082746,0.0009674897753666653,0.0007167264556530234
C+S,6,0.0,0.16,True,q3_evidence_cs_penalty,PCS raw,pcs_raw,2,C+S,7,3.994102801322579,4.796711693331816e-16,3.553453750400821e-16,0.17541500404847016,0.007032911468582405,0.005210053726808866,3.8186877972741087,0.007032911468582292,0.0052100537268087825,3.8186877972741087,0.007032911468582292,0.0052100537268087825,0.9561462489878825,0.001758227867145573,0.0013025134317021956,0.011117117745535714,0.0003938676576142311,0.0002917812440252615,13.536614902803885,0.025375140632283154,0.018798167246967225,0.9775840761021718,0.001800425335957133,0.0013337737540630972,0.4887920380510859,0.0009002126679785665,0.0006668868770315486,0.9775840761021718,0.001800425335957133,0.0013337737540630972,0.4887920380510859,0.0009002126679785665,0.0006668868770315486
C+S,6,0.0,0.2,True,q3_evidence_cs_penalty,PCS raw,pcs_raw,2,C+S,7,3.9907962143176587,4.796711693331816e-16,3.553453750400821e-16,0.17034319897165012,0.004213346742252491,0.00312129094683959,3.820453015346009,0.004213346742252456,0.0031212909468395643,3.820453015346009,0.004213346742252456,0.0031212909468395643,0.9574142002570873,0.001053336685563114,0.0007803227367098911,0.010833740234375,0.00024238591628914093,0.00017956199962556427,13.545403791358243,0.021216411462901534,0.01571733756433611,0.9780359719285784,0.0010786167660166257,0.0007990504823909261,0.4890179859642892,0.0005393083830083128,0.00039952524119546304,0.9780359719285784,0.0010786167660166257,0.0007990504823909261,0.4890179859642892,0.0005393083830083128,0.00039952524119546304
C+S,6,0.0,0.24,True,q3_evidence_cs_penalty,PCS raw,pcs_raw,2,C+S,7,3.986765139934552,4.796711693331816e-16,3.553453750400821e-16,0.1609953010705741,0.004952790968560748,0.00366907889557957,3.8257698388639776,0.004952790968560884,0.00366907889557967,3.8257698388639776,0.004952790968560884,0.00366907889557967,0.9597511747323565,0.001238197742140179,0.0009172697238948864,0.010203770228794642,0.0003468049281764673,0.0002569166861538339,13.571611528913447,0.03303532130127029,0.024472908500397243,0.9793970787491784,0.0012679144879516066,0.0009392841972684106,0.4896985393745892,0.0006339572439758033,0.0004696420986342053,0.9793970787491784,0.0012679144879516066,0.0009392841972684106,0.4896985393745892,0.0006339572439758033,0.0004696420986342053
C+S,6,0.0,0.28,True,q3_evidence_cs_penalty,PCS raw,pcs_raw,2,C+S,7,3.982015709386645,9.593423386663633e-16,7.106907500801642e-16,0.1595737616280855,0.006947108087514755,0.005146489692581883,3.8224419477585596,0.006947108087514756,0.005146489692581884,3.8224419477585596,0.006947108087514756,0.005146489692581884,0.9601065595929786,0.001736777021878689,0.001286622423145471,0.010066441127232142,0.0006075294281423082,0.00045006409868499314,13.527927768088862,0.04806206233898657,0.035604874044835706,0.9785451386261913,0.0017784596704037883,0.0013175013613009703,0.48927256931309565,0.0008892298352018941,0.0006587506806504851,0.9785451386261913,0.0017784596704037883,0.0013175013613009703,0.48927256931309565,0.0008892298352018941,0.0006587506806504851
C+S,6,0.0,0.32,True,q3_evidence_cs_penalty,PCS raw,pcs_raw,2,C+S,7,3.976555119443372,0.0,0.0,0.15824950456539186,0.0048017699477139264,0.0035572009576865077,3.8183056148779797,0.004801769947713922,0.0035572009576865043,3.8183056148779797,0.004801769947713922,0.0035572009576865043,0.960437623858652,0.0012004424869284805,0.0008893002394216261,0.010171072823660714,0.000409706976876075,0.0003035151759422119,13.51375364227026,0.04140205500451314,0.030671071566508498,0.977486237408763,0.0012292531066147349,0.0009106434451677236,0.4887431187043815,0.0006146265533073674,0.0004553217225838618,0.977486237408763,0.0012292531066147349,0.0009106434451677236,0.4887431187043815,0.0006146265533073674,0.0004553217225838618
C+S,6,0.0,0.36,True,q3_evidence_cs_penalty,PCS raw,pcs_raw,2,C+S,7,3.970391608345835,0.0,0.0,0.1520572651281353,0.005290576391320519,0.003919313838614618,3.8183343432176993,0.005290576391320564,0.003919313838614651,3.8183343432176993,0.005290576391320564,0.003919313838614651,0.9619856837179663,0.0013226440978301428,0.000979828459653664,0.009791782924107142,0.0006001390100514395,0.0004445892003460884,13.51501528230976,0.021817422173697053,0.01616257252963042,0.9774935918637311,0.0013543875561780282,0.0010033443426853237,0.48874679593186554,0.0006771937780890141,0.0005016721713426618,0.9774935918637311,0.0013543875561780282,0.0010033443426853237,0.48874679593186554,0.0006771937780890141,0.0005016721713426618
C+S,6,2.0,0.0,False,q3_evidence_cs_penalty,Uniform raw,uniform_raw,2,C+S,7,4.0,0.0,0.0,0.26056502511582785,0.00734749134938368,0.0054430977637869304,3.7394349748841718,0.007347491349383752,0.005443097763786984,3.7394349748841718,0.007347491349383752,0.005443097763786984,0.9348587437210429,0.001836872837345938,0.001360774440946746,0.016767229352678572,0.00035441019830770814,0.00026255074911163846,13.151784475233663,0.022996202596260472,0.017035825287197662,0.9572953535703481,0.0018809577854422544,0.001393433027529478,0.47864767678517406,0.0009404788927211272,0.000696716513764739,0.9572953535703481,0.0018809577854422544,0.001393433027529478,0.47864767678517406,0.0009404788927211272,0.000696716513764739
C+S,6,2.0,0.12,True,q3_evidence_cs_penalty,PCS raw,pcs_raw,2,C+S,7,3.996679855921233,0.0,0.0,0.24288763866186078,0.005251129254721119,0.003890090990869448,3.7537922172593725,0.005251129254721038,0.0038900909908693875,3.7537922172593725,0.005251129254721038,0.0038900909908693875,0.9392780903345349,0.0013127823136802595,0.0009725227477173469,0.015391758510044642,0.00031930807627333864,0.00023654673320143543,13.089666733869484,0.03578280534312913,0.02650827316204282,0.9609708076183991,0.001344289089208626,0.000995863293662593,0.4804854038091996,0.000672144544604313,0.0004979316468312965,0.9609708076183991,0.001344289089208626,0.000995863293662593,0.4804854038091996,0.000672144544604313,0.0004979316468312965
C+S,6,2.0,0.16,True,q3_evidence_cs_penalty,PCS raw,pcs_raw,2,C+S,7,3.994102801322579,4.796711693331816e-16,3.553453750400821e-16,0.23275743952266037,0.007885627457345518,0.005841754571474875,3.761345361799918,0.007885627457345359,0.005841754571474756,3.761345361799918,0.007885627457345359,0.005841754571474756,0.9418106401193348,0.0019714068643363397,0.001460438642868689,0.0146484375,0.0007179742648937129,0.0005318827787428894,13.100748371131738,0.03393952718414775,0.025142753592423937,0.962904412620779,0.002018720629080444,0.0014954891702975614,0.4814522063103895,0.001009360314540222,0.0007477445851487807,0.962904412620779,0.002018720629080444,0.0014954891702975614,0.4814522063103895,0.001009360314540222,0.0007477445851487807
C+S,6,2.0,0.2,True,q3_evidence_cs_penalty,PCS raw,pcs_raw,2,C+S,7,3.9907962143176587,4.796711693331816e-16,3.553453750400821e-16,0.22930233507875242,0.004953146480766283,0.003669342262707059,3.7614938792389068,0.004953146480766217,0.0036693422627070106,3.7614938792389068,0.004953146480766217,0.0036693422627070106,0.9426744162303119,0.0012382866201915543,0.0009173355656767526,0.014559064592633928,0.0003953988285602523,0.00029291555133587337,13.048863968433023,0.044292649656596905,0.03281245405185044,0.96294243308516,0.0012680054990762085,0.0009393516192530369,0.48147121654258,0.0006340027495381043,0.00046967580962651846,0.96294243308516,0.0012680054990762085,0.0009393516192530369,0.48147121654258,0.0006340027495381043,0.00046967580962651846
C+S,6,2.0,0.24,True,q3_evidence_cs_penalty,PCS raw,pcs_raw,2,C+S,7,3.986765139934552,4.796711693331816e-16,3.553453750400821e-16,0.22272191737183317,0.0063627666101692916,0.004713603468238953,3.7640432225627194,0.00636276661016932,0.004713603468238974,3.7640432225627194,0.00636276661016932,0.004713603468238974,0.9443195206570417,0.0015906916525423272,0.0011784008670597415,0.014031546456473214,0.00048556023790391993,0.0003597080580898366,13.049494514312277,0.05284990402680876,0.039151756803198774,0.9635950649760561,0.0016288682522033627,0.0012066824878691899,0.48179753248802804,0.0008144341261016813,0.0006033412439345949,0.9635950649760561,0.0016288682522033627,0.0012066824878691899,0.48179753248802804,0.0008144341261016813,0.0006033412439345949
C+S,6,2.0,0.28,True,q3_evidence_cs_penalty,PCS raw,pcs_raw,2,C+S,7,3.982015709386645,9.593423386663633e-16,7.106907500801642e-16,0.2148125232764126,0.009035829224911243,0.0066938359651421055,3.7672031861102337,0.009035829224911248,0.00669383596514211,3.7672031861102337,0.009035829224911248,0.00669383596514211,0.9462968691808967,0.002258957306227812,0.0016734589912855275,0.013741629464285714,0.0006014400409434466,0.0004455530175188021,13.059000424048596,0.051456700331852644,0.038119657062495926,0.9644040156442196,0.0023131722815772967,0.0017136220070763928,0.4822020078221098,0.0011565861407886483,0.0008568110035381964,0.9644040156442196,0.0023131722815772967,0.0017136220070763928,0.4822020078221098,0.0011565861407886483,0.0008568110035381964
C+S,6,2.0,0.32,True,q3_evidence_cs_penalty,PCS raw,pcs_raw,2,C+S,7,3.976555119443372,0.0,0.0,0.21111466973838314,0.004314539515242867,0.0031962556021462632,3.765440449704989,0.004314539515242777,0.003196255602146197,3.765440449704989,0.004314539515242777,0.003196255602146197,0.9472213325654042,0.0010786348788106943,0.0007990639005365492,0.013266427176339286,0.0003095763682798409,0.000229337383030281,13.023795759053678,0.023356976096518628,0.01730309003636317,0.963952755124477,0.001104522115902135,0.0008182414341494146,0.4819763775622385,0.0005522610579510675,0.0004091207170747073,0.963952755124477,0.001104522115902135,0.0008182414341494146,0.4819763775622385,0.0005522610579510675,0.0004091207170747073
C+S,6,2.0,0.36,True,q3_evidence_cs_penalty,PCS raw,pcs_raw,2,C+S,7,3.970391608345835,0.0,0.0,0.2043767289325078,0.0031516667826343206,0.0023347874262141725,3.7660148794133272,0.0031516667826342565,0.0023347874262141253,3.7660148794133272,0.0031516667826342565,0.0023347874262141253,0.948905817766873,0.0007879166956586001,0.0005836968565535579,0.012998308454241072,0.0004067193488504336,0.000301301910127784,13.020273392442988,0.024427823947393075,0.018096385225875665,0.9640998091298117,0.000806826696354378,0.0005977055811108221,0.4820499045649059,0.000403413348177189,0.00029885279055541107,0.9640998091298117,0.000806826696354378,0.0005977055811108221,0.4820499045649059,0.000403413348177189,0.00029885279055541107
C+S,6,4.0,0.0,False,q3_evidence_cs_penalty,Uniform raw,uniform_raw,2,C+S,7,4.0,0.0,0.0,0.43171787500010944,0.008908480657762181,0.006599494826362994,3.5682821249998904,0.008908480657762086,0.006599494826362923,3.5682821249998904,0.008908480657762086,0.006599494826362923,0.8920705312499726,0.0022271201644405215,0.0016498737065907309,0.027738298688616072,0.0005977881642477212,0.00044284766940324487,12.194481238606304,0.05703449726909056,0.04225174685916972,0.913480223999972,0.002280571048387093,0.0016894706755489074,0.456740111999986,0.0011402855241935464,0.0008447353377744537,0.913480223999972,0.002280571048387093,0.0016894706755489074,0.456740111999986,0.0011402855241935464,0.0008447353377744537
C+S,6,4.0,0.12,True,q3_evidence_cs_penalty,PCS raw,pcs_raw,2,C+S,7,3.996679855921233,0.0,0.0,0.40864276527159216,0.007969765438852576,0.00590408486044201,3.58803709064964,0.007969765438852411,0.005904084860441887,3.58803709064964,0.007969765438852411,0.005904084860441887,0.897839308682102,0.0019924413597131024,0.0014760212151104716,0.025732857840401784,0.0007274702508362374,0.0005389175035749292,12.108821240206838,0.03234334764890462,0.023960287244966023,0.9185374952063079,0.0020402599523462717,0.0015114457242731637,0.45926874760315395,0.0010201299761731359,0.0007557228621365819,0.9185374952063079,0.0020402599523462717,0.0015114457242731637,0.45926874760315395,0.0010201299761731359,0.0007557228621365819
C+S,6,4.0,0.16,True,q3_evidence_cs_penalty,PCS raw,pcs_raw,2,C+S,7,3.994102801322579,4.796711693331816e-16,3.553453750400821e-16,0.3971645662863034,0.0065595516262079235,0.004859383848209934,3.5969382350362755,0.006559551626207874,0.004859383848209897,3.5969382350362755,0.006559551626207874,0.004859383848209897,0.9007088584284241,0.0016398879065519683,0.0012148459620524741,0.024594988141741072,0.00046578300869758784,0.0003450568816613107,12.109928482392178,0.030373839286612594,0.02250125503209372,0.9208161881692865,0.0016792452163092463,0.0012440022651417563,0.4604080940846432,0.0008396226081546232,0.0006220011325708782,0.9208161881692865,0.0016792452163092463,0.0012440022651417563,0.4604080940846432,0.0008396226081546232,0.0006220011325708782
C+S,6,4.0,0.2,True,q3_evidence_cs_penalty,PCS raw,pcs_raw,2,C+S,7,3.9907962143176587,4.796711693331816e-16,3.553453750400821e-16,0.3926521078467086,0.00906973605552723,0.006718954496777868,3.5981441064709507,0.009069736055527194,0.006718954496777841,3.5981441064709507,0.009069736055527194,0.006718954496777841,0.9018369730383229,0.0022674340138817985,0.0016797386241944603,0.024361746651785716,0.0005104178710382041,0.0003781228504172352,12.078685578454355,0.04403916685485133,0.032624671364436246,0.9211248912565634,0.002321852430214976,0.001720052351175138,0.4605624456282817,0.001160926215107488,0.000860026175587569,0.9211248912565634,0.002321852430214976,0.001720052351175138,0.4605624456282817,0.001160926215107488,0.000860026175587569
C+S,6,4.0,0.24,True,q3_evidence_cs_penalty,PCS raw,pcs_raw,2,C+S,7,3.986765139934552,4.796711693331816e-16,3.553453750400821e-16,0.38418119355515373,0.006677954778465754,0.004947098130899628,3.6025839463793985,0.006677954778465644,0.004947098130899547,3.6025839463793985,0.006677954778465644,0.004947098130899547,0.9039547016112116,0.0016694886946164353,0.0012367745327249047,0.024056570870535716,0.0005117845122090899,0.0003791352723647304,12.074955837362966,0.018928304732880846,0.014022284377709884,0.9222614902731261,0.001709556423287206,0.0012664571215102848,0.46113074513656305,0.000854778211643603,0.0006332285607551424,0.9222614902731261,0.001709556423287206,0.0012664571215102848,0.46113074513656305,0.000854778211643603,0.0006332285607551424
C+S,6,4.0,0.28,True,q3_evidence_cs_penalty,PCS raw,pcs_raw,2,C+S,7,3.982015709386645,9.593423386663633e-16,7.106907500801642e-16,0.38679155188815795,0.004527105233338646,0.0033537264898012655,3.595224157498488,0.00452710523333859,0.003353726489801224,3.595224157498488,0.00452710523333859,0.003353726489801224,0.9033021120279605,0.0011317763083346474,0.000838431622450306,0.024028233119419644,0.0003400250657442878,0.00025189409377657647,11.980533860918245,0.022043344364446542,0.016329938030695153,0.9203773843196128,0.001158938939734675,0.0008585539813891105,0.4601886921598064,0.0005794694698673375,0.00042927699069455523,0.9203773843196128,0.001158938939734675,0.0008585539813891105,0.4601886921598064,0.0005794694698673375,0.00042927699069455523
C+S,6,4.0,0.32,True,q3_evidence_cs_penalty,PCS raw,pcs_raw,2,C+S,7,3.976555119443372,0.0,0.0,0.38104216892904696,0.008790353576613003,0.0065119850600126455,3.5955129505143253,0.008790353576613017,0.006511985060012656,3.5955129505143253,0.008790353576613017,0.006511985060012656,0.9047394577677383,0.002197588394153254,0.001627996265003164,0.023539951869419644,0.0004832255800739615,0.0003579785193657767,11.964078452644372,0.04434023936832294,0.03284770900366429,0.9204513153316671,0.0022503305156129326,0.00166706817536324,0.46022565766583357,0.0011251652578064663,0.00083353408768162,0.9204513153316671,0.0022503305156129326,0.00166706817536324,0.46022565766583357,0.0011251652578064663,0.00083353408768162
C+S,6,4.0,0.36,True,q3_evidence_cs_penalty,PCS raw,pcs_raw,2,C+S,7,3.970391608345835,0.0,0.0,0.37737363577190003,0.010921976559657582,0.008091113464596617,3.5930179725739353,0.010921976559657591,0.008091113464596622,3.5930179725739353,0.010921976559657591,0.008091113464596622,0.905656591057025,0.0027304941399143956,0.002022778366149154,0.023550851004464284,0.0004125386204193146,0.0003056128868349701,11.9475479577988,0.03717494217154584,0.02753958255695297,0.9198126009789274,0.002796025999272346,0.002071325046936737,0.4599063004894637,0.001398012999636173,0.0010356625234683686,0.9198126009789274,0.002796025999272346,0.002071325046936737,0.4599063004894637,0.001398012999636173,0.0010356625234683686
C+S,6,6.0,0.0,False,q3_evidence_cs_penalty,Uniform raw,uniform_raw,2,C+S,7,4.0,0.0,0.0,0.843387770970214,0.02076860392106548,0.015385597094879255,3.156612229029786,0.020768603921065408,0.015385597094879199,3.156612229029786,0.020768603921065408,0.015385597094879199,0.7891530572574466,0.005192150980266352,0.0038463992737197998,0.05423845563616071,0.0012163994628603032,0.000901121332619455,10.428523123122291,0.0844348956825616,0.062550246066487,0.8080927306316251,0.0053167626037927355,0.003938712856289068,0.40404636531581256,0.0026583813018963677,0.001969356428144534,0.8080927306316251,0.0053167626037927355,0.003938712856289068,0.40404636531581256,0.0026583813018963677,0.001969356428144534
C+S,6,6.0,0.12,True,q3_evidence_cs_penalty,PCS raw,pcs_raw,2,C+S,7,3.996679855921233,0.0,0.0,0.8371911147240232,0.012204725529335186,0.009041387199718174,3.1594887411972095,0.012204725529335235,0.009041387199718209,3.1594887411972095,0.012204725529335235,0.009041387199718209,0.7907022213189941,0.0030511813823338087,0.002260346799929552,0.053070068359375,0.0010649133556414098,0.0007888988539203666,10.26003156526813,0.06050676506984924,0.044824038843312625,0.8088291177464857,0.0031244097355098183,0.00231459512312786,0.40441455887324285,0.0015622048677549091,0.00115729756156393,0.8088291177464857,0.0031244097355098183,0.00231459512312786,0.40441455887324285,0.0015622048677549091,0.00115729756156393
C+S,6,6.0,0.16,True,q3_evidence_cs_penalty,PCS raw,pcs_raw,2,C+S,7,3.994102801322579,4.796711693331816e-16,3.553453750400821e-16,0.836056855145267,0.01235038819737723,0.009149295614302886,3.1580459461773125,0.012350388197377306,0.009149295614302942,3.1580459461773125,0.012350388197377306,0.009149295614302942,0.7909857862136833,0.0030875970493443265,0.0022873239035757355,0.05287824358258929,0.0006844865068594338,0.0005070747004202233,10.239992577864303,0.04240757302808925,0.03141596974267766,0.8084597622213918,0.0031616993785285414,0.0023422196772615173,0.4042298811106959,0.0015808496892642707,0.0011711098386307586,0.8084597622213918,0.0031616993785285414,0.0023422196772615173,0.4042298811106959,0.0015808496892642707,0.0011711098386307586
C+S,6,6.0,0.2,True,q3_evidence_cs_penalty,PCS raw,pcs_raw,2,C+S,7,3.9907962143176587,4.796711693331816e-16,3.553453750400821e-16,0.8371041338022385,0.015918915410550346,0.01179289756909317,3.1536920805154205,0.0159189154105503,0.011792897569093136,3.1536920805154205,0.0159189154105503,0.011792897569093136,0.7907239665494404,0.003979728852637575,0.002948224392273284,0.05267116001674107,0.0009302618737578168,0.0006891476401958809,10.172379536204307,0.05630134121734457,0.041708617255335596,0.8073451726119476,0.004075242345100907,0.0030189817776878646,0.4036725863059738,0.0020376211725504534,0.0015094908888439323,0.8073451726119476,0.004075242345100907,0.0030189817776878646,0.4036725863059738,0.0020376211725504534,0.0015094908888439323
C+S,6,6.0,0.24,True,q3_evidence_cs_penalty,PCS raw,pcs_raw,2,C+S,7,3.986765139934552,4.796711693331816e-16,3.553453750400821e-16,0.8317451002273532,0.009150548636682946,0.006778821294689977,3.1550200397071997,0.009150548636682928,0.006778821294689964,3.1550200397071997,0.009150548636682928,0.006778821294689964,0.7920637249431616,0.0022876371591707494,0.0016947053236725039,0.05246625627790179,0.0012915360057611117,0.0009567832625482839,10.094359358398382,0.05916688790949259,0.04383144395228247,0.8076851301650431,0.0023425404509908607,0.001735378251440654,0.40384256508252153,0.0011712702254954304,0.000867689125720327,0.8076851301650431,0.0023425404509908607,0.001735378251440654,0.40384256508252153,0.0011712702254954304,0.000867689125720327
C+S,6,6.0,0.28,True,q3_evidence_cs_penalty,PCS raw,pcs_raw,2,C+S,7,3.982015709386645,9.593423386663633e-16,7.106907500801642e-16,0.8225130454121751,0.008646589436698065,0.00640548309474672,3.159502663974471,0.008646589436697955,0.0064054830947466385,3.159502663974471,0.008646589436697955,0.0064054830947466385,0.7943717386469563,0.002161647359174489,0.0016013707736866596,0.05144391741071429,0.0007410524886885003,0.0005489793661842777,10.069537422322975,0.03251288165623597,0.024085879795172772,0.8088326819774645,0.00221352689579468,0.0016398036722551422,0.40441634098873225,0.00110676344789734,0.0008199018361275711,0.8088326819774645,0.00221352689579468,0.0016398036722551422,0.40441634098873225,0.00110676344789734,0.0008199018361275711
C+S,6,6.0,0.32,True,q3_evidence_cs_penalty,PCS raw,pcs_raw,2,C+S,7,3.976555119443372,0.0,0.0,0.8232254557776508,0.016718027335399538,0.012384887967493157,3.1533296636657204,0.01671802733539936,0.012384887967493026,3.1533296636657204,0.01671802733539936,0.012384887967493026,0.7941936360555871,0.00417950683384984,0.0030962219918732564,0.05126081194196429,0.0011020486197712094,0.0008164090425726478,10.018732477104777,0.059436222845851774,0.04403097006535906,0.8072523938984244,0.004279814997862257,0.00317053131967823,0.4036261969492122,0.0021399074989311285,0.001585265659839115,0.8072523938984244,0.004279814997862257,0.00317053131967823,0.4036261969492122,0.0021399074989311285,0.001585265659839115
C+S,6,6.0,0.36,True,q3_evidence_cs_penalty,PCS raw,pcs_raw,2,C+S,7,3.970391608345835,0.0,0.0,0.8171942528416765,0.013299032378688048,0.009852061058505217,3.1531973555041586,0.013299032378687979,0.009852061058505165,3.1531973555041586,0.013299032378687979,0.009852061058505165,0.7957014367895808,0.0033247580946720355,0.0024630152646263215,0.05094691685267857,0.0009242355126654776,0.0006846832494227995,9.977791510164488,0.04606601786288756,0.03412618360375269,0.8072185230090645,0.003404552288944113,0.002522127630977315,0.40360926150453225,0.0017022761444720565,0.0012610638154886575,0.8072185230090645,0.003404552288944113,0.002522127630977315,0.40360926150453225,0.0017022761444720565,0.0012610638154886575
C+S,8,-2.0,0.0,False,q3_evidence_cs_penalty,Uniform raw,uniform_raw,2,C+S,7,4.0,0.0,0.0,0.20932470578460477,0.005137261968858995,0.003805736925029465,3.7906752942153945,0.005137261968858979,0.0038057369250294524,3.7906752942153945,0.005137261968858979,0.0038057369250294524,0.9476688235538486,0.0012843154922147447,0.0009514342312573631,0.013536725725446428,0.0003170780493260963,0.0002348947061200102,13.554747099094813,0.02556273925297023,0.01893714225002551,0.9704128753191412,0.0013151390640278994,0.0009742686528075405,0.4852064376595706,0.0006575695320139497,0.00048713432640377024,0.9704128753191412,0.0013151390640278994,0.0009742686528075405,0.4852064376595706,0.0006575695320139497,0.00048713432640377024
C+S,8,-2.0,0.12,True,q3_evidence_cs_penalty,PCS raw,pcs_raw,2,C+S,7,3.996679855921233,0.0,0.0,0.17898260571231792,0.004843314911296354,0.003587977897409083,3.8176972502089153,0.004843314911296217,0.0035879778974089813,3.8176972502089153,0.004843314911296217,0.0035879778974089813,0.9552543485719206,0.0012108287278240542,0.0008969944743522453,0.011354718889508928,0.0002782276863077397,0.00020611395443048756,13.575856144148869,0.03869750825825654,0.028667515298580214,0.9773304960534821,0.0012398886172918263,0.0009185223417366952,0.48866524802674105,0.0006199443086459132,0.0004592611708683476,0.9773304960534821,0.0012398886172918263,0.0009185223417366952,0.48866524802674105,0.0006199443086459132,0.0004592611708683476
C+S,8,-2.0,0.16,True,q3_evidence_cs_penalty,PCS raw,pcs_raw,2,C+S,7,3.994102801322579,4.796711693331816e-16,3.553453750400821e-16,0.17277615497639826,0.005133614957027363,0.0038030351808556622,3.82132664634618,0.005133614957027404,0.003803035180855693,3.82132664634618,0.005133614957027404,0.003803035180855693,0.9568059612559006,0.0012834037392568508,0.000950758795213923,0.010981968470982142,0.0004841081218053264,0.00035863231542976846,13.562015137761756,0.025795886249857857,0.01910985996237765,0.9782596214646221,0.0013142054289989743,0.0009735770062990268,0.48912981073231104,0.0006571027144994871,0.0004867885031495134,0.9782596214646221,0.0013142054289989743,0.0009735770062990268,0.48912981073231104,0.0006571027144994871,0.0004867885031495134
C+S,8,-2.0,0.2,True,q3_evidence_cs_penalty,PCS raw,pcs_raw,2,C+S,7,3.9907962143176587,4.796711693331816e-16,3.553453750400821e-16,0.17054789901172815,0.0047199584430856,0.003496594146909951,3.820248315305931,0.004719958443085565,0.003496594146909925,3.820248315305931,0.004719958443085565,0.003496594146909925,0.9573630252470681,0.0011799896107713914,0.0008741485367274813,0.010838099888392858,0.00029793272915149986,0.00022071165445325703,13.53709176136974,0.02802728441059774,0.020762902852977355,0.9779835687183184,0.0012083093614299292,0.0008951281016089589,0.4889917843591592,0.0006041546807149646,0.00044756405080447945,0.9779835687183184,0.0012083093614299292,0.0008951281016089589,0.4889917843591592,0.0006041546807149646,0.00044756405080447945
C+S,8,-2.0,0.24,True,q3_evidence_cs_penalty,PCS raw,pcs_raw,2,C+S,7,3.986765139934552,4.796711693331816e-16,3.553453750400821e-16,0.16611300405473434,0.004321933074918836,0.003201732827803979,3.8206521358798184,0.004321933074918845,0.0032017328278039856,3.8206521358798184,0.004321933074918845,0.0032017328278039856,0.9584717489863165,0.0010804832687297111,0.0008004332069509964,0.010607038225446428,0.0002414923034975249,0.00017890000200536366,13.529666922399938,0.015655752658426295,0.011597943874085609,0.9780869467852334,0.0011064148671792499,0.0008196436039178393,0.4890434733926167,0.0005532074335896249,0.0004098218019589197,0.9780869467852334,0.0011064148671792499,0.0008196436039178393,0.4890434733926167,0.0005532074335896249,0.0004098218019589197
C+S,8,-2.0,0.28,True,q3_evidence_cs_penalty,PCS raw,pcs_raw,2,C+S,7,3.982015709386645,9.593423386663633e-16,7.106907500801642e-16,0.15921983369197543,0.00547017995101217,0.004052366017601913,3.8227958756946703,0.005470179951012169,0.004052366017601911,3.8227958756946703,0.005470179951012169,0.004052366017601911,0.9601950415770062,0.001367544987753042,0.0010130915044004776,0.010223388671875,0.0003741775341339014,0.00027719459642159183,13.538113030080257,0.031691755122563094,0.02347758074632859,0.9786357441778356,0.0014003660674590942,0.0010374057005060736,0.4893178720889178,0.0007001830337295471,0.0005187028502530368,0.9786357441778356,0.0014003660674590942,0.0010374057005060736,0.4893178720889178,0.0007001830337295471,0.0005187028502530368
C+S,8,-2.0,0.32,True,q3_evidence_cs_penalty,PCS raw,pcs_raw,2,C+S,7,3.976555119443372,0.0,0.0,0.1569574768449451,0.004132024516139777,0.003061046598659797,3.819597642598427,0.004132024516139832,0.0030610465986598374,3.819597642598427,0.004132024516139832,0.0030610465986598374,0.9607606307887637,0.001033006129034958,0.0007652616496649594,0.010007585797991072,0.0002964591445588787,0.00021962000771024728,13.522062950465166,0.033703449805773986,0.02496786502308732,0.9778169965051972,0.0010577982761318173,0.0007836279292569334,0.4889084982525986,0.0005288991380659086,0.0003918139646284667,0.9778169965051972,0.0010577982761318173,0.0007836279292569334,0.4889084982525986,0.0005288991380659086,0.0003918139646284667
C+S,8,-2.0,0.36,True,q3_evidence_cs_penalty,PCS raw,pcs_raw,2,C+S,7,3.970391608345835,0.0,0.0,0.15073184676739518,0.005700313683044352,0.004222851472110325,3.8196597615784404,0.0057003136830444095,0.004222851472110368,3.8196597615784404,0.0057003136830444095,0.004222851472110368,0.9623170383081513,0.0014250784207610924,0.0010557128680275846,0.009769984654017858,0.0004202602455285547,0.0003113331467667401,13.533847632629497,0.039580495467033266,0.029321641376857017,0.9778328989640804,0.0014592803028593733,0.0010810499768602576,0.4889164494820402,0.0007296401514296866,0.0005405249884301288,0.9778328989640804,0.0014592803028593733,0.0010810499768602576,0.4889164494820402,0.0007296401514296866,0.0005405249884301288
C+S,8,0.0,0.0,False,q3_evidence_cs_penalty,Uniform raw,uniform_raw,2,C+S,7,4.0,0.0,0.0,0.24663542416286152,0.004150560576520615,0.003074778304355078,3.7533645758371383,0.004150560576520579,0.003074778304355051,3.7533645758371383,0.004150560576520579,0.003074778304355051,0.9383411439592846,0.0010376401441301447,0.0007686945760887627,0.015958513532366072,0.00038212311509708264,0.0002830807651717337,13.237587010090921,0.023289596466119198,0.017253174507632033,0.9608613314143074,0.001062543507589314,0.0007871432459149269,0.4804306657071537,0.000531271753794657,0.00039357162295746345,0.9608613314143074,0.001062543507589314,0.0007871432459149269,0.4804306657071537,0.000531271753794657,0.00039357162295746345
C+S,8,0.0,0.12,True,q3_evidence_cs_penalty,PCS raw,pcs_raw,2,C+S,7,3.996679855921233,0.0,0.0,0.22683362958519063,0.0057424603916606705,0.004254074190792356,3.769846226336042,0.005742460391660576,0.004254074190792286,3.769846226336042,0.005742460391660576,0.004254074190792286,0.9432915926037023,0.001435615097915144,0.0010635185476980714,0.01434326171875,0.0002598478144214844,0.00019249795479121503,13.202923313695916,0.02948388684370201,0.021841969036161292,0.9650806339420267,0.0014700698602650836,0.0010890429928428077,0.48254031697101335,0.0007350349301325418,0.0005445214964214038,0.9650806339420267,0.0014700698602650836,0.0010890429928428077,0.48254031697101335,0.0007350349301325418,0.0005445214964214038
C+S,8,0.0,0.16,True,q3_evidence_cs_penalty,PCS raw,pcs_raw,2,C+S,7,3.994102801322579,4.796711693331816e-16,3.553453750400821e-16,0.21474918237031362,0.0084431077388894,0.006254741743495341,3.779353618952265,0.008443107738889446,0.006254741743495377,3.779353618952265,0.008443107738889446,0.006254741743495377,0.9463127044074214,0.0021107769347223615,0.0015636854358738442,0.013617379324776786,0.0006251050656427583,0.00046308431315368446,13.212246528560186,0.05312830271455757,0.039357997437269594,0.9675145264517798,0.0021614355811556784,0.0016012138863348015,0.4837572632258899,0.0010807177905778392,0.0008006069431674008,0.9675145264517798,0.0021614355811556784,0.0016012138863348015,0.4837572632258899,0.0010807177905778392,0.0008006069431674008
C+S,8,0.0,0.2,True,q3_evidence_cs_penalty,PCS raw,pcs_raw,2,C+S,7,3.9907962143176587,4.796711693331816e-16,3.553453750400821e-16,0.21218635719686624,0.004939841351709377,0.0036594856851661257,3.778609857120793,0.004939841351709291,0.003659485685166062,3.778609857120793,0.004939841351709291,0.003659485685166062,0.9469534107007834,0.0012349603379273229,0.0009148714212915155,0.013650076729910714,0.0003109521509129658,0.00023035657706777342,13.186872796453747,0.04356400629439469,0.03227266749521383,0.9673241234229231,0.0012645993860375844,0.0009368283354025162,0.48366206171146153,0.0006322996930187922,0.0004684141677012581,0.9673241234229231,0.0012645993860375844,0.0009368283354025162,0.48366206171146153,0.0006322996930187922,0.0004684141677012581
C+S,8,0.0,0.24,True,q3_evidence_cs_penalty,PCS raw,pcs_raw,2,C+S,7,3.986765139934552,4.796711693331816e-16,3.553453750400821e-16,0.20729796201203202,0.003901982395806251,0.0028906290110474954,3.77946717792252,0.003901982395806243,0.002890629011047489,3.77946717792252,0.003901982395806243,0.002890629011047489,0.948175509496992,0.0009754955989515891,0.0007226572527618934,0.013227190290178572,0.0003070049869070336,0.00022743247705154246,13.1835461972484,0.028991128523072753,0.021476928563765298,0.9675435975481653,0.0009989074933264527,0.0007400010268281977,0.48377179877408266,0.0004994537466632263,0.00037000051341409883,0.9675435975481653,0.0009989074933264527,0.0007400010268281977,0.48377179877408266,0.0004994537466632263,0.00037000051341409883
C+S,8,0.0,0.28,True,q3_evidence_cs_penalty,PCS raw,pcs_raw,2,C+S,7,3.982015709386645,9.593423386663633e-16,7.106907500801642e-16,0.20064795632468369,0.00636756923582575,0.004717161303114549,3.781367753061962,0.006367569235825777,0.004717161303114568,3.781367753061962,0.006367569235825777,0.004717161303114568,0.9498380109188291,0.0015918923089564443,0.001179290325778642,0.012815202985491072,0.00046628261009680055,0.00034542699155726416,13.17275896946539,0.033434360044936655,0.024768520538579076,0.9680301447838625,0.001630097724371391,0.0012075932935973236,0.48401507239193126,0.0008150488621856955,0.0006037966467986618,0.9680301447838625,0.001630097724371391,0.0012075932935973236,0.48401507239193126,0.0008150488621856955,0.0006037966467986618
C+S,8,0.0,0.32,True,q3_evidence_cs_penalty,PCS raw,pcs_raw,2,C+S,7,3.976555119443372,0.0,0.0,0.19545725172974288,0.005002568259099104,0.0037059544284564366,3.781097867713629,0.005002568259099211,0.003705954428456516,3.781097867713629,0.005002568259099211,0.003705954428456516,0.9511356870675642,0.0012506420647748027,0.000926488607114129,0.012477329799107142,0.00026188786782958384,0.00019400924750536885,13.168552460354089,0.01528363478656745,0.011322275096830101,0.9679610541346891,0.001280657474329407,0.0009487243336848748,0.48398052706734457,0.0006403287371647035,0.0004743621668424374,0.9679610541346891,0.001280657474329407,0.0009487243336848748,0.48398052706734457,0.0006403287371647035,0.0004743621668424374
C+S,8,0.0,0.36,True,q3_evidence_cs_penalty,PCS raw,pcs_raw,2,C+S,7,3.970391608345835,0.0,0.0,0.19129692317658714,0.006445428533808049,0.004774840278234814,3.7790946851692473,0.006445428533808025,0.004774840278234797,3.7790946851692473,0.006445428533808025,0.004774840278234797,0.9521757692058532,0.001611357133452026,0.0011937100695587138,0.0123748779296875,0.0004966339314263567,0.00036791156505332467,13.144726070545193,0.028854246431823223,0.02137552489149758,0.9674482394033274,0.0016500297046548858,0.0012223591112281312,0.4837241197016637,0.0008250148523274429,0.0006111795556140656,0.9674482394033274,0.0016500297046548858,0.0012223591112281312,0.4837241197016637,0.0008250148523274429,0.0006111795556140656
C+S,8,2.0,0.0,False,q3_evidence_cs_penalty,Uniform raw,uniform_raw,2,C+S,7,4.0,0.0,0.0,0.3776235434169185,0.009749008120704278,0.00722216628474115,3.622376456583081,0.009749008120704292,0.007222166284741161,3.622376456583081,0.009749008120704292,0.007222166284741161,0.9055941141457703,0.002437252030176073,0.0018055415711852902,0.02423095703125,0.0006957405465806883,0.0005154118097174621,12.484979644378646,0.06528270037579566,0.048362101230547495,0.9273283728852688,0.002495746078900297,0.0018488745688937359,0.4636641864426344,0.0012478730394501485,0.0009244372844468679,0.9273283728852688,0.002495746078900297,0.0018488745688937359,0.4636641864426344,0.0012478730394501485,0.0009244372844468679
C+S,8,2.0,0.12,True,q3_evidence_cs_penalty,PCS raw,pcs_raw,2,C+S,7,3.996679855921233,0.0,0.0,0.34837401792992767,0.006251052018144579,0.0046308441403109125,3.6483058379913054,0.006251052018144541,0.004630844140310885,3.6483058379913054,0.006251052018144541,0.004630844140310885,0.9129064955175181,0.0015627630045361354,0.0011577110350777212,0.021909441266741072,0.000602572688720171,0.0004463920947340701,12.442326852182072,0.03179612089481178,0.023554895992380614,0.9339662945257741,0.0016002693166449994,0.0011854960999195842,0.46698314726288703,0.0008001346583224997,0.0005927480499597921,0.9339662945257741,0.0016002693166449994,0.0011854960999195842,0.46698314726288703,0.0008001346583224997,0.0005927480499597921
C+S,8,2.0,0.16,True,q3_evidence_cs_penalty,PCS raw,pcs_raw,2,C+S,7,3.994102801322579,4.796711693331816e-16,3.553453750400821e-16,0.34171641846023565,0.012248002748714536,0.009073447412493572,3.652386382862343,0.012248002748714416,0.009073447412493486,3.652386382862343,0.012248002748714416,0.009073447412493486,0.914570895384941,0.003062000687178604,0.0022683618531233714,0.021360124860491072,0.0005495585558787988,0.0004071186755224666,12.413092828659915,0.031239588282680607,0.023142610863685666,0.9350109140127597,0.0031354887036709046,0.0023228025375983427,0.46750545700637985,0.0015677443518354523,0.0011614012687991713,0.9350109140127597,0.0031354887036709046,0.0023228025375983427,0.46750545700637985,0.0015677443518354523,0.0011614012687991713
C+S,8,2.0,0.2,True,q3_evidence_cs_penalty,PCS raw,pcs_raw,2,C+S,7,3.9907962143176587,4.796711693331816e-16,3.553453750400821e-16,0.332187121647737,0.00877639845536799,0.006501646961520229,3.6586090926699226,0.00877639845536788,0.006501646961520147,3.6586090926699226,0.00877639845536788,0.006501646961520147,0.9169532195880656,0.0021940996138419704,0.0016254117403800372,0.02056884765625,0.0005102006072174221,0.0003779618991264045,12.392272617497301,0.039919008219584565,0.02957241513334193,0.9366039277235,0.0022467580045742045,0.001664421622149178,0.46830196386175,0.0011233790022871022,0.000832210811074589,0.9366039277235,0.0022467580045742045,0.001664421622149178,0.46830196386175,0.0011233790022871022,0.000832210811074589
C+S,8,2.0,0.24,True,q3_evidence_cs_penalty,PCS raw,pcs_raw,2,C+S,7,3.986765139934552,4.796711693331816e-16,3.553453750400821e-16,0.32894476907339687,0.0070073459743419915,0.005191114543635581,3.6578203708611556,0.0070073459743419005,0.0051911145436355135,3.6578203708611556,0.0070073459743419005,0.0051911145436355135,0.9177638077316507,0.0017518364935855274,0.0012977786359089172,0.020435878208705356,0.0004938691425749229,0.00036586338080934523,12.379824692450724,0.026700976584498312,0.019780360265439573,0.9364020149404558,0.0017938805694315825,0.001328925323170733,0.4682010074702279,0.0008969402847157912,0.0006644626615853665,0.9364020149404558,0.0017938805694315825,0.001328925323170733,0.4682010074702279,0.0008969402847157912,0.0006644626615853665
C+S,8,2.0,0.28,True,q3_evidence_cs_penalty,PCS raw,pcs_raw,2,C+S,7,3.982015709386645,9.593423386663633e-16,7.106907500801642e-16,0.32507938258153607,0.014060586682991911,0.010416228382241688,3.6569363268051096,0.014060586682991804,0.010416228382241608,3.6569363268051096,0.014060586682991804,0.010416228382241608,0.9187301543546161,0.003515146670747951,0.002604057095560402,0.020036969866071428,0.0006307639981089867,0.00046727650899137447,12.330017495000044,0.03675328585002012,0.02722721518261427,0.936175699662108,0.0035995101908459053,0.002666554465853854,0.468087849831054,0.0017997550954229526,0.001333277232926927,0.936175699662108,0.0035995101908459053,0.002666554465853854,0.468087849831054,0.0017997550954229526,0.001333277232926927
C+S,8,2.0,0.32,True,q3_evidence_cs_penalty,PCS raw,pcs_raw,2,C+S,7,3.976555119443372,0.0,0.0,0.3168891403836137,0.011014460085290265,0.008159626219171089,3.6596659790597577,0.011014460085290351,0.008159626219171153,3.6596659790597577,0.011014460085290351,0.008159626219171153,0.9207777149040967,0.002753615021322588,0.0020399065547927883,0.019991193498883928,0.0007017068209971347,0.0005198316876581178,12.338192197529793,0.04788622257160929,0.0354746101222145,0.9368744906392982,0.002819701781834307,0.002088864312107798,0.4684372453196491,0.0014098508909171535,0.001044432156053899,0.9368744906392982,0.002819701781834307,0.002088864312107798,0.4684372453196491,0.0014098508909171535,0.001044432156053899
C+S,8,2.0,0.36,True,q3_evidence_cs_penalty,PCS raw,pcs_raw,2,C+S,7,3.970391608345835,0.0,0.0,0.3197681596693909,0.010996385361923388,0.008146236276718477,3.650623448676444,0.010996385361923346,0.008146236276718446,3.650623448676444,0.010996385361923346,0.008146236276718446,0.9200579600826523,0.0027490963404808574,0.0020365590691796267,0.019975934709821428,0.0008318222912649498,0.000616222576952358,12.272437529625625,0.06413292264615736,0.04751033396857294,0.9345596028611697,0.002815074652652393,0.0020854364868399342,0.46727980143058484,0.0014075373263261965,0.0010427182434199671,0.9345596028611697,0.002815074652652393,0.0020854364868399342,0.46727980143058484,0.0014075373263261965,0.0010427182434199671
C+S,8,4.0,0.0,False,q3_evidence_cs_penalty,Uniform raw,uniform_raw,2,C+S,7,4.0,0.0,0.0,0.7141523836286682,0.014235139889727163,0.010545539207401377,3.2858476163713317,0.014235139889727147,0.010545539207401365,3.2858476163713317,0.014235139889727147,0.010545539207401365,0.8214619040928329,0.0035587849724317867,0.002636384801850341,0.045139857700892856,0.0005168289699102838,0.00038287225892616266,10.93060938375459,0.051455196461076734,0.03811854297943436,0.8411769897910609,0.003644195811770162,0.002699658037094759,0.42058849489553046,0.001822097905885081,0.0013498290185473794,0.8411769897910609,0.003644195811770162,0.002699658037094759,0.42058849489553046,0.001822097905885081,0.0013498290185473794
C+S,8,4.0,0.12,True,q3_evidence_cs_penalty,PCS raw,pcs_raw,2,C+S,7,3.996679855921233,0.0,0.0,0.6940804064564606,0.009879511337897967,0.007318844420977889,3.3025994494647724,0.00987951133789797,0.007318844420977892,3.3025994494647724,0.00987951133789797,0.007318844420977892,0.8264798983858849,0.0024698778344744926,0.001829711105244473,0.04299054827008929,0.0009043909353717212,0.0006699821808329055,10.85643201482692,0.040454809763142474,0.029969342471516783,0.8454654590629817,0.002529154902501875,0.0018736241717703362,0.4227327295314908,0.0012645774512509375,0.0009368120858851681,0.8454654590629817,0.002529154902501875,0.0018736241717703362,0.4227327295314908,0.0012645774512509375,0.0009368120858851681
C+S,8,4.0,0.16,True,q3_evidence_cs_penalty,PCS raw,pcs_raw,2,C+S,7,3.994102801322579,4.796711693331816e-16,3.553453750400821e-16,0.6934862690643762,0.014424103505039386,0.010685525412629007,3.3006165322582026,0.014424103505039407,0.010685525412629023,3.3006165322582026,0.014424103505039407,0.010685525412629023,0.8266284327339061,0.0036060258762598513,0.002671381353157255,0.042774745396205356,0.0010000703278147283,0.0007408624666723313,10.774597652322806,0.06751948614383016,0.05001913531648491,0.8449578322580998,0.0036925704972901293,0.00273549450563306,0.4224789161290499,0.0018462852486450646,0.00136774725281653,0.8449578322580998,0.0036925704972901293,0.00273549450563306,0.4224789161290499,0.0018462852486450646,0.00136774725281653
C+S,8,4.0,0.2,True,q3_evidence_cs_penalty,PCS raw,pcs_raw,2,C+S,7,3.9907962143176587,4.796711693331816e-16,3.553453750400821e-16,0.6797789789631205,0.0061628641668914535,0.004565513665850494,3.3110172353545386,0.006162864166891496,0.004565513665850525,3.3110172353545386,0.006162864166891496,0.004565513665850525,0.83005525525922,0.0015407160417228742,0.0011413784164626315,0.041560581752232144,0.0005977417949642838,0.00044281331855735954,10.780586518809173,0.03818663042382036,0.028289051702509272,0.8476204122507619,0.001577693226724194,0.001168771498457713,0.42381020612538095,0.000788846613362097,0.0005843857492288565,0.8476204122507619,0.001577693226724194,0.001168771498457713,0.42381020612538095,0.000788846613362097,0.0005843857492288565
C+S,8,4.0,0.24,True,q3_evidence_cs_penalty,PCS raw,pcs_raw,2,C+S,7,3.986765139934552,4.796711693331816e-16,3.553453750400821e-16,0.6881704448398163,0.005512629552366083,0.0040838131223640715,3.298594695094736,0.005512629552366074,0.0040838131223640654,3.298594695094736,0.005512629552366074,0.0040838131223640654,0.8279573887900459,0.0013781573880915405,0.0010209532805910326,0.04234967912946429,0.00047227181733287853,0.0003498638583684497,10.689716925857008,0.03692730300761412,0.027356128897012843,0.8444402419442524,0.0014112331654057223,0.0010454561593252062,0.4222201209721262,0.0007056165827028612,0.0005227280796626031,0.8444402419442524,0.0014112331654057223,0.0010454561593252062,0.4222201209721262,0.0007056165827028612,0.0005227280796626031
C+S,8,4.0,0.28,True,q3_evidence_cs_penalty,PCS raw,pcs_raw,2,C+S,7,3.982015709386645,9.593423386663633e-16,7.106907500801642e-16,0.6895516147451148,0.010150885724919661,0.007519881380248447,3.2924640946415313,0.01015088572491975,0.007519881380248513,3.2924640946415313,0.01015088572491975,0.007519881380248513,0.8276120963137211,0.0025377214312299373,0.0018799703450621283,0.04195295061383929,0.0011767701436836157,0.0008717635221323261,10.632186946097338,0.041968841370815246,0.031090952782594952,0.8428708082282318,0.002598626745579462,0.001925089633343624,0.4214354041141159,0.001299313372789731,0.000962544816671812,0.8428708082282318,0.002598626745579462,0.001925089633343624,0.4214354041141159,0.001299313372789731,0.000962544816671812
C+S,8,4.0,0.32,True,q3_evidence_cs_penalty,PCS raw,pcs_raw,2,C+S,7,3.976555119443372,0.0,0.0,0.6778541293780316,0.014492135763138781,0.010735924414726131,3.2987009900653397,0.014492135763138873,0.010735924414726199,3.2987009900653397,0.014492135763138873,0.010735924414726199,0.8305364676554922,0.0036230339407847187,0.00268398110368155,0.04128810337611607,0.0007470798580867024,0.0005534445039207954,10.619740347842257,0.08463568536024575,0.0626989931413217,0.8444674534567271,0.0037099867553635315,0.002748396650169892,0.42223372672836357,0.0018549933776817657,0.001374198325084946,0.8444674534567271,0.0037099867553635315,0.002748396650169892,0.42223372672836357,0.0018549933776817657,0.001374198325084946
C+S,8,4.0,0.36,True,q3_evidence_cs_penalty,PCS raw,pcs_raw,2,C+S,7,3.970391608345835,0.0,0.0,0.6780325694974438,0.013693110208989443,0.01014399800063601,3.292359038848391,0.013693110208989476,0.010143998000636034,3.292359038848391,0.013693110208989476,0.010143998000636034,0.830491857625639,0.003423277552247368,0.0025359995001590077,0.041748046875,0.0010088510066534183,0.0007473672845861918,10.5594174638901,0.05007070610725478,0.03709289817217575,0.8428439139451881,0.003505436213501296,0.002596863488162817,0.42142195697259405,0.001752718106750648,0.0012984317440814085,0.8428439139451881,0.003505436213501296,0.002596863488162817,0.42142195697259405,0.001752718106750648,0.0012984317440814085
C+S,8,6.0,0.0,False,q3_evidence_cs_penalty,Uniform raw,uniform_raw,2,C+S,7,4.0,0.0,0.0,1.4159469097570123,0.010295111400295254,0.007626725255768411,2.584053090242988,0.01029511140029527,0.007626725255768423,2.584053090242988,0.01029511140029527,0.007626725255768423,0.646013272560747,0.0025737778500738175,0.0019066813139421057,0.09723772321428571,0.001093352206546459,0.0008099666494991839,8.313152260011929,0.06528634023897781,0.04836479767892765,0.6615175911022048,0.0026355485184755894,0.0019524416654767163,0.3307587955511024,0.0013177742592377947,0.0009762208327383582,0.6615175911022048,0.0026355485184755894,0.0019524416654767163,0.3307587955511024,0.0013177742592377947,0.0009762208327383582
C+S,8,6.0,0.12,True,q3_evidence_cs_penalty,PCS raw,pcs_raw,2,C+S,7,3.996679855921233,0.0,0.0,1.4339450005475667,0.02252784807679765,0.016688863403702365,2.5627348553736664,0.02252784807679769,0.016688863403702393,2.5627348553736664,0.02252784807679769,0.016688863403702393,0.6415137498631083,0.005631962019199422,0.004172215850925598,0.09675816127232142,0.0016103970258144024,0.001192998811867232,8.097728055689922,0.11692046665295235,0.08661589382245306,0.6560601229756585,0.005767129107660158,0.004272349031347775,0.32803006148782926,0.002883564553830079,0.0021361745156738875,0.6560601229756585,0.005767129107660158,0.004272349031347775,0.32803006148782926,0.002883564553830079,0.0021361745156738875
C+S,8,6.0,0.16,True,q3_evidence_cs_penalty,PCS raw,pcs_raw,2,C+S,7,3.994102801322579,4.796711693331816e-16,3.553453750400821e-16,1.4352506889976862,0.014506255751629863,0.01074638464858363,2.5588521123248924,0.014506255751629915,0.010746384648583669,2.5588521123248924,0.014506255751629915,0.010746384648583669,0.6411873277505785,0.0036265639379074793,0.0026865961621459176,0.09647696358816964,0.0018952192921404193,0.0014039980995419173,8.057845403896492,0.05698517541772594,0.04221520872035434,0.6550661407551726,0.0037136014724172706,0.0027510744700374283,0.3275330703775863,0.0018568007362086353,0.0013755372350187142,0.6550661407551726,0.0037136014724172706,0.0027510744700374283,0.3275330703775863,0.0018568007362086353,0.0013755372350187142
C+S,8,6.0,0.2,True,q3_evidence_cs_penalty,PCS raw,pcs_raw,2,C+S,7,3.9907962143176587,4.796711693331816e-16,3.553453750400821e-16,1.4441632039435677,0.016806013903442312,0.012450069329264624,2.5466330103740913,0.016806013903442246,0.012450069329264577,2.5466330103740913,0.016806013903442246,0.012450069329264577,0.638959199014108,0.0042015034758605616,0.003112517332316144,0.09630039760044642,0.0014181216946981474,0.0010505592532390935,7.950063411979473,0.0692678824976261,0.051314365461173427,0.6519380506557674,0.0043023395592812295,0.003187217748291742,0.3259690253278837,0.0021511697796406147,0.001593608874145871,0.6519380506557674,0.0043023395592812295,0.003187217748291742,0.3259690253278837,0.0021511697796406147,0.001593608874145871
C+S,8,6.0,0.24,True,q3_evidence_cs_penalty,PCS raw,pcs_raw,2,C+S,7,3.986765139934552,4.796711693331816e-16,3.553453750400821e-16,1.442817342678538,0.015192571586574648,0.011254814534214305,2.5439477972560147,0.015192571586574595,0.011254814534214267,2.5439477972560147,0.015192571586574595,0.011254814534214267,0.6392956643303656,0.003798142896643629,0.0028137036335535524,0.09614345005580358,0.0012773538280493346,0.0009462769582713722,7.936543889670091,0.060924468053438374,0.04513347754392325,0.6512506360975397,0.003889298326163115,0.0028812325207588658,0.3256253180487699,0.0019446491630815575,0.0014406162603794329,0.6512506360975397,0.003889298326163115,0.0028812325207588658,0.3256253180487699,0.0019446491630815575,0.0014406162603794329
C+S,8,6.0,0.28,True,q3_evidence_cs_penalty,PCS raw,pcs_raw,2,C+S,7,3.982015709386645,9.593423386663633e-16,7.106907500801642e-16,1.4512705418279725,0.012653894287769694,0.009374136072543032,2.5307451675586736,0.012653894287769751,0.009374136072543074,2.5307451675586736,0.012653894287769751,0.009374136072543074,0.6371823645430069,0.003163473571942438,0.0023435340181357685,0.09624372209821429,0.0014001787538048941,0.0010372669366091433,7.8163388547911214,0.05944276801330427,0.04403581879326226,0.6478707628950203,0.0032393969376690746,0.0023997788345710403,0.32393538144751016,0.0016196984688345373,0.0011998894172855201,0.6478707628950203,0.0032393969376690746,0.0023997788345710403,0.32393538144751016,0.0016196984688345373,0.0011998894172855201
C+S,8,6.0,0.32,True,q3_evidence_cs_penalty,PCS raw,pcs_raw,2,C+S,7,3.976555119443372,0.0,0.0,1.435437238417304,0.018346047559647406,0.013590942227461328,2.541117881026068,0.0183460475596474,0.013590942227461322,2.541117881026068,0.0183460475596474,0.013590942227461322,0.641140690395674,0.00458651188991185,0.0033977355568653306,0.09464590890066964,0.001446119866038788,0.0010713005888280285,7.854623839282423,0.07562503467310204,0.056023809697986156,0.6505261775426734,0.004696588175269749,0.0034792812102301092,0.3252630887713367,0.0023482940876348745,0.0017396406051150546,0.6505261775426734,0.004696588175269749,0.0034792812102301092,0.3252630887713367,0.0023482940876348745,0.0017396406051150546
C+S,8,6.0,0.36,True,q3_evidence_cs_penalty,PCS raw,pcs_raw,2,C+S,7,3.970391608345835,0.0,0.0,1.4568695902169273,0.014957335195696623,0.011080548977133127,2.5135220181289073,0.01495733519569663,0.011080548977133132,2.5135220181289073,0.01495733519569663,0.011080548977133132,0.6357826024457681,0.0037393337989241426,0.0027701372442832718,0.09609331403459821,0.001186752491587336,0.0008791585489473818,7.709696097212821,0.06911392052884327,0.05120030883856028,0.6434616366410004,0.003829077810098334,0.0028366205381460795,0.3217308183205002,0.001914538905049167,0.0014183102690730398,0.6434616366410004,0.003829077810098334,0.0028366205381460795,0.3217308183205002,0.001914538905049167,0.0014183102690730398
C+S,10,-2.0,0.0,False,q3_evidence_cs_penalty,Uniform raw,uniform_raw,2,C+S,7,4.0,0.0,0.0,0.23476511812953085,0.004112569676555572,0.003046634251805587,3.765234881870469,0.004112569676555565,0.003046634251805582,3.765234881870469,0.004112569676555565,0.003046634251805582,0.9413087204676173,0.0010281424191388912,0.0007616585629513955,0.015260968889508928,0.00024404978197359924,0.00018079460857406974,13.351534615778018,0.0463777669374148,0.034357130550095705,0.9639001297588399,0.0010528178371982972,0.0007799383684622828,0.48195006487941994,0.0005264089185991486,0.0003899691842311414,0.9639001297588399,0.0010528178371982972,0.0007799383684622828,0.48195006487941994,0.0005264089185991486,0.0003899691842311414
C+S,10,-2.0,0.12,True,q3_evidence_cs_penalty,PCS raw,pcs_raw,2,C+S,7,3.996679855921233,0.0,0.0,0.21528651712732863,0.00525435405440437,0.003892479955906614,3.7813933387939045,0.005254354054404361,0.003892479955906608,3.7813933387939045,0.005254354054404361,0.003892479955906608,0.9461783707181679,0.0013135885136010903,0.000973119988976652,0.013647896902901786,0.0004612982995049185,0.00034173456259796117,13.300968421820404,0.03017798569779735,0.022356164663066024,0.9680366947312395,0.0013451146379275232,0.0009964748687120966,0.48401834736561977,0.0006725573189637616,0.0004982374343560483,0.9680366947312395,0.0013451146379275232,0.0009964748687120966,0.48401834736561977,0.0006725573189637616,0.0004982374343560483
C+S,10,-2.0,0.16,True,q3_evidence_cs_penalty,PCS raw,pcs_raw,2,C+S,7,3.994102801322579,4.796711693331816e-16,3.553453750400821e-16,0.20268363162492015,0.005242625571140074,0.0038837913739140878,3.7914191696976585,0.005242625571140112,0.003883791373914115,3.7914191696976585,0.005242625571140112,0.003883791373914115,0.9493290920937699,0.001310656392785028,0.0009709478434785288,0.012826102120535714,0.0002514781057782047,0.00018629758785868294,13.32994852119387,0.029395968671559608,0.02177683834278189,0.9706033074426007,0.001342112146211879,0.0009942505917220213,0.48530165372130035,0.0006710560731059395,0.0004971252958610107,0.9706033074426007,0.001342112146211879,0.0009942505917220213,0.48530165372130035,0.0006710560731059395,0.0004971252958610107
C+S,10,-2.0,0.2,True,q3_evidence_cs_penalty,PCS raw,pcs_raw,2,C+S,7,3.9907962143176587,4.796711693331816e-16,3.553453750400821e-16,0.1997262950498999,0.004800282506462109,0.0035560990457867117,3.791069919267759,0.004800282506462108,0.0035560990457867117,3.791069919267759,0.004800282506462108,0.0035560990457867117,0.9500684262375251,0.0012000706266155267,0.0008890247614466777,0.012699672154017858,0.00021247816481190733,0.00015740602727463656,13.318268133073346,0.03461092180015122,0.025640129684373146,0.9705138993325464,0.001228872321654281,0.0009103613557213843,0.4852569496662732,0.0006144361608271404,0.0004551806778606921,0.9705138993325464,0.001228872321654281,0.0009103613557213843,0.4852569496662732,0.0006144361608271404,0.0004551806778606921
C+S,10,-2.0,0.24,True,q3_evidence_cs_penalty,PCS raw,pcs_raw,2,C+S,7,3.986765139934552,4.796711693331816e-16,3.553453750400821e-16,0.19401340862342278,0.0065634344223554665,0.004862260263849363,3.7927517313111294,0.006563434422355545,0.00486226026384942,3.7927517313111294,0.006563434422355545,0.00486226026384942,0.9514966478441443,0.001640858605588848,0.0012155650659623268,0.012296404157366072,0.0005687817118810152,0.00042135938877725226,13.288914375571201,0.03350048079775238,0.024817503477745296,0.9709444432156492,0.001680239212123044,0.0012447386275454698,0.4854722216078246,0.000840119606061522,0.0006223693137727349,0.9709444432156492,0.001680239212123044,0.0012447386275454698,0.4854722216078246,0.000840119606061522,0.0006223693137727349
C+S,10,-2.0,0.28,True,q3_evidence_cs_penalty,PCS raw,pcs_raw,2,C+S,7,3.982015709386645,9.593423386663633e-16,7.106907500801642e-16,0.18628801780860652,0.004004171123090935,0.002966331479620548,3.79572769157804,0.004004171123091015,0.002966331479620607,3.79572769157804,0.004004171123091015,0.002966331479620607,0.9534279955478483,0.0010010427807727537,0.0007415828699051518,0.011960710797991072,0.00021694481219564492,0.0001607149659626809,13.30321655211873,0.023225276486632584,0.017205525600016817,0.971706289043978,0.001025067807511289,0.0007593808587828673,0.485853144521989,0.0005125339037556445,0.00037969042939143367,0.971706289043978,0.001025067807511289,0.0007593808587828673,0.485853144521989,0.0005125339037556445,0.00037969042939143367
C+S,10,-2.0,0.32,True,q3_evidence_cs_penalty,PCS raw,pcs_raw,2,C+S,7,3.976555119443372,0.0,0.0,0.18167111668340916,0.006309021768768801,0.0046737887325514265,3.794884002759962,0.0063090217687688695,0.004673788732551478,3.794884002759962,0.0063090217687688695,0.004673788732551478,0.9545822208291476,0.0015772554421922174,0.0011684471831378694,0.011529105050223214,0.0004509187010436273,0.00033404524845152134,13.27841110958622,0.025697922101405715,0.01903728710560037,0.9714903047065505,0.0016151095728048023,0.0011964899155331573,0.48574515235327526,0.0008075547864024011,0.0005982449577665787,0.9714903047065505,0.0016151095728048023,0.0011964899155331573,0.48574515235327526,0.0008075547864024011,0.0005982449577665787
C+S,10,-2.0,0.36,True,q3_evidence_cs_penalty,PCS raw,pcs_raw,2,C+S,7,3.970391608345835,0.0,0.0,0.1793741751232259,0.004817429736142938,0.0035688018913012823,3.791017433222609,0.004817429736142976,0.0035688018913013105,3.791017433222609,0.004817429736142976,0.0035688018913013105,0.9551564562191935,0.001204357434035714,0.0008922004728253053,0.011614118303571428,0.0003844517005114919,0.00028480580538740147,13.268945234006367,0.03069996777595542,0.022742854398004924,0.9705004629049878,0.0012332620124525736,0.0009136132841731146,0.4852502314524939,0.0006166310062262868,0.0004568066420865573,0.9705004629049878,0.0012332620124525736,0.0009136132841731146,0.4852502314524939,0.0006166310062262868,0.0004568066420865573
C+S,10,0.0,0.0,False,q3_evidence_cs_penalty,Uniform raw,uniform_raw,2,C+S,7,4.0,0.0,0.0,0.3188947831528982,0.006215587220338976,0.0046045714504294845,3.6811052168471017,0.006215587220339018,0.004604571450429516,3.6811052168471017,0.006215587220339018,0.004604571450429516,0.9202763042117754,0.0015538968050847544,0.001151142862607379,0.020542689732142856,0.00044204111335161266,0.00032746863945445453,12.82744828829924,0.03808387571409834,0.028212929948279047,0.9423629355128581,0.0015911903284067965,0.0011787702913099618,0.47118146775642905,0.0007955951642033982,0.0005893851456549809,0.9423629355128581,0.0015911903284067965,0.0011787702913099618,0.47118146775642905,0.0007955951642033982,0.0005893851456549809
C+S,10,0.0,0.12,True,q3_evidence_cs_penalty,PCS raw,pcs_raw,2,C+S,7,3.996679855921233,0.0,0.0,0.2933982392953876,0.008073289987865188,0.005980776919599707,3.703281616625845,0.008073289987865226,0.005980776919599735,3.703281616625845,0.008073289987865226,0.005980776919599735,0.9266504401761531,0.0020183224969663066,0.0014951942298999338,0.018382481166294644,0.0006231687887463875,0.0004616498991552805,12.769123030893741,0.032895178913079,0.02436908956635525,0.9480400938562165,0.0020667622368934677,0.0015310788914175099,0.47402004692810823,0.0010333811184467339,0.0007655394457087549,0.9480400938562165,0.0020667622368934677,0.0015310788914175099,0.47402004692810823,0.0010333811184467339,0.0007655394457087549
C+S,10,0.0,0.16,True,q3_evidence_cs_penalty,PCS raw,pcs_raw,2,C+S,7,3.994102801322579,4.796711693331816e-16,3.553453750400821e-16,0.2873674866646937,0.008542241965940084,0.006328181406628743,3.706735314657885,0.008542241965940086,0.006328181406628745,3.706735314657885,0.008542241965940086,0.006328181406628745,0.9281581283338266,0.0021355604914850214,0.0015820453516571862,0.017950875418526784,0.0006253533272882158,0.0004632682279543922,12.750737556522619,0.043153555962760444,0.031968601634360334,0.9489242405524186,0.0021868139432806586,0.0016200144400969562,0.4744621202762093,0.0010934069716403293,0.0008100072200484781,0.9489242405524186,0.0021868139432806586,0.0016200144400969562,0.4744621202762093,0.0010934069716403293,0.0008100072200484781
C+S,10,0.0,0.2,True,q3_evidence_cs_penalty,PCS raw,pcs_raw,2,C+S,7,3.9907962143176587,4.796711693331816e-16,3.553453750400821e-16,0.27186666232302054,0.007471731894090281,0.005535136447319493,3.7189295519946386,0.007471731894090502,0.0055351364473196565,3.7189295519946386,0.007471731894090502,0.0055351364473196565,0.9320333344192449,0.0018679329735226255,0.0013837841118299141,0.017041887555803572,0.000660867565250883,0.0004895775436167245,12.78256365923563,0.03269309077729656,0.02421938058030009,0.9520459653106277,0.0019127633648871555,0.0014169949305138224,0.47602298265531384,0.0009563816824435777,0.0007084974652569112,0.9520459653106277,0.0019127633648871555,0.0014169949305138224,0.47602298265531384,0.0009563816824435777,0.0007084974652569112
C+S,10,0.0,0.24,True,q3_evidence_cs_penalty,PCS raw,pcs_raw,2,C+S,7,3.986765139934552,4.796711693331816e-16,3.553453750400821e-16,0.26869281651053345,0.008474708483769798,0.006278151902910762,3.718072323424019,0.008474708483769808,0.00627815190291077,3.718072323424019,0.008474708483769808,0.00627815190291077,0.9328267958723667,0.002118677120942475,0.0015695379757277095,0.017109462193080356,0.0006304123526471707,0.00046701600638771816,12.748667742112023,0.03640120657682593,0.026966391206991656,0.951826514796549,0.00216952537184508,0.001607206887145164,0.4759132573982745,0.00108476268592254,0.000803603443572582,0.951826514796549,0.00216952537184508,0.001607206887145164,0.4759132573982745,0.00108476268592254,0.000803603443572582
C+S,10,0.0,0.28,True,q3_evidence_cs_penalty,PCS raw,pcs_raw,2,C+S,7,3.982015709386645,9.593423386663633e-16,7.106907500801642e-16,0.26524256886829944,0.007458880477023932,0.005525615984324841,3.7167731405183466,0.007458880477023905,0.005525615984324821,3.7167731405183466,0.007458880477023905,0.005525615984324821,0.9336893577829252,0.0018647201192559762,0.0013814039960812052,0.016887119838169644,0.0004903205791447891,0.00036323456823199703,12.712439484394197,0.025498043150693074,0.018889214706747755,0.9514939239726967,0.0019094734021181373,0.001414557691987167,0.47574696198634836,0.0009547367010590686,0.0007072788459935836,0.9514939239726967,0.0019094734021181373,0.001414557691987167,0.47574696198634836,0.0009547367010590686,0.0007072788459935836
C+S,10,0.0,0.32,True,q3_evidence_cs_penalty,PCS raw,pcs_raw,2,C+S,7,3.976555119443372,0.0,0.0,0.2581525567035786,0.009254310643810978,0.00685568926528133,3.7184025627397936,0.009254310643810831,0.00685568926528122,3.7184025627397936,0.009254310643810831,0.00685568926528122,0.9354618608241054,0.0023135776609527078,0.001713922316320305,0.016278948102678572,0.0005919825843887604,0.0004385468356567109,12.71037618443681,0.046665456227448096,0.03457025375865545,0.9519110560613873,0.0023691035248156207,0.001755056451912028,0.47595552803069363,0.0011845517624078103,0.000877528225956014,0.9519110560613873,0.0023691035248156207,0.001755056451912028,0.47595552803069363,0.0011845517624078103,0.000877528225956014
C+S,10,0.0,0.36,True,q3_evidence_cs_penalty,PCS raw,pcs_raw,2,C+S,7,3.970391608345835,0.0,0.0,0.25996522976446845,0.007704346517753528,0.005707459772067846,3.7104263785813667,0.00770434651775366,0.005707459772067944,3.7104263785813667,0.00770434651775366,0.005707459772067944,0.9350086925588829,0.0019260866294383513,0.0014268649430169388,0.016383579799107144,0.00038164407288173157,0.000282725885732324,12.665492161213889,0.04044286212334007,0.02996049153608881,0.9498691529168298,0.0019723127085448985,0.0014611097016493653,0.4749345764584149,0.0009861563542724492,0.0007305548508246826,0.9498691529168298,0.0019723127085448985,0.0014611097016493653,0.4749345764584149,0.0009861563542724492,0.0007305548508246826
C+S,10,2.0,0.0,False,q3_evidence_cs_penalty,Uniform raw,uniform_raw,2,C+S,7,4.0,0.0,0.0,0.538023519408721,0.008881750200233043,0.006579692626308133,3.4619764805912796,0.008881750200232998,0.0065796926263081,3.4619764805912796,0.008881750200232998,0.0065796926263081,0.8654941201478199,0.0022204375500582494,0.001644923156577025,0.03406415666852679,0.0007231365973819081,0.0005357070881685517,11.704159551604125,0.035085822626283854,0.025991941139715653,0.8862659790313673,0.0022737280512596138,0.0016844013123348486,0.44313298951568364,0.0011368640256298069,0.0008422006561674243,0.8862659790313673,0.0022737280512596138,0.0016844013123348486,0.44313298951568364,0.0011368640256298069,0.0008422006561674243
C+S,10,2.0,0.12,True,q3_evidence_cs_penalty,PCS raw,pcs_raw,2,C+S,7,3.996679855921233,0.0,0.0,0.5215360217222217,0.01449418206144827,0.010737440333727977,3.475143834199011,0.014494182061448186,0.010737440333727914,3.475143834199011,0.014494182061448186,0.010737440333727914,0.8696159945694447,0.003623545515362047,0.002684360083431979,0.032359531947544644,0.0010313976131965381,0.0007640700444562164,11.612274090842359,0.04733526949028501,0.03506645836778484,0.8896368215549468,0.003710510607730761,0.0027487847254343647,0.4448184107774734,0.0018552553038653804,0.0013743923627171823,0.8896368215549468,0.003710510607730761,0.0027487847254343647,0.4448184107774734,0.0018552553038653804,0.0013743923627171823
C+S,10,2.0,0.16,True,q3_evidence_cs_penalty,PCS raw,pcs_raw,2,C+S,7,3.994102801322579,4.796711693331816e-16,3.553453750400821e-16,0.5217905216001681,0.016243089533991565,0.012033049120483358,3.4723122797224106,0.016243089533991582,0.01203304912048337,3.4723122797224106,0.016243089533991582,0.01203304912048337,0.8695523695999577,0.004060772383497896,0.0030082622801208426,0.03167942592075893,0.0007948949730515175,0.0005888664367907173,11.546517229877129,0.08213076736678158,0.06084332392303291,0.888911943608937,0.004158230920701845,0.003080460574843743,0.4444559718044685,0.0020791154603509226,0.0015402302874218715,0.888911943608937,0.004158230920701845,0.003080460574843743,0.4444559718044685,0.0020791154603509226,0.0015402302874218715
C+S,10,2.0,0.2,True,q3_evidence_cs_penalty,PCS raw,pcs_raw,2,C+S,7,3.9907962143176587,4.796711693331816e-16,3.553453750400821e-16,0.5107376392537863,0.01194475018346333,0.00884879476830639,3.4800585750638726,0.01194475018346329,0.008848794768306363,3.4800585750638726,0.01194475018346329,0.008848794768306363,0.8723155901865534,0.0029861875458658226,0.0022121986920765908,0.031014578683035716,0.0007115602241266074,0.000527131190847628,11.527987361833052,0.053213716542477155,0.039421272886485954,0.8908949952163515,0.0030578560469666127,0.0022652914606864365,0.44544749760817576,0.0015289280234833064,0.0011326457303432182,0.8908949952163515,0.0030578560469666127,0.0022652914606864365,0.44544749760817576,0.0015289280234833064,0.0011326457303432182
C+S,10,2.0,0.24,True,q3_evidence_cs_penalty,PCS raw,pcs_raw,2,C+S,7,3.986765139934552,4.796711693331816e-16,3.553453750400821e-16,0.5003978747491175,0.013157939932945588,0.009747538311979977,3.486367265185435,0.013157939932945523,0.00974753831197993,3.486367265185435,0.013157939932945523,0.00974753831197993,0.8749005313127205,0.003289484983236415,0.002436884577995008,0.030644008091517856,0.0008855232540589875,0.0006560048069133296,11.526307138946715,0.06415714241878166,0.047528276227221784,0.8925100198874713,0.0033684326228340627,0.0024953698078668683,0.4462550099437356,0.0016842163114170314,0.0012476849039334342,0.8925100198874713,0.0033684326228340627,0.0024953698078668683,0.4462550099437356,0.0016842163114170314,0.0012476849039334342
C+S,10,2.0,0.28,True,q3_evidence_cs_penalty,PCS raw,pcs_raw,2,C+S,7,3.982015709386645,9.593423386663633e-16,7.106907500801642e-16,0.5055530477391541,0.008131380576593579,0.006023811029960529,3.476462661647492,0.008131380576593596,0.006023811029960542,3.476462661647492,0.008131380576593596,0.006023811029960542,0.8736117380652114,0.002032845144148399,0.0015059527574901356,0.030927385602678572,0.0006190900588563761,0.0004586283337681672,11.441094646646224,0.04796354193577438,0.035531889108765424,0.8899744413817581,0.0020816334276079792,0.0015420956236699126,0.44498722069087904,0.0010408167138039896,0.0007710478118349563,0.8899744413817581,0.0020816334276079792,0.0015420956236699126,0.44498722069087904,0.0010408167138039896,0.0007710478118349563
C+S,10,2.0,0.32,True,q3_evidence_cs_penalty,PCS raw,pcs_raw,2,C+S,7,3.976555119443372,0.0,0.0,0.4996817755165088,0.0051434505667049225,0.0038103215024715286,3.476873343926863,0.0051434505667048835,0.0038103215024714995,3.476873343926863,0.0051434505667048835,0.0038103215024714995,0.8750795561208727,0.0012858626416762209,0.0009525803756178749,0.030123029436383928,0.0005423083665732618,0.0004017476601215011,11.419330736583925,0.015042271260529616,0.011143470494501923,0.8900795760452768,0.0013167233450764619,0.0009754423046327127,0.4450397880226384,0.0006583616725382309,0.00048772115231635635,0.8900795760452768,0.0013167233450764619,0.0009754423046327127,0.4450397880226384,0.0006583616725382309,0.00048772115231635635
C+S,10,2.0,0.36,True,q3_evidence_cs_penalty,PCS raw,pcs_raw,2,C+S,7,3.970391608345835,0.0,0.0,0.4948851701660911,0.01350948382538564,0.010007965671989581,3.475506438179744,0.013509483825385582,0.01000796567198954,3.475506438179744,0.013509483825385582,0.01000796567198954,0.8762787074584771,0.0033773709563464337,0.002501991417997413,0.029913766043526784,0.0007948670766163003,0.0005888457708223033,11.390564694247107,0.06493936593217785,0.04810775551533357,0.8897296481740143,0.003458427859298738,0.002562039212029343,0.44486482408700717,0.001729213929649369,0.0012810196060146716,0.8897296481740143,0.003458427859298738,0.002562039212029343,0.44486482408700717,0.001729213929649369,0.0012810196060146716
C+S,10,4.0,0.0,False,q3_evidence_cs_penalty,Uniform raw,uniform_raw,2,C+S,7,4.0,0.0,0.0,1.0915981767196659,0.01756088554276578,0.013009286065503774,2.9084018232803337,0.017560885542765782,0.013009286065503778,2.9084018232803337,0.017560885542765782,0.013009286065503778,0.7271004558200834,0.0043902213856914455,0.0032523215163759445,0.07032121930803571,0.001387259673981345,0.0010276963483424903,9.455191726486365,0.08244851963899213,0.061078718100455454,0.7445508667597655,0.004495586698948039,0.0033303772327689667,0.3722754333798827,0.0022477933494740197,0.0016651886163844833,0.7445508667597655,0.004495586698948039,0.0033303772327689667,0.3722754333798827,0.0022477933494740197,0.0016651886163844833
C+S,10,4.0,0.12,True,q3_evidence_cs_penalty,PCS raw,pcs_raw,2,C+S,7,3.996679855921233,0.0,0.0,1.0864242367127974,0.011230392225168065,0.008319590986982237,2.9102556192084355,0.011230392225168107,0.008319590986982268,2.9102556192084355,0.011230392225168107,0.008319590986982268,0.7283939408218006,0.0028075980562920267,0.002079897746745567,0.0691986083984375,0.0008726017504925744,0.000646432423112836,9.318007560904324,0.04141005512308699,0.030676998137286023,0.7450254385173595,0.0028749804096430513,0.0021298152926674725,0.37251271925867974,0.0014374902048215257,0.0010649076463337362,0.7450254385173595,0.0028749804096430513,0.0021298152926674725,0.37251271925867974,0.0014374902048215257,0.0010649076463337362
C+S,10,4.0,0.16,True,q3_evidence_cs_penalty,PCS raw,pcs_raw,2,C+S,7,3.994102801322579,4.796711693331816e-16,3.553453750400821e-16,1.0859361051138041,0.02374022409875165,0.01758700412958702,2.9081666962087747,0.02374022409875165,0.01758700412958702,2.9081666962087747,0.02374022409875165,0.01758700412958702,0.7285159737215489,0.0059350560246879125,0.004396751032396755,0.06843348911830358,0.0012221464071706367,0.0009053787285436854,9.274108742095441,0.1014848520270458,0.07518103048505066,0.7444906742294463,0.006077497369280414,0.004502273057174271,0.37224533711472313,0.003038748684640207,0.0022511365285871354,0.7444906742294463,0.006077497369280414,0.004502273057174271,0.37224533711472313,0.003038748684640207,0.0022511365285871354
C+S,10,4.0,0.2,True,q3_evidence_cs_penalty,PCS raw,pcs_raw,2,C+S,7,3.9907962143176587,4.796711693331816e-16,3.553453750400821e-16,1.0733464426974753,0.008803778372194933,0.006521930287755912,2.917449771620184,0.008803778372194895,0.006521930287755884,2.917449771620184,0.008803778372194895,0.006521930287755884,0.7316633893256312,0.0022009445930487237,0.001630482571938971,0.06770542689732142,0.0004998605227072089,0.0003703018573245682,9.266059340361691,0.057503562573043975,0.042599235299184426,0.7468671415347671,0.0022537672632819217,0.0016696141536655276,0.37343357076738354,0.0011268836316409609,0.0008348070768327638,0.7468671415347671,0.0022537672632819217,0.0016696141536655276,0.37343357076738354,0.0011268836316409609,0.0008348070768327638
C+S,10,4.0,0.24,True,q3_evidence_cs_penalty,PCS raw,pcs_raw,2,C+S,7,3.986765139934552,4.796711693331816e-16,3.553453750400821e-16,1.0828585481454522,0.008275340771577804,0.006130458234854305,2.9039065917891,0.00827534077157786,0.006130458234854347,2.9039065917891,0.00827534077157786,0.006130458234854347,0.729285362963637,0.0020688351928944125,0.001532614558713548,0.06793866838727679,0.0008359837886351972,0.0006193054573468886,9.145591293441523,0.04108503673791958,0.03043622114805652,0.7434000874980097,0.002118487237523905,0.0015693973081226927,0.37170004374900484,0.0010592436187619526,0.0007846986540613463,0.7434000874980097,0.002118487237523905,0.0015693973081226927,0.37170004374900484,0.0010592436187619526,0.0007846986540613463
C+S,10,4.0,0.28,True,q3_evidence_cs_penalty,PCS raw,pcs_raw,2,C+S,7,3.982015709386645,9.593423386663633e-16,7.106907500801642e-16,1.0828250092929648,0.01466623454811163,0.010864898599533197,2.899190700093681,0.014666234548111702,0.01086489859953325,2.899190700093681,0.014666234548111702,0.01086489859953325,0.7292937476767588,0.0036665586370279255,0.0027162246498833127,0.0680999755859375,0.0008899942975718802,0.0006593170022994271,9.102852625908614,0.06799925356851688,0.05037455199848878,0.7421928192239824,0.0037545560443165665,0.0027814140414804908,0.3710964096119912,0.0018772780221582833,0.0013907070207402454,0.7421928192239824,0.0037545560443165665,0.0027814140414804908,0.3710964096119912,0.0018772780221582833,0.0013907070207402454
C+S,10,4.0,0.32,True,q3_evidence_cs_penalty,PCS raw,pcs_raw,2,C+S,7,3.976555119443372,0.0,0.0,1.0872736949527304,0.016266866609438917,0.01205066342447403,2.8892814244906413,0.01626686660943897,0.01205066342447407,2.8892814244906413,0.01626686660943897,0.01205066342447407,0.7281815762618173,0.004066716652359742,0.0030126658561185175,0.06779261997767858,0.001570183730386781,0.0011632083857192723,9.050508330148729,0.051860061664422856,0.03841847131935044,0.7396560446696042,0.004164317852016364,0.0030849698366653532,0.3698280223348021,0.002082158926008182,0.0015424849183326766,0.7396560446696042,0.004164317852016364,0.0030849698366653532,0.3698280223348021,0.002082158926008182,0.0015424849183326766
C+S,10,4.0,0.36,True,q3_evidence_cs_penalty,PCS raw,pcs_raw,2,C+S,7,3.970391608345835,0.0,0.0,1.0821024855555021,0.018729667366148287,0.013875131757141342,2.888289122790333,0.01872966736614834,0.01387513175714138,2.888289122790333,0.01872966736614834,0.01387513175714138,0.7294743786111244,0.0046824168415371265,0.0034687829392853757,0.067413330078125,0.0010619576392892484,0.0007867092286044841,9.020231576644639,0.08020115579283849,0.059413847664583415,0.7394020154343252,0.004794794845733989,0.0035520337298282035,0.3697010077171626,0.0023973974228669944,0.0017760168649141018,0.7394020154343252,0.004794794845733989,0.0035520337298282035,0.3697010077171626,0.0023973974228669944,0.0017760168649141018
C+S,10,6.0,0.0,False,q3_evidence_cs_penalty,Uniform raw,uniform_raw,2,C+S,7,4.0,0.0,0.0,2.041659010724316,0.014066650727273823,0.01042072068911227,1.9583409892756838,0.014066650727273828,0.010420720689112272,1.9583409892756838,0.014066650727273828,0.010420720689112272,0.48958524731892095,0.003516662681818457,0.002605180172278068,0.15407453264508927,0.000896028226318561,0.0006637869992692994,6.149597956637409,0.060882122721597466,0.0451021076830973,0.5013352932545752,0.0036010625861820937,0.0026677044964127376,0.2506676466272876,0.0018005312930910468,0.0013338522482063688,0.5013352932545752,0.0036010625861820937,0.0026677044964127376,0.2506676466272876,0.0018005312930910468,0.0013338522482063688
C+S,10,6.0,0.12,True,q3_evidence_cs_penalty,PCS raw,pcs_raw,2,C+S,7,3.996679855921233,0.0,0.0,2.0828019656364076,0.015093866114598063,0.011181692497284741,1.913877890284825,0.015093866114598089,0.011181692497284762,1.913877890284825,0.015093866114598089,0.011181692497284762,0.47929950859089804,0.0037734665286495222,0.0027954231243211905,0.15468706403459823,0.002424337117810903,0.001795974070215009,5.934217692491438,0.059726525310455365,0.04424602914073152,0.48995273991291527,0.0038640297253371065,0.0028625132793048957,0.24497636995645763,0.0019320148626685533,0.0014312566396524479,0.48995273991291527,0.0038640297253371065,0.0028625132793048957,0.24497636995645763,0.0019320148626685533,0.0014312566396524479
C+S,10,6.0,0.16,True,q3_evidence_cs_penalty,PCS raw,pcs_raw,2,C+S,7,3.994102801322579,4.796711693331816e-16,3.553453750400821e-16,2.080749383098251,0.024888770877043824,0.018437859490042972,1.9133534182243277,0.024888770877043834,0.01843785949004298,1.9133534182243277,0.024888770877043834,0.01843785949004298,0.47981265422543723,0.006222192719260959,0.004609464872510745,0.15325927734375,0.0028489157617144095,0.002110506331267173,5.90202386600465,0.09568004231097103,0.07088076726835078,0.4898184750654279,0.00637152534452322,0.004720092029451001,0.24490923753271396,0.00318576267226161,0.0023600460147255005,0.4898184750654279,0.00637152534452322,0.004720092029451001,0.24490923753271396,0.00318576267226161,0.0023600460147255005
C+S,10,6.0,0.2,True,q3_evidence_cs_penalty,PCS raw,pcs_raw,2,C+S,7,3.9907962143176587,4.796711693331816e-16,3.553453750400821e-16,2.0913875467409264,0.018230779547624525,0.01350555048915999,1.8994086675767328,0.018230779547624473,0.01350555048915995,1.8994086675767328,0.018230779547624473,0.01350555048915995,0.47715311331476845,0.004557694886906118,0.0033763876222899876,0.15265764508928573,0.0019962566466743634,0.001478847619244828,5.788251867005749,0.07262434127256766,0.05380086491838748,0.48624861889964366,0.0046670795641918835,0.003457420925224961,0.24312430944982183,0.0023335397820959418,0.0017287104626124805,0.48624861889964366,0.0046670795641918835,0.003457420925224961,0.24312430944982183,0.0023335397820959418,0.0017287104626124805
C+S,10,6.0,0.24,True,q3_evidence_cs_penalty,PCS raw,pcs_raw,2,C+S,7,3.986765139934552,4.796711693331816e-16,3.553453750400821e-16,2.095826659036856,0.015820311786883246,0.011719850982447143,1.8909384808976966,0.0158203117868832,0.01171985098244711,1.8909384808976966,0.0158203117868832,0.01171985098244711,0.4760433352407861,0.0039550779467208,0.0029299627456117775,0.15288870675223215,0.0015522950000052935,0.0011499562287984439,5.732779021483966,0.053500739407445014,0.03963390240044834,0.48408025110981034,0.004049999817442088,0.0030002818515064518,0.24204012555490517,0.002024999908721044,0.0015001409257532259,0.48408025110981034,0.004049999817442088,0.0030002818515064518,0.24204012555490517,0.002024999908721044,0.0015001409257532259
C+S,10,6.0,0.28,True,q3_evidence_cs_penalty,PCS raw,pcs_raw,2,C+S,7,3.982015709386645,9.593423386663633e-16,7.106907500801642e-16,2.097686074255925,0.029016554159954203,0.021495764139157148,1.884329635130721,0.02901655415995427,0.021495764139157197,1.884329635130721,0.02901655415995427,0.021495764139157197,0.4755784814360188,0.007254138539988567,0.005373941034789299,0.15215410505022323,0.002450399637205355,0.0018152814547751142,5.697150059033342,0.07243123985410051,0.05365781338568567,0.4823883865934646,0.007428237864948308,0.0055029156196242535,0.2411941932967323,0.003714118932474154,0.0027514578098121268,0.4823883865934646,0.007428237864948308,0.0055029156196242535,0.2411941932967323,0.003714118932474154,0.0027514578098121268
C+S,10,6.0,0.32,True,q3_evidence_cs_penalty,PCS raw,pcs_raw,2,C+S,7,3.976555119443372,0.0,0.0,2.095897634357904,0.02519889628860009,0.01866760361002441,1.8806574850854678,0.025198896288600003,0.01866760361002435,1.8806574850854678,0.025198896288600003,0.01866760361002435,0.476025591410524,0.006299724072149995,0.004666900902506083,0.1507720947265625,0.002529647684991519,0.001873989230147389,5.644736631449132,0.07877870248370644,0.058360079506465413,0.48144831618187983,0.006450917449881586,0.004778906524166222,0.24072415809093992,0.003225458724940793,0.002389453262083111,0.48144831618187983,0.006450917449881586,0.004778906524166222,0.24072415809093992,0.003225458724940793,0.002389453262083111
C+S,10,6.0,0.36,True,q3_evidence_cs_penalty,PCS raw,pcs_raw,2,C+S,7,3.970391608345835,0.0,0.0,2.125523223642475,0.020115492597952173,0.014901765455847767,1.8448683847033593,0.020115492597952263,0.014901765455847834,1.8448683847033593,0.020115492597952263,0.014901765455847834,0.46861919408938124,0.005028873149488066,0.0037254413639619586,0.152557373046875,0.0020105927596937765,0.001489467960393499,5.519517595768752,0.06949239990994426,0.051480690287812755,0.47228630648406006,0.005149566105075781,0.0038148519566970464,0.23614315324203003,0.0025747830525378905,0.0019074259783485232,0.47228630648406006,0.005149566105075781,0.0038148519566970464,0.23614315324203003,0.0025747830525378905,0.0019074259783485232
C+S,12,-2.0,0.0,False,q3_evidence_cs_penalty,Uniform raw,uniform_raw,2,C+S,7,4.0,0.0,0.0,0.27627566133628223,0.006553511722197864,0.004854909424703005,3.7237243386637173,0.00655351172219784,0.004854909424702987,3.7237243386637173,0.00655351172219784,0.004854909424702987,0.9309310846659293,0.00163837793054946,0.0012137273561757468,0.018118722098214284,0.00044038260523114,0.000326239999444892,13.07655169395927,0.032391507167839825,0.023995964315867684,0.9532734306979116,0.0016776990008826786,0.0012428568127239882,0.4766367153489558,0.0008388495004413393,0.0006214284063619941,0.9532734306979116,0.0016776990008826786,0.0012428568127239882,0.4766367153489558,0.0008388495004413393,0.0006214284063619941
C+S,12,-2.0,0.12,True,q3_evidence_cs_penalty,PCS raw,pcs_raw,2,C+S,7,3.996679855921233,0.0,0.0,0.245083820416236,0.0027833329102370423,0.0020619218749888856,3.751596035504997,0.0027833329102372336,0.002061921874989027,3.751596035504997,0.0027833329102372336,0.002061921874989027,0.938729044895941,0.0006958332275593084,0.0005154804687472567,0.015568324497767858,0.00018389094376109914,0.0001362283175536732,13.064842554840725,0.022920124582939457,0.01697946590622123,0.9604085850892794,0.0007125332250207029,0.0005278519999971696,0.4802042925446397,0.00035626661251035146,0.0002639259999985848,0.9604085850892794,0.0007125332250207029,0.0005278519999971696,0.4802042925446397,0.00035626661251035146,0.0002639259999985848
C+S,12,-2.0,0.16,True,q3_evidence_cs_penalty,PCS raw,pcs_raw,2,C+S,7,3.994102801322579,4.796711693331816e-16,3.553453750400821e-16,0.24067356860936656,0.007963228442485815,0.00589924218576383,3.7534292327132124,0.007963228442485717,0.005899242185763758,3.7534292327132124,0.007963228442485717,0.005899242185763758,0.9398316078476584,0.0019908071106214294,0.0014748105464409396,0.015402657645089286,0.00042786844818587115,0.00031696938217026327,13.045317367194055,0.03385509281719436,0.025080203738045502,0.9608778835745824,0.0020385864812763645,0.0015102059995555377,0.4804389417872912,0.0010192932406381822,0.0007551029997777688,0.9608778835745824,0.0020385864812763645,0.0015102059995555377,0.4804389417872912,0.0010192932406381822,0.0007551029997777688
C+S,12,-2.0,0.2,True,q3_evidence_cs_penalty,PCS raw,pcs_raw,2,C+S,7,3.9907962143176587,4.796711693331816e-16,3.553453750400821e-16,0.23497303335183356,0.003784122450973102,0.0028033171420494903,3.755823180965826,0.003784122450973195,0.002803317142049559,3.755823180965826,0.003784122450973195,0.002803317142049559,0.9412567416620418,0.0009460306127432987,0.0007008292855123897,0.015077863420758928,0.00046918634889346486,0.00034757811136117806,13.035129461153895,0.011825171589831736,0.008760209706461098,0.9614907343272513,0.0009687353474491079,0.0007176491883646648,0.48074536716362565,0.00048436767372455393,0.0003588245941823324,0.9614907343272513,0.0009687353474491079,0.0007176491883646648,0.48074536716362565,0.00048436767372455393,0.0003588245941823324
C+S,12,-2.0,0.24,True,q3_evidence_cs_penalty,PCS raw,pcs_raw,2,C+S,7,3.986765139934552,4.796711693331816e-16,3.553453750400821e-16,0.2264556915258687,0.00658275270054471,0.004876571444606439,3.760309448408684,0.006582752700544727,0.004876571444606452,3.760309448408684,0.006582752700544727,0.004876571444606452,0.9433860771185328,0.0016456881751361818,0.001219142861151613,0.014408656529017858,0.0005292193212351478,0.00039205115963960934,13.053681979525368,0.038657067383783564,0.028637556279516124,0.962639218792623,0.001685184691339448,0.0012484022898192502,0.4813196093963115,0.000842592345669724,0.0006242011449096251,0.962639218792623,0.001685184691339448,0.0012484022898192502,0.4813196093963115,0.000842592345669724,0.0006242011449096251
C+S,12,-2.0,0.28,True,q3_evidence_cs_penalty,PCS raw,pcs_raw,2,C+S,7,3.982015709386645,9.593423386663633e-16,7.106907500801642e-16,0.2271014552870387,0.004960244696676512,0.0036746006946412582,3.754914254099607,0.004960244696676465,0.003674600694641223,3.754914254099607,0.004960244696676465,0.003674600694641223,0.9432246361782404,0.0012400611741691162,0.0009186501736603058,0.014495849609375,0.0004492065870324629,0.00033277689664239685,13.001109667758367,0.026063805531231953,0.01930833734356505,0.9612580490494993,0.001269822642349191,0.0009406977778281649,0.48062902452474965,0.0006349113211745955,0.00047034888891408247,0.9612580490494993,0.001269822642349191,0.0009406977778281649,0.48062902452474965,0.0006349113211745955,0.00047034888891408247
C+S,12,-2.0,0.32,True,q3_evidence_cs_penalty,PCS raw,pcs_raw,2,C+S,7,3.976555119443372,0.0,0.0,0.2144522754809753,0.0034119074446856868,0.002527576406602294,3.762102843962397,0.0034119074446856933,0.002527576406602299,3.762102843962397,0.0034119074446856933,0.002527576406602299,0.9463869311297561,0.0008529768611714233,0.0006318941016505747,0.013650076729910714,0.0004607932940471484,0.000341360449319404,13.02421659740783,0.016538555126207718,0.012251933094317859,0.9630983280543735,0.0008734483058395412,0.0006470595600901912,0.4815491640271867,0.0004367241529197706,0.0003235297800450956,0.9630983280543735,0.0008734483058395412,0.0006470595600901912,0.4815491640271867,0.0004367241529197706,0.0003235297800450956
C+S,12,-2.0,0.36,True,q3_evidence_cs_penalty,PCS raw,pcs_raw,2,C+S,7,3.970391608345835,0.0,0.0,0.20975998105755306,0.002342295938119149,0.0017351971137704008,3.7606316272882814,0.002342295938119192,0.001735197113770433,3.7606316272882814,0.002342295938119192,0.001735197113770433,0.9475600047356117,0.0005855739845297796,0.00043379927844259457,0.013573782784598214,0.0003887106900483367,0.00028796090898965837,13.012499847224943,0.02534990361177664,0.01877947140054133,0.9627216965858002,0.0005996277601585171,0.0004442104611252337,0.4813608482929001,0.00029981388007925856,0.00022210523056261685,0.9627216965858002,0.0005996277601585171,0.0004442104611252337,0.4813608482929001,0.00029981388007925856,0.00022210523056261685
C+S,12,0.0,0.0,False,q3_evidence_cs_penalty,Uniform raw,uniform_raw,2,C+S,7,4.0,0.0,0.0,0.4102958875708433,0.0066320795205808206,0.004913113264265172,3.5897041124291564,0.006632079520580936,0.004913113264265257,3.5897041124291564,0.006632079520580936,0.004913113264265257,0.8974260281072891,0.001658019880145234,0.0012282783160663141,0.026197160993303572,0.00044915722095867984,0.0003327403257431554,12.319575846883568,0.036269053584886406,0.026868490900519827,0.9189642527818641,0.0016978123572687054,0.0012577569956518952,0.45948212639093206,0.0008489061786343527,0.0006288784978259476,0.9189642527818641,0.0016978123572687054,0.0012577569956518952,0.45948212639093206,0.0008489061786343527,0.0006288784978259476
C+S,12,0.0,0.12,True,q3_evidence_cs_penalty,PCS raw,pcs_raw,2,C+S,7,3.996679855921233,0.0,0.0,0.3801714859761795,0.01126929718710552,0.00834841218611706,3.6165083699450533,0.011269297187105584,0.008348412186117107,3.6165083699450533,0.011269297187105584,0.008348412186117107,0.9049571285059551,0.002817324296776396,0.002087103046529277,0.023500714983258928,0.0006911759053118904,0.000512030276143453,12.27203844958701,0.04910066324274822,0.03637428036161977,0.9258261427059338,0.0028849400798990265,0.0021371935196459776,0.4629130713529669,0.0014424700399495133,0.0010685967598229888,0.9258261427059338,0.0028849400798990265,0.0021371935196459776,0.4629130713529669,0.0014424700399495133,0.0010685967598229888
C+S,12,0.0,0.16,True,q3_evidence_cs_penalty,PCS raw,pcs_raw,2,C+S,7,3.994102801322579,4.796711693331816e-16,3.553453750400821e-16,0.3757399451244566,0.005748244610267516,0.004258359199901868,3.6183628561981225,0.005748244610267561,0.004258359199901902,3.6183628561981225,0.005748244610267561,0.004258359199901902,0.9060650137188858,0.0014370611525668902,0.0010645897999754755,0.023400442940848216,0.0005196102859359407,0.00038493268667214535,12.259231330715028,0.04513578498093666,0.03343705744098793,0.9263008911867192,0.0014715506202284657,0.001090139955174865,0.4631504455933596,0.0007357753101142328,0.0005450699775874325,0.9263008911867192,0.0014715506202284657,0.001090139955174865,0.4631504455933596,0.0007357753101142328,0.0005450699775874325
C+S,12,0.0,0.2,True,q3_evidence_cs_penalty,PCS raw,pcs_raw,2,C+S,7,3.9907962143176587,4.796711693331816e-16,3.553453750400821e-16,0.3679477331081062,0.00603489057702057,0.004470709503759385,3.6228484812095525,0.006034890577020523,0.004470709503759349,3.6228484812095525,0.006034890577020523,0.004470709503759349,0.9080130667229734,0.0015087226442551307,0.0011176773759398373,0.022990635463169644,0.00036966121446238695,0.0002738488599878049,12.251419335401234,0.04006998717671984,0.0296842619100014,0.9274492111896455,0.0015449319877172964,0.001144501632962425,0.46372460559482276,0.0007724659938586482,0.0005722508164812125,0.9274492111896455,0.0015449319877172964,0.001144501632962425,0.46372460559482276,0.0007724659938586482,0.0005722508164812125
C+S,12,0.0,0.24,True,q3_evidence_cs_penalty,PCS raw,pcs_raw,2,C+S,7,3.986765139934552,4.796711693331816e-16,3.553453750400821e-16,0.3580959082544188,0.010297047147535082,0.007628159277391756,3.628669231680134,0.01029704714753506,0.0076281592773917405,3.628669231680134,0.01029704714753506,0.0076281592773917405,0.9104760229363953,0.002574261786883765,0.0019070398193479351,0.022260393415178572,0.0006298405100437448,0.0004665923794587518,12.241592305239097,0.05801332249910689,0.042976870737142986,0.9289393233101143,0.002636044069768964,0.0019528087750122771,0.46446966165505715,0.001318022034884482,0.0009764043875061386,0.9289393233101143,0.002636044069768964,0.0019528087750122771,0.46446966165505715,0.001318022034884482,0.0009764043875061386
C+S,12,0.0,0.28,True,q3_evidence_cs_penalty,PCS raw,pcs_raw,2,C+S,7,3.982015709386645,9.593423386663633e-16,7.106907500801642e-16,0.35257151466307884,0.01226805546727464,0.0090883026742914,3.6294441947235674,0.012268055467274629,0.009088302674291391,3.6294441947235674,0.012268055467274629,0.009088302674291391,0.9118571213342302,0.0030670138668186567,0.0022720756685728474,0.021876743861607144,0.0009273073939537402,0.0006869589309276391,12.205937549483215,0.04377670513931742,0.032430237004602375,0.9291377138492332,0.0031406221996222957,0.002326605484618589,0.4645688569246166,0.0015703110998111479,0.0011633027423092945,0.9291377138492332,0.0031406221996222957,0.002326605484618589,0.4645688569246166,0.0015703110998111479,0.0011633027423092945
C+S,12,0.0,0.32,True,q3_evidence_cs_penalty,PCS raw,pcs_raw,2,C+S,7,3.976555119443372,0.0,0.0,0.35342421054576495,0.01013192791436635,0.007505837237653074,3.6231309088976076,0.01013192791436646,0.007505837237653155,3.6231309088976076,0.01013192791436646,0.007505837237653155,0.9116439473635588,0.002532981978591615,0.0018764593094132889,0.021889822823660716,0.0007751933978673517,0.0005742713056461248,12.15674578648051,0.03387406067637875,0.025094255324770956,0.9275215126777875,0.0025937735460778073,0.0019214943328392028,0.46376075633889374,0.0012968867730389036,0.0009607471664196014,0.9275215126777875,0.0025937735460778073,0.0019214943328392028,0.46376075633889374,0.0012968867730389036,0.0009607471664196014
C+S,12,0.0,0.36,True,q3_evidence_cs_penalty,PCS raw,pcs_raw,2,C+S,7,3.970391608345835,0.0,0.0,0.33705836409091694,0.00998444723565563,0.007396582021917509,3.6333332442549175,0.009984447235655775,0.007396582021917618,3.6333332442549175,0.009984447235655775,0.007396582021917618,0.9157354089772707,0.0024961118089139285,0.001849145505479393,0.020930698939732144,0.0005403934335366124,0.0004003290578756526,12.177541580655985,0.04169256358243569,0.03088628333276445,0.9301333105292588,0.0025560184923278852,0.001893524997610915,0.4650666552646294,0.0012780092461639426,0.0009467624988054575,0.9301333105292588,0.0025560184923278852,0.001893524997610915,0.4650666552646294,0.0012780092461639426,0.0009467624988054575
C+S,12,2.0,0.0,False,q3_evidence_cs_penalty,Uniform raw,uniform_raw,2,C+S,7,4.0,0.0,0.0,0.7624907623556918,0.008093881110207769,0.005996031036501276,3.2375092376443084,0.008093881110207708,0.005996031036501231,3.2375092376443084,0.008093881110207708,0.005996031036501231,0.8093773094110771,0.002023470277551927,0.0014990077591253077,0.047779628208705356,0.0006406701572687443,0.00047461509439504653,10.752986531244668,0.044859061365878916,0.0332320577181323,0.8288023648369428,0.002072033564213198,0.0015349839453443332,0.4144011824184714,0.001036016782106599,0.0007674919726721666,0.8288023648369428,0.002072033564213198,0.0015349839453443332,0.4144011824184714,0.001036016782106599,0.0007674919726721666
C+S,12,2.0,0.12,True,q3_evidence_cs_penalty,PCS raw,pcs_raw,2,C+S,7,3.996679855921233,0.0,0.0,0.7501913364789029,0.012050637578249536,0.00892723724810902,3.24648851944233,0.012050637578249654,0.008927237248109109,3.24648851944233,0.012050637578249654,0.008927237248109109,0.8124521658802742,0.0030126593945624136,0.0022318093120272772,0.04612513950892857,0.0008136158684714017,0.0006027350701991266,10.61746468800017,0.0332470212506941,0.02462973801764454,0.8311010609772363,0.0030849632200319037,0.002285372735515926,0.4155505304886182,0.0015424816100159519,0.001142686367757963,0.8311010609772363,0.0030849632200319037,0.002285372735515926,0.4155505304886182,0.0015424816100159519,0.001142686367757963
C+S,12,2.0,0.16,True,q3_evidence_cs_penalty,PCS raw,pcs_raw,2,C+S,7,3.994102801322579,4.796711693331816e-16,3.553453750400821e-16,0.7316436744915908,0.015216079317181667,0.011272229304754935,3.2624591268309873,0.015216079317181623,0.011272229304754902,3.2624591268309873,0.015216079317181623,0.011272229304754902,0.8170890813771025,0.003804019829295406,0.0028180573261887254,0.04481288364955357,0.0011415038999592283,0.000845637923172692,10.61547733969613,0.05859104736003125,0.04340485530344605,0.835189536468733,0.0038953163051985273,0.0028856907020172783,0.4175947682343665,0.0019476581525992636,0.0014428453510086391,0.835189536468733,0.0038953163051985273,0.0028856907020172783,0.4175947682343665,0.0019476581525992636,0.0014428453510086391
C+S,12,2.0,0.2,True,q3_evidence_cs_penalty,PCS raw,pcs_raw,2,C+S,7,3.9907962143176587,4.796711693331816e-16,3.553453750400821e-16,0.7374120381267932,0.008208091220474618,0.006080639070214373,3.253384176190866,0.008208091220474653,0.006080639070214399,3.253384176190866,0.008208091220474653,0.006080639070214399,0.8156469904683016,0.002052022805118663,0.0015201597675535993,0.04480198451450893,0.0006062323213264694,0.00044910318850858625,10.559639443121963,0.04373086955360461,0.032396281527524315,0.8328663491048616,0.002101271352441509,0.0015566436019748848,0.4164331745524308,0.0010506356762207546,0.0007783218009874424,0.8328663491048616,0.002101271352441509,0.0015566436019748848,0.4164331745524308,0.0010506356762207546,0.0007783218009874424
C+S,12,2.0,0.24,True,q3_evidence_cs_penalty,PCS raw,pcs_raw,2,C+S,7,3.986765139934552,4.796711693331816e-16,3.553453750400821e-16,0.7357292601007112,0.014352346441946842,0.010632367036377538,3.2510358798338417,0.014352346441946903,0.010632367036377583,3.2510358798338417,0.014352346441946903,0.010632367036377583,0.8160676849748223,0.003588086610486707,0.002658091759094382,0.04448808942522321,0.00042449950649510514,0.0003144736352395949,10.494389321822561,0.03698447453041384,0.027398482153805664,0.8322651852374634,0.003674200689138357,0.0027218859613126244,0.4161325926187317,0.0018371003445691785,0.0013609429806563122,0.8322651852374634,0.003674200689138357,0.0027218859613126244,0.4161325926187317,0.0018371003445691785,0.0013609429806563122
C+S,12,2.0,0.28,True,q3_evidence_cs_penalty,PCS raw,pcs_raw,2,C+S,7,3.982015709386645,9.593423386663633e-16,7.106907500801642e-16,0.7231844331446274,0.01403405566459577,0.010396573928764155,3.258831276242018,0.014034055664595747,0.010396573928764138,3.258831276242018,0.014034055664595747,0.010396573928764138,0.8192038917138431,0.0035085139161489367,0.0025991434821910344,0.04331752232142857,0.0006271237666138223,0.0004645797877611197,10.493403990299663,0.06385329559828876,0.04730318335259085,0.8342608067179568,0.0035927182501365126,0.0026615229257636206,0.4171304033589784,0.0017963591250682563,0.0013307614628818103,0.8342608067179568,0.0035927182501365126,0.0026615229257636206,0.4171304033589784,0.0017963591250682563,0.0013307614628818103
C+S,12,2.0,0.32,True,q3_evidence_cs_penalty,PCS raw,pcs_raw,2,C+S,7,3.976555119443372,0.0,0.0,0.7291093867654965,0.00903222348461985,0.006691164795353179,3.247445732677875,0.009032223484619904,0.0066911647953532185,3.247445732677875,0.009032223484619904,0.0066911647953532185,0.8177226533086258,0.002258055871154976,0.0016727911988383046,0.04370335170200893,0.0008560089351748904,0.0006341402935061517,10.399886868866735,0.04764952638933298,0.035299263136531665,0.8313461075655362,0.0023122492120626515,0.0017129381876103912,0.4156730537827681,0.0011561246060313257,0.0008564690938051956,0.8313461075655362,0.0023122492120626515,0.0017129381876103912,0.4156730537827681,0.0011561246060313257,0.0008564690938051956
C+S,12,2.0,0.36,True,q3_evidence_cs_penalty,PCS raw,pcs_raw,2,C+S,7,3.970391608345835,0.0,0.0,0.7212264029843782,0.006768295342915209,0.005014023357613278,3.2491652053614573,0.006768295342915128,0.005014023357613217,3.2491652053614573,0.006768295342915128,0.005014023357613217,0.8196933992539055,0.0016920738357288124,0.0012535058394033268,0.043437412806919644,0.0009586646892263009,0.0007101887403497079,10.392130652816629,0.04672402998220639,0.034613645803420266,0.8317862925725329,0.001732683607786307,0.0012835899795490089,0.41589314628626645,0.0008663418038931535,0.0006417949897745044,0.8317862925725329,0.001732683607786307,0.0012835899795490089,0.41589314628626645,0.0008663418038931535,0.0006417949897745044
C+S,12,4.0,0.0,False,q3_evidence_cs_penalty,Uniform raw,uniform_raw,2,C+S,7,4.0,0.0,0.0,1.4990337297505039,0.011874788423893771,0.008796966371516838,2.500966270249496,0.011874788423893666,0.00879696637151676,2.500966270249496,0.011874788423893666,0.00879696637151676,0.625241567562374,0.0029686971059734164,0.00219924159287919,0.10290309361049108,0.0012940145441472446,0.0009586193894799818,7.9572524884950075,0.05378119483758206,0.039841666690602816,0.640247365183871,0.003039945836516744,0.0022520233911082653,0.3201236825919355,0.001519972918258372,0.0011260116955541326,0.640247365183871,0.003039945836516744,0.0022520233911082653,0.3201236825919355,0.001519972918258372,0.0011260116955541326
C+S,12,4.0,0.12,True,q3_evidence_cs_penalty,PCS raw,pcs_raw,2,C+S,7,3.996679855921233,0.0,0.0,1.499812846351197,0.01721692887018505,0.012754479396623409,2.496867009570036,0.01721692887018513,0.01275447939662347,2.496867009570036,0.01721692887018513,0.01275447939662347,0.6250467884122007,0.004304232217546283,0.0031886198491558673,0.10005623953683036,0.0014187860869312862,0.0010510514418932222,7.804413879017146,0.06703638212175952,0.049661246848548196,0.6391979544499292,0.00440753379076738,0.0032651467255355986,0.3195989772249646,0.00220376689538369,0.0016325733627677993,0.6391979544499292,0.00440753379076738,0.0032651467255355986,0.3195989772249646,0.00220376689538369,0.0016325733627677993
C+S,12,4.0,0.16,True,q3_evidence_cs_penalty,PCS raw,pcs_raw,2,C+S,7,3.994102801322579,4.796711693331816e-16,3.553453750400821e-16,1.4983445808378433,0.009349578672832445,0.006926264808833433,2.4957582204847353,0.009349578672832488,0.006926264808833465,2.4957582204847353,0.009349578672832488,0.006926264808833465,0.6254138547905393,0.002337394668208122,0.0017315662022083663,0.10021318708147321,0.00095660386399008,0.000708662059649938,7.766091756126912,0.032174830779907564,0.0238354482013821,0.6389141044440922,0.002393492140245187,0.001773123791061419,0.3194570522220461,0.0011967460701225935,0.0008865618955307095,0.6389141044440922,0.002393492140245187,0.001773123791061419,0.3194570522220461,0.0011967460701225935,0.0008865618955307095
C+S,12,4.0,0.2,True,q3_evidence_cs_penalty,PCS raw,pcs_raw,2,C+S,7,3.9907962143176587,4.796711693331816e-16,3.553453750400821e-16,1.5075388900524445,0.016019928358365652,0.011867729008045887,2.4832573242652147,0.01601992835836564,0.011867729008045877,2.4832573242652147,0.01601992835836564,0.011867729008045877,0.6231152774868889,0.00400498208959141,0.0029669322520114692,0.10085187639508929,0.0014140503811837556,0.0010475431819799254,7.69948077022792,0.06496767886366982,0.048128730028505755,0.6357138750118949,0.004101101659741617,0.003038138626059754,0.31785693750594746,0.0020505508298708083,0.001519069313029877,0.6357138750118949,0.004101101659741617,0.003038138626059754,0.31785693750594746,0.0020505508298708083,0.001519069313029877
C+S,12,4.0,0.24,True,q3_evidence_cs_penalty,PCS raw,pcs_raw,2,C+S,7,3.986765139934552,4.796711693331816e-16,3.553453750400821e-16,1.5205595390821292,0.014691408705312006,0.010883547876170194,2.466205600852423,0.01469140870531213,0.010883547876170284,2.466205600852423,0.01469140870531213,0.010883547876170284,0.6198601152294677,0.003672852176327968,0.002720886969042524,0.10015215192522321,0.0013852722035115285,0.001026224009614149,7.574590683763353,0.04768551477253508,0.03532592370390288,0.6313486338182203,0.003761000628559863,0.0027861882562995616,0.31567431690911013,0.0018805003142799315,0.0013930941281497808,0.6313486338182203,0.003761000628559863,0.0027861882562995616,0.31567431690911013,0.0018805003142799315,0.0013930941281497808
C+S,12,4.0,0.28,True,q3_evidence_cs_penalty,PCS raw,pcs_raw,2,C+S,7,3.982015709386645,9.593423386663633e-16,7.106907500801642e-16,1.5098107428569627,0.02962983986136327,0.021950092544754003,2.4722049665296835,0.02962983986136326,0.021950092544754,2.4722049665296835,0.02962983986136326,0.021950092544754,0.6225473142857593,0.007407459965340815,0.0054875231361885,0.09918212890625,0.0018969647355407287,0.0014052911421080496,7.579708048872882,0.14504992575534945,0.10745448874637044,0.632884471431599,0.0075852390045089806,0.005619223691457013,0.3164422357157995,0.0037926195022544903,0.0028096118457285064,0.632884471431599,0.0075852390045089806,0.005619223691457013,0.3164422357157995,0.0037926195022544903,0.0028096118457285064
C+S,12,4.0,0.32,True,q3_evidence_cs_penalty,PCS raw,pcs_raw,2,C+S,7,3.976555119443372,0.0,0.0,1.5211098822655758,0.0235892294678992,0.017475145741675375,2.455445237177796,0.023589229467899347,0.017475145741675486,2.455445237177796,0.023589229467899347,0.017475145741675486,0.619722529433606,0.005897307366974837,0.0043687864354188715,0.09997994559151786,0.0015416340116438582,0.0011420584580967806,7.500778240516617,0.07941934090269717,0.05883467108881508,0.6285939807175158,0.006038842743782243,0.0044736373098689325,0.3142969903587579,0.0030194213718911216,0.0022368186549344663,0.6285939807175158,0.006038842743782243,0.0044736373098689325,0.3142969903587579,0.0030194213718911216,0.0022368186549344663
C+S,12,4.0,0.36,True,q3_evidence_cs_penalty,PCS raw,pcs_raw,2,C+S,7,3.970391608345835,0.0,0.0,1.526283779116609,0.01139864203196534,0.00844423218811991,2.4441078292292255,0.011398642031965429,0.008444232188119976,2.4441078292292255,0.011398642031965429,0.008444232188119976,0.6184290552208477,0.0028496605079913464,0.0021110580470299857,0.09995378766741071,0.001467883271726316,0.0010874231453847107,7.416350221653016,0.07197856298439995,0.053322465667665984,0.6256916042826818,0.002918052360183159,0.00216172344015872,0.3128458021413409,0.0014590261800915794,0.00108086172007936,0.6256916042826818,0.002918052360183159,0.00216172344015872,0.3128458021413409,0.0014590261800915794,0.00108086172007936
C+S,12,6.0,0.0,False,q3_evidence_cs_penalty,Uniform raw,uniform_raw,2,C+S,7,4.0,0.0,0.0,2.6519580310457997,0.013577790518433405,0.010058567978341553,1.3480419689542003,0.013577790518433337,0.010058567978341502,1.3480419689542003,0.013577790518433337,0.010058567978341502,0.33701049223855006,0.0033944476296083343,0.0025146419945853756,0.21709551130022323,0.001160700059111885,0.0008598586368814448,4.258478853022541,0.056338288020339286,0.04173598783002521,0.3450987440522752,0.003475914372718929,0.002574993402455421,0.1725493720261376,0.0017379571863594646,0.0012874967012277104,0.3450987440522752,0.003475914372718929,0.002574993402455421,0.1725493720261376,0.0017379571863594646,0.0012874967012277104
C+S,12,6.0,0.12,True,q3_evidence_cs_penalty,PCS raw,pcs_raw,2,C+S,7,3.996679855921233,0.0,0.0,2.677738627720284,0.01137764789423751,0.008428679513242847,1.318941228200949,0.011377647894237427,0.008428679513242786,1.318941228200949,0.011377647894237427,0.008428679513242786,0.330565343069929,0.0028444119735593566,0.0021071698783106966,0.21469552176339285,0.002037657158094178,0.0015095175473077893,4.109580167871544,0.031674162957009214,0.023464548287706572,0.33764895441944287,0.0029126778609247757,0.002157741955390149,0.16882447720972144,0.0014563389304623879,0.0010788709776950744,0.33764895441944287,0.0029126778609247757,0.002157741955390149,0.16882447720972144,0.0014563389304623879,0.0010788709776950744
C+S,12,6.0,0.16,True,q3_evidence_cs_penalty,PCS raw,pcs_raw,2,C+S,7,3.994102801322579,4.796711693331816e-16,3.553453750400821e-16,2.6923962374229617,0.012634983285818845,0.009360126606245632,1.3017065638996168,0.012634983285818826,0.009360126606245616,1.3017065638996168,0.012634983285818826,0.009360126606245616,0.32690094064425956,0.0031587458214547065,0.002340031651561404,0.21473911830357142,0.0016372576040157892,0.0012128974066650685,4.0232696871113935,0.04217126056126438,0.03124090701737927,0.333236880358302,0.00323455572116962,0.0023961924111988784,0.166618440179151,0.00161727786058481,0.0011980962055994392,0.333236880358302,0.00323455572116962,0.0023961924111988784,0.166618440179151,0.00161727786058481,0.0011980962055994392
C+S,12,6.0,0.2,True,q3_evidence_cs_penalty,PCS raw,pcs_raw,2,C+S,7,3.9907962143176587,4.796711693331816e-16,3.553453750400821e-16,2.699073479186889,0.0159751145699626,0.011834530489007965,1.2917227351307703,0.01597511456996262,0.011834530489007981,1.2917227351307703,0.01597511456996262,0.011834530489007981,0.3252316302032778,0.003993778642490655,0.0029586326222519953,0.2140350341796875,0.0023577668349265986,0.0017466581145136643,3.9995018236912356,0.05580372685679889,0.04133997937822647,0.3306810201934772,0.0040896293299104314,0.003029639805186043,0.1653405100967386,0.0020448146649552157,0.0015148199025930215,0.3306810201934772,0.0040896293299104314,0.003029639805186043,0.1653405100967386,0.0020448146649552157,0.0015148199025930215
C+S,12,6.0,0.24,True,q3_evidence_cs_penalty,PCS raw,pcs_raw,2,C+S,7,3.986765139934552,4.796711693331816e-16,3.553453750400821e-16,2.724061603291839,0.019071203754349553,0.014128145454262076,1.2627035366427142,0.019071203754349616,0.014128145454262121,1.2627035366427142,0.019071203754349616,0.014128145454262121,0.31898459917704036,0.004767800938587404,0.0035320363635655302,0.21427263532366073,0.002233260873820171,0.001654422807760512,3.8775770048821174,0.07539233740508258,0.055851425149441934,0.3232521053805347,0.004882228161113488,0.003616805236291093,0.16162605269026736,0.002441114080556744,0.0018084026181455464,0.3232521053805347,0.004882228161113488,0.003616805236291093,0.16162605269026736,0.002441114080556744,0.0018084026181455464
C+S,12,6.0,0.28,True,q3_evidence_cs_penalty,PCS raw,pcs_raw,2,C+S,7,3.982015709386645,9.593423386663633e-16,7.106907500801642e-16,2.697598091034586,0.022608612883380223,0.016748694809715407,1.2844176183520604,0.022608612883380248,0.01674869480971542,1.2844176183520604,0.022608612883380248,0.01674869480971542,0.3256004772413536,0.005652153220845062,0.004187173702428855,0.2101287841796875,0.002621982153861427,0.0019423915619267123,3.9327816221321856,0.07577472135268874,0.05613469914204047,0.3288109102981275,0.005787804898145354,0.004287665871287156,0.16440545514906374,0.002893902449072677,0.002143832935643578,0.3288109102981275,0.005787804898145354,0.004287665871287156,0.16440545514906374,0.002893902449072677,0.002143832935643578
C+S,12,6.0,0.32,True,q3_evidence_cs_penalty,PCS raw,pcs_raw,2,C+S,7,3.976555119443372,0.0,0.0,2.7375952110565827,0.00751743858944408,0.005568996441083381,1.2389599083867893,0.007517438589444035,0.005568996441083348,1.2389599083867893,0.007517438589444035,0.005568996441083348,0.31560119723585434,0.0018793596473610087,0.001392249110270837,0.21321759905133927,0.000835705231270901,0.0006190990991635864,3.7719529794396793,0.03624714672611621,0.02685226207243231,0.317173736547018,0.001924464278897676,0.0014256630889173396,0.158586868273509,0.000962232139448838,0.0007128315444586698,0.317173736547018,0.001924464278897676,0.0014256630889173396,0.158586868273509,0.000962232139448838,0.0007128315444586698
C+S,12,6.0,0.36,True,q3_evidence_cs_penalty,PCS raw,pcs_raw,2,C+S,7,3.970391608345835,0.0,0.0,2.74305881411087,0.013910696313693115,0.010305188042736979,1.227332794234965,0.013910696313693093,0.010305188042736961,1.227332794234965,0.013910696313693093,0.010305188042736961,0.31423529647228265,0.003477674078423273,0.0025762970106842403,0.21234348842075892,0.002224373992743656,0.0016478393141278616,3.7352149888874733,0.04451762604784237,0.032979118894837386,0.3141971953241511,0.003561138256305423,0.0026381281389406563,0.15709859766207554,0.0017805691281527116,0.0013190640694703281,0.3141971953241511,0.003561138256305423,0.0026381281389406563,0.15709859766207554,0.0017805691281527116,0.0013190640694703281
S,6,-2.0,0.0,False,q3_evidence,Uniform raw,uniform_raw,1,S,7,4.0,0.0,0.0,0.17310413611553588,0.005043166017121452,0.0037360296684803315,3.8268958638844643,0.0050431660171215064,0.003736029668480372,3.8268958638844643,0.0050431660171215064,0.003736029668480372,0.9567239659711161,0.0012607915042803766,0.000934007417120093,0.011025565011160714,0.00033832525665348313,0.0002506348575800208,13.946737646913736,0.015019389380751742,0.011126519360743782,0.4898426705772114,0.000645525250191557,0.00047821179756549074,0.4898426705772114,0.000645525250191557,0.00047821179756549074,0.4898426705772114,0.000645525250191557,0.00047821179756549074,0.4898426705772114,0.000645525250191557,0.00047821179756549074
S,6,-2.0,0.12,True,q3_evidence,PCS raw,pcs_raw,1,S,7,3.996679855921233,0.0,0.0,0.15379099598668514,0.012262672896556298,0.009084315210101612,3.842888859934548,0.012262672896556307,0.00908431521010162,3.842888859934548,0.012262672896556307,0.00908431521010162,0.9615522510033288,0.0030656682241390768,0.002271078802525405,0.00970458984375,0.0006350296645106449,0.00047043655888430485,13.954295799672709,0.05830937281891621,0.043196187883240436,0.4918897740716221,0.0015696221307592176,0.001162792346893015,0.4918897740716221,0.0015696221307592176,0.001162792346893015,0.4918897740716221,0.0015696221307592176,0.001162792346893015,0.4918897740716221,0.0015696221307592176,0.001162792346893015
S,6,-2.0,0.16,True,q3_evidence,PCS raw,pcs_raw,1,S,7,3.994102801322579,4.796711693331816e-16,3.553453750400821e-16,0.1531550092376789,0.008280315870359009,0.006134143839608758,3.8409477920849,0.008280315870359038,0.006134143839608781,3.8409477920849,0.008280315870359038,0.006134143839608781,0.9617112476905803,0.0020700789675897596,0.0015335359599021952,0.009695870535714286,0.0008674214332729207,0.0006425947904116598,13.960963172250505,0.05387381788319952,0.03991028280302843,0.49164131738686717,0.0010598804314059696,0.0007851704114699334,0.49164131738686717,0.0010598804314059696,0.0007851704114699334,0.49164131738686717,0.0010598804314059696,0.0007851704114699334,0.49164131738686717,0.0010598804314059696,0.0007851704114699334
S,6,-2.0,0.2,True,q3_evidence,PCS raw,pcs_raw,1,S,7,3.9907962143176587,4.796711693331816e-16,3.553453750400821e-16,0.14222070278800053,0.007720798505245963,0.00571964757496161,3.848575511529659,0.007720798505246035,0.005719647574961664,3.848575511529659,0.007720798505246035,0.005719647574961664,0.9644448243029997,0.0019301996263115086,0.0014299118937404157,0.009098597935267858,0.00035433198105304066,0.00026249280495849485,13.974248223025006,0.05549696587492999,0.0411127276626368,0.49261766547579633,0.0009882622086714904,0.0007321148895950915,0.49261766547579633,0.0009882622086714904,0.0007321148895950915,0.49261766547579633,0.0009882622086714904,0.0007321148895950915,0.49261766547579633,0.0009882622086714904,0.0007321148895950915
S,6,-2.0,0.24,True,q3_evidence,PCS raw,pcs_raw,1,S,7,3.986765139934552,4.796711693331816e-16,3.553453750400821e-16,0.1411277921731595,0.008403718205493063,0.006225561568800179,3.845637347761393,0.008403718205493049,0.0062255615688001685,3.845637347761393,0.008403718205493049,0.0062255615688001685,0.9647180519567101,0.0021009295513732622,0.0015563903922000421,0.008893694196428572,0.0005300043660024321,0.00039263272894184966,13.951576503830939,0.04325333351839684,0.032042517881979475,0.49224158051345823,0.0010756759303031103,0.0007968718808064215,0.49224158051345823,0.0010756759303031103,0.0007968718808064215,0.49224158051345823,0.0010756759303031103,0.0007968718808064215,0.49224158051345823,0.0010756759303031103,0.0007968718808064215
S,6,-2.0,0.28,True,q3_evidence,PCS raw,pcs_raw,1,S,7,3.982015709386645,9.593423386663633e-16,7.106907500801642e-16,0.13279296615800867,0.0073839573857436905,0.005470112181569402,3.8492227432286374,0.00738395738574366,0.0054701121815693785,3.8492227432286374,0.00738395738574366,0.0054701121815693785,0.9668017584604979,0.001845989346435915,0.0013675280453923446,0.008374895368303572,0.000330500882592145,0.00024483848015932814,13.952807231742096,0.04848005264499728,0.035914525596874934,0.4927005111332656,0.0009451465453751846,0.0007001743592408776,0.4927005111332656,0.0009451465453751846,0.0007001743592408776,0.4927005111332656,0.0009451465453751846,0.0007001743592408776,0.4927005111332656,0.0009451465453751846,0.0007001743592408776
S,6,-2.0,0.32,True,q3_evidence,PCS raw,pcs_raw,1,S,7,3.976555119443372,0.0,0.0,0.12680140058421438,0.01122395229887778,0.008314820222823047,3.8497537188591573,0.011223952298877831,0.008314820222823085,3.8497537188591573,0.011223952298877831,0.008314820222823085,0.9682996498539463,0.0028059880747194578,0.0020787050557057713,0.007925851004464286,0.0010099603767842061,0.0007481891174800282,13.982437945365234,0.04036556410387595,0.02990322836191364,0.4927684760139721,0.0014366658942563636,0.0010642969885213556,0.4927684760139721,0.0014366658942563636,0.0010642969885213556,0.4927684760139721,0.0014366658942563636,0.0010642969885213556,0.4927684760139721,0.0014366658942563636,0.0010642969885213556
S,6,-2.0,0.36,True,q3_evidence,PCS raw,pcs_raw,1,S,7,3.970391608345835,0.0,0.0,0.1252363416133038,0.011009055061902594,0.008155622121811095,3.845155266732531,0.011009055061902636,0.008155622121811127,3.845155266732531,0.011009055061902636,0.008155622121811127,0.9686909145966741,0.0027522637654756586,0.0020389055304527812,0.008130754743303572,0.0008056596587970377,0.0005968410275895517,13.951250930759645,0.07348571012545571,0.05443897589450233,0.49217987414176395,0.001409159047923542,0.0010439196315918276,0.49217987414176395,0.001409159047923542,0.0010439196315918276,0.49217987414176395,0.001409159047923542,0.0010439196315918276,0.49217987414176395,0.001409159047923542,0.0010439196315918276
S,6,0.0,0.0,False,q3_evidence,Uniform raw,uniform_raw,1,S,7,4.0,0.0,0.0,0.18884204787342754,0.005779869697142064,0.0042817873921189116,3.811157952126572,0.0057798696971420125,0.004281787392118873,3.811157952126572,0.0057798696971420125,0.004281787392118873,0.952789488031643,0.0014449674242855031,0.0010704468480297184,0.012294224330357142,0.0004771647463365979,0.00035348859089987986,13.859555520016542,0.058274729883980685,0.04317052403789349,0.48782821787220126,0.0007398233212341873,0.000548068786191223,0.48782821787220126,0.0007398233212341873,0.000548068786191223,0.48782821787220126,0.0007398233212341873,0.000548068786191223,0.48782821787220126,0.0007398233212341873,0.000548068786191223
S,6,0.0,0.12,True,q3_evidence,PCS raw,pcs_raw,1,S,7,3.996679855921233,0.0,0.0,0.16397248619560095,0.015966347773077167,0.011828035954988991,3.832707369725632,0.01596634777307724,0.011828035954989047,3.832707369725632,0.01596634777307724,0.011828035954989047,0.9590068784510998,0.00399158694326931,0.0029570089887472617,0.010336739676339286,0.001298547667350863,0.0009619775741445552,13.860904974408417,0.05321044987295664,0.03941885290383927,0.4905865433248809,0.0020436925149538814,0.0015139886022385942,0.4905865433248809,0.0020436925149538814,0.0015139886022385942,0.4905865433248809,0.0020436925149538814,0.0015139886022385942,0.4905865433248809,0.0020436925149538814,0.0015139886022385942
S,6,0.0,0.16,True,q3_evidence,PCS raw,pcs_raw,1,S,7,3.994102801322579,4.796711693331816e-16,3.553453750400821e-16,0.1629840459918448,0.011909661249590635,0.00882280052232308,3.831118755330734,0.011909661249590642,0.008822800522323085,3.831118755330734,0.011909661249590642,0.008822800522323085,0.9592539885020388,0.0029774153123976604,0.002205700130580771,0.010249546595982142,0.001073974317343881,0.000795611308285436,13.826695554818729,0.0710483658553293,0.052633365991005564,0.49038320068233393,0.0015244366399476106,0.0011293184668573612,0.49038320068233393,0.0015244366399476106,0.0011293184668573612,0.49038320068233393,0.0015244366399476106,0.0011293184668573612,0.49038320068233393,0.0015244366399476106,0.0011293184668573612
S,6,0.0,0.2,True,q3_evidence,PCS raw,pcs_raw,1,S,7,3.9907962143176587,4.796711693331816e-16,3.553453750400821e-16,0.1546539345537086,0.00820893053019177,0.006081260839554045,3.8361422797639513,0.008208930530191729,0.0060812608395540155,3.8361422797639513,0.008208930530191729,0.0060812608395540155,0.9613365163615729,0.002052232632547932,0.0015203152098885039,0.009765625,0.0006625431106743888,0.0004908188050370013,13.843270841917526,0.03429303681301743,0.025404637190359597,0.49102621180978573,0.0010507431078645437,0.0007784013874629158,0.49102621180978573,0.0010507431078645437,0.0007784013874629158,0.49102621180978573,0.0010507431078645437,0.0007784013874629158,0.49102621180978573,0.0010507431078645437,0.0007784013874629158
S,6,0.0,0.24,True,q3_evidence,PCS raw,pcs_raw,1,S,7,3.986765139934552,4.796711693331816e-16,3.553453750400821e-16,0.1547878594030298,0.004559811663496271,0.0033779557523328035,3.8319772805315226,0.004559811663496327,0.0033779557523328447,3.8319772805315226,0.004559811663496327,0.0033779557523328447,0.9613030351492426,0.0011399529158740815,0.0008444889380832111,0.010005405970982142,0.0005147223505260763,0.00038131165344681186,13.809133423693428,0.03268658333250945,0.02421455979773848,0.4904930919080349,0.0005836558929275342,0.00043237833629860737,0.4904930919080349,0.0005836558929275342,0.00043237833629860737,0.4904930919080349,0.0005836558929275342,0.00043237833629860737,0.4904930919080349,0.0005836558929275342,0.00043237833629860737
S,6,0.0,0.28,True,q3_evidence,PCS raw,pcs_raw,1,S,7,3.982015709386645,9.593423386663633e-16,7.106907500801642e-16,0.14906397267118932,0.0034627591882547375,0.00256524790542326,3.8329517367154566,0.0034627591882547457,0.002565247905423266,3.8329517367154566,0.0034627591882547457,0.002565247905423266,0.9627340068322027,0.0008656897970636864,0.0006413119763558165,0.009552001953125,0.00019461188221953318,0.0001441704999087017,13.81652003611924,0.020843694051850537,0.015441224642231573,0.49061782229957845,0.00044323317609660156,0.0003283517318941737,0.49061782229957845,0.00044323317609660156,0.0003283517318941737,0.49061782229957845,0.00044323317609660156,0.0003283517318941737,0.49061782229957845,0.00044323317609660156,0.0003283517318941737
S,6,0.0,0.32,True,q3_evidence,PCS raw,pcs_raw,1,S,7,3.976555119443372,0.0,0.0,0.14357833367227707,0.009809790374039824,0.007267194408147705,3.8329767857710944,0.00980979037403979,0.00726719440814768,3.8329767857710944,0.00980979037403979,0.00726719440814768,0.9641054165819306,0.0024524475935099473,0.00181679860203692,0.009334019252232142,0.0006252824054476375,0.0004632156883196381,13.817985140819363,0.0679771082719576,0.0503581465332152,0.4906210285787001,0.0012556531678770803,0.0009302008842428936,0.4906210285787001,0.0012556531678770803,0.0009302008842428936,0.4906210285787001,0.0012556531678770803,0.0009302008842428936,0.4906210285787001,0.0012556531678770803,0.0009302008842428936
S,6,0.0,0.36,True,q3_evidence,PCS raw,pcs_raw,1,S,7,3.970391608345835,0.0,0.0,0.14149610049571595,0.00549551277920914,0.004071132839358142,3.828895507850119,0.005495512779209167,0.004071132839358162,3.828895507850119,0.005495512779209167,0.004071132839358162,0.964625974876071,0.0013738781948022917,0.0010177832098395405,0.009294782366071428,0.0005320504806774223,0.0003941485119053539,13.793220593906938,0.0343436798960539,0.025442154111294822,0.4900986250048152,0.0007034256357387762,0.0005211050034378468,0.4900986250048152,0.0007034256357387762,0.0005211050034378468,0.4900986250048152,0.0007034256357387762,0.0005211050034378468,0.4900986250048152,0.0007034256357387762,0.0005211050034378468
S,6,2.0,0.0,False,q3_evidence,Uniform raw,uniform_raw,1,S,7,4.0,0.0,0.0,0.2237372756542572,0.009329197583483478,0.006911166286550966,3.7762627243457425,0.009329197583483436,0.006911166286550935,3.7762627243457425,0.009329197583483436,0.006911166286550935,0.9440656810864356,0.002332299395870859,0.0017277915716377337,0.014229910714285714,0.0006575373891207469,0.0004871105146152571,13.565051360866155,0.03501893754128959,0.025942391975347662,0.48336162871625504,0.001194137290685884,0.0008846292846785228,0.48336162871625504,0.001194137290685884,0.0008846292846785228,0.48336162871625504,0.001194137290685884,0.0008846292846785228,0.48336162871625504,0.001194137290685884,0.0008846292846785228
S,6,2.0,0.12,True,q3_evidence,PCS raw,pcs_raw,1,S,7,3.996679855921233,0.0,0.0,0.20675931734981987,0.009150264058950568,0.006778610476555586,3.7899205385714128,0.00915026405895056,0.006778610476555581,3.7899205385714128,0.00915026405895056,0.006778610476555581,0.948310170662545,0.00228756601473764,0.0016946526191388952,0.012935093470982142,0.0007306030942562159,0.0005412383464589444,13.52403452443607,0.06176807233796246,0.045758428343627054,0.4851098289371409,0.0011712337995456654,0.0008676621409991096,0.4851098289371409,0.0011712337995456654,0.0008676621409991096,0.4851098289371409,0.0011712337995456654,0.0008676621409991096,0.4851098289371409,0.0011712337995456654,0.0008676621409991096
S,6,2.0,0.16,True,q3_evidence,PCS raw,pcs_raw,1,S,7,3.994102801322579,4.796711693331816e-16,3.553453750400821e-16,0.20193355262169416,0.009186493733103254,0.0068054497947644815,3.7921692487008847,0.0091864937331033,0.006805449794764517,3.7921692487008847,0.0091864937331033,0.006805449794764517,0.9495166118445765,0.002296623433275825,0.0017013624486911293,0.012821742466517858,0.0007028829571745902,0.000520702981531496,13.4952392989234,0.04753175012723242,0.03521201326056951,0.48539766383371324,0.0011758711978372219,0.0008710975737298576,0.48539766383371324,0.0011758711978372219,0.0008710975737298576,0.48539766383371324,0.0011758711978372219,0.0008710975737298576,0.48539766383371324,0.0011758711978372219,0.0008710975737298576
S,6,2.0,0.2,True,q3_evidence,PCS raw,pcs_raw,1,S,7,3.9907962143176587,4.796711693331816e-16,3.553453750400821e-16,0.19532902313768727,0.0055855829642522895,0.0041378577662045495,3.795467191179972,0.005585582964252378,0.004137857766204615,3.795467191179972,0.005585582964252378,0.004137857766204615,0.9511677442155781,0.0013963957410630947,0.001034464441551154,0.012420654296875,0.00036832411682600244,0.00027285832419694897,13.50558840300271,0.058728826998206016,0.04350692388778094,0.4858198004710364,0.0007149546194242909,0.0005296457940741808,0.4858198004710364,0.0007149546194242909,0.0005296457940741808,0.4858198004710364,0.0007149546194242909,0.0005296457940741808,0.4858198004710364,0.0007149546194242909,0.0005296457940741808
S,6,2.0,0.24,True,q3_evidence,PCS raw,pcs_raw,1,S,7,3.986765139934552,4.796711693331816e-16,3.553453750400821e-16,0.1858638294673006,0.004604965957036774,0.0034114065211065985,3.800901310467252,0.004604965957036707,0.0034114065211065486,3.800901310467252,0.004604965957036707,0.0034114065211065486,0.9535340426331748,0.0011512414892591767,0.0008528516302766372,0.011784144810267858,0.0003349659622919178,0.00024814625749083907,13.497061366177588,0.049497135348559325,0.03666799100786985,0.48651536773980825,0.0005894356425006792,0.00043666003470162396,0.48651536773980825,0.0005894356425006792,0.00043666003470162396,0.48651536773980825,0.0005894356425006792,0.00043666003470162396,0.48651536773980825,0.0005894356425006792,0.00043666003470162396
S,6,2.0,0.28,True,q3_evidence,PCS raw,pcs_raw,1,S,7,3.982015709386645,9.593423386663633e-16,7.106907500801642e-16,0.1806560552421291,0.007480505783137105,0.005541636235285149,3.8013596541445165,0.007480505783137107,0.005541636235285151,3.8013596541445165,0.007480505783137107,0.005541636235285151,0.9548359861894676,0.0018701264457842768,0.0013854090588212877,0.011400495256696428,0.0006678766087734956,0.0004947699157217176,13.514283491440036,0.036140052916641296,0.02677292586812127,0.4865740357304982,0.0009575047402415587,0.0007093294381165059,0.4865740357304982,0.0009575047402415587,0.0007093294381165059,0.4865740357304982,0.0009575047402415587,0.0007093294381165059,0.4865740357304982,0.0009575047402415587,0.0007093294381165059
S,6,2.0,0.32,True,q3_evidence,PCS raw,pcs_raw,1,S,7,3.976555119443372,0.0,0.0,0.17461257271776476,0.004529399928508651,0.003355426423772535,3.801942546725607,0.004529399928508692,0.003355426423772565,3.801942546725607,0.004529399928508692,0.003355426423772565,0.9563468568205588,0.001132349982127173,0.0008388566059431413,0.011452811104910714,0.0002533230353923807,0.00018766433084343084,13.488864159050538,0.031414612714038496,0.023272270776931038,0.4866486459808777,0.0005797631908491106,0.00042949458224288687,0.4866486459808777,0.0005797631908491106,0.00042949458224288687,0.4866486459808777,0.0005797631908491106,0.00042949458224288687,0.4866486459808777,0.0005797631908491106,0.00042949458224288687
S,6,2.0,0.36,True,q3_evidence,PCS raw,pcs_raw,1,S,7,3.970391608345835,0.0,0.0,0.1784314194063634,0.003485533626888362,0.002582119445667888,3.791960188939472,0.003485533626888348,0.002582119445667878,3.791960188939472,0.003485533626888348,0.002582119445667878,0.9553921451484092,0.000871383406722087,0.0006455298614169695,0.011845179966517858,0.00037102337698179284,0.00027485796410385327,13.452998388260282,0.06513324451541007,0.04825138277975029,0.4853709041842524,0.00044614830424171244,0.00033051128904549123,0.4853709041842524,0.00044614830424171244,0.00033051128904549123,0.4853709041842524,0.00044614830424171244,0.00033051128904549123,0.4853709041842524,0.00044614830424171244,0.00033051128904549123
S,6,4.0,0.0,False,q3_evidence,Uniform raw,uniform_raw,1,S,7,4.0,0.0,0.0,0.33714075625628886,0.013547460786013113,0.01003609939813329,3.662859243743711,0.013547460786013179,0.010036099398133339,3.662859243743711,0.013547460786013179,0.010036099398133339,0.9157148109359278,0.0033868651965032947,0.0025090248495333346,0.021493094308035716,0.0008981910114709181,0.0006653892129319714,12.887217439253686,0.07109667111349478,0.05266915102703991,0.468845983199195,0.0017340749806096707,0.0012846207229610554,0.468845983199195,0.0017340749806096707,0.0012846207229610554,0.468845983199195,0.0017340749806096707,0.0012846207229610554,0.468845983199195,0.0017340749806096707,0.0012846207229610554
S,6,4.0,0.12,True,q3_evidence,PCS raw,pcs_raw,1,S,7,3.996679855921233,0.0,0.0,0.31424891301098923,0.006230358733506566,0.004615514340521761,3.6824309429102438,0.006230358733506602,0.004615514340521787,3.6824309429102438,0.006230358733506602,0.004615514340521787,0.9214377717472527,0.0015575896833766505,0.0011538785851304468,0.020063127790178572,0.0005014107562190403,0.0003714502863815558,12.807105168792988,0.02948956530479663,0.021846175699009353,0.47135116069251115,0.0007974859178888278,0.000590785835586776,0.47135116069251115,0.0007974859178888278,0.000590785835586776,0.47135116069251115,0.0007974859178888278,0.000590785835586776,0.47135116069251115,0.0007974859178888278,0.000590785835586776
S,6,4.0,0.16,True,q3_evidence,PCS raw,pcs_raw,1,S,7,3.994102801322579,4.796711693331816e-16,3.553453750400821e-16,0.31490941558873403,0.0036448138421723117,0.002700115880423853,3.679193385733844,0.003644813842172258,0.002700115880423813,3.679193385733844,0.003644813842172258,0.002700115880423813,0.9212726461028166,0.0009112034605430646,0.0006750289701059534,0.020028250558035716,0.0006366687234566181,0.00047165079074376663,12.762156835683502,0.06471289145821044,0.04793998087713542,0.47093675337393215,0.0004665361717980564,0.00034561483269425356,0.47093675337393215,0.0004665361717980564,0.00034561483269425356,0.47093675337393215,0.0004665361717980564,0.00034561483269425356,0.47093675337393215,0.0004665361717980564,0.00034561483269425356
S,6,4.0,0.2,True,q3_evidence,PCS raw,pcs_raw,1,S,7,3.9907962143176587,4.796711693331816e-16,3.553453750400821e-16,0.3080434425533571,0.01241065225153008,0.009193939850382677,3.682752771764302,0.012410652251530136,0.009193939850382719,3.682752771764302,0.012410652251530136,0.009193939850382719,0.9229891393616606,0.003102663062882534,0.0022984849625956798,0.019291469029017856,0.0007424052595424186,0.0005499815128571685,12.743006496934852,0.05375861341077218,0.03982493813551819,0.4713923547858307,0.0015885634881958504,0.0011768243008489828,0.4713923547858307,0.0015885634881958504,0.0011768243008489828,0.4713923547858307,0.0015885634881958504,0.0011768243008489828,0.4713923547858307,0.0015885634881958504,0.0011768243008489828
S,6,4.0,0.24,True,q3_evidence,PCS raw,pcs_raw,1,S,7,3.986765139934552,4.796711693331816e-16,3.553453750400821e-16,0.2948787090704982,0.009718713408549772,0.00719972364790884,3.6918864308640544,0.009718713408549797,0.007199723647908858,3.6918864308640544,0.009718713408549797,0.007199723647908858,0.9262803227323755,0.002429678352137449,0.0017999309119772146,0.018332345145089284,0.000800800921367977,0.000593241624531096,12.753589132939974,0.05656611089029732,0.04190476137395216,0.47256146315059894,0.001243995316294371,0.0009215646269323318,0.47256146315059894,0.001243995316294371,0.0009215646269323318,0.47256146315059894,0.001243995316294371,0.0009215646269323318,0.47256146315059894,0.001243995316294371,0.0009215646269323318
S,6,4.0,0.28,True,q3_evidence,PCS raw,pcs_raw,1,S,7,3.982015709386645,9.593423386663633e-16,7.106907500801642e-16,0.29173232776919306,0.009714598970502064,0.007196675629548315,3.6902833816174536,0.009714598970502062,0.007196675629548314,3.6902833816174536,0.009714598970502062,0.007196675629548314,0.9270669180577017,0.0024286497426255155,0.0017991689073870785,0.018384660993303572,0.0006909512943945514,0.0005118638820473248,12.689043396759365,0.030516261377207057,0.022606762793309882,0.4723562728470339,0.0012434686682242673,0.0009211744805821866,0.4723562728470339,0.0012434686682242673,0.0009211744805821866,0.4723562728470339,0.0012434686682242673,0.0009211744805821866,0.4723562728470339,0.0012434686682242673,0.0009211744805821866
S,6,4.0,0.32,True,q3_evidence,PCS raw,pcs_raw,1,S,7,3.976555119443372,0.0,0.0,0.27941279895126775,0.007336104149406131,0.005434662007991343,3.6971423204921043,0.007336104149406067,0.005434662007991295,3.6971423204921043,0.007336104149406067,0.005434662007991295,0.9301468002621831,0.0018340260373515167,0.0013586655019978237,0.017804827008928572,0.00041503051407075384,0.00030745890748566223,12.70780228605977,0.03608608461262461,0.026732945589011004,0.47323421702298935,0.000939021331123988,0.0006956367370228942,0.47323421702298935,0.000939021331123988,0.0006956367370228942,0.47323421702298935,0.000939021331123988,0.0006956367370228942,0.47323421702298935,0.000939021331123988,0.0006956367370228942
S,6,4.0,0.36,True,q3_evidence,PCS raw,pcs_raw,1,S,7,3.970391608345835,0.0,0.0,0.2802605851495124,0.005625712874719712,0.004167586419909535,3.6901310231963227,0.005625712874719701,0.0041675864199095265,3.6901310231963227,0.005625712874719701,0.0041675864199095265,0.9299348537126219,0.0014064282186799254,0.0010418966049773818,0.017708914620535716,0.0004910436329261895,0.0003637702139692279,12.66471671660804,0.04379415500587718,0.03244316404665432,0.4723367709691293,0.000720091247964131,0.0005334510617484262,0.4723367709691293,0.000720091247964131,0.0005334510617484262,0.4723367709691293,0.000720091247964131,0.0005334510617484262,0.4723367709691293,0.000720091247964131,0.0005334510617484262
S,6,6.0,0.0,False,q3_evidence,Uniform raw,uniform_raw,1,S,7,4.0,0.0,0.0,0.6399334057947925,0.0076470563117041705,0.005665018593493297,3.360066594205208,0.007647056311704223,0.005665018593493336,3.360066594205208,0.007647056311704223,0.005665018593493336,0.840016648551302,0.0019117640779260558,0.001416254648373334,0.04087611607142857,0.0010720110579567129,0.0007941569053781192,11.447861417556743,0.056982392048369974,0.04221314677147998,0.4300885240582666,0.0009788232078981282,0.0007251223799671378,0.4300885240582666,0.0009788232078981282,0.0007251223799671378,0.4300885240582666,0.0009788232078981282,0.0007251223799671378,0.4300885240582666,0.0009788232078981282,0.0007251223799671378
S,6,6.0,0.12,True,q3_evidence,PCS raw,pcs_raw,1,S,7,3.996679855921233,0.0,0.0,0.6058892963999888,0.013898398118822196,0.01029607741248001,3.3907905595212435,0.01389839811882228,0.010296077412480072,3.3907905595212435,0.01389839811882228,0.010296077412480072,0.8485276759000027,0.00347459952970557,0.002574019353120018,0.03810773577008929,0.0010711212417547375,0.0007934977203108841,11.368981016382664,0.058900705146669584,0.04363425300204037,0.4340211916187192,0.0017789949592092586,0.0013178979087974541,0.4340211916187192,0.0017789949592092586,0.0013178979087974541,0.4340211916187192,0.0017789949592092586,0.0013178979087974541,0.4340211916187192,0.0017789949592092586,0.0013178979087974541
S,6,6.0,0.16,True,q3_evidence,PCS raw,pcs_raw,1,S,7,3.994102801322579,4.796711693331816e-16,3.553453750400821e-16,0.6084231059357749,0.011067390689748158,0.008198837759690264,3.3856796953868042,0.01106739068974821,0.008198837759690302,3.3856796953868042,0.01106739068974821,0.008198837759690302,0.8478942235160563,0.0027668476724370525,0.0020497094399225756,0.038081577845982144,0.0011355148304659501,0.0008412011584028007,11.324859006381063,0.05930674571698097,0.043935052065989466,0.4333670010095109,0.0014166260082877577,0.001049451233240349,0.4333670010095109,0.0014166260082877577,0.001049451233240349,0.4333670010095109,0.0014166260082877577,0.001049451233240349,0.4333670010095109,0.0014166260082877577,0.001049451233240349
S,6,6.0,0.2,True,q3_evidence,PCS raw,pcs_raw,1,S,7,3.9907962143176587,4.796711693331816e-16,3.553453750400821e-16,0.6068489998079205,0.016807450904594436,0.012451133874615649,3.383947214509739,0.01680745090459444,0.012451133874615652,3.383947214509739,0.01680745090459444,0.012451133874615652,0.8482877500480199,0.00420186272614861,0.003112783468653913,0.03801182338169643,0.0013084483116682238,0.0009693120740958069,11.271356164327655,0.04851254053468624,0.035938592962361654,0.43314524345724653,0.002151353715788088,0.0015937451359508035,0.43314524345724653,0.002151353715788088,0.0015937451359508035,0.43314524345724653,0.002151353715788088,0.0015937451359508035,0.43314524345724653,0.002151353715788088,0.0015937451359508035
S,6,6.0,0.24,True,q3_evidence,PCS raw,pcs_raw,1,S,7,3.986765139934552,4.796711693331816e-16,3.553453750400821e-16,0.5896605352357306,0.015019424360534165,0.01112654527412924,3.397104604698822,0.015019424360534123,0.01112654527412921,3.397104604698822,0.015019424360534123,0.01112654527412921,0.8525848661910673,0.003754856090133531,0.0027816363185323026,0.03687395368303571,0.0011588263265940508,0.0008584705564070645,11.259051550648524,0.05471026885201568,0.040529934352296675,0.43482938940144916,0.001922486318148367,0.001424197795088538,0.43482938940144916,0.001922486318148367,0.001424197795088538,0.43482938940144916,0.001922486318148367,0.001424197795088538,0.43482938940144916,0.001922486318148367,0.001424197795088538
S,6,6.0,0.28,True,q3_evidence,PCS raw,pcs_raw,1,S,7,3.982015709386645,9.593423386663633e-16,7.106907500801642e-16,0.5906498443179797,0.015561509142583595,0.011528127300517565,3.3913658650686656,0.015561509142583571,0.011528127300517546,3.3913658650686656,0.015561509142583571,0.011528127300517546,0.8523375389205051,0.0038903772856458923,0.002882031825129386,0.036808558872767856,0.0010109917661848056,0.0007489531814405075,11.193383125791318,0.06465899711533037,0.047900055389201925,0.43409483072878924,0.001991873170250712,0.0014756002944662568,0.43409483072878924,0.001991873170250712,0.0014756002944662568,0.43409483072878924,0.001991873170250712,0.0014756002944662568,0.43409483072878924,0.001991873170250712,0.0014756002944662568
S,6,6.0,0.32,True,q3_evidence,PCS raw,pcs_raw,1,S,7,3.976555119443372,0.0,0.0,0.5880025924394606,0.01014340129310956,0.007514336835571687,3.3885525270039105,0.01014340129310962,0.007514336835571731,3.3885525270039105,0.01014340129310962,0.007514336835571731,0.8529993518901346,0.002535850323277405,0.0018785842088929327,0.036564418247767856,0.0007779346236824428,0.0005763020341485013,11.156889119201097,0.05720278790863667,0.04237641830963105,0.43373472345650066,0.0012983553655180305,0.0009618351149531808,0.43373472345650066,0.0012983553655180305,0.0009618351149531808,0.43373472345650066,0.0012983553655180305,0.0009618351149531808,0.43373472345650066,0.0012983553655180305,0.0009618351149531808
S,6,6.0,0.36,True,q3_evidence,PCS raw,pcs_raw,1,S,7,3.970391608345835,0.0,0.0,0.5945185782924401,0.01063914288299089,0.007881587344757463,3.3758730300533943,0.010639142882990888,0.007881587344757461,3.3758730300533943,0.010639142882990888,0.007881587344757461,0.8513703554268899,0.002659785720747722,0.0019703968361893653,0.0362548828125,0.000987468852988491,0.0007315271634803294,11.093395255425278,0.05212585902858729,0.038615376762270795,0.43211174784683454,0.0013618102890228271,0.00100884318012895,0.43211174784683454,0.0013618102890228271,0.00100884318012895,0.43211174784683454,0.0013618102890228271,0.00100884318012895,0.43211174784683454,0.0013618102890228271,0.00100884318012895
S,8,-2.0,0.0,False,q3_evidence,Uniform raw,uniform_raw,1,S,7,4.0,0.0,0.0,0.18576165328987257,0.010688747443053688,0.007918334917107323,3.814238346710127,0.010688747443053743,0.007918334917107365,3.814238346710127,0.010688747443053743,0.007918334917107365,0.9535595866775317,0.002672186860763436,0.001979583729276841,0.011888776506696428,0.0006427693471044166,0.00047617019598781944,13.88938636184246,0.05324827056654154,0.03944687086573781,0.48822250837889625,0.0013681596727108834,0.0010135468693897457,0.48822250837889625,0.0013681596727108834,0.0010135468693897457,0.48822250837889625,0.0013681596727108834,0.0010135468693897457,0.48822250837889625,0.0013681596727108834,0.0010135468693897457
S,8,-2.0,0.12,True,q3_evidence,PCS raw,pcs_raw,1,S,7,3.996679855921233,0.0,0.0,0.17245231384653056,0.009429552758475278,0.006985510440576833,3.824227542074702,0.00942955275847538,0.0069855104405769095,3.824227542074702,0.00942955275847538,0.0069855104405769095,0.9568869215383673,0.002357388189618845,0.0017463776101442274,0.011051722935267858,0.00043531823943781085,0.00032248826476241686,13.822429919729391,0.057549842109884335,0.042633519659860265,0.48950112538556184,0.0012069827530848478,0.0008941453363938438,0.48950112538556184,0.0012069827530848478,0.0008941453363938438,0.48950112538556184,0.0012069827530848478,0.0008941453363938438,0.48950112538556184,0.0012069827530848478,0.0008941453363938438
S,8,-2.0,0.16,True,q3_evidence,PCS raw,pcs_raw,1,S,7,3.994102801322579,4.796711693331816e-16,3.553453750400821e-16,0.16363525021295935,0.004603461089922434,0.0034102916999471902,3.83046755110962,0.0046034610899223895,0.0034102916999471573,3.83046755110962,0.0046034610899223895,0.0034102916999471573,0.9590911874467601,0.0011508652724805974,0.0008525729249867893,0.010162353515625,0.00031518419158589004,0.00023349171667225646,13.839066909928976,0.010156975775042435,0.007524392952515546,0.4902998465420313,0.0005892430195100646,0.00043651733759323525,0.4902998465420313,0.0005892430195100646,0.00043651733759323525,0.4902998465420313,0.0005892430195100646,0.00043651733759323525,0.4902998465420313,0.0005892430195100646,0.00043651733759323525
S,8,-2.0,0.2,True,q3_evidence,PCS raw,pcs_raw,1,S,7,3.9907962143176587,4.796711693331816e-16,3.553453750400821e-16,0.1599531758390422,0.009865159944562519,0.007308212760012687,3.830843038478617,0.009865159944562494,0.007308212760012668,3.830843038478617,0.009865159944562494,0.007308212760012668,0.9600117060402394,0.0024662899861406236,0.001827053190003167,0.009922572544642858,0.0007327245662039787,0.0005428099548713547,13.77620923465928,0.06822652895647209,0.05054291996207224,0.490347908925263,0.0012627404729039927,0.0009354512332816167,0.490347908925263,0.0012627404729039927,0.0009354512332816167,0.490347908925263,0.0012627404729039927,0.0009354512332816167,0.490347908925263,0.0012627404729039927,0.0009354512332816167
S,8,-2.0,0.24,True,q3_evidence,PCS raw,pcs_raw,1,S,7,3.986765139934552,4.796711693331816e-16,3.553453750400821e-16,0.150381594007086,0.006401220282797841,0.004742090347575178,3.836383545927467,0.006401220282797806,0.004742090347575153,3.836383545927467,0.006401220282797806,0.004742090347575153,0.9624046014982284,0.0016003050706994515,0.0011855225868937882,0.009599958147321428,0.0002149682283002292,0.0001592506921215178,13.811518784355865,0.05234896220695175,0.03878065390973572,0.4910570938787157,0.0008193561961981157,0.000606987564489617,0.4910570938787157,0.0008193561961981157,0.000606987564489617,0.4910570938787157,0.0008193561961981157,0.000606987564489617,0.4910570938787157,0.0008193561961981157,0.000606987564489617
S,8,-2.0,0.28,True,q3_evidence,PCS raw,pcs_raw,1,S,7,3.982015709386645,9.593423386663633e-16,7.106907500801642e-16,0.15544928514056958,0.007353404137137304,0.005447478018253266,3.8265664242460766,0.0073534041371374195,0.005447478018253351,3.8265664242460766,0.0073534041371374195,0.005447478018253351,0.9611376787148578,0.0018383510342843547,0.0013618695045633377,0.009974888392857142,0.0007721266047974219,0.0005719993935461765,13.771425417814857,0.039729229416072834,0.029431825028244967,0.48980050230349775,0.0009412357295536034,0.0006972771863364392,0.48980050230349775,0.0009412357295536034,0.0006972771863364392,0.48980050230349775,0.0009412357295536034,0.0006972771863364392,0.48980050230349775,0.0009412357295536034,0.0006972771863364392
S,8,-2.0,0.32,True,q3_evidence,PCS raw,pcs_raw,1,S,7,3.976555119443372,0.0,0.0,0.14952190372360633,0.005112551999712923,0.0037874315237153805,3.8270332157197653,0.005112551999712897,0.003787431523715361,3.8270332157197653,0.005112551999712897,0.003787431523715361,0.9626195240690983,0.0012781379999282241,0.0009468578809288402,0.009735107421875,0.00042942038816742823,0.0003181190753977148,13.762218216002067,0.022533016788097465,0.016692692438617804,0.48986025161213004,0.0006544066559632497,0.00048479123503556543,0.48986025161213004,0.0006544066559632497,0.00048479123503556543,0.48986025161213004,0.0006544066559632497,0.00048479123503556543,0.48986025161213004,0.0006544066559632497,0.00048479123503556543
S,8,-2.0,0.36,True,q3_evidence,PCS raw,pcs_raw,1,S,7,3.970391608345835,0.0,0.0,0.1445952460130873,0.00587406113111163,0.004351565382895401,3.825796362332748,0.005874061131111626,0.004351565382895398,3.825796362332748,0.005874061131111626,0.004351565382895398,0.9638511884967281,0.0014685152827779064,0.0010878913457238494,0.009669712611607142,0.0005135146879089909,0.0003804170044601183,13.781985461910596,0.03453161659441947,0.025581379565802226,0.48970193437859166,0.0007518798247823053,0.0005570003690106236,0.48970193437859166,0.0007518798247823053,0.0005570003690106236,0.48970193437859166,0.0007518798247823053,0.0005570003690106236,0.48970193437859166,0.0007518798247823053,0.0005570003690106236
S,8,0.0,0.0,False,q3_evidence,Uniform raw,uniform_raw,1,S,7,4.0,0.0,0.0,0.22403672790635218,0.0138006976263892,0.010223699874815058,3.775963272093648,0.013800697626389183,0.010223699874815044,3.775963272093648,0.013800697626389183,0.010223699874815044,0.943990818023412,0.0034501744065972956,0.002555924968703761,0.014177594866071428,0.0006989918183504666,0.0005178203855507674,13.573050721508784,0.05236194946234183,0.038790275003168846,0.4833232988279869,0.0017664892961778197,0.001308633583976329,0.4833232988279869,0.0017664892961778197,0.001308633583976329,0.4833232988279869,0.0017664892961778197,0.001308633583976329,0.4833232988279869,0.0017664892961778197,0.001308633583976329
S,8,0.0,0.12,True,q3_evidence,PCS raw,pcs_raw,1,S,7,3.996679855921233,0.0,0.0,0.2060743543440448,0.006892341620798327,0.005105918126269021,3.7906055015771876,0.006892341620798402,0.005105918126269077,3.7906055015771876,0.006892341620798402,0.005105918126269077,0.9484814114139887,0.0017230854051996005,0.0012764795315672692,0.013222830636160714,0.0005105699007033958,0.00037823547556931563,13.542371924846863,0.03288724897664223,0.024363214987232464,0.48519750420188007,0.0008822197274621861,0.0006535575201624349,0.48519750420188007,0.0008822197274621861,0.0006535575201624349,0.48519750420188007,0.0008822197274621861,0.0006535575201624349,0.48519750420188007,0.0008822197274621861,0.0006535575201624349
S,8,0.0,0.16,True,q3_evidence,PCS raw,pcs_raw,1,S,7,3.994102801322579,4.796711693331816e-16,3.553453750400821e-16,0.19545737303322946,0.00843542177958911,0.006249047905164592,3.798645428289349,0.008435421779589097,0.006249047905164584,3.798645428289349,0.008435421779589097,0.006249047905164584,0.9511356567416926,0.002108855444897274,0.001562261976291146,0.012847900390625,0.0008763735979589781,0.0006492266468190604,13.56798107812979,0.03912261857534818,0.028982441428642054,0.4862266148210367,0.0010797339877874161,0.0007998781318610753,0.4862266148210367,0.0010797339877874161,0.0007998781318610753,0.4862266148210367,0.0010797339877874161,0.0007998781318610753,0.4862266148210367,0.0010797339877874161,0.0007998781318610753
S,8,0.0,0.2,True,q3_evidence,PCS raw,pcs_raw,1,S,7,3.9907962143176587,4.796711693331816e-16,3.553453750400821e-16,0.18253167251665361,0.011730775398439057,0.008690280029262825,3.8082645418010053,0.011730775398439164,0.008690280029262904,3.8082645418010053,0.011730775398439164,0.008690280029262904,0.9543670818708366,0.002932693849609791,0.002172570007315726,0.011356898716517858,0.0009555833872893888,0.0007079060799306839,13.593446144489215,0.05681976887927763,0.04209267384188602,0.4874578613505287,0.0015015392510002155,0.0011123558437456536,0.4874578613505287,0.0015015392510002155,0.0011123558437456536,0.4874578613505287,0.0015015392510002155,0.0011123558437456536,0.4874578613505287,0.0015015392510002155,0.0011123558437456536
S,8,0.0,0.24,True,q3_evidence,PCS raw,pcs_raw,1,S,7,3.986765139934552,4.796711693331816e-16,3.553453750400821e-16,0.18557421985601483,0.013704001504193476,0.010152066385034282,3.8011909200785374,0.013704001504193503,0.010152066385034303,3.8011909200785374,0.013704001504193503,0.010152066385034303,0.9536064450359962,0.003426000376048376,0.0025380165962585756,0.011993408203125,0.0007588595337548121,0.0005621710097767842,13.533512261648099,0.09239829620391263,0.06844961573005814,0.4865524377700528,0.0017541121925367664,0.0012994644972843894,0.4865524377700528,0.0017541121925367664,0.0012994644972843894,0.4865524377700528,0.0017541121925367664,0.0012994644972843894,0.4865524377700528,0.0017541121925367664,0.0012994644972843894
S,8,0.0,0.28,True,q3_evidence,PCS raw,pcs_raw,1,S,7,3.982015709386645,9.593423386663633e-16,7.106907500801642e-16,0.17053683504539144,0.005645791941469049,0.004182461200719099,3.8114788743412547,0.005645791941469069,0.0041824612007191125,3.8114788743412547,0.005645791941469069,0.0041824612007191125,0.9573657912386521,0.0014114479853672673,0.0010456153001797781,0.010951450892857142,0.00040233410644261326,0.00029805327708983247,13.595745218280994,0.042186259315211576,0.03125201824979691,0.48786929591568057,0.0007226613685080622,0.0005353550336920623,0.48786929591568057,0.0007226613685080622,0.0005353550336920623,0.48786929591568057,0.0007226613685080622,0.0005353550336920623,0.48786929591568057,0.0007226613685080622,0.0005353550336920623
S,8,0.0,0.32,True,q3_evidence,PCS raw,pcs_raw,1,S,7,3.976555119443372,0.0,0.0,0.1690671032592518,0.007618629354058254,0.005643959608564144,3.80748801618412,0.007618629354058203,0.005643959608564106,3.80748801618412,0.007618629354058203,0.005643959608564106,0.9577332241851871,0.0019046573385145507,0.0014109899021410265,0.010886056082589286,0.0005069086043911796,0.00037552314930420783,13.54191809291918,0.040269693790905704,0.029832206640168342,0.4873584660715674,0.000975184557319454,0.0007224268298962086,0.4873584660715674,0.000975184557319454,0.0007224268298962086,0.4873584660715674,0.000975184557319454,0.0007224268298962086,0.4873584660715674,0.000975184557319454,0.0007224268298962086
S,8,0.0,0.36,True,q3_evidence,PCS raw,pcs_raw,1,S,7,3.970391608345835,0.0,0.0,0.16836965863063738,0.008601818225468546,0.006372316117320354,3.8020219497151975,0.008601818225468478,0.006372316117320304,3.8020219497151975,0.008601818225468478,0.006372316117320304,0.9579075853423407,0.0021504545563671195,0.001593079029330076,0.01116943359375,0.0008433386070541419,0.0006247539830797667,13.513302304422625,0.08515938399088967,0.06308695451613779,0.4866588095635453,0.0011010327328599627,0.000815656463016997,0.4866588095635453,0.0011010327328599627,0.000815656463016997,0.4866588095635453,0.0011010327328599627,0.000815656463016997,0.4866588095635453,0.0011010327328599627,0.000815656463016997
S,8,2.0,0.0,False,q3_evidence,Uniform raw,uniform_raw,1,S,7,4.0,0.0,0.0,0.296319680569299,0.013398246501986675,0.009925559909607386,3.7036803194307018,0.013398246501986682,0.009925559909607392,3.7036803194307018,0.013398246501986682,0.009925559909607392,0.9259200798576754,0.0033495616254966705,0.002481389977401848,0.019069126674107144,0.0008122929704041835,0.0006017550535963173,13.103662782090607,0.06217990854322692,0.04606352087403331,0.47407108088712974,0.0017149755522542969,0.0012704716684297471,0.47407108088712974,0.0017149755522542969,0.0012704716684297471,0.47407108088712974,0.0017149755522542969,0.0012704716684297471,0.47407108088712974,0.0017149755522542969,0.0012704716684297471
S,8,2.0,0.12,True,q3_evidence,PCS raw,pcs_raw,1,S,7,3.996679855921233,0.0,0.0,0.2774718306637504,0.007412358078673152,0.005491151709324316,3.719208025257483,0.00741235807867319,0.005491151709324345,3.719208025257483,0.00741235807867319,0.005491151709324345,0.9306320423340625,0.0018530895196682976,0.0013727879273310861,0.017543247767857144,0.0004451901993721107,0.0003298015150253231,13.018980518590512,0.03962198006588833,0.029352373597763753,0.4760586272329577,0.0009487818340701689,0.0007028674187935165,0.4760586272329577,0.0009487818340701689,0.0007028674187935165,0.4760586272329577,0.0009487818340701689,0.0007028674187935165,0.4760586272329577,0.0009487818340701689,0.0007028674187935165
S,8,2.0,0.16,True,q3_evidence,PCS raw,pcs_raw,1,S,7,3.994102801322579,4.796711693331816e-16,3.553453750400821e-16,0.27303078657244095,0.013158542913615554,0.009747985006311447,3.7210720147501375,0.013158542913615475,0.00974798500631139,3.7210720147501375,0.013158542913615475,0.00974798500631139,0.9317423033568898,0.003289635728403869,0.0024369962515778474,0.017399379185267856,0.0010337651957887956,0.0007658239741855218,12.996639542068516,0.10105912997607748,0.07486565117619108,0.4762972178880176,0.0016842934929427662,0.001247742080807847,0.4762972178880176,0.0016842934929427662,0.001247742080807847,0.4762972178880176,0.0016842934929427662,0.001247742080807847,0.4762972178880176,0.0016842934929427662,0.001247742080807847
S,8,2.0,0.2,True,q3_evidence,PCS raw,pcs_raw,1,S,7,3.9907962143176587,4.796711693331816e-16,3.553453750400821e-16,0.2675184376251631,0.01071985304019842,0.007941378265946918,3.723277776692496,0.010719853040198435,0.007941378265946928,3.723277776692496,0.010719853040198435,0.007941378265946928,0.9331203905937092,0.0026799632600496086,0.001985344566486732,0.016863141741071428,0.0006909512943945515,0.0005118638820473249,13.00332299378616,0.05961313817663269,0.04416203077650015,0.4765795554166395,0.0013721411891454058,0.0010164964180412114,0.4765795554166395,0.0013721411891454058,0.0010164964180412114,0.4765795554166395,0.0013721411891454058,0.0010164964180412114,0.4765795554166395,0.0013721411891454058,0.0010164964180412114
S,8,2.0,0.24,True,q3_evidence,PCS raw,pcs_raw,1,S,7,3.986765139934552,4.796711693331816e-16,3.553453750400821e-16,0.25850525280761566,0.005152570569582908,0.003817077695151505,3.7282598871269377,0.00515257056958299,0.003817077695151565,3.7282598871269377,0.00515257056958299,0.003817077695151565,0.9353736867980961,0.0012881426423957474,0.0009542694237878913,0.016527448381696428,0.0006442166395912704,0.0004772423652663039,12.977863314038604,0.030162017864891588,0.022344335526909346,0.4772172655522479,0.0006595290329066304,0.0004885859449794061,0.4772172655522479,0.0006595290329066304,0.0004885859449794061,0.4772172655522479,0.0006595290329066304,0.0004885859449794061,0.4772172655522479,0.0006595290329066304,0.0004885859449794061
S,8,2.0,0.28,True,q3_evidence,PCS raw,pcs_raw,1,S,7,3.982015709386645,9.593423386663633e-16,7.106907500801642e-16,0.2578805939088763,0.01202382303305519,0.008907372755040029,3.724135115477769,0.012023823033055187,0.008907372755040025,3.724135115477769,0.012023823033055187,0.008907372755040025,0.935529851522781,0.0030059557582637966,0.0022268431887600064,0.015847342354910716,0.0008108175135568232,0.0006006620198675869,12.929103897577152,0.047947910429353355,0.03552030912675537,0.47668929478115457,0.0015390493482310746,0.0011401437126451312,0.47668929478115457,0.0015390493482310746,0.0011401437126451312,0.47668929478115457,0.0015390493482310746,0.0011401437126451312,0.47668929478115457,0.0015390493482310746,0.0011401437126451312
S,8,2.0,0.32,True,q3_evidence,PCS raw,pcs_raw,1,S,7,3.976555119443372,0.0,0.0,0.2427296500033698,0.006345816485786056,0.0047010466403722495,3.7338254694400024,0.0063458164857860214,0.004701046640372224,3.7338254694400024,0.0063458164857860214,0.004701046640372224,0.9393175874991576,0.0015864541214465054,0.001175261660093056,0.015498570033482142,0.00090055792024387,0.0006671426434889496,12.938799717348788,0.05704020575478925,0.04225597576455574,0.4779296600883202,0.000812264510180604,0.0006017339699676396,0.4779296600883202,0.000812264510180604,0.0006017339699676396,0.4779296600883202,0.000812264510180604,0.0006017339699676396,0.4779296600883202,0.000812264510180604,0.0006017339699676396
S,8,2.0,0.36,True,q3_evidence,PCS raw,pcs_raw,1,S,7,3.970391608345835,0.0,0.0,0.2435120492037295,0.011808915109286135,0.008748166737140389,3.7268795591421053,0.01180891510928606,0.008748166737140333,3.7268795591421053,0.01180891510928606,0.008748166737140333,0.9391219876990675,0.002952228777321515,0.0021870416842850833,0.015664236886160716,0.000823920784727892,0.0006103690589940122,12.921122486891502,0.0699522981899477,0.05182138770144989,0.47704058357018947,0.0015115411339886072,0.0011197653423539564,0.47704058357018947,0.0015115411339886072,0.0011197653423539564,0.47704058357018947,0.0015115411339886072,0.0011197653423539564,0.47704058357018947,0.0015115411339886072,0.0011197653423539564
S,8,4.0,0.0,False,q3_evidence,Uniform raw,uniform_raw,1,S,7,4.0,0.0,0.0,0.5248108206318757,0.020951537543457136,0.015521116218837798,3.4751891793681238,0.020951537543457036,0.015521116218837722,3.4751891793681238,0.020951537543457036,0.015521116218837722,0.8687972948420309,0.005237884385864259,0.0038802790547094305,0.03338623046875,0.0009417693623664664,0.0006976725070564317,11.96073024073009,0.08656689694503578,0.06412965470439407,0.4448242149591199,0.002681796805562494,0.0019867028760112235,0.4448242149591199,0.002681796805562494,0.0019867028760112235,0.4448242149591199,0.002681796805562494,0.0019867028760112235,0.4448242149591199,0.002681796805562494,0.0019867028760112235
S,8,4.0,0.12,True,q3_evidence,PCS raw,pcs_raw,1,S,7,3.996679855921233,0.0,0.0,0.5006959763021473,0.009110775907244673,0.006749357244394318,3.4959838796190854,0.009110775907244701,0.006749357244394338,3.4959838796190854,0.009110775907244701,0.006749357244394338,0.8748260059244631,0.0022776939768111753,0.0016873393110985845,0.030970982142857144,0.0011206544148496262,0.0008301924084548416,11.839166416649656,0.04701804979224464,0.0348314587268288,0.447485936591243,0.0011661793161273186,0.000863917727282473,0.447485936591243,0.0011661793161273186,0.000863917727282473,0.447485936591243,0.0011661793161273186,0.000863917727282473,0.447485936591243,0.0011661793161273186,0.000863917727282473
S,8,4.0,0.16,True,q3_evidence,PCS raw,pcs_raw,1,S,7,3.994102801322579,4.796711693331816e-16,3.553453750400821e-16,0.49493340240727146,0.019223268316207347,0.014240796458154556,3.499169398915307,0.019223268316207364,0.01424079645815457,3.499169398915307,0.019223268316207364,0.01424079645815457,0.8762666493981822,0.00480581707905184,0.0035601991145386416,0.030857631138392856,0.0015198069058694511,0.0011258887118553533,11.822114435016143,0.07799196209594374,0.05777725407099603,0.44789368306115934,0.0024605783444745476,0.0018228219466437886,0.44789368306115934,0.0024605783444745476,0.0018228219466437886,0.44789368306115934,0.0024605783444745476,0.0018228219466437886,0.44789368306115934,0.0024605783444745476,0.0018228219466437886
S,8,4.0,0.2,True,q3_evidence,PCS raw,pcs_raw,1,S,7,3.9907962143176587,4.796711693331816e-16,3.553453750400821e-16,0.4876081330264383,0.011262031244405248,0.008343029500437959,3.5031880812912206,0.011262031244405214,0.008343029500437932,3.5031880812912206,0.011262031244405214,0.008343029500437932,0.8780979667433905,0.0028155078111013034,0.002085757375109483,0.030543736049107144,0.0008082701353790969,0.0005987748957046079,11.799116532879795,0.05631977921336129,0.04172227631393329,0.44840807440527625,0.0014415399992838683,0.001067907776056056,0.44840807440527625,0.0014415399992838683,0.001067907776056056,0.44840807440527625,0.0014415399992838683,0.001067907776056056,0.44840807440527625,0.0014415399992838683,0.001067907776056056
S,8,4.0,0.24,True,q3_evidence,PCS raw,pcs_raw,1,S,7,3.986765139934552,4.796711693331816e-16,3.553453750400821e-16,0.4846972386053533,0.008209756309515396,0.006081872585437922,3.502067901329199,0.00820975630951544,0.006081872585437955,3.502067901329199,0.00820975630951544,0.006081872585437955,0.8788256903486616,0.00205243907737886,0.0015204681463594888,0.029632568359375,0.0007568113261497342,0.0005606536763489734,11.756889727770714,0.03801860389518908,0.028164575908151718,0.4482646913701375,0.001050848807617967,0.0007784796909360514,0.4482646913701375,0.001050848807617967,0.0007784796909360514,0.4482646913701375,0.001050848807617967,0.0007784796909360514,0.4482646913701375,0.001050848807617967,0.0007784796909360514
S,8,4.0,0.28,True,q3_evidence,PCS raw,pcs_raw,1,S,7,3.982015709386645,9.593423386663633e-16,7.106907500801642e-16,0.4911302953510258,0.013751104237581023,0.010186960578246433,3.4908854140356205,0.01375110423758109,0.010186960578246484,3.4908854140356205,0.01375110423758109,0.010186960578246484,0.8772174261622435,0.0034377760593952726,0.002546740144561621,0.030085972377232144,0.0005828853617638141,0.0004318075188243514,11.651639043177186,0.06472916184642157,0.047952034149398935,0.4468333329965594,0.0017601413424103826,0.0013039309540155521,0.4468333329965594,0.0017601413424103826,0.0013039309540155521,0.4468333329965594,0.0017601413424103826,0.0013039309540155521,0.4468333329965594,0.0017601413424103826,0.0013039309540155521
S,8,4.0,0.32,True,q3_evidence,PCS raw,pcs_raw,1,S,7,3.976555119443372,0.0,0.0,0.480312503870371,0.018524983903781184,0.013723500126246261,3.4962426155730015,0.0185249839037812,0.013723500126246273,3.4962426155730015,0.0185249839037812,0.013723500126246273,0.8799218740324074,0.0046312459759453,0.0034308750315615684,0.029780796595982144,0.001001272479011856,0.0007417530327419831,11.700267167054502,0.07608696821708956,0.05636601485628247,0.4475190547933442,0.002371197939683991,0.001756608016159521,0.4475190547933442,0.002371197939683991,0.001756608016159521,0.4475190547933442,0.002371197939683991,0.001756608016159521,0.4475190547933442,0.002371197939683991,0.001756608016159521
S,8,4.0,0.36,True,q3_evidence,PCS raw,pcs_raw,1,S,7,3.970391608345835,0.0,0.0,0.4692697756341146,0.018280199083600637,0.01354216099374827,3.5011218327117204,0.018280199083600613,0.013542160993748251,3.5011218327117204,0.018280199083600613,0.013542160993748251,0.8826825560914714,0.004570049770900153,0.003385540248437063,0.02923583984375,0.00112045652775182,0.0008300458116412718,11.673233226317894,0.06659309352780185,0.04933285406252802,0.44814359458710024,0.0023398654827008767,0.001733396607199775,0.44814359458710024,0.0023398654827008767,0.001733396607199775,0.44814359458710024,0.0023398654827008767,0.001733396607199775,0.44814359458710024,0.0023398654827008767,0.001733396607199775
S,8,6.0,0.0,False,q3_evidence,Uniform raw,uniform_raw,1,S,7,4.0,0.0,0.0,1.0408348663601943,0.014082132172341059,0.010432189504115737,2.959165133639806,0.014082132172341083,0.010432189504115756,2.959165133639806,0.014082132172341083,0.010432189504115756,0.7397912834099515,0.0035205330430852708,0.002608047376028939,0.06886945452008929,0.0008515287120110478,0.0006308212977394641,9.87370576418149,0.06696970776316512,0.04961185379248184,0.3787731371058952,0.001802512918059644,0.001335320256526806,0.3787731371058952,0.001802512918059644,0.001335320256526806,0.3787731371058952,0.001802512918059644,0.001335320256526806,0.3787731371058952,0.001802512918059644,0.001335320256526806
S,8,6.0,0.12,True,q3_evidence,PCS raw,pcs_raw,1,S,7,3.996679855921233,0.0,0.0,1.0393313315746087,0.018593838319647928,0.013774508191340826,2.957348524346624,0.018593838319647865,0.013774508191340781,2.957348524346624,0.018593838319647865,0.013774508191340781,0.7401671671063478,0.004648459579911966,0.0034436270478351953,0.06712995256696429,0.0018005124783928663,0.0013338383100829027,9.740187806686714,0.07029750265457363,0.05207711874761332,0.3785406111163679,0.002380011304914928,0.0017631370484916208,0.3785406111163679,0.002380011304914928,0.0017631370484916208,0.3785406111163679,0.002380011304914928,0.0017631370484916208,0.3785406111163679,0.002380011304914928,0.0017631370484916208
S,8,6.0,0.16,True,q3_evidence,PCS raw,pcs_raw,1,S,7,3.994102801322579,4.796711693331816e-16,3.553453750400821e-16,1.0395278549176523,0.023973965001856636,0.017760161813822065,2.9545749464049265,0.023973965001856657,0.017760161813822083,2.9545749464049265,0.023973965001856657,0.017760161813822083,0.740118036270587,0.005993491250464164,0.004440040453455521,0.06705147879464286,0.0019364782912137716,0.001434563193791547,9.679592999129797,0.09512687624244226,0.07047097611005779,0.3781855931398307,0.0030686675202376483,0.0022733007121692236,0.3781855931398307,0.0030686675202376483,0.0022733007121692236,0.3781855931398307,0.0030686675202376483,0.0022733007121692236,0.3781855931398307,0.0030686675202376483,0.0022733007121692236
S,8,6.0,0.2,True,q3_evidence,PCS raw,pcs_raw,1,S,7,3.9907962143176587,4.796711693331816e-16,3.553453750400821e-16,1.0388508209723701,0.020245010549489306,0.014997713697071782,2.9519453933452886,0.020245010549489253,0.014997713697071745,2.9519453933452886,0.020245010549489253,0.014997713697071745,0.7402872947569075,0.005061252637372313,0.0037494284242679363,0.06639753069196429,0.0016494286840969996,0.0012219138689680102,9.616437312735739,0.07475827287286137,0.05538170357056326,0.377849010348197,0.0025913613503346137,0.0019197073532251751,0.377849010348197,0.0025913613503346137,0.0019197073532251751,0.377849010348197,0.0025913613503346137,0.0019197073532251751,0.377849010348197,0.0025913613503346137,0.0019197073532251751
S,8,6.0,0.24,True,q3_evidence,PCS raw,pcs_raw,1,S,7,3.986765139934552,4.796711693331816e-16,3.553453750400821e-16,1.0256640735715525,0.021722539934146,0.016092282782917515,2.961101066363,0.021722539934146058,0.01609228278291756,2.961101066363,0.021722539934146058,0.01609228278291756,0.7435839816071119,0.0054306349835365145,0.00402307069572939,0.0660400390625,0.0017411074005854385,0.0012898304125848917,9.60182953669977,0.08873497695417074,0.06573579085185936,0.379020936494464,0.0027804851115707054,0.002059812196213455,0.379020936494464,0.0027804851115707054,0.002059812196213455,0.379020936494464,0.0027804851115707054,0.002059812196213455,0.379020936494464,0.0027804851115707054,0.002059812196213455
S,8,6.0,0.28,True,q3_evidence,PCS raw,pcs_raw,1,S,7,3.982015709386645,9.593423386663633e-16,7.106907500801642e-16,1.037184494315563,0.02448270267210878,0.018137039954078178,2.9448312150710834,0.02448270267210883,0.018137039954078216,2.9448312150710834,0.02448270267210883,0.018137039954078216,0.7407038764211092,0.006120675668027207,0.004534259988519554,0.06629725864955358,0.0021086488715237705,0.0015621089445944877,9.501138356274852,0.08559774577338965,0.06341169746915336,0.37693839552909864,0.0031337859420299233,0.0023215411141220064,0.37693839552909864,0.0031337859420299233,0.0023215411141220064,0.37693839552909864,0.0031337859420299233,0.0023215411141220064,0.37693839552909864,0.0031337859420299233,0.0023215411141220064
S,8,6.0,0.32,True,q3_evidence,PCS raw,pcs_raw,1,S,7,3.976555119443372,0.0,0.0,1.0401108308282512,0.020046277679754074,0.014850490326888769,2.936444288615121,0.02004627767975407,0.014850490326888765,2.936444288615121,0.02004627767975407,0.014850490326888765,0.7399722922929373,0.0050115694199385176,0.0037126225817221913,0.06636265345982142,0.0016570470850674722,0.0012275576593876463,9.43606522060482,0.08866877388882184,0.06568674693471523,0.37586486894273546,0.002565923543008524,0.0019008627618417643,0.37586486894273546,0.002565923543008524,0.0019008627618417643,0.37586486894273546,0.002565923543008524,0.0019008627618417643,0.37586486894273546,0.002565923543008524,0.0019008627618417643
S,8,6.0,0.36,True,q3_evidence,PCS raw,pcs_raw,1,S,7,3.970391608345835,0.0,0.0,1.0487980065387317,0.01232209653828078,0.009128336859941832,2.9215936018071025,0.012322096538280867,0.009128336859941896,2.9215936018071025,0.012322096538280867,0.009128336859941896,0.737800498365317,0.003080524134570217,0.002282084214985474,0.06648908342633929,0.0010148665282374133,0.0007518236453391175,9.350861743098529,0.06651304035360156,0.049273549841161335,0.37396398103130923,0.0015772283568999518,0.0011684271180725633,0.37396398103130923,0.0015772283568999518,0.0011684271180725633,0.37396398103130923,0.0015772283568999518,0.0011684271180725633,0.37396398103130923,0.0015772283568999518,0.0011684271180725633
S,10,-2.0,0.0,False,q3_evidence,Uniform raw,uniform_raw,1,S,7,4.0,0.0,0.0,0.2193479414853549,0.008255914703857985,0.006116067202495515,3.780652058514645,0.00825591470385784,0.006116067202495406,3.780652058514645,0.00825591470385784,0.006116067202495406,0.9451630146286613,0.00206397867596446,0.0015290168006238515,0.014269147600446428,0.0005648795035588339,0.0004184685923976039,13.64759005184212,0.03334145321388168,0.024699694194959328,0.48392346348987453,0.0010567570820938013,0.0007828566019194105,0.48392346348987453,0.0010567570820938013,0.0007828566019194105,0.48392346348987453,0.0010567570820938013,0.0007828566019194105,0.48392346348987453,0.0010567570820938013,0.0007828566019194105
S,10,-2.0,0.12,True,q3_evidence,PCS raw,pcs_raw,1,S,7,3.996679855921233,0.0,0.0,0.19637640675641635,0.006636811729544117,0.004916618933724456,3.8003034491648173,0.0066368117295441675,0.004916618933724493,3.8003034491648173,0.0066368117295441675,0.004916618933724493,0.9509058983108959,0.0016592029323860419,0.0012291547334311232,0.012442452566964286,0.0005019853379079223,0.00037187594245342425,13.61897751135906,0.05821528410840711,0.0431264859910684,0.4864388414930965,0.000849511901381653,0.0006293272235167348,0.4864388414930965,0.000849511901381653,0.0006293272235167348,0.4864388414930965,0.000849511901381653,0.0006293272235167348,0.4864388414930965,0.000849511901381653,0.0006293272235167348
S,10,-2.0,0.16,True,q3_evidence,PCS raw,pcs_raw,1,S,7,3.994102801322579,4.796711693331816e-16,3.553453750400821e-16,0.18246107944707476,0.005017537741316116,0.0037170439760728902,3.811641721875504,0.005017537741316107,0.0037170439760728833,3.811641721875504,0.005017537741316107,0.0037170439760728833,0.9543847301382314,0.0012543844353290268,0.0009292609940182208,0.011531284877232142,0.0004230212529037516,0.0003133785296539202,13.662221981180027,0.042363561244552796,0.03138336535715938,0.48789014040006456,0.0006422448308884586,0.0004757816289373267,0.48789014040006456,0.0006422448308884586,0.0004757816289373267,0.48789014040006456,0.0006422448308884586,0.0004757816289373267,0.48789014040006456,0.0006422448308884586,0.0004757816289373267
S,10,-2.0,0.2,True,q3_evidence,PCS raw,pcs_raw,1,S,7,3.9907962143176587,4.796711693331816e-16,3.553453750400821e-16,0.18403896603701916,0.006083668631969876,0.00450684479255271,3.80675724828064,0.006083668631969793,0.004506844792552649,3.80675724828064,0.006083668631969793,0.004506844792552649,0.9539902584907451,0.0015209171579924482,0.0011267111981381622,0.011696951729910714,0.00032474789360624896,0.00024057660627677523,13.597101035779106,0.03650805737864533,0.027045547388712208,0.4872649277799219,0.0007787095848921271,0.0005768761334467343,0.4872649277799219,0.0007787095848921271,0.0005768761334467343,0.4872649277799219,0.0007787095848921271,0.0005768761334467343,0.4872649277799219,0.0007787095848921271,0.0005768761334467343
S,10,-2.0,0.24,True,q3_evidence,PCS raw,pcs_raw,1,S,7,3.986765139934552,4.796711693331816e-16,3.553453750400821e-16,0.17034780369672411,0.010226900246019697,0.00757619372552935,3.8164173362378278,0.01022690024601959,0.007576193725529271,3.8164173362378278,0.01022690024601959,0.007576193725529271,0.957413049075819,0.0025567250615048972,0.0018940484313823178,0.010903494698660714,0.0009054201285214327,0.0006707446177879582,13.647650565125472,0.054331109950584884,0.04024904950733922,0.488501419038442,0.0013090432314905173,0.0009697527968677539,0.488501419038442,0.0013090432314905173,0.0009697527968677539,0.488501419038442,0.0013090432314905173,0.0009697527968677539,0.488501419038442,0.0013090432314905173,0.0009697527968677539
S,10,-2.0,0.28,True,q3_evidence,PCS raw,pcs_raw,1,S,7,3.982015709386645,9.593423386663633e-16,7.106907500801642e-16,0.16573074719377967,0.011560739472062327,0.008564315652223818,3.8162849621928663,0.01156073947206226,0.008564315652223767,3.8162849621928663,0.01156073947206226,0.008564315652223767,0.9585673132015551,0.002890184868015565,0.002141078913055942,0.01068115234375,0.000712004158308802,0.0005274600618921068,13.633442283967899,0.049180976149306804,0.03643377699541015,0.48848447516068694,0.0014797746524239613,0.0010962324034846363,0.48848447516068694,0.0014797746524239613,0.0010962324034846363,0.48848447516068694,0.0014797746524239613,0.0010962324034846363,0.48848447516068694,0.0014797746524239613,0.0010962324034846363
S,10,-2.0,0.32,True,q3_evidence,PCS raw,pcs_raw,1,S,7,3.976555119443372,0.0,0.0,0.16422822150114227,0.007321076168483464,0.005423529123927279,3.81232689794223,0.007321076168483497,0.005423529123927303,3.81232689794223,0.007321076168483497,0.005423529123927303,0.9589429446247146,0.001830269042120874,0.0013558822809818256,0.010493687220982142,0.00044797080315866675,0.000331861415137196,13.628806652686363,0.06333189649263987,0.046916925489730484,0.4879778429366054,0.0009370977495658802,0.0006942117278626893,0.4879778429366054,0.0009370977495658802,0.0006942117278626893,0.4879778429366054,0.0009370977495658802,0.0006942117278626893,0.4879778429366054,0.0009370977495658802,0.0006942117278626893
S,10,-2.0,0.36,True,q3_evidence,PCS raw,pcs_raw,1,S,7,3.970391608345835,0.0,0.0,0.1564167797453146,0.004061570851967877,0.0030088537938412064,3.81397482860052,0.004061570851967837,0.003008853793841176,3.81397482860052,0.004061570851967837,0.003008853793841176,0.9608958050636713,0.0010153927129919593,0.000752213448460294,0.010075160435267858,0.0004099774998351485,0.00030371558215483153,13.622659058452706,0.02725117439711178,0.02018795250897832,0.48818877806086663,0.0005198810690518863,0.00038513328561167294,0.48818877806086663,0.0005198810690518863,0.00038513328561167294,0.48818877806086663,0.0005198810690518863,0.00038513328561167294,0.48818877806086663,0.0005198810690518863,0.00038513328561167294
S,10,0.0,0.0,False,q3_evidence,Uniform raw,uniform_raw,1,S,7,4.0,0.0,0.0,0.2725855825975484,0.008348735124707315,0.006184829532539105,3.7274144174024513,0.008348735124707204,0.006184829532539023,3.7274144174024513,0.008348735124707204,0.006184829532539023,0.9318536043506128,0.002087183781176801,0.0015462073831347557,0.017582484654017856,0.0005488721878006688,0.0004066102069345427,13.266473797587674,0.033885978211204246,0.02510308395811994,0.4771090454275138,0.0010686380959625211,0.0007916581801649941,0.4771090454275138,0.0010686380959625211,0.0007916581801649941,0.4771090454275138,0.0010686380959625211,0.0007916581801649941,0.4771090454275138,0.0010686380959625211,0.0007916581801649941
S,10,0.0,0.12,True,q3_evidence,PCS raw,pcs_raw,1,S,7,3.996679855921233,0.0,0.0,0.2408928702411697,0.011194787965674583,0.008293214982436615,3.7557869856800634,0.011194787965674522,0.008293214982436571,3.7557869856800634,0.011194787965674522,0.008293214982436571,0.9397767824397076,0.0027986969914186306,0.002073303745609143,0.015577043805803572,0.0006340162164185174,0.000469685786031141,13.288217524370463,0.06925702804605811,0.0513063243709227,0.4807407341670481,0.0014329328596063276,0.0010615315177518725,0.4807407341670481,0.0014329328596063276,0.0010615315177518725,0.4807407341670481,0.0014329328596063276,0.0010615315177518725,0.4807407341670481,0.0014329328596063276,0.0010615315177518725
S,10,0.0,0.16,True,q3_evidence,PCS raw,pcs_raw,1,S,7,3.994102801322579,4.796711693331816e-16,3.553453750400821e-16,0.22897645736997876,0.005958120646381608,0.004413837543260641,3.7651263439526006,0.005958120646381597,0.004413837543260632,3.7651263439526006,0.005958120646381597,0.004413837543260632,0.9427558856575053,0.0014895301615953994,0.0011034593858151582,0.014674595424107142,0.0005889783397521942,0.0004363212600846438,13.280608255252693,0.024710665513626936,0.018305917190387967,0.48193617202593275,0.0007626394427368441,0.0005649712055373607,0.48193617202593275,0.0007626394427368441,0.0005649712055373607,0.48193617202593275,0.0007626394427368441,0.0005649712055373607,0.48193617202593275,0.0007626394427368441,0.0005649712055373607
S,10,0.0,0.2,True,q3_evidence,PCS raw,pcs_raw,1,S,7,3.9907962143176587,4.796711693331816e-16,3.553453750400821e-16,0.23408924685782287,0.008635932726123032,0.006397588493073572,3.7567069674598366,0.008635932726122973,0.006397588493073528,3.7567069674598366,0.008635932726122973,0.006397588493073528,0.9414776882855442,0.0021589831815307433,0.001599397123268382,0.014705113002232142,0.00040846026359764613,0.0003025915978207529,13.227995660840211,0.043548226243412994,0.03226097746985325,0.48085849183485907,0.0011053993889437303,0.0008188913271134039,0.48085849183485907,0.0011053993889437303,0.0008188913271134039,0.48085849183485907,0.0011053993889437303,0.0008188913271134039,0.48085849183485907,0.0011053993889437303,0.0008188913271134039
S,10,0.0,0.24,True,q3_evidence,PCS raw,pcs_raw,1,S,7,3.986765139934552,4.796711693331816e-16,3.553453750400821e-16,0.21895311840420045,0.0038766662438736916,0.002871874543240825,3.7678120215303523,0.003876666243873798,0.0028718745432409036,3.7678120215303523,0.003876666243873798,0.0028718745432409036,0.9452617203989498,0.0009691665609684496,0.000717968635810226,0.013745989118303572,0.00043972753605816525,0.00032575471741038597,13.263868512079373,0.03633278138122458,0.02691570111271946,0.48227993875588504,0.0004962132792158316,0.00036759994153482485,0.48227993875588504,0.0004962132792158316,0.00036759994153482485,0.48227993875588504,0.0004962132792158316,0.00036759994153482485,0.48227993875588504,0.0004962132792158316,0.00036759994153482485
S,10,0.0,0.28,True,q3_evidence,PCS raw,pcs_raw,1,S,7,3.982015709386645,9.593423386663633e-16,7.106907500801642e-16,0.21875621752095564,0.004528963123898124,0.0033551028343886606,3.7632594918656905,0.0045289631238981465,0.003355102834388677,3.7632594918656905,0.0045289631238981465,0.003355102834388677,0.9453109456197611,0.0011322407809745366,0.0008387757085971693,0.013963971819196428,0.000256454895148181,0.00018998444501882493,13.22772459294971,0.03825722894288373,0.02834135181733319,0.4816972149588083,0.0005797072798589729,0.0004294531628017582,0.4816972149588083,0.0005797072798589729,0.0004294531628017582,0.4816972149588083,0.0005797072798589729,0.0004294531628017582,0.4816972149588083,0.0005797072798589729,0.0004294531628017582
S,10,0.0,0.32,True,q3_evidence,PCS raw,pcs_raw,1,S,7,3.976555119443372,0.0,0.0,0.2076647372257587,0.005864039727588737,0.0043441414232727685,3.7688903822176134,0.005864039727588789,0.004344141423272808,3.7688903822176134,0.005864039727588789,0.004344141423272808,0.9480838156935604,0.0014660099318971973,0.001086035355818202,0.013449532645089286,0.0006884435293408022,0.0005100061036972612,13.20963712723635,0.040379202158447106,0.029913331574127,0.4824179689238545,0.0007505970851313723,0.0005560501021789247,0.4824179689238545,0.0007505970851313723,0.0005560501021789247,0.4824179689238545,0.0007505970851313723,0.0005560501021789247,0.4824179689238545,0.0007505970851313723,0.0005560501021789247
S,10,0.0,0.36,True,q3_evidence,PCS raw,pcs_raw,1,S,7,3.970391608345835,0.0,0.0,0.20917735188136283,0.006974524546848581,0.0051668000898855045,3.761214256464472,0.006974524546848505,0.005166800089885448,3.761214256464472,0.006974524546848505,0.005166800089885448,0.9477056620296593,0.0017436311367121263,0.001291700022471362,0.013192313058035714,0.0004982609649331051,0.0003691168883427398,13.217853686424617,0.06743975529829972,0.04996006987953846,0.48143542482745244,0.0008927391419966055,0.000661350411505335,0.48143542482745244,0.0008927391419966055,0.000661350411505335,0.48143542482745244,0.0008927391419966055,0.000661350411505335,0.48143542482745244,0.0008927391419966055,0.000661350411505335
S,10,2.0,0.0,False,q3_evidence,Uniform raw,uniform_raw,1,S,7,4.0,0.0,0.0,0.41556238395275447,0.010951424654384957,0.008112928918461942,3.5844376160472455,0.010951424654384945,0.008112928918461933,3.5844376160472455,0.010951424654384945,0.008112928918461933,0.8961094040118114,0.0027378561635962363,0.0020282322296154833,0.026497977120535716,0.0009494374939087483,0.000703353138399226,12.491405285353107,0.034352220746127614,0.02544848126157326,0.4588080148540475,0.0014017823557612675,0.0010384549015631235,0.4588080148540475,0.0014017823557612675,0.0010384549015631235,0.4588080148540475,0.0014017823557612675,0.0010384549015631235,0.4588080148540475,0.0014017823557612675,0.0010384549015631235
S,10,2.0,0.12,True,q3_evidence,PCS raw,pcs_raw,1,S,7,3.996679855921233,0.0,0.0,0.3877960909522384,0.0136459590417553,0.010109067927128181,3.6088837649689935,0.013645959041755234,0.01010906792712813,3.6088837649689935,0.013645959041755234,0.01010906792712813,0.9030509772619403,0.003411489760438808,0.002527266981782032,0.024274553571428572,0.0010459202816758804,0.0007748285878236417,12.416013963326938,0.042165792260312474,0.03123685604334369,0.46193712191603126,0.0017466827573446593,0.001293960694672393,0.46193712191603126,0.0017466827573446593,0.001293960694672393,0.46193712191603126,0.0017466827573446593,0.001293960694672393,0.46193712191603126,0.0017466827573446593,0.001293960694672393
S,10,2.0,0.16,True,q3_evidence,PCS raw,pcs_raw,1,S,7,3.994102801322579,4.796711693331816e-16,3.553453750400821e-16,0.38645489459486554,0.014112697868558108,0.010454832888750898,3.607647906727713,0.014112697868558068,0.010454832888750869,3.607647906727713,0.014112697868558068,0.010454832888750869,0.9033862763512834,0.003528174467139517,0.002613708222187717,0.024156842912946428,0.001243737290484723,0.0009213734787375657,12.409884068571586,0.07553787074591019,0.05595923775708545,0.4617789320611473,0.0018064253271754284,0.001338218609760108,0.4617789320611473,0.0018064253271754284,0.001338218609760108,0.4617789320611473,0.0018064253271754284,0.001338218609760108,0.4617789320611473,0.0018064253271754284,0.001338218609760108
S,10,2.0,0.2,True,q3_evidence,PCS raw,pcs_raw,1,S,7,3.9907962143176587,4.796711693331816e-16,3.553453750400821e-16,0.3705085649552716,0.01140441351893457,0.008448507765500286,3.6202876493623877,0.011404413518934642,0.00844850776550034,3.6202876493623877,0.011404413518934642,0.00844850776550034,0.907372858761182,0.0028511033797336605,0.002112126941375085,0.023162841796875,0.0011547049346006797,0.0008554173864915002,12.389993293547109,0.07152169762818486,0.05298401507541388,0.4633968191183856,0.001459764930423623,0.0010814089939840351,0.4633968191183856,0.001459764930423623,0.0010814089939840351,0.4633968191183856,0.001459764930423623,0.0010814089939840351,0.4633968191183856,0.001459764930423623,0.0010814089939840351
S,10,2.0,0.24,True,q3_evidence,PCS raw,pcs_raw,1,S,7,3.986765139934552,4.796711693331816e-16,3.553453750400821e-16,0.3674363765774868,0.014355776753805699,0.010634908246964959,3.6193287633570654,0.01435577675380569,0.010634908246964952,3.6193287633570654,0.01435577675380569,0.010634908246964952,0.9081409058556282,0.0035889441884514226,0.002658727061741238,0.022722516741071428,0.0009033851158433679,0.0006692370592988717,12.380030137379253,0.0640697425957329,0.047463529532224734,0.46327408170970436,0.0018375394244871314,0.0013612682556115162,0.46327408170970436,0.0018375394244871314,0.0013612682556115162,0.46327408170970436,0.0018375394244871314,0.0013612682556115162,0.46327408170970436,0.0018375394244871314,0.0013612682556115162
S,10,2.0,0.28,True,q3_evidence,PCS raw,pcs_raw,1,S,7,3.982015709386645,9.593423386663633e-16,7.106907500801642e-16,0.3611666460122295,0.008269447011899736,0.006126092076583608,3.620849063374417,0.008269447011899767,0.006126092076583631,3.620849063374417,0.008269447011899767,0.006126092076583631,0.9097083384969427,0.0020673617529749417,0.0015315230191459076,0.022443498883928572,0.0006720469477607035,0.0004978593460777545,12.344688769050805,0.05816865253028921,0.04309194083456452,0.4634686801119253,0.0010584892175231776,0.0007841397858027102,0.4634686801119253,0.0010584892175231776,0.0007841397858027102,0.4634686801119253,0.0010584892175231776,0.0007841397858027102,0.4634686801119253,0.0010584892175231776,0.0007841397858027102
S,10,2.0,0.32,True,q3_evidence,PCS raw,pcs_raw,1,S,7,3.976555119443372,0.0,0.0,0.3620352857963823,0.007692199585342187,0.005698461198609085,3.6145198336469897,0.007692199585342238,0.005698461198609122,3.6145198336469897,0.007692199585342238,0.005698461198609122,0.9094911785509044,0.0019230498963355594,0.0014246152996522806,0.022726876395089284,0.0007128134310559723,0.0005280595795330206,12.292006800750489,0.07655306309486123,0.05671130277378704,0.4626585387068146,0.0009846015469237997,0.0007294030334219628,0.4626585387068146,0.0009846015469237997,0.0007294030334219628,0.4626585387068146,0.0009846015469237997,0.0007294030334219628,0.4626585387068146,0.0009846015469237997,0.0007294030334219628
S,10,2.0,0.36,True,q3_evidence,PCS raw,pcs_raw,1,S,7,3.970391608345835,0.0,0.0,0.35742679850891046,0.016653968149760855,0.01233743225866416,3.6129648098369245,0.016653968149760834,0.012337432258664145,3.6129648098369245,0.016653968149760834,0.012337432258664145,0.9106433003727724,0.0041634920374402085,0.003084358064666036,0.022443498883928572,0.0009177045818870953,0.000679845068195374,12.252367415930209,0.07377642950818761,0.05465434382714648,0.46245949565912625,0.002131707923169373,0.0015791913291090002,0.46245949565912625,0.002131707923169373,0.0015791913291090002,0.46245949565912625,0.002131707923169373,0.0015791913291090002,0.46245949565912625,0.002131707923169373,0.0015791913291090002
S,10,4.0,0.0,False,q3_evidence,Uniform raw,uniform_raw,1,S,7,4.0,0.0,0.0,0.7843242286086275,0.018241607431535477,0.013513571897814958,3.215675771391372,0.018241607431535516,0.013513571897814986,3.215675771391372,0.018241607431535516,0.013513571897814986,0.803918942847843,0.004560401857883879,0.0033783929744537465,0.04945591517857143,0.0014032398280056397,0.001039534612111512,10.857162830797126,0.07787133500611058,0.05768789227229477,0.4116064987380957,0.00233492575123654,0.0017297372029203139,0.4116064987380957,0.00233492575123654,0.0017297372029203139,0.4116064987380957,0.00233492575123654,0.0017297372029203139,0.4116064987380957,0.00233492575123654,0.0017297372029203139
S,10,4.0,0.12,True,q3_evidence,PCS raw,pcs_raw,1,S,7,3.996679855921233,0.0,0.0,0.7908682968137126,0.016285898227877595,0.01206476224471606,3.2058115591075205,0.016285898227877606,0.012064762244716067,3.2058115591075205,0.016285898227877606,0.012064762244716067,0.8022829257965718,0.0040714745569694006,0.003016190561179016,0.049220493861607144,0.0011368809694907234,0.0008422132083552499,10.66566688521087,0.09876633639969838,0.07316712592519355,0.4103438795657626,0.0020845949731683306,0.0015442895673236543,0.4103438795657626,0.0020845949731683306,0.0015442895673236543,0.4103438795657626,0.0020845949731683306,0.0015442895673236543,0.4103438795657626,0.0020845949731683306,0.0015442895673236543
S,10,4.0,0.16,True,q3_evidence,PCS raw,pcs_raw,1,S,7,3.994102801322579,4.796711693331816e-16,3.553453750400821e-16,0.7823471345928035,0.017640832438665443,0.013068511554803559,3.211755666729775,0.017640832438665422,0.013068511554803543,3.211755666729775,0.017640832438665422,0.013068511554803543,0.8044132163517991,0.0044102081096663555,0.0032671278887008858,0.04920741489955357,0.0010812381436605912,0.0008009924261256549,10.648831086586767,0.07657940571266006,0.056730817658148906,0.41110472534141124,0.002258026552149164,0.001672769479014846,0.41110472534141124,0.002258026552149164,0.001672769479014846,0.41110472534141124,0.002258026552149164,0.001672769479014846,0.41110472534141124,0.002258026552149164,0.001672769479014846
S,10,4.0,0.2,True,q3_evidence,PCS raw,pcs_raw,1,S,7,3.9907962143176587,4.796711693331816e-16,3.553453750400821e-16,0.7740596317571323,0.019008894595871073,0.014081986183696061,3.2167365825605265,0.019008894595871045,0.014081986183696039,3.2167365825605265,0.019008894595871045,0.014081986183696039,0.8064850920607168,0.004752223648967761,0.0035204965459240097,0.048091343470982144,0.0009813870736027107,0.0007270217182609398,10.631652045745572,0.10139000202540939,0.07511076462051915,0.4117422825677474,0.002433138508271507,0.0018024942315131027,0.4117422825677474,0.002433138508271507,0.0018024942315131027,0.4117422825677474,0.002433138508271507,0.0018024942315131027,0.4117422825677474,0.002433138508271507,0.0018024942315131027
S,10,4.0,0.24,True,q3_evidence,PCS raw,pcs_raw,1,S,7,3.986765139934552,4.796711693331816e-16,3.553453750400821e-16,0.7697599198084198,0.016836761245192514,0.012472847278793883,3.2170052201261328,0.016836761245192542,0.012472847278793903,3.2170052201261328,0.016836761245192542,0.012472847278793903,0.8075600200478951,0.0042091903112981355,0.003118211819698476,0.04694475446428571,0.00167510782337388,0.0012409372415624787,10.563542063748315,0.08112501368116812,0.06009825116598335,0.41177666817614506,0.002155105439384648,0.0015965244516856216,0.41177666817614506,0.002155105439384648,0.0015965244516856216,0.41177666817614506,0.002155105439384648,0.0015965244516856216,0.41177666817614506,0.002155105439384648,0.0015965244516856216
S,10,4.0,0.28,True,q3_evidence,PCS raw,pcs_raw,1,S,7,3.982015709386645,9.593423386663633e-16,7.106907500801642e-16,0.7590578625789838,0.011684031929043652,0.008655651982540577,3.2229578468076623,0.01168403192904367,0.008655651982540591,3.2229578468076623,0.01168403192904367,0.008655651982540591,0.8102355343552541,0.0029210079822609173,0.0021639129956351477,0.04726300920758929,0.0008004131645265404,0.0005929543702430465,10.54254911663271,0.04523141141276472,0.03350789849305476,0.41253860439138074,0.0014955560869175796,0.001107923453765188,0.41253860439138074,0.0014955560869175796,0.001107923453765188,0.41253860439138074,0.0014955560869175796,0.001107923453765188,0.41253860439138074,0.0014955560869175796,0.001107923453765188
S,10,4.0,0.32,True,q3_evidence,PCS raw,pcs_raw,1,S,7,3.976555119443372,0.0,0.0,0.7681858833161238,0.011307629673888696,0.008376809289722687,3.208369236127248,0.011307629673888762,0.008376809289722736,3.208369236127248,0.011307629673888762,0.008376809289722736,0.807953529170969,0.0028269074184721905,0.002094202322430684,0.04691859654017857,0.0012829314406895352,0.00095040891153889,10.476442715209428,0.08542328173265207,0.06328245269908914,0.41067126222428785,0.0014473765982577671,0.0010722315890845143,0.41067126222428785,0.0014473765982577671,0.0010722315890845143,0.41067126222428785,0.0014473765982577671,0.0010722315890845143,0.41067126222428785,0.0014473765982577671,0.0010722315890845143
S,10,4.0,0.36,True,q3_evidence,PCS raw,pcs_raw,1,S,7,3.970391608345835,0.0,0.0,0.761075998064695,0.026847048871183873,0.019888572129761962,3.20931561028114,0.02684704887118395,0.019888572129762017,3.20931561028114,0.02684704887118395,0.019888572129762017,0.8097310004838262,0.006711762217795988,0.004972143032440505,0.04688371930803571,0.001986357120560026,0.0014715139476699688,10.43625727812196,0.08023434268141998,0.05943843285569631,0.4107923981159859,0.003436422255511564,0.002545737232609552,0.4107923981159859,0.003436422255511564,0.002545737232609552,0.4107923981159859,0.003436422255511564,0.002545737232609552,0.4107923981159859,0.003436422255511564,0.002545737232609552
S,10,6.0,0.0,False,q3_evidence,Uniform raw,uniform_raw,1,S,7,4.0,0.0,0.0,1.5580817634245807,0.030295840228293763,0.022443472521067244,2.441918236575419,0.030295840228293774,0.02244347252106725,2.441918236575419,0.030295840228293774,0.02244347252106725,0.6104795591438548,0.0075739600570734434,0.005610868130266813,0.10920061383928571,0.002663534538010433,0.001973173998881938,8.049579805410795,0.146459910662442,0.10849902018299644,0.31256553428165373,0.003877867549221602,0.0028727644826966074,0.31256553428165373,0.003877867549221602,0.0028727644826966074,0.31256553428165373,0.003877867549221602,0.0028727644826966074,0.31256553428165373,0.003877867549221602,0.0028727644826966074
S,10,6.0,0.12,True,q3_evidence,PCS raw,pcs_raw,1,S,7,3.996679855921233,0.0,0.0,1.5714875862628834,0.01742395081324663,0.012907843398260219,2.4251922696583494,0.01742395081324657,0.012907843398260174,2.4251922696583494,0.01742395081324657,0.012907843398260174,0.6071281034342791,0.004355987703311643,0.0032269608495650434,0.10776628766741071,0.0018073101595040709,0.00133887410272231,7.870217586625978,0.10344605220029293,0.0766339079053467,0.31042461051626874,0.002230265704095566,0.001652203954977306,0.31042461051626874,0.002230265704095566,0.001652203954977306,0.31042461051626874,0.002230265704095566,0.001652203954977306,0.31042461051626874,0.002230265704095566,0.001652203954977306
S,10,6.0,0.16,True,q3_evidence,PCS raw,pcs_raw,1,S,7,3.994102801322579,4.796711693331816e-16,3.553453750400821e-16,1.5828237096506013,0.0233187708322425,0.01727478718050969,2.4112790916719775,0.023318770832242496,0.01727478718050969,2.4112790916719775,0.023318770832242496,0.01727478718050969,0.6042940725873497,0.005829692708060624,0.004318696795127423,0.10871669224330358,0.002012607256562217,0.0014909603205581262,7.761825548750502,0.058314051484110604,0.043199653886920625,0.30864372373401305,0.002984802666527042,0.0022111727591052417,0.30864372373401305,0.002984802666527042,0.0022111727591052417,0.30864372373401305,0.002984802666527042,0.0022111727591052417,0.30864372373401305,0.002984802666527042,0.0022111727591052417
S,10,6.0,0.2,True,q3_evidence,PCS raw,pcs_raw,1,S,7,3.9907962143176587,4.796711693331816e-16,3.553453750400821e-16,1.5687151191730762,0.021387407095981345,0.015844012902050134,2.422081095144583,0.021387407095981296,0.0158440129020501,2.422081095144583,0.021387407095981296,0.0158440129020501,0.6078212202067309,0.005346851773995324,0.003961003225512525,0.10640171595982142,0.0015558834993629196,0.0011526146263248981,7.757526068663815,0.0874810464421702,0.06480686612894875,0.31002638017850664,0.002737588108285607,0.002028033651462414,0.31002638017850664,0.002737588108285607,0.002028033651462414,0.31002638017850664,0.002737588108285607,0.002028033651462414,0.31002638017850664,0.002737588108285607,0.002028033651462414
S,10,6.0,0.24,True,q3_evidence,PCS raw,pcs_raw,1,S,7,3.986765139934552,4.796711693331816e-16,3.553453750400821e-16,1.5803652899067908,0.02296138437495771,0.01701003158789266,2.4063998500277615,0.022961384374957757,0.017010031587892698,2.4063998500277615,0.022961384374957757,0.017010031587892698,0.6049086775233024,0.005740346093739439,0.0042525078969731745,0.10676356724330358,0.0015970403070428628,0.0011831040161308622,7.68076783148625,0.09698384947602742,0.07184664113292133,0.30801918080355356,0.002939057199994595,0.0021772840432502665,0.30801918080355356,0.002939057199994595,0.0021772840432502665,0.30801918080355356,0.002939057199994595,0.0021772840432502665,0.30801918080355356,0.002939057199994595,0.0021772840432502665
S,10,6.0,0.28,True,q3_evidence,PCS raw,pcs_raw,1,S,7,3.982015709386645,9.593423386663633e-16,7.106907500801642e-16,1.5978088543306905,0.009508915582619246,0.007044303243464867,2.384206855055955,0.009508915582619201,0.007044303243464834,2.384206855055955,0.009508915582619201,0.007044303243464834,0.6005477864173274,0.0023772288956548002,0.0017610758108662086,0.10811505998883929,0.0017290045596029028,0.0012808645025136898,7.567313240528839,0.046234332764645635,0.03425087302791217,0.3051784774471623,0.0012171411945752682,0.0009016708151635064,0.3051784774471623,0.0012171411945752682,0.0009016708151635064,0.3051784774471623,0.0012171411945752682,0.0009016708151635064,0.3051784774471623,0.0012171411945752682,0.0009016708151635064
S,10,6.0,0.32,True,q3_evidence,PCS raw,pcs_raw,1,S,7,3.976555119443372,0.0,0.0,1.589894180858549,0.01474037051012149,0.010919819288764891,2.3866609385848228,0.014740370510121448,0.010919819288764862,2.3866609385848228,0.014740370510121448,0.010919819288764862,0.6025264547853626,0.003685092627530362,0.0027299548221912154,0.10688127790178571,0.0018824435447109262,0.0013945336933987222,7.543100905211018,0.05738955932154793,0.04251478050859327,0.3054926001388574,0.0018867674252955452,0.0013977368689619021,0.3054926001388574,0.0018867674252955452,0.0013977368689619021,0.3054926001388574,0.0018867674252955452,0.0013977368689619021,0.3054926001388574,0.0018867674252955452,0.0013977368689619021
S,10,6.0,0.36,True,q3_evidence,PCS raw,pcs_raw,1,S,7,3.970391608345835,0.0,0.0,1.579995910830016,0.026487825482864494,0.019622455719590863,2.3903956975158187,0.026487825482864494,0.019622455719590863,2.3903956975158187,0.026487825482864494,0.019622455719590863,0.6050010222924961,0.006621956370716123,0.004905613929897716,0.10567801339285714,0.0020957696218737126,0.0015525678629332803,7.510055840823319,0.1018133523884295,0.07542438695835918,0.3059706492820248,0.0033904416618066604,0.0025116743321076346,0.3059706492820248,0.0033904416618066604,0.0025116743321076346,0.3059706492820248,0.0033904416618066604,0.0025116743321076346,0.3059706492820248,0.0033904416618066604,0.0025116743321076346
S,12,-2.0,0.0,False,q3_evidence,Uniform raw,uniform_raw,1,S,7,4.0,0.0,0.0,0.24680806480765766,0.007232956404823362,0.005358249089461642,3.753191935192343,0.007232956404823311,0.005358249089461604,3.753191935192343,0.007232956404823311,0.005358249089461604,0.9382979837980857,0.0018082391012058277,0.001339562272365401,0.015917096819196428,0.000479251381195494,0.0003550343916356983,13.459880783754967,0.031759292538361975,0.023527613164119415,0.48040856770461976,0.0009258184198173849,0.0006858558834510861,0.48040856770461976,0.0009258184198173849,0.0006858558834510861,0.48040856770461976,0.0009258184198173849,0.0006858558834510861,0.48040856770461976,0.0009258184198173849,0.0006858558834510861
S,12,-2.0,0.12,True,q3_evidence,PCS raw,pcs_raw,1,S,7,3.996679855921233,0.0,0.0,0.22024229531655612,0.01180037958383208,0.008741843531395394,3.776437560604677,0.011800379583832106,0.008741843531395415,3.776437560604677,0.011800379583832106,0.008741843531395415,0.9449394261708609,0.0029500948959580264,0.0021854608828488537,0.014051164899553572,0.0010234173669086228,0.0007581581952741328,13.471913398295825,0.03205111963213446,0.02374380170058618,0.4833840077573986,0.001510448586730519,0.00111895597201862,0.4833840077573986,0.001510448586730519,0.00111895597201862,0.4833840077573986,0.001510448586730519,0.00111895597201862,0.4833840077573986,0.001510448586730519,0.00111895597201862
S,12,-2.0,0.16,True,q3_evidence,PCS raw,pcs_raw,1,S,7,3.994102801322579,4.796711693331816e-16,3.553453750400821e-16,0.2101637336392017,0.0037926313373902675,0.002809620613319786,3.7839390676833773,0.003792631337390285,0.002809620613319799,3.7839390676833773,0.003792631337390285,0.002809620613319799,0.9474590665901995,0.0009481578343475712,0.0007024051533299498,0.013458251953125,0.0003623761623241552,0.0002684520178389527,13.417153583667188,0.047397797594066045,0.03511277983530081,0.4843442006634722,0.0004854568111859453,0.000359631438504926,0.4843442006634722,0.0004854568111859453,0.000359631438504926,0.4843442006634722,0.0004854568111859453,0.000359631438504926,0.4843442006634722,0.0004854568111859453,0.000359631438504926
S,12,-2.0,0.2,True,q3_evidence,PCS raw,pcs_raw,1,S,7,3.9907962143176587,4.796711693331816e-16,3.553453750400821e-16,0.2057567056473651,0.010303496942539951,0.0076329373523970215,3.785039508670294,0.01030349694254001,0.007632937352397064,3.785039508670294,0.01030349694254001,0.007632937352397064,0.9485608235881587,0.0025758742356350025,0.001908234338099266,0.012904575892857142,0.00033264093494806785,0.00024642385313072845,13.410671822023797,0.0632888352727609,0.04688502529162425,0.4844850571097976,0.0013188476086451314,0.0009770159811068318,0.4844850571097976,0.0013188476086451314,0.0009770159811068318,0.4844850571097976,0.0013188476086451314,0.0009770159811068318,0.4844850571097976,0.0013188476086451314,0.0009770159811068318
S,12,-2.0,0.24,True,q3_evidence,PCS raw,pcs_raw,1,S,7,3.986765139934552,4.796711693331816e-16,3.553453750400821e-16,0.20306921896975205,0.007883242050964719,0.005839987437698237,3.7836959209648,0.007883242050964717,0.005839987437698236,3.7836959209648,0.007883242050964717,0.005839987437698236,0.949232695257562,0.0019708105127411793,0.001459996859424559,0.012734549386160714,0.0005363673910372667,0.0003973465238537598,13.39640847415326,0.03087441447096222,0.02287208631817196,0.4843130778834944,0.0010090549825234676,0.0007475183920253622,0.4843130778834944,0.0010090549825234676,0.0007475183920253622,0.4843130778834944,0.0010090549825234676,0.0007475183920253622,0.4843130778834944,0.0010090549825234676,0.0007475183920253622
S,12,-2.0,0.28,True,q3_evidence,PCS raw,pcs_raw,1,S,7,3.982015709386645,9.593423386663633e-16,7.106907500801642e-16,0.2011994367586898,0.007037208059584077,0.005213236685966085,3.7808162726279564,0.007037208059584034,0.0052132366859660535,3.7808162726279564,0.007037208059584034,0.0052132366859660535,0.9497001408103276,0.0017593020148960086,0.0013033091714915134,0.013048444475446428,0.0004789273906549755,0.0003547943760844405,13.376905566594521,0.03751385173398688,0.027790650274317964,0.4839444828963784,0.0009007626316267616,0.0006672942958036586,0.4839444828963784,0.0009007626316267616,0.0006672942958036586,0.4839444828963784,0.0009007626316267616,0.0006672942958036586,0.4839444828963784,0.0009007626316267616,0.0006672942958036586
S,12,-2.0,0.32,True,q3_evidence,PCS raw,pcs_raw,1,S,7,3.976555119443372,0.0,0.0,0.1907098497697564,0.0047977768496748835,0.003554242829262346,3.7858452696736156,0.004797776849674843,0.003554242829262316,3.7858452696736156,0.004797776849674843,0.003554242829262316,0.9523225375575609,0.0011994442124187107,0.000888560707315579,0.012211390904017858,0.00024057232947337812,0.00017821847571081477,13.405496810630828,0.03758754981546353,0.027845246577111103,0.4845881945182228,0.0006141154367583704,0.0004549430821455694,0.4845881945182228,0.0006141154367583704,0.0004549430821455694,0.4845881945182228,0.0006141154367583704,0.0004549430821455694,0.4845881945182228,0.0006141154367583704,0.0004549430821455694
S,12,-2.0,0.36,True,q3_evidence,PCS raw,pcs_raw,1,S,7,3.970391608345835,0.0,0.0,0.17790553735561493,0.010740542692649123,0.007956705374974055,3.7924860709902197,0.010740542692649131,0.00795670537497406,3.7924860709902197,0.010740542692649131,0.00795670537497406,0.9555236156610963,0.002685135673162283,0.001989176343743515,0.011356898716517858,0.0006453171599571847,0.0004780576421625758,13.430878488193,0.0655459642678013,0.048557129851027864,0.4854382170867482,0.0013747894646590907,0.0010184582879966813,0.4854382170867482,0.0013747894646590907,0.0010184582879966813,0.4854382170867482,0.0013747894646590907,0.0010184582879966813,0.4854382170867482,0.0013747894646590907,0.0010184582879966813
S,12,0.0,0.0,False,q3_evidence,Uniform raw,uniform_raw,1,S,7,4.0,0.0,0.0,0.3277429561872527,0.01364006997316277,0.010104705244062283,3.6722570438127478,0.013640069973162807,0.010104705244062309,3.6722570438127478,0.013640069973162807,0.010104705244062309,0.9180642609531869,0.0034100174932907017,0.002526176311015577,0.021227155412946428,0.0009207440659945962,0.0006820967495328405,12.93105384074091,0.05985143668267579,0.04433856478024086,0.47004890160803164,0.0017459289565648353,0.0012934022712399727,0.47004890160803164,0.0017459289565648353,0.0012934022712399727,0.47004890160803164,0.0017459289565648353,0.0012934022712399727,0.47004890160803164,0.0017459289565648353,0.0012934022712399727
S,12,0.0,0.12,True,q3_evidence,PCS raw,pcs_raw,1,S,7,3.996679855921233,0.0,0.0,0.3048459321627945,0.010249979642020934,0.00759329118135343,3.691833923758438,0.010249979642020967,0.007593291181353453,3.691833923758438,0.010249979642020967,0.007593291181353453,0.9237885169593013,0.0025624949105052417,0.0018983227953383633,0.019287109375,0.0005907076473371572,0.00043760234907148574,12.896006918404792,0.04062461558996349,0.03009513638841945,0.4725547422410802,0.00131199739417869,0.0009719412712132467,0.4725547422410802,0.00131199739417869,0.0009719412712132467,0.4725547422410802,0.00131199739417869,0.0009719412712132467,0.4725547422410802,0.00131199739417869,0.0009719412712132467
S,12,0.0,0.16,True,q3_evidence,PCS raw,pcs_raw,1,S,7,3.994102801322579,4.796711693331816e-16,3.553453750400821e-16,0.29033738721177244,0.013706874506914844,0.010154194735234974,3.703765414110806,0.013706874506914872,0.010154194735234994,3.703765414110806,0.013706874506914872,0.010154194735234994,0.927415653197057,0.003426718626728718,0.0025385486838087486,0.018258231026785716,0.001029293909272833,0.0007625115987802307,12.90865592910785,0.05910091731701129,0.04378257225344872,0.47408197300618315,0.001754479936885098,0.0012997369261100748,0.47408197300618315,0.001754479936885098,0.0012997369261100748,0.47408197300618315,0.001754479936885098,0.0012997369261100748,0.47408197300618315,0.001754479936885098,0.0012997369261100748
S,12,0.0,0.2,True,q3_evidence,PCS raw,pcs_raw,1,S,7,3.9907962143176587,4.796711693331816e-16,3.553453750400821e-16,0.29686517862966305,0.01294366241970815,0.009588799308737687,3.693931035687996,0.012943662419708147,0.009588799308737683,3.693931035687996,0.012943662419708147,0.009588799308737683,0.9257837053425843,0.0032359156049270366,0.002397199827184421,0.018977573939732144,0.0008948519538969529,0.0006629156044648406,12.83499181884926,0.06285766113958606,0.0465656070237438,0.4728231725680635,0.001656788789722642,0.001227366311518423,0.4728231725680635,0.001656788789722642,0.001227366311518423,0.4728231725680635,0.001656788789722642,0.001227366311518423,0.4728231725680635,0.001656788789722642,0.001227366311518423
S,12,0.0,0.24,True,q3_evidence,PCS raw,pcs_raw,1,S,7,3.986765139934552,4.796711693331816e-16,3.553453750400821e-16,0.2768559765576989,0.006816368766428006,0.005049636648133454,3.709909163376854,0.006816368766427978,0.005049636648133434,3.709909163376854,0.006816368766427978,0.005049636648133434,0.9307860058605752,0.0017040921916069947,0.0012624091620333587,0.017177036830357144,0.0005636612848386575,0.0004175661233403043,12.872555692816931,0.03413362268699098,0.025286541553137323,0.4748683729122373,0.0008724952021027659,0.0006463534909610681,0.4748683729122373,0.0008724952021027659,0.0006463534909610681,0.4748683729122373,0.0008724952021027659,0.0006463534909610681,0.4748683729122373,0.0008724952021027659,0.0006463534909610681
S,12,0.0,0.28,True,q3_evidence,PCS raw,pcs_raw,1,S,7,3.982015709386645,9.593423386663633e-16,7.106907500801642e-16,0.27353662979634435,0.010838139500671997,0.008029006102153081,3.7084790795903015,0.010838139500671933,0.008029006102153034,3.7084790795903015,0.010838139500671933,0.008029006102153034,0.9316158425509139,0.002709534875167983,0.0020072515255382586,0.017098563058035716,0.0007393224289247738,0.0005476977199756098,12.834457469075177,0.05248725165257397,0.03888310016471291,0.47468532218755854,0.0013872818560860156,0.0010277127810755942,0.47468532218755854,0.0013872818560860156,0.0010277127810755942,0.47468532218755854,0.0013872818560860156,0.0010277127810755942,0.47468532218755854,0.0013872818560860156,0.0010277127810755942
S,12,0.0,0.32,True,q3_evidence,PCS raw,pcs_raw,1,S,7,3.976555119443372,0.0,0.0,0.2776719073183665,0.015100689021867696,0.011186746977723835,3.6988832121250055,0.01510068902186776,0.011186746977723882,3.6988832121250055,0.01510068902186776,0.011186746977723882,0.9305820231704084,0.00377517225546694,0.0027966867444309705,0.01763916015625,0.0011460694878872005,0.0008490201580416316,12.777852703473867,0.09099013402590093,0.06740643459003165,0.4734570511520007,0.0019328881947990716,0.0014319036131486558,0.4734570511520007,0.0019328881947990716,0.0014319036131486558,0.4734570511520007,0.0019328881947990716,0.0014319036131486558,0.4734570511520007,0.0019328881947990716,0.0014319036131486558
S,12,0.0,0.36,True,q3_evidence,PCS raw,pcs_raw,1,S,7,3.970391608345835,0.0,0.0,0.2680038112494504,0.007915082258636333,0.005863574993631925,3.7023877970963848,0.007915082258636373,0.005863574993631954,3.7023877970963848,0.007915082258636373,0.005863574993631954,0.9329990471876374,0.001978770564659093,0.0014658937484079882,0.016749790736607144,0.0006567612946337918,0.00048653557577347313,12.803369308269072,0.054176553865396986,0.04013455275713393,0.4739056380283372,0.0010131305291054544,0.0007505375991848892,0.4739056380283372,0.0010131305291054544,0.0007505375991848892,0.4739056380283372,0.0010131305291054544,0.0007505375991848892,0.4739056380283372,0.0010131305291054544,0.0007505375991848892
S,12,2.0,0.0,False,q3_evidence,Uniform raw,uniform_raw,1,S,7,4.0,0.0,0.0,0.5773516065287944,0.014363024454215109,0.010640277418565871,3.422648393471206,0.014363024454215188,0.01064027741856593,3.422648393471206,0.014363024454215188,0.01064027741856593,0.8556620983678015,0.003590756113553797,0.0026600693546414826,0.03682599748883929,0.0012572494392890433,0.0009313834186535781,11.7593055251766,0.06226403684523098,0.04612584399232427,0.4380989943643144,0.0018384671301395388,0.001361955509576435,0.4380989943643144,0.0018384671301395388,0.001361955509576435,0.4380989943643144,0.0018384671301395388,0.001361955509576435,0.4380989943643144,0.0018384671301395388,0.001361955509576435
S,12,2.0,0.12,True,q3_evidence,PCS raw,pcs_raw,1,S,7,3.996679855921233,0.0,0.0,0.5501027926036646,0.024871418817635178,0.018425004904542543,3.4465770633175685,0.024871418817635188,0.01842500490454255,3.4465770633175685,0.024871418817635188,0.01842500490454255,0.8624743018490839,0.006217854704408797,0.004606251226135638,0.0340576171875,0.002029973386972176,0.0015038253300022014,11.665455219692776,0.1111281677933518,0.08232489877793056,0.44116186410464875,0.003183541608657312,0.0023584006277814523,0.44116186410464875,0.003183541608657312,0.0023584006277814523,0.44116186410464875,0.003183541608657312,0.0023584006277814523,0.44116186410464875,0.003183541608657312,0.0023584006277814523
S,12,2.0,0.16,True,q3_evidence,PCS raw,pcs_raw,1,S,7,3.994102801322579,4.796711693331816e-16,3.553453750400821e-16,0.5427035077025854,0.02010480447475341,0.014893847583377303,3.4513992936199935,0.02010480447475342,0.01489384758337731,3.4513992936199935,0.02010480447475342,0.01489384758337731,0.8643241230743536,0.005026201118688356,0.0037234618958443284,0.03321184430803571,0.001072858800046247,0.0007947849215066716,11.66360581740784,0.08053957544217064,0.059664552449238364,0.44177910958335914,0.0025734149727684365,0.0019064124906722948,0.44177910958335914,0.0025734149727684365,0.0019064124906722948,0.44177910958335914,0.0025734149727684365,0.0019064124906722948,0.44177910958335914,0.0025734149727684365,0.0019064124906722948
S,12,2.0,0.2,True,q3_evidence,PCS raw,pcs_raw,1,S,7,3.9907962143176587,4.796711693331816e-16,3.553453750400821e-16,0.5380082106679344,0.017239304847709188,0.012771055752747245,3.4527880036497254,0.017239304847709216,0.012771055752747267,3.4527880036497254,0.017239304847709216,0.012771055752747267,0.8654979473330163,0.004309826211927304,0.003192763938186817,0.032810756138392856,0.0013395824746942273,0.000992376584836392,11.621872146258015,0.06924250576933075,0.051295566117769205,0.44195686446716476,0.002206631020506788,0.0016346951363516561,0.44195686446716476,0.002206631020506788,0.0016346951363516561,0.44195686446716476,0.002206631020506788,0.0016346951363516561,0.44195686446716476,0.002206631020506788,0.0016346951363516561
S,12,2.0,0.24,True,q3_evidence,PCS raw,pcs_raw,1,S,7,3.986765139934552,4.796711693331816e-16,3.553453750400821e-16,0.5311223140358337,0.018546255596864496,0.013739258417008108,3.455642825898719,0.018546255596864496,0.013739258417008108,3.455642825898719,0.018546255596864496,0.013739258417008108,0.8672194214910416,0.004636563899216124,0.003434814604252027,0.031947544642857144,0.001349395671941832,0.000999646303091796,11.564691314003493,0.08219359087114084,0.06088986422635968,0.44232228171503596,0.002373920716398648,0.001758625077377032,0.44232228171503596,0.002373920716398648,0.001758625077377032,0.44232228171503596,0.002373920716398648,0.001758625077377032,0.44232228171503596,0.002373920716398648,0.001758625077377032
S,12,2.0,0.28,True,q3_evidence,PCS raw,pcs_raw,1,S,7,3.982015709386645,9.593423386663633e-16,7.106907500801642e-16,0.5220251502682265,0.00543165070564013,0.004023823153193839,3.4599905591184195,0.005431650705640116,0.0040238231531938284,3.4599905591184195,0.005431650705640116,0.0040238231531938284,0.8694937124329434,0.001357912676410029,0.0010059557882984571,0.031733921595982144,0.000296103644178762,0.00021935664934314951,11.536467821064493,0.02725639323047196,0.0201918186748357,0.44287879156715765,0.0006952512903219536,0.000515049363608824,0.44287879156715765,0.0006952512903219536,0.000515049363608824,0.44287879156715765,0.0006952512903219536,0.000515049363608824,0.44287879156715765,0.0006952512903219536,0.000515049363608824
S,12,2.0,0.32,True,q3_evidence,PCS raw,pcs_raw,1,S,7,3.976555119443372,0.0,0.0,0.5091487088209038,0.016503496549946005,0.012225961337567485,3.4674064106224685,0.016503496549945953,0.012225961337567447,3.4674064106224685,0.016503496549945953,0.012225961337567447,0.8727128227947741,0.004125874137486488,0.0030564903343918617,0.030691964285714284,0.0007935967514488767,0.0005879047007686904,11.541312437393184,0.06800653890387197,0.05037994905044762,0.4438280205596759,0.0021124475583930895,0.0015649230512086386,0.4438280205596759,0.0021124475583930895,0.0015649230512086386,0.4438280205596759,0.0021124475583930895,0.0015649230512086386,0.4438280205596759,0.0021124475583930895,0.0015649230512086386
S,12,2.0,0.36,True,q3_evidence,PCS raw,pcs_raw,1,S,7,3.970391608345835,0.0,0.0,0.5092004495047473,0.0068570674221788835,0.00507978663424066,3.4611911588410877,0.006857067422178907,0.0050797866342406775,3.4611911588410877,0.006857067422178907,0.0050797866342406775,0.8726998876238131,0.0017142668555447267,0.0012699466585601694,0.031014578683035716,0.0006095153893738183,0.0004515353193539507,11.500085310949503,0.05131417756560923,0.0380140747197153,0.4430324683316592,0.0008777046300388935,0.0006502126891828019,0.4430324683316592,0.0008777046300388935,0.0006502126891828019,0.4430324683316592,0.0008777046300388935,0.0006502126891828019,0.4430324683316592,0.0008777046300388935,0.0006502126891828019
S,12,4.0,0.0,False,q3_evidence,Uniform raw,uniform_raw,1,S,7,4.0,0.0,0.0,1.1235647299313078,0.015668300761713206,0.01160723963908797,2.876435270068692,0.015668300761713258,0.011607239639088008,2.876435270068692,0.015668300761713258,0.011607239639088008,0.719108817517173,0.0039170751904283145,0.002901809909772002,0.07313319614955358,0.0016870321393888362,0.001249770898486912,9.552665094212497,0.06401825642748421,0.047425388045023935,0.3681837145687926,0.002005542497499302,0.0014857266738032688,0.3681837145687926,0.002005542497499302,0.0014857266738032688,0.3681837145687926,0.002005542497499302,0.0014857266738032688,0.3681837145687926,0.002005542497499302,0.0014857266738032688
S,12,4.0,0.12,True,q3_evidence,PCS raw,pcs_raw,1,S,7,3.996679855921233,0.0,0.0,1.1143650094492465,0.022211075402923317,0.016454194922882873,2.882314846471986,0.02221107540292334,0.016454194922882893,2.882314846471986,0.02221107540292334,0.016454194922882893,0.7214087476376883,0.005552768850730835,0.004113548730720723,0.071380615234375,0.001665935554682151,0.0012341423298258367,9.412370663192243,0.11358498192861731,0.08414493215936837,0.36893630034841424,0.002843017651574193,0.0021061369501290143,0.36893630034841424,0.002843017651574193,0.0021061369501290143,0.36893630034841424,0.002843017651574193,0.0021061369501290143,0.36893630034841424,0.002843017651574193,0.0021061369501290143
S,12,4.0,0.16,True,q3_evidence,PCS raw,pcs_raw,1,S,7,3.994102801322579,4.796711693331816e-16,3.553453750400821e-16,1.1151321060962718,0.0182952520765945,0.01355331240701398,2.8789706952263066,0.018295252076594517,0.01355331240701399,2.8789706952263066,0.018295252076594517,0.01355331240701399,0.7212169734759322,0.004573813019148629,0.0033883281017534975,0.07111031668526786,0.0009779012676921833,0.0007244393971047293,9.362825153319664,0.07231387119496446,0.05357086546622528,0.36850824898896734,0.002341792265804081,0.0017348239880977782,0.36850824898896734,0.002341792265804081,0.0017348239880977782,0.36850824898896734,0.002341792265804081,0.0017348239880977782,0.36850824898896734,0.002341792265804081,0.0017348239880977782
S,12,4.0,0.2,True,q3_evidence,PCS raw,pcs_raw,1,S,7,3.9907962143176587,4.796711693331816e-16,3.553453750400821e-16,1.1170273143486622,0.005452655759601815,0.0040393839149301105,2.8737688999689968,0.005452655759601943,0.004039383914930205,2.8737688999689968,0.005452655759601943,0.004039383914930205,0.7207431714128345,0.0013631639399004857,0.0010098459787325513,0.07065255301339286,0.0005426149460350121,0.0004019747773651051,9.30857616796998,0.050519976371325236,0.037425722241428046,0.3678424191960316,0.0006979399372290467,0.0005170411411110648,0.3678424191960316,0.0006979399372290467,0.0005170411411110648,0.3678424191960316,0.0006979399372290467,0.0005170411411110648,0.3678424191960316,0.0006979399372290467,0.0005170411411110648
S,12,4.0,0.24,True,q3_evidence,PCS raw,pcs_raw,1,S,7,3.986765139934552,4.796711693331816e-16,3.553453750400821e-16,1.1398362743496284,0.029859877303295975,0.022120506666558477,2.8469288655849243,0.029859877303296,0.022120506666558497,2.8469288655849243,0.029859877303296,0.022120506666558497,0.7150409314125927,0.007464969325823999,0.0055301266666396235,0.07197352818080358,0.001500424191690399,0.0011115297962490125,9.140327969275564,0.1383662609655955,0.10250316057991228,0.3644068947948704,0.0038220642948218835,0.002831424853319484,0.3644068947948704,0.0038220642948218835,0.002831424853319484,0.3644068947948704,0.0038220642948218835,0.002831424853319484,0.3644068947948704,0.0038220642948218835,0.002831424853319484
S,12,4.0,0.28,True,q3_evidence,PCS raw,pcs_raw,1,S,7,3.982015709386645,9.593423386663633e-16,7.106907500801642e-16,1.1187042129145208,0.023045497010011972,0.017072343099944796,2.863311496472125,0.023045497010011972,0.017072343099944796,2.863311496472125,0.023045497010011972,0.017072343099944796,0.7203239467713699,0.005761374252502993,0.004268085774986199,0.06982421875,0.0021168144338447035,0.0015681580778150205,9.210553119390555,0.10307879224498492,0.07636183792303455,0.366503871548432,0.0029498236172815257,0.002185259916792929,0.366503871548432,0.0029498236172815257,0.002185259916792929,0.366503871548432,0.0029498236172815257,0.002185259916792929,0.366503871548432,0.0029498236172815257,0.002185259916792929
S,12,4.0,0.32,True,q3_evidence,PCS raw,pcs_raw,1,S,7,3.976555119443372,0.0,0.0,1.1128927685653622,0.02294592069033034,0.01699857593000717,2.8636623508780095,0.02294592069033034,0.01699857593000717,2.8636623508780095,0.02294592069033034,0.01699857593000717,0.7217768078586594,0.005736480172582585,0.004249643982501793,0.068878173828125,0.0016326191253778388,0.0012094611736025117,9.178007832183226,0.07112834956393539,0.05269261875153991,0.36654878091238524,0.0029370778483622643,0.0021758177190409032,0.36654878091238524,0.0029370778483622643,0.0021758177190409032,0.36654878091238524,0.0029370778483622643,0.0021758177190409032,0.36654878091238524,0.0029370778483622643,0.0021758177190409032
S,12,4.0,0.36,True,q3_evidence,PCS raw,pcs_raw,1,S,7,3.970391608345835,0.0,0.0,1.1121680324658163,0.013331876069282966,0.009876392004991694,2.8582235758800185,0.013331876069282966,0.009876392004991694,2.8582235758800185,0.013331876069282966,0.009876392004991694,0.7219579918835458,0.0033329690173207415,0.0024690980012479235,0.06877354213169642,0.0014174374362241752,0.0010500523474678,9.107216041109947,0.07940767017434197,0.05882602529225796,0.3658526177126424,0.0017064801368682264,0.0012641781766389417,0.3658526177126424,0.0017064801368682264,0.0012641781766389417,0.3658526177126424,0.0017064801368682264,0.0012641781766389417,0.3658526177126424,0.0017064801368682264,0.0012641781766389417
S,12,6.0,0.0,False,q3_evidence,Uniform raw,uniform_raw,1,S,7,4.0,0.0,0.0,2.1082486178191,0.030189766775949006,0.022364892207896364,1.8917513821809,0.030189766775949006,0.022364892207896364,1.8917513821809,0.030189766775949006,0.022364892207896364,0.472937845545225,0.0075474416939872516,0.005591223051974091,0.16009521484375,0.003365292401587479,0.0024930434994124176,6.12765116446599,0.14663615958369486,0.10862958721105041,0.2421441769191552,0.0038642901473214713,0.0028627062026107333,0.2421441769191552,0.0038642901473214713,0.0028627062026107333,0.2421441769191552,0.0038642901473214713,0.0028627062026107333,0.2421441769191552,0.0038642901473214713,0.0028627062026107333
S,12,6.0,0.12,True,q3_evidence,PCS raw,pcs_raw,1,S,7,3.996679855921233,0.0,0.0,2.1218858120080157,0.028683152137509414,0.02124877646451858,1.8747940439132171,0.028683152137509414,0.02124877646451858,1.8747940439132171,0.028683152137509414,0.02124877646451858,0.46952854699799607,0.007170788034377353,0.005312194116129645,0.157958984375,0.003914070248675465,0.0028995838177689652,5.995057347763314,0.12516739997505924,0.09272530752423651,0.23997363762089183,0.003671443473601214,0.002719843387458385,0.23997363762089183,0.003671443473601214,0.002719843387458385,0.23997363762089183,0.003671443473601214,0.002719843387458385,0.23997363762089183,0.003671443473601214,0.002719843387458385
S,12,6.0,0.16,True,q3_evidence,PCS raw,pcs_raw,1,S,7,3.994102801322579,4.796711693331816e-16,3.553453750400821e-16,2.131364565597688,0.021476076972716633,0.015909700465984944,1.8627382357248916,0.021476076972716633,0.015909700465984944,1.8627382357248916,0.021476076972716633,0.015909700465984944,0.4671588586005781,0.005369019243179158,0.003977425116496236,0.15813773018973215,0.0024095638560193795,0.0017850298847239944,5.91958512551978,0.07342257824848844,0.05439220714555061,0.23843049417278614,0.0027489378525077258,0.002036441659646071,0.23843049417278614,0.0027489378525077258,0.002036441659646071,0.23843049417278614,0.0027489378525077258,0.002036441659646071,0.23843049417278614,0.0027489378525077258,0.002036441659646071
S,12,6.0,0.2,True,q3_evidence,PCS raw,pcs_raw,1,S,7,3.9907962143176587,4.796711693331816e-16,3.553453750400821e-16,2.1249537524086075,0.03146040478349921,0.023306194016718407,1.865842461909052,0.031460404783499214,0.023306194016718414,1.865842461909052,0.031460404783499214,0.023306194016718414,0.4687615618978481,0.007865101195874802,0.005826548504179602,0.15607125418526785,0.0030196177725708645,0.002236964150594125,5.88798452013298,0.09380496383145838,0.0694916896916053,0.23882783512435865,0.0040269318122879046,0.0029831928341399606,0.23882783512435865,0.0040269318122879046,0.0029831928341399606,0.23882783512435865,0.0040269318122879046,0.0029831928341399606,0.23882783512435865,0.0040269318122879046,0.0029831928341399606
S,12,6.0,0.24,True,q3_evidence,PCS raw,pcs_raw,1,S,7,3.986765139934552,4.796711693331816e-16,3.553453750400821e-16,2.137949379646631,0.039771144310898225,0.029462876016867444,1.8488157602879214,0.039771144310898225,0.029462876016867444,1.8488157602879214,0.039771144310898225,0.029462876016867444,0.4655126550883423,0.009942786077724556,0.007365719004216861,0.15628487723214285,0.0041482369527781416,0.003073056939797418,5.8080668793790435,0.11726425632732397,0.08687057677732885,0.23664841731685396,0.005090706471794976,0.0037712481301590346,0.23664841731685396,0.005090706471794976,0.0037712481301590346,0.23664841731685396,0.005090706471794976,0.0037712481301590346,0.23664841731685396,0.005090706471794976,0.0037712481301590346
S,12,6.0,0.28,True,q3_evidence,PCS raw,pcs_raw,1,S,7,3.982015709386645,9.593423386663633e-16,7.106907500801642e-16,2.152325040262349,0.03075007702664071,0.022779975850400105,1.829690669124297,0.030750077026640715,0.02277997585040011,1.829690669124297,0.030750077026640715,0.02277997585040011,0.46191873993441274,0.007687519256660179,0.005694993962600027,0.15745762416294642,0.002572293160409742,0.0019055814404470351,5.7426081584189115,0.13138110768253594,0.09732848661205253,0.23420040564790998,0.003936009859410012,0.002915836908851214,0.23420040564790998,0.003936009859410012,0.002915836908851214,0.23420040564790998,0.003936009859410012,0.002915836908851214,0.23420040564790998,0.003936009859410012,0.002915836908851214
S,12,6.0,0.32,True,q3_evidence,PCS raw,pcs_raw,1,S,7,3.976555119443372,0.0,0.0,2.1757160442615717,0.03406561122072101,0.025236157953842982,1.8008390751818002,0.03406561122072101,0.025236157953842982,1.8008390751818002,0.03406561122072101,0.025236157953842982,0.45607098893460707,0.008516402805180252,0.006309039488460746,0.15764508928571427,0.002963491721135037,0.0021953853898261833,5.610499441123749,0.12914422420703608,0.09567138014341182,0.23050740162327044,0.004360398236252292,0.003230228218091904,0.23050740162327044,0.004360398236252292,0.003230228218091904,0.23050740162327044,0.004360398236252292,0.003230228218091904,0.23050740162327044,0.004360398236252292,0.003230228218091904
S,12,6.0,0.36,True,q3_evidence,PCS raw,pcs_raw,1,S,7,3.970391608345835,0.0,0.0,2.188724540560202,0.03680940343510137,0.027268787671418968,1.781667067785633,0.03680940343510137,0.027268787671418968,1.781667067785633,0.03680940343510137,0.027268787671418968,0.4528188648599495,0.009202350858775342,0.006817196917854742,0.15845598493303573,0.003136771318318323,0.002323752711826142,5.51762187335827,0.1111562550039618,0.08234570607473332,0.22805338467656103,0.0047116036396929765,0.0034904048219416284,0.22805338467656103,0.0047116036396929765,0.0034904048219416284,0.22805338467656103,0.0047116036396929765,0.0034904048219416284,0.22805338467656103,0.0047116036396929765,0.0034904048219416284
