scenario_group,passes_q3_band_gate,best_pcs_nu,spans,launch_power_dbm,gmi_gain_mean,gmi_gain_ci95,ngmi_gain_mean,ngmi_gain_ci95,rate_gain_mean,rate_gain_ci95,aggregate_rate_gain_mean,aggregate_rate_gain_ci95,ber_delta_mean,ber_delta_ci95,non_saturated
C,True,0.36,10,2.0,0.05257746687723154,0.016919774124775532,0.013144366719307885,0.004229943531193883,0.005608263133571363,0.0018047759066427355,0.005608263133571363,0.0018047759066427355,-0.003322056361607143,0.0012172140485017186,True
C+S,True,0.36,12,0.0,0.07323752347992617,0.011838907590154329,0.018309380869981542,0.0029597268975385823,0.007812002504525469,0.0012628168096164786,0.015624005009050939,0.0025256336192329572,-0.005266462053571429,0.0006797510862752154,True
S,True,0.36,12,-2.0,0.06890252745204276,0.011212630040591797,0.01722563186301069,0.002803157510147949,0.007349602928217894,0.001196013870996448,0.007349602928217894,0.001196013870996448,-0.004560198102678571,0.0006755714164232757,True
