scenario_group,band,spans,launch_power_dbm,ssfm_gsnr_db_mean,gn_style_gsnr_db_mean,gsnr_error_db_mean,gsnr_error_db_std,n_seeds,benchmark_rmse_db_over_grid,benchmark_type
C,C,10,-2.0,14.352087176401943,11.418339484760144,2.9337476916418,0.10063837089225934,3,2.581156925263734,internal_gn_style_sanity_not_gnpy
C,C,10,0.0,13.992327415297979,13.067744723635021,0.9245826916629584,0.006204895782593267,3,2.581156925263734,internal_gn_style_sanity_not_gnpy
C,C,10,2.0,12.883825212046991,14.013527152228908,-1.1297019401819146,0.08061918355123748,3,2.581156925263734,internal_gn_style_sanity_not_gnpy
C,C,10,4.0,10.820289283344158,13.422989806378745,-2.602700523034588,0.09060625472287369,3,2.581156925263734,internal_gn_style_sanity_not_gnpy
S,S,12,-2.0,13.54192775309209,9.679056987415835,3.8628707656762544,0.06588678144570727,3,2.581156925263734,internal_gn_style_sanity_not_gnpy
S,S,12,0.0,12.96921393603568,11.522256126684809,1.4469578093508737,0.04578813401332597,3,2.581156925263734,internal_gn_style_sanity_not_gnpy
S,S,12,2.0,11.736328346233988,13.040385241383328,-1.3040568951493423,0.1285868554629457,3,2.581156925263734,internal_gn_style_sanity_not_gnpy
S,S,12,4.0,9.496389910095106,13.628089510061152,-4.131699599966045,0.226776197458479,3,2.581156925263734,internal_gn_style_sanity_not_gnpy
