scenario_group,spans,launch_power_dbm,pcs_nu,n_pairs,gmi_gain_mean,gmi_gain_std,gmi_gain_ci95,ngmi_gain_mean,ngmi_gain_std,ngmi_gain_ci95,ber_delta_mean,ber_delta_std,ber_delta_ci95,gsnr_delta_mean,gsnr_delta_std,gsnr_delta_ci95,aggregate_rate_gain_mean,aggregate_rate_gain_std,aggregate_rate_gain_ci95,rate_gain_mean,rate_gain_std,rate_gain_ci95
C,10,2.0,0.36,7,0.05257746687723154,0.02283954825180694,0.016919774124775532,0.013144366719307885,0.005709887062951735,0.004229943531193883,-0.003322056361607143,0.001643084522790643,0.0012172140485017186,-0.22033110497186037,0.0937013400406214,0.06941492411307526,0.005608263133571363,0.0024362184801927566,0.0018047759066427355,0.005608263133571363,0.0024362184801927566,0.0018047759066427355
C+S,12,0.0,0.36,7,0.07323752347992617,0.015981023101134362,0.011838907590154329,0.018309380869981542,0.0039952557752835904,0.0029597268975385823,-0.005266462053571429,0.0009175777182195056,0.0006797510862752154,-0.1420342662275839,0.06742155922693742,0.04994659004123281,0.015624005009050939,0.003409284928242043,0.0025256336192329572,0.007812002504525469,0.0017046424641210215,0.0012628168096164786
S,12,-2.0,0.36,7,0.06890252745204276,0.015135627872641819,0.011212630040591797,0.01722563186301069,0.0037839069681604547,0.002803157510147949,-0.004560198102678571,0.0009119356942447164,0.0006755714164232757,-0.029002295561966967,0.08280669784078508,0.06134406022561222,0.007349602928217894,0.00161446697308178,0.001196013870996448,0.007349602928217894,0.00161446697308178,0.001196013870996448
